<?xml version="1.0" encoding="UTF-8"?>
<gpx version="1.1" creator="coucou-cosyn" xmlns="http://www.topografix.com/GPX/1/1"
     xmlns:xsi="http://www.w3.org/2001/XMLSchema-instance"
     xsi:schemaLocation="http://www.topografix.com/GPX/1/1 http://www.topografix.com/GPX/1/1/gpx.xsd">
  <metadata>
    <name>Approche longue — Briançon &gt; Guillestre par le balcon de Champcella</name>
    <desc>Variante panoramique : section haute-Durance de la veloroute La Durance a Velo, qui quitte la vallee apres L&#x27;Argentiere pour le balcon de Champcella (1 496 m) avant de redescendre sur Mont-Dauphin. 49,4 km et 1 088 m, rampe a 13 %. Trace calcule par routage OpenStreetMap (BRouter).</desc>
  </metadata>
  <trk>
    <name>Approche longue — Briançon &gt; Guillestre par le balcon de Champcella</name>
    <type>Cycling</type>
    <trkseg>
      <trkpt lat="44.879797" lon="6.619503"><ele>1180.0</ele></trkpt>
      <trkpt lat="44.880935" lon="6.620590"><ele>1183.5</ele></trkpt>
      <trkpt lat="44.881016" lon="6.620734"><ele>1184.2</ele></trkpt>
      <trkpt lat="44.881044" lon="6.620778"><ele>1184.5</ele></trkpt>
      <trkpt lat="44.881080" lon="6.620835"><ele>1184.8</ele></trkpt>
      <trkpt lat="44.881083" lon="6.620885"><ele>1184.5</ele></trkpt>
      <trkpt lat="44.881094" lon="6.620933"><ele>1184.2</ele></trkpt>
      <trkpt lat="44.881113" lon="6.620975"><ele>1184.2</ele></trkpt>
      <trkpt lat="44.881142" lon="6.621013"><ele>1184.2</ele></trkpt>
      <trkpt lat="44.881176" lon="6.621039"><ele>1184.2</ele></trkpt>
      <trkpt lat="44.881218" lon="6.621051"><ele>1184.5</ele></trkpt>
      <trkpt lat="44.881261" lon="6.621046"><ele>1184.8</ele></trkpt>
      <trkpt lat="44.881301" lon="6.621023"><ele>1185.0</ele></trkpt>
      <trkpt lat="44.881334" lon="6.620987"><ele>1185.0</ele></trkpt>
      <trkpt lat="44.881358" lon="6.620938"><ele>1185.5</ele></trkpt>
      <trkpt lat="44.881372" lon="6.620882"><ele>1185.8</ele></trkpt>
      <trkpt lat="44.881374" lon="6.620823"><ele>1185.8</ele></trkpt>
      <trkpt lat="44.881363" lon="6.620763"><ele>1185.8</ele></trkpt>
      <trkpt lat="44.881340" lon="6.620710"><ele>1185.8</ele></trkpt>
      <trkpt lat="44.881366" lon="6.620553"><ele>1185.8</ele></trkpt>
      <trkpt lat="44.881368" lon="6.620478"><ele>1185.8</ele></trkpt>
      <trkpt lat="44.881358" lon="6.620407"><ele>1185.8</ele></trkpt>
      <trkpt lat="44.881340" lon="6.620351"><ele>1185.8</ele></trkpt>
      <trkpt lat="44.881315" lon="6.620304"><ele>1185.5</ele></trkpt>
      <trkpt lat="44.881257" lon="6.620218"><ele>1185.2</ele></trkpt>
      <trkpt lat="44.881169" lon="6.620098"><ele>1184.5</ele></trkpt>
      <trkpt lat="44.881079" lon="6.619952"><ele>1183.8</ele></trkpt>
      <trkpt lat="44.880962" lon="6.619700"><ele>1182.8</ele></trkpt>
      <trkpt lat="44.880920" lon="6.619598"><ele>1182.5</ele></trkpt>
      <trkpt lat="44.880882" lon="6.619502"><ele>1182.2</ele></trkpt>
      <trkpt lat="44.880851" lon="6.619415"><ele>1182.0</ele></trkpt>
      <trkpt lat="44.880752" lon="6.619147"><ele>1182.2</ele></trkpt>
      <trkpt lat="44.880733" lon="6.619097"><ele>1182.5</ele></trkpt>
      <trkpt lat="44.880650" lon="6.618885"><ele>1182.5</ele></trkpt>
      <trkpt lat="44.880529" lon="6.618617"><ele>1183.5</ele></trkpt>
      <trkpt lat="44.880482" lon="6.618539"><ele>1183.5</ele></trkpt>
      <trkpt lat="44.880387" lon="6.618397"><ele>1183.5</ele></trkpt>
      <trkpt lat="44.880343" lon="6.618335"><ele>1183.5</ele></trkpt>
      <trkpt lat="44.880299" lon="6.618273"><ele>1183.5</ele></trkpt>
      <trkpt lat="44.880154" lon="6.618070"><ele>1183.5</ele></trkpt>
      <trkpt lat="44.880072" lon="6.617956"><ele>1183.0</ele></trkpt>
      <trkpt lat="44.880049" lon="6.617924"><ele>1183.0</ele></trkpt>
      <trkpt lat="44.879917" lon="6.617743"><ele>1182.0</ele></trkpt>
      <trkpt lat="44.879808" lon="6.617612"><ele>1181.0</ele></trkpt>
      <trkpt lat="44.879732" lon="6.617532"><ele>1180.0</ele></trkpt>
      <trkpt lat="44.879662" lon="6.617463"><ele>1180.0</ele></trkpt>
      <trkpt lat="44.879492" lon="6.617294"><ele>1180.0</ele></trkpt>
      <trkpt lat="44.879010" lon="6.616833"><ele>1181.5</ele></trkpt>
      <trkpt lat="44.878710" lon="6.616550"><ele>1183.2</ele></trkpt>
      <trkpt lat="44.878072" lon="6.615934"><ele>1184.5</ele></trkpt>
      <trkpt lat="44.878014" lon="6.615880"><ele>1184.5</ele></trkpt>
      <trkpt lat="44.877968" lon="6.615835"><ele>1184.5</ele></trkpt>
      <trkpt lat="44.877940" lon="6.615810"><ele>1184.8</ele></trkpt>
      <trkpt lat="44.877883" lon="6.615755"><ele>1184.8</ele></trkpt>
      <trkpt lat="44.877784" lon="6.615660"><ele>1185.2</ele></trkpt>
      <trkpt lat="44.877683" lon="6.615563"><ele>1185.2</ele></trkpt>
      <trkpt lat="44.877209" lon="6.615095"><ele>1185.0</ele></trkpt>
      <trkpt lat="44.877176" lon="6.615062"><ele>1185.0</ele></trkpt>
      <trkpt lat="44.876991" lon="6.614879"><ele>1185.0</ele></trkpt>
      <trkpt lat="44.876972" lon="6.614862"><ele>1185.0</ele></trkpt>
      <trkpt lat="44.876873" lon="6.614768"><ele>1185.0</ele></trkpt>
      <trkpt lat="44.876782" lon="6.614683"><ele>1185.0</ele></trkpt>
      <trkpt lat="44.876347" lon="6.614264"><ele>1184.2</ele></trkpt>
      <trkpt lat="44.876272" lon="6.614193"><ele>1184.0</ele></trkpt>
      <trkpt lat="44.876199" lon="6.614130"><ele>1183.8</ele></trkpt>
      <trkpt lat="44.876098" lon="6.614044"><ele>1183.2</ele></trkpt>
      <trkpt lat="44.875922" lon="6.613883"><ele>1182.5</ele></trkpt>
      <trkpt lat="44.875909" lon="6.613870"><ele>1182.5</ele></trkpt>
      <trkpt lat="44.875901" lon="6.613861"><ele>1182.5</ele></trkpt>
      <trkpt lat="44.875855" lon="6.613814"><ele>1182.2</ele></trkpt>
      <trkpt lat="44.875735" lon="6.613685"><ele>1181.8</ele></trkpt>
      <trkpt lat="44.875609" lon="6.613537"><ele>1181.5</ele></trkpt>
      <trkpt lat="44.875455" lon="6.613348"><ele>1181.0</ele></trkpt>
      <trkpt lat="44.875356" lon="6.613227"><ele>1180.8</ele></trkpt>
      <trkpt lat="44.875212" lon="6.613073"><ele>1180.2</ele></trkpt>
      <trkpt lat="44.875032" lon="6.612915"><ele>1179.5</ele></trkpt>
      <trkpt lat="44.874987" lon="6.612876"><ele>1179.5</ele></trkpt>
      <trkpt lat="44.874859" lon="6.612764"><ele>1178.5</ele></trkpt>
      <trkpt lat="44.874615" lon="6.612496"><ele>1176.8</ele></trkpt>
      <trkpt lat="44.874448" lon="6.612298"><ele>1175.8</ele></trkpt>
      <trkpt lat="44.874420" lon="6.612265"><ele>1175.5</ele></trkpt>
      <trkpt lat="44.874113" lon="6.611893"><ele>1173.8</ele></trkpt>
      <trkpt lat="44.874040" lon="6.611803"><ele>1173.5</ele></trkpt>
      <trkpt lat="44.873955" lon="6.611671"><ele>1173.2</ele></trkpt>
      <trkpt lat="44.873844" lon="6.611510"><ele>1172.5</ele></trkpt>
      <trkpt lat="44.873609" lon="6.611115"><ele>1171.8</ele></trkpt>
      <trkpt lat="44.873154" lon="6.610289"><ele>1171.2</ele></trkpt>
      <trkpt lat="44.872579" lon="6.609289"><ele>1171.0</ele></trkpt>
      <trkpt lat="44.872525" lon="6.609228"><ele>1171.0</ele></trkpt>
      <trkpt lat="44.872483" lon="6.609197"><ele>1171.0</ele></trkpt>
      <trkpt lat="44.872436" lon="6.609189"><ele>1171.0</ele></trkpt>
      <trkpt lat="44.872392" lon="6.609196"><ele>1171.0</ele></trkpt>
      <trkpt lat="44.872271" lon="6.609235"><ele>1171.0</ele></trkpt>
      <trkpt lat="44.872175" lon="6.609284"><ele>1171.0</ele></trkpt>
      <trkpt lat="44.872155" lon="6.609293"><ele>1171.0</ele></trkpt>
      <trkpt lat="44.872038" lon="6.608894"><ele>1171.0</ele></trkpt>
      <trkpt lat="44.871867" lon="6.608355"><ele>1170.5</ele></trkpt>
      <trkpt lat="44.871678" lon="6.607821"><ele>1170.0</ele></trkpt>
      <trkpt lat="44.871576" lon="6.607563"><ele>1169.0</ele></trkpt>
      <trkpt lat="44.871458" lon="6.607297"><ele>1169.0</ele></trkpt>
      <trkpt lat="44.871209" lon="6.606797"><ele>1169.0</ele></trkpt>
      <trkpt lat="44.870947" lon="6.606314"><ele>1168.2</ele></trkpt>
      <trkpt lat="44.870319" lon="6.605230"><ele>1168.0</ele></trkpt>
      <trkpt lat="44.869361" lon="6.603375"><ele>1171.5</ele></trkpt>
      <trkpt lat="44.869160" lon="6.603032"><ele>1172.0</ele></trkpt>
      <trkpt lat="44.868990" lon="6.602760"><ele>1172.8</ele></trkpt>
      <trkpt lat="44.868745" lon="6.602420"><ele>1173.5</ele></trkpt>
      <trkpt lat="44.868594" lon="6.602228"><ele>1172.8</ele></trkpt>
      <trkpt lat="44.868348" lon="6.601946"><ele>1173.0</ele></trkpt>
      <trkpt lat="44.868119" lon="6.601709"><ele>1173.0</ele></trkpt>
      <trkpt lat="44.868039" lon="6.601637"><ele>1173.0</ele></trkpt>
      <trkpt lat="44.867923" lon="6.601543"><ele>1173.5</ele></trkpt>
      <trkpt lat="44.867481" lon="6.601186"><ele>1173.5</ele></trkpt>
      <trkpt lat="44.867100" lon="6.600907"><ele>1173.8</ele></trkpt>
      <trkpt lat="44.866637" lon="6.600588"><ele>1174.5</ele></trkpt>
      <trkpt lat="44.866366" lon="6.600428"><ele>1174.8</ele></trkpt>
      <trkpt lat="44.865813" lon="6.600022"><ele>1175.8</ele></trkpt>
      <trkpt lat="44.865581" lon="6.599820"><ele>1176.2</ele></trkpt>
      <trkpt lat="44.865239" lon="6.599486"><ele>1177.2</ele></trkpt>
      <trkpt lat="44.864936" lon="6.599131"><ele>1177.5</ele></trkpt>
      <trkpt lat="44.864763" lon="6.598898"><ele>1178.0</ele></trkpt>
      <trkpt lat="44.864674" lon="6.598749"><ele>1178.0</ele></trkpt>
      <trkpt lat="44.864620" lon="6.598660"><ele>1178.0</ele></trkpt>
      <trkpt lat="44.864568" lon="6.598575"><ele>1178.0</ele></trkpt>
      <trkpt lat="44.864237" lon="6.597968"><ele>1176.5</ele></trkpt>
      <trkpt lat="44.864191" lon="6.597846"><ele>1176.0</ele></trkpt>
      <trkpt lat="44.864084" lon="6.597605"><ele>1176.0</ele></trkpt>
      <trkpt lat="44.863884" lon="6.597171"><ele>1176.0</ele></trkpt>
      <trkpt lat="44.863734" lon="6.596862"><ele>1175.2</ele></trkpt>
      <trkpt lat="44.863481" lon="6.596368"><ele>1173.0</ele></trkpt>
      <trkpt lat="44.863277" lon="6.595977"><ele>1171.8</ele></trkpt>
      <trkpt lat="44.862886" lon="6.595252"><ele>1169.0</ele></trkpt>
      <trkpt lat="44.862681" lon="6.594914"><ele>1166.8</ele></trkpt>
      <trkpt lat="44.862375" lon="6.594325"><ele>1164.5</ele></trkpt>
      <trkpt lat="44.861939" lon="6.593480"><ele>1159.2</ele></trkpt>
      <trkpt lat="44.860761" lon="6.591147"><ele>1153.8</ele></trkpt>
      <trkpt lat="44.860623" lon="6.590884"><ele>1154.0</ele></trkpt>
      <trkpt lat="44.860472" lon="6.590637"><ele>1153.2</ele></trkpt>
      <trkpt lat="44.860358" lon="6.590472"><ele>1152.5</ele></trkpt>
      <trkpt lat="44.860210" lon="6.590291"><ele>1152.0</ele></trkpt>
      <trkpt lat="44.859481" lon="6.589495"><ele>1151.0</ele></trkpt>
      <trkpt lat="44.859420" lon="6.589427"><ele>1151.0</ele></trkpt>
      <trkpt lat="44.859003" lon="6.588977"><ele>1151.2</ele></trkpt>
      <trkpt lat="44.858724" lon="6.588672"><ele>1151.5</ele></trkpt>
      <trkpt lat="44.857825" lon="6.587700"><ele>1151.2</ele></trkpt>
      <trkpt lat="44.857567" lon="6.587421"><ele>1153.8</ele></trkpt>
      <trkpt lat="44.857520" lon="6.587371"><ele>1154.2</ele></trkpt>
      <trkpt lat="44.854864" lon="6.584503"><ele>1164.8</ele></trkpt>
      <trkpt lat="44.854740" lon="6.584366"><ele>1165.5</ele></trkpt>
      <trkpt lat="44.854452" lon="6.584098"><ele>1166.8</ele></trkpt>
      <trkpt lat="44.854266" lon="6.583872"><ele>1168.2</ele></trkpt>
      <trkpt lat="44.854148" lon="6.583735"><ele>1168.8</ele></trkpt>
      <trkpt lat="44.854065" lon="6.583644"><ele>1168.5</ele></trkpt>
      <trkpt lat="44.853993" lon="6.583568"><ele>1168.2</ele></trkpt>
      <trkpt lat="44.853916" lon="6.583486"><ele>1168.5</ele></trkpt>
      <trkpt lat="44.853899" lon="6.583468"><ele>1168.5</ele></trkpt>
      <trkpt lat="44.853878" lon="6.583447"><ele>1168.5</ele></trkpt>
      <trkpt lat="44.853636" lon="6.583181"><ele>1167.8</ele></trkpt>
      <trkpt lat="44.853572" lon="6.583113"><ele>1167.5</ele></trkpt>
      <trkpt lat="44.853501" lon="6.583040"><ele>1167.0</ele></trkpt>
      <trkpt lat="44.853397" lon="6.582932"><ele>1166.5</ele></trkpt>
      <trkpt lat="44.853318" lon="6.582850"><ele>1166.5</ele></trkpt>
      <trkpt lat="44.852992" lon="6.582544"><ele>1165.2</ele></trkpt>
      <trkpt lat="44.852807" lon="6.582408"><ele>1164.5</ele></trkpt>
      <trkpt lat="44.852608" lon="6.582276"><ele>1164.0</ele></trkpt>
      <trkpt lat="44.852427" lon="6.582170"><ele>1163.2</ele></trkpt>
      <trkpt lat="44.852321" lon="6.582114"><ele>1162.5</ele></trkpt>
      <trkpt lat="44.852126" lon="6.582024"><ele>1160.8</ele></trkpt>
      <trkpt lat="44.852025" lon="6.581991"><ele>1160.0</ele></trkpt>
      <trkpt lat="44.851933" lon="6.581965"><ele>1159.2</ele></trkpt>
      <trkpt lat="44.851810" lon="6.581957"><ele>1158.5</ele></trkpt>
      <trkpt lat="44.851605" lon="6.581984"><ele>1155.5</ele></trkpt>
      <trkpt lat="44.851591" lon="6.581986"><ele>1155.2</ele></trkpt>
      <trkpt lat="44.851489" lon="6.582002"><ele>1153.5</ele></trkpt>
      <trkpt lat="44.851456" lon="6.582008"><ele>1152.8</ele></trkpt>
      <trkpt lat="44.851355" lon="6.582036"><ele>1152.5</ele></trkpt>
      <trkpt lat="44.850783" lon="6.582262"><ele>1152.5</ele></trkpt>
      <trkpt lat="44.850500" lon="6.582387"><ele>1152.2</ele></trkpt>
      <trkpt lat="44.850123" lon="6.582538"><ele>1152.2</ele></trkpt>
      <trkpt lat="44.849992" lon="6.582577"><ele>1152.2</ele></trkpt>
      <trkpt lat="44.849704" lon="6.582642"><ele>1154.2</ele></trkpt>
      <trkpt lat="44.848480" lon="6.582865"><ele>1153.2</ele></trkpt>
      <trkpt lat="44.847030" lon="6.583148"><ele>1149.2</ele></trkpt>
      <trkpt lat="44.846239" lon="6.583253"><ele>1146.5</ele></trkpt>
      <trkpt lat="44.846113" lon="6.583254"><ele>1145.5</ele></trkpt>
      <trkpt lat="44.845861" lon="6.583224"><ele>1147.5</ele></trkpt>
      <trkpt lat="44.845727" lon="6.583192"><ele>1149.0</ele></trkpt>
      <trkpt lat="44.845596" lon="6.583152"><ele>1150.5</ele></trkpt>
      <trkpt lat="44.845353" lon="6.583048"><ele>1151.5</ele></trkpt>
      <trkpt lat="44.845024" lon="6.582893"><ele>1151.0</ele></trkpt>
      <trkpt lat="44.844769" lon="6.582761"><ele>1152.2</ele></trkpt>
      <trkpt lat="44.844692" lon="6.582687"><ele>1152.2</ele></trkpt>
      <trkpt lat="44.844583" lon="6.582607"><ele>1152.2</ele></trkpt>
      <trkpt lat="44.844181" lon="6.582395"><ele>1153.5</ele></trkpt>
      <trkpt lat="44.843913" lon="6.582237"><ele>1155.8</ele></trkpt>
      <trkpt lat="44.843729" lon="6.582107"><ele>1156.5</ele></trkpt>
      <trkpt lat="44.843701" lon="6.582076"><ele>1156.5</ele></trkpt>
      <trkpt lat="44.843679" lon="6.582048"><ele>1156.8</ele></trkpt>
      <trkpt lat="44.843683" lon="6.582007"><ele>1156.5</ele></trkpt>
      <trkpt lat="44.843679" lon="6.581965"><ele>1156.8</ele></trkpt>
      <trkpt lat="44.843667" lon="6.581927"><ele>1156.5</ele></trkpt>
      <trkpt lat="44.843647" lon="6.581896"><ele>1156.2</ele></trkpt>
      <trkpt lat="44.843619" lon="6.581874"><ele>1156.0</ele></trkpt>
      <trkpt lat="44.843588" lon="6.581865"><ele>1155.8</ele></trkpt>
      <trkpt lat="44.843556" lon="6.581870"><ele>1155.5</ele></trkpt>
      <trkpt lat="44.843527" lon="6.581889"><ele>1155.5</ele></trkpt>
      <trkpt lat="44.843504" lon="6.581920"><ele>1155.8</ele></trkpt>
      <trkpt lat="44.843489" lon="6.581959"><ele>1156.0</ele></trkpt>
      <trkpt lat="44.843483" lon="6.582004"><ele>1156.0</ele></trkpt>
      <trkpt lat="44.843488" lon="6.582049"><ele>1156.2</ele></trkpt>
      <trkpt lat="44.843503" lon="6.582089"><ele>1156.2</ele></trkpt>
      <trkpt lat="44.843525" lon="6.582121"><ele>1156.5</ele></trkpt>
      <trkpt lat="44.843554" lon="6.582141"><ele>1156.5</ele></trkpt>
      <trkpt lat="44.843586" lon="6.582147"><ele>1156.8</ele></trkpt>
      <trkpt lat="44.843591" lon="6.582193"><ele>1156.8</ele></trkpt>
      <trkpt lat="44.843600" lon="6.582317"><ele>1155.8</ele></trkpt>
      <trkpt lat="44.843625" lon="6.582700"><ele>1156.8</ele></trkpt>
      <trkpt lat="44.843633" lon="6.582798"><ele>1158.0</ele></trkpt>
      <trkpt lat="44.843635" lon="6.582834"><ele>1158.5</ele></trkpt>
      <trkpt lat="44.843541" lon="6.582880"><ele>1159.2</ele></trkpt>
      <trkpt lat="44.843063" lon="6.583111"><ele>1159.2</ele></trkpt>
      <trkpt lat="44.843015" lon="6.583135"><ele>1158.5</ele></trkpt>
      <trkpt lat="44.842768" lon="6.583258"><ele>1155.2</ele></trkpt>
      <trkpt lat="44.842480" lon="6.583404"><ele>1160.2</ele></trkpt>
      <trkpt lat="44.842424" lon="6.583448"><ele>1159.8</ele></trkpt>
      <trkpt lat="44.842332" lon="6.583590"><ele>1160.5</ele></trkpt>
      <trkpt lat="44.842200" lon="6.583859"><ele>1164.2</ele></trkpt>
      <trkpt lat="44.842126" lon="6.583969"><ele>1164.5</ele></trkpt>
      <trkpt lat="44.841972" lon="6.584141"><ele>1166.2</ele></trkpt>
      <trkpt lat="44.841874" lon="6.584232"><ele>1167.0</ele></trkpt>
      <trkpt lat="44.841723" lon="6.584320"><ele>1166.8</ele></trkpt>
      <trkpt lat="44.841330" lon="6.584492"><ele>1166.2</ele></trkpt>
      <trkpt lat="44.841269" lon="6.584519"><ele>1166.2</ele></trkpt>
      <trkpt lat="44.841184" lon="6.584559"><ele>1166.5</ele></trkpt>
      <trkpt lat="44.841006" lon="6.584643"><ele>1166.5</ele></trkpt>
      <trkpt lat="44.840760" lon="6.584769"><ele>1166.8</ele></trkpt>
      <trkpt lat="44.840675" lon="6.584828"><ele>1166.5</ele></trkpt>
      <trkpt lat="44.840593" lon="6.584892"><ele>1166.5</ele></trkpt>
      <trkpt lat="44.840411" lon="6.585084"><ele>1168.0</ele></trkpt>
      <trkpt lat="44.840348" lon="6.585161"><ele>1168.8</ele></trkpt>
      <trkpt lat="44.840220" lon="6.585386"><ele>1170.5</ele></trkpt>
      <trkpt lat="44.840180" lon="6.585430"><ele>1170.8</ele></trkpt>
      <trkpt lat="44.840133" lon="6.585468"><ele>1171.0</ele></trkpt>
      <trkpt lat="44.839978" lon="6.585519"><ele>1171.5</ele></trkpt>
      <trkpt lat="44.839721" lon="6.585598"><ele>1171.2</ele></trkpt>
      <trkpt lat="44.839659" lon="6.585607"><ele>1171.5</ele></trkpt>
      <trkpt lat="44.839603" lon="6.585602"><ele>1171.5</ele></trkpt>
      <trkpt lat="44.838932" lon="6.585466"><ele>1169.5</ele></trkpt>
      <trkpt lat="44.838370" lon="6.585370"><ele>1169.0</ele></trkpt>
      <trkpt lat="44.837911" lon="6.585271"><ele>1170.8</ele></trkpt>
      <trkpt lat="44.837471" lon="6.585164"><ele>1173.0</ele></trkpt>
      <trkpt lat="44.836842" lon="6.584941"><ele>1174.8</ele></trkpt>
      <trkpt lat="44.836281" lon="6.584754"><ele>1176.8</ele></trkpt>
      <trkpt lat="44.835870" lon="6.584637"><ele>1178.5</ele></trkpt>
      <trkpt lat="44.835161" lon="6.584424"><ele>1181.0</ele></trkpt>
      <trkpt lat="44.835109" lon="6.584410"><ele>1181.2</ele></trkpt>
      <trkpt lat="44.832970" lon="6.583807"><ele>1190.5</ele></trkpt>
      <trkpt lat="44.832698" lon="6.583713"><ele>1192.2</ele></trkpt>
      <trkpt lat="44.832613" lon="6.583654"><ele>1192.0</ele></trkpt>
      <trkpt lat="44.832576" lon="6.583620"><ele>1191.5</ele></trkpt>
      <trkpt lat="44.832545" lon="6.583570"><ele>1191.5</ele></trkpt>
      <trkpt lat="44.832524" lon="6.583507"><ele>1191.2</ele></trkpt>
      <trkpt lat="44.832505" lon="6.583420"><ele>1191.2</ele></trkpt>
      <trkpt lat="44.832496" lon="6.583331"><ele>1191.0</ele></trkpt>
      <trkpt lat="44.832496" lon="6.583189"><ele>1189.2</ele></trkpt>
      <trkpt lat="44.832496" lon="6.583141"><ele>1188.8</ele></trkpt>
      <trkpt lat="44.832168" lon="6.583139"><ele>1192.8</ele></trkpt>
      <trkpt lat="44.831496" lon="6.583157"><ele>1196.0</ele></trkpt>
      <trkpt lat="44.831241" lon="6.583164"><ele>1196.8</ele></trkpt>
      <trkpt lat="44.831085" lon="6.583161"><ele>1197.2</ele></trkpt>
      <trkpt lat="44.830952" lon="6.583146"><ele>1198.2</ele></trkpt>
      <trkpt lat="44.830837" lon="6.583112"><ele>1198.8</ele></trkpt>
      <trkpt lat="44.830735" lon="6.583071"><ele>1198.8</ele></trkpt>
      <trkpt lat="44.830621" lon="6.583001"><ele>1198.5</ele></trkpt>
      <trkpt lat="44.830528" lon="6.582932"><ele>1198.5</ele></trkpt>
      <trkpt lat="44.830449" lon="6.582857"><ele>1198.2</ele></trkpt>
      <trkpt lat="44.830309" lon="6.582689"><ele>1199.2</ele></trkpt>
      <trkpt lat="44.830232" lon="6.582559"><ele>1200.0</ele></trkpt>
      <trkpt lat="44.830166" lon="6.582425"><ele>1201.0</ele></trkpt>
      <trkpt lat="44.830103" lon="6.582260"><ele>1203.5</ele></trkpt>
      <trkpt lat="44.830046" lon="6.582061"><ele>1206.8</ele></trkpt>
      <trkpt lat="44.829933" lon="6.581596"><ele>1211.0</ele></trkpt>
      <trkpt lat="44.829884" lon="6.581418"><ele>1211.5</ele></trkpt>
      <trkpt lat="44.829813" lon="6.581240"><ele>1211.8</ele></trkpt>
      <trkpt lat="44.829720" lon="6.581059"><ele>1211.0</ele></trkpt>
      <trkpt lat="44.829636" lon="6.580939"><ele>1211.8</ele></trkpt>
      <trkpt lat="44.829532" lon="6.580817"><ele>1211.2</ele></trkpt>
      <trkpt lat="44.829418" lon="6.580715"><ele>1211.0</ele></trkpt>
      <trkpt lat="44.829310" lon="6.580640"><ele>1211.0</ele></trkpt>
      <trkpt lat="44.829155" lon="6.580557"><ele>1211.0</ele></trkpt>
      <trkpt lat="44.828731" lon="6.580352"><ele>1215.8</ele></trkpt>
      <trkpt lat="44.828438" lon="6.580225"><ele>1217.8</ele></trkpt>
      <trkpt lat="44.827359" lon="6.579726"><ele>1221.0</ele></trkpt>
      <trkpt lat="44.827277" lon="6.579694"><ele>1221.2</ele></trkpt>
      <trkpt lat="44.827149" lon="6.579670"><ele>1222.2</ele></trkpt>
      <trkpt lat="44.827012" lon="6.579672"><ele>1223.2</ele></trkpt>
      <trkpt lat="44.826878" lon="6.579697"><ele>1223.8</ele></trkpt>
      <trkpt lat="44.825885" lon="6.579938"><ele>1226.0</ele></trkpt>
      <trkpt lat="44.825627" lon="6.579989"><ele>1225.2</ele></trkpt>
      <trkpt lat="44.825305" lon="6.580050"><ele>1224.0</ele></trkpt>
      <trkpt lat="44.825088" lon="6.580060"><ele>1223.2</ele></trkpt>
      <trkpt lat="44.824981" lon="6.580048"><ele>1222.8</ele></trkpt>
      <trkpt lat="44.824840" lon="6.580003"><ele>1221.8</ele></trkpt>
      <trkpt lat="44.824637" lon="6.579907"><ele>1221.5</ele></trkpt>
      <trkpt lat="44.824286" lon="6.579714"><ele>1221.0</ele></trkpt>
      <trkpt lat="44.824213" lon="6.579672"><ele>1221.0</ele></trkpt>
      <trkpt lat="44.824134" lon="6.579628"><ele>1221.0</ele></trkpt>
      <trkpt lat="44.823784" lon="6.579437"><ele>1220.2</ele></trkpt>
      <trkpt lat="44.823769" lon="6.579429"><ele>1220.2</ele></trkpt>
      <trkpt lat="44.823186" lon="6.579105"><ele>1219.8</ele></trkpt>
      <trkpt lat="44.822914" lon="6.578956"><ele>1219.2</ele></trkpt>
      <trkpt lat="44.822778" lon="6.578910"><ele>1219.0</ele></trkpt>
      <trkpt lat="44.822699" lon="6.578895"><ele>1219.0</ele></trkpt>
      <trkpt lat="44.822504" lon="6.578878"><ele>1218.8</ele></trkpt>
      <trkpt lat="44.822261" lon="6.578874"><ele>1217.8</ele></trkpt>
      <trkpt lat="44.821822" lon="6.578889"><ele>1217.5</ele></trkpt>
      <trkpt lat="44.821783" lon="6.578893"><ele>1217.2</ele></trkpt>
      <trkpt lat="44.821616" lon="6.578905"><ele>1217.2</ele></trkpt>
      <trkpt lat="44.821365" lon="6.578906"><ele>1217.2</ele></trkpt>
      <trkpt lat="44.821090" lon="6.578859"><ele>1216.2</ele></trkpt>
      <trkpt lat="44.820931" lon="6.578840"><ele>1215.2</ele></trkpt>
      <trkpt lat="44.820753" lon="6.578844"><ele>1214.5</ele></trkpt>
      <trkpt lat="44.820445" lon="6.578885"><ele>1214.8</ele></trkpt>
      <trkpt lat="44.820362" lon="6.578886"><ele>1214.8</ele></trkpt>
      <trkpt lat="44.820285" lon="6.578875"><ele>1214.5</ele></trkpt>
      <trkpt lat="44.820219" lon="6.578849"><ele>1214.8</ele></trkpt>
      <trkpt lat="44.820145" lon="6.578804"><ele>1214.5</ele></trkpt>
      <trkpt lat="44.819872" lon="6.578581"><ele>1211.8</ele></trkpt>
      <trkpt lat="44.819704" lon="6.578482"><ele>1211.0</ele></trkpt>
      <trkpt lat="44.819599" lon="6.578442"><ele>1211.0</ele></trkpt>
      <trkpt lat="44.819500" lon="6.578423"><ele>1211.5</ele></trkpt>
      <trkpt lat="44.819258" lon="6.578397"><ele>1213.2</ele></trkpt>
      <trkpt lat="44.819168" lon="6.578380"><ele>1213.8</ele></trkpt>
      <trkpt lat="44.819081" lon="6.578341"><ele>1213.8</ele></trkpt>
      <trkpt lat="44.819020" lon="6.578303"><ele>1213.2</ele></trkpt>
      <trkpt lat="44.818920" lon="6.578222"><ele>1211.2</ele></trkpt>
      <trkpt lat="44.818608" lon="6.577936"><ele>1204.2</ele></trkpt>
      <trkpt lat="44.818494" lon="6.577845"><ele>1202.2</ele></trkpt>
      <trkpt lat="44.818347" lon="6.577756"><ele>1200.5</ele></trkpt>
      <trkpt lat="44.818219" lon="6.577710"><ele>1200.8</ele></trkpt>
      <trkpt lat="44.817791" lon="6.577596"><ele>1202.8</ele></trkpt>
      <trkpt lat="44.817651" lon="6.577545"><ele>1202.2</ele></trkpt>
      <trkpt lat="44.817420" lon="6.577438"><ele>1200.2</ele></trkpt>
      <trkpt lat="44.817160" lon="6.577343"><ele>1200.0</ele></trkpt>
      <trkpt lat="44.816996" lon="6.577296"><ele>1200.5</ele></trkpt>
      <trkpt lat="44.816735" lon="6.577267"><ele>1202.5</ele></trkpt>
      <trkpt lat="44.816604" lon="6.577241"><ele>1202.8</ele></trkpt>
      <trkpt lat="44.816252" lon="6.577132"><ele>1203.2</ele></trkpt>
      <trkpt lat="44.815735" lon="6.577088"><ele>1206.8</ele></trkpt>
      <trkpt lat="44.815234" lon="6.576983"><ele>1206.2</ele></trkpt>
      <trkpt lat="44.815026" lon="6.576918"><ele>1206.8</ele></trkpt>
      <trkpt lat="44.814940" lon="6.576866"><ele>1207.2</ele></trkpt>
      <trkpt lat="44.814877" lon="6.576805"><ele>1207.5</ele></trkpt>
      <trkpt lat="44.814827" lon="6.576736"><ele>1206.8</ele></trkpt>
      <trkpt lat="44.814363" lon="6.575908"><ele>1205.5</ele></trkpt>
      <trkpt lat="44.814274" lon="6.575783"><ele>1204.8</ele></trkpt>
      <trkpt lat="44.814210" lon="6.575711"><ele>1204.2</ele></trkpt>
      <trkpt lat="44.814133" lon="6.575648"><ele>1203.5</ele></trkpt>
      <trkpt lat="44.814060" lon="6.575605"><ele>1203.0</ele></trkpt>
      <trkpt lat="44.813980" lon="6.575576"><ele>1202.8</ele></trkpt>
      <trkpt lat="44.813867" lon="6.575562"><ele>1203.2</ele></trkpt>
      <trkpt lat="44.813381" lon="6.575541"><ele>1202.2</ele></trkpt>
      <trkpt lat="44.813116" lon="6.575520"><ele>1202.2</ele></trkpt>
      <trkpt lat="44.812867" lon="6.575485"><ele>1202.2</ele></trkpt>
      <trkpt lat="44.812698" lon="6.575441"><ele>1202.0</ele></trkpt>
      <trkpt lat="44.812533" lon="6.575372"><ele>1201.0</ele></trkpt>
      <trkpt lat="44.812401" lon="6.575307"><ele>1201.5</ele></trkpt>
      <trkpt lat="44.812268" lon="6.575217"><ele>1201.8</ele></trkpt>
      <trkpt lat="44.812146" lon="6.575112"><ele>1202.0</ele></trkpt>
      <trkpt lat="44.811978" lon="6.574921"><ele>1202.2</ele></trkpt>
      <trkpt lat="44.811762" lon="6.574621"><ele>1200.5</ele></trkpt>
      <trkpt lat="44.811703" lon="6.574555"><ele>1200.5</ele></trkpt>
      <trkpt lat="44.811626" lon="6.574505"><ele>1201.0</ele></trkpt>
      <trkpt lat="44.811524" lon="6.574461"><ele>1201.5</ele></trkpt>
      <trkpt lat="44.810757" lon="6.574217"><ele>1201.2</ele></trkpt>
      <trkpt lat="44.810436" lon="6.574100"><ele>1197.5</ele></trkpt>
      <trkpt lat="44.810224" lon="6.574019"><ele>1195.0</ele></trkpt>
      <trkpt lat="44.810112" lon="6.573996"><ele>1194.0</ele></trkpt>
      <trkpt lat="44.809993" lon="6.573987"><ele>1193.2</ele></trkpt>
      <trkpt lat="44.809872" lon="6.574004"><ele>1193.2</ele></trkpt>
      <trkpt lat="44.809345" lon="6.574147"><ele>1194.8</ele></trkpt>
      <trkpt lat="44.809247" lon="6.574165"><ele>1194.5</ele></trkpt>
      <trkpt lat="44.809091" lon="6.574181"><ele>1194.0</ele></trkpt>
      <trkpt lat="44.808974" lon="6.574189"><ele>1193.8</ele></trkpt>
      <trkpt lat="44.808822" lon="6.574169"><ele>1193.0</ele></trkpt>
      <trkpt lat="44.808738" lon="6.574140"><ele>1192.5</ele></trkpt>
      <trkpt lat="44.808649" lon="6.574100"><ele>1191.8</ele></trkpt>
      <trkpt lat="44.808571" lon="6.574048"><ele>1191.0</ele></trkpt>
      <trkpt lat="44.808415" lon="6.573895"><ele>1190.0</ele></trkpt>
      <trkpt lat="44.808306" lon="6.573748"><ele>1189.2</ele></trkpt>
      <trkpt lat="44.808209" lon="6.573592"><ele>1188.2</ele></trkpt>
      <trkpt lat="44.808135" lon="6.573435"><ele>1187.0</ele></trkpt>
      <trkpt lat="44.808052" lon="6.573227"><ele>1185.8</ele></trkpt>
      <trkpt lat="44.807592" lon="6.572028"><ele>1176.5</ele></trkpt>
      <trkpt lat="44.807464" lon="6.571718"><ele>1172.2</ele></trkpt>
      <trkpt lat="44.806772" lon="6.569890"><ele>1158.0</ele></trkpt>
      <trkpt lat="44.806604" lon="6.569513"><ele>1156.8</ele></trkpt>
      <trkpt lat="44.806523" lon="6.569361"><ele>1156.0</ele></trkpt>
      <trkpt lat="44.806361" lon="6.569076"><ele>1154.2</ele></trkpt>
      <trkpt lat="44.806225" lon="6.568860"><ele>1154.0</ele></trkpt>
      <trkpt lat="44.806067" lon="6.568633"><ele>1152.8</ele></trkpt>
      <trkpt lat="44.805724" lon="6.568168"><ele>1150.2</ele></trkpt>
      <trkpt lat="44.805576" lon="6.568016"><ele>1151.0</ele></trkpt>
      <trkpt lat="44.805443" lon="6.567901"><ele>1150.8</ele></trkpt>
      <trkpt lat="44.805310" lon="6.567822"><ele>1149.0</ele></trkpt>
      <trkpt lat="44.805156" lon="6.567758"><ele>1147.0</ele></trkpt>
      <trkpt lat="44.804979" lon="6.567725"><ele>1145.2</ele></trkpt>
      <trkpt lat="44.804793" lon="6.567717"><ele>1143.5</ele></trkpt>
      <trkpt lat="44.804568" lon="6.567740"><ele>1142.0</ele></trkpt>
      <trkpt lat="44.804256" lon="6.567826"><ele>1141.2</ele></trkpt>
      <trkpt lat="44.804064" lon="6.567903"><ele>1140.2</ele></trkpt>
      <trkpt lat="44.803940" lon="6.567980"><ele>1140.2</ele></trkpt>
      <trkpt lat="44.803799" lon="6.568084"><ele>1140.5</ele></trkpt>
      <trkpt lat="44.803633" lon="6.568188"><ele>1140.5</ele></trkpt>
      <trkpt lat="44.803567" lon="6.568204"><ele>1139.8</ele></trkpt>
      <trkpt lat="44.803512" lon="6.568192"><ele>1138.8</ele></trkpt>
      <trkpt lat="44.803466" lon="6.568171"><ele>1138.0</ele></trkpt>
      <trkpt lat="44.803416" lon="6.568123"><ele>1137.0</ele></trkpt>
      <trkpt lat="44.803380" lon="6.568053"><ele>1136.2</ele></trkpt>
      <trkpt lat="44.803368" lon="6.567982"><ele>1134.8</ele></trkpt>
      <trkpt lat="44.803376" lon="6.567889"><ele>1133.0</ele></trkpt>
      <trkpt lat="44.803401" lon="6.567823"><ele>1132.0</ele></trkpt>
      <trkpt lat="44.803436" lon="6.567771"><ele>1131.5</ele></trkpt>
      <trkpt lat="44.803491" lon="6.567720"><ele>1131.5</ele></trkpt>
      <trkpt lat="44.803575" lon="6.567690"><ele>1132.5</ele></trkpt>
      <trkpt lat="44.804436" lon="6.567518"><ele>1128.0</ele></trkpt>
      <trkpt lat="44.804643" lon="6.567470"><ele>1131.8</ele></trkpt>
      <trkpt lat="44.804808" lon="6.567423"><ele>1131.8</ele></trkpt>
      <trkpt lat="44.804924" lon="6.567367"><ele>1129.0</ele></trkpt>
      <trkpt lat="44.805026" lon="6.567303"><ele>1125.8</ele></trkpt>
      <trkpt lat="44.805115" lon="6.567218"><ele>1123.0</ele></trkpt>
      <trkpt lat="44.805212" lon="6.567112"><ele>1124.8</ele></trkpt>
      <trkpt lat="44.805306" lon="6.566966"><ele>1123.5</ele></trkpt>
      <trkpt lat="44.805475" lon="6.566664"><ele>1121.0</ele></trkpt>
      <trkpt lat="44.805548" lon="6.566549"><ele>1119.2</ele></trkpt>
      <trkpt lat="44.805625" lon="6.566442"><ele>1117.2</ele></trkpt>
      <trkpt lat="44.805712" lon="6.566352"><ele>1115.8</ele></trkpt>
      <trkpt lat="44.805794" lon="6.566293"><ele>1115.0</ele></trkpt>
      <trkpt lat="44.805879" lon="6.566248"><ele>1114.2</ele></trkpt>
      <trkpt lat="44.805959" lon="6.566222"><ele>1113.8</ele></trkpt>
      <trkpt lat="44.806062" lon="6.566197"><ele>1113.2</ele></trkpt>
      <trkpt lat="44.806538" lon="6.566129"><ele>1116.2</ele></trkpt>
      <trkpt lat="44.806588" lon="6.566119"><ele>1116.8</ele></trkpt>
      <trkpt lat="44.806637" lon="6.566090"><ele>1116.8</ele></trkpt>
      <trkpt lat="44.806670" lon="6.566056"><ele>1116.5</ele></trkpt>
      <trkpt lat="44.806700" lon="6.566004"><ele>1116.0</ele></trkpt>
      <trkpt lat="44.806714" lon="6.565963"><ele>1115.2</ele></trkpt>
      <trkpt lat="44.806725" lon="6.565896"><ele>1113.8</ele></trkpt>
      <trkpt lat="44.806721" lon="6.565829"><ele>1112.0</ele></trkpt>
      <trkpt lat="44.806699" lon="6.565747"><ele>1111.0</ele></trkpt>
      <trkpt lat="44.806669" lon="6.565692"><ele>1110.0</ele></trkpt>
      <trkpt lat="44.806630" lon="6.565662"><ele>1108.8</ele></trkpt>
      <trkpt lat="44.806579" lon="6.565642"><ele>1107.5</ele></trkpt>
      <trkpt lat="44.806514" lon="6.565648"><ele>1106.2</ele></trkpt>
      <trkpt lat="44.806246" lon="6.565735"><ele>1104.0</ele></trkpt>
      <trkpt lat="44.806096" lon="6.565758"><ele>1103.5</ele></trkpt>
      <trkpt lat="44.805972" lon="6.565763"><ele>1103.2</ele></trkpt>
      <trkpt lat="44.805798" lon="6.565741"><ele>1102.5</ele></trkpt>
      <trkpt lat="44.805644" lon="6.565702"><ele>1101.2</ele></trkpt>
      <trkpt lat="44.805138" lon="6.565460"><ele>1097.5</ele></trkpt>
      <trkpt lat="44.804757" lon="6.565362"><ele>1096.2</ele></trkpt>
      <trkpt lat="44.804373" lon="6.565298"><ele>1092.8</ele></trkpt>
      <trkpt lat="44.804123" lon="6.565301"><ele>1090.0</ele></trkpt>
      <trkpt lat="44.803941" lon="6.565349"><ele>1088.2</ele></trkpt>
      <trkpt lat="44.803807" lon="6.565413"><ele>1087.0</ele></trkpt>
      <trkpt lat="44.803375" lon="6.565677"><ele>1081.2</ele></trkpt>
      <trkpt lat="44.802999" lon="6.565912"><ele>1079.2</ele></trkpt>
      <trkpt lat="44.802781" lon="6.565990"><ele>1076.2</ele></trkpt>
      <trkpt lat="44.802591" lon="6.566035"><ele>1074.0</ele></trkpt>
      <trkpt lat="44.802341" lon="6.566050"><ele>1070.8</ele></trkpt>
      <trkpt lat="44.802054" lon="6.566051"><ele>1068.0</ele></trkpt>
      <trkpt lat="44.801654" lon="6.566046"><ele>1065.0</ele></trkpt>
      <trkpt lat="44.800911" lon="6.566054"><ele>1063.5</ele></trkpt>
      <trkpt lat="44.800657" lon="6.566018"><ele>1061.2</ele></trkpt>
      <trkpt lat="44.800316" lon="6.565994"><ele>1058.2</ele></trkpt>
      <trkpt lat="44.800153" lon="6.565973"><ele>1056.8</ele></trkpt>
      <trkpt lat="44.799835" lon="6.565914"><ele>1054.2</ele></trkpt>
      <trkpt lat="44.799654" lon="6.565884"><ele>1052.8</ele></trkpt>
      <trkpt lat="44.799548" lon="6.565848"><ele>1051.5</ele></trkpt>
      <trkpt lat="44.799299" lon="6.565733"><ele>1048.5</ele></trkpt>
      <trkpt lat="44.799216" lon="6.565682"><ele>1048.0</ele></trkpt>
      <trkpt lat="44.799003" lon="6.565505"><ele>1048.0</ele></trkpt>
      <trkpt lat="44.798903" lon="6.565407"><ele>1047.8</ele></trkpt>
      <trkpt lat="44.798764" lon="6.565242"><ele>1047.5</ele></trkpt>
      <trkpt lat="44.798696" lon="6.565152"><ele>1046.8</ele></trkpt>
      <trkpt lat="44.798493" lon="6.564850"><ele>1044.0</ele></trkpt>
      <trkpt lat="44.798414" lon="6.564731"><ele>1042.8</ele></trkpt>
      <trkpt lat="44.798169" lon="6.564353"><ele>1039.8</ele></trkpt>
      <trkpt lat="44.798053" lon="6.564180"><ele>1038.0</ele></trkpt>
      <trkpt lat="44.797981" lon="6.564081"><ele>1036.8</ele></trkpt>
      <trkpt lat="44.797872" lon="6.563944"><ele>1034.2</ele></trkpt>
      <trkpt lat="44.797767" lon="6.563826"><ele>1032.0</ele></trkpt>
      <trkpt lat="44.797655" lon="6.563716"><ele>1030.0</ele></trkpt>
      <trkpt lat="44.797641" lon="6.563706"><ele>1030.0</ele></trkpt>
      <trkpt lat="44.797560" lon="6.563640"><ele>1028.5</ele></trkpt>
      <trkpt lat="44.797524" lon="6.563609"><ele>1028.0</ele></trkpt>
      <trkpt lat="44.797450" lon="6.563550"><ele>1027.8</ele></trkpt>
      <trkpt lat="44.797376" lon="6.563492"><ele>1027.8</ele></trkpt>
      <trkpt lat="44.797123" lon="6.563316"><ele>1025.8</ele></trkpt>
      <trkpt lat="44.796901" lon="6.563151"><ele>1023.2</ele></trkpt>
      <trkpt lat="44.796695" lon="6.563015"><ele>1021.2</ele></trkpt>
      <trkpt lat="44.796670" lon="6.562998"><ele>1021.0</ele></trkpt>
      <trkpt lat="44.796534" lon="6.562926"><ele>1019.2</ele></trkpt>
      <trkpt lat="44.796502" lon="6.562911"><ele>1019.0</ele></trkpt>
      <trkpt lat="44.796282" lon="6.562815"><ele>1016.5</ele></trkpt>
      <trkpt lat="44.796008" lon="6.562729"><ele>1013.5</ele></trkpt>
      <trkpt lat="44.795978" lon="6.562720"><ele>1013.2</ele></trkpt>
      <trkpt lat="44.795877" lon="6.562696"><ele>1012.2</ele></trkpt>
      <trkpt lat="44.795586" lon="6.562646"><ele>1009.8</ele></trkpt>
      <trkpt lat="44.795112" lon="6.562574"><ele>1005.5</ele></trkpt>
      <trkpt lat="44.795014" lon="6.562559"><ele>1004.5</ele></trkpt>
      <trkpt lat="44.794860" lon="6.562553"><ele>1004.0</ele></trkpt>
      <trkpt lat="44.794517" lon="6.562548"><ele>1002.0</ele></trkpt>
      <trkpt lat="44.794305" lon="6.562545"><ele>1000.8</ele></trkpt>
      <trkpt lat="44.794307" lon="6.562490"><ele>1000.2</ele></trkpt>
      <trkpt lat="44.794317" lon="6.562407"><ele>999.2</ele></trkpt>
      <trkpt lat="44.794335" lon="6.562357"><ele>998.8</ele></trkpt>
      <trkpt lat="44.794371" lon="6.562295"><ele>998.2</ele></trkpt>
      <trkpt lat="44.794389" lon="6.562272"><ele>998.0</ele></trkpt>
      <trkpt lat="44.794441" lon="6.562213"><ele>997.8</ele></trkpt>
      <trkpt lat="44.794681" lon="6.561992"><ele>995.5</ele></trkpt>
      <trkpt lat="44.794799" lon="6.561861"><ele>994.5</ele></trkpt>
      <trkpt lat="44.794989" lon="6.561611"><ele>992.2</ele></trkpt>
      <trkpt lat="44.795151" lon="6.561424"><ele>991.2</ele></trkpt>
      <trkpt lat="44.795189" lon="6.561350"><ele>990.8</ele></trkpt>
      <trkpt lat="44.795215" lon="6.561266"><ele>989.8</ele></trkpt>
      <trkpt lat="44.795223" lon="6.561125"><ele>987.8</ele></trkpt>
      <trkpt lat="44.795213" lon="6.561025"><ele>986.5</ele></trkpt>
      <trkpt lat="44.795191" lon="6.560923"><ele>985.5</ele></trkpt>
      <trkpt lat="44.795174" lon="6.560857"><ele>984.8</ele></trkpt>
      <trkpt lat="44.795151" lon="6.560780"><ele>983.8</ele></trkpt>
      <trkpt lat="44.795042" lon="6.560419"><ele>980.0</ele></trkpt>
      <trkpt lat="44.794994" lon="6.560282"><ele>979.0</ele></trkpt>
      <trkpt lat="44.794935" lon="6.560084"><ele>976.5</ele></trkpt>
      <trkpt lat="44.794920" lon="6.560016"><ele>975.5</ele></trkpt>
      <trkpt lat="44.794915" lon="6.559983"><ele>975.5</ele></trkpt>
      <trkpt lat="44.794866" lon="6.559670"><ele>977.2</ele></trkpt>
      <trkpt lat="44.794862" lon="6.559644"><ele>977.5</ele></trkpt>
      <trkpt lat="44.794850" lon="6.559572"><ele>977.5</ele></trkpt>
      <trkpt lat="44.794830" lon="6.559554"><ele>977.8</ele></trkpt>
      <trkpt lat="44.794790" lon="6.559537"><ele>978.0</ele></trkpt>
      <trkpt lat="44.794741" lon="6.559520"><ele>978.2</ele></trkpt>
      <trkpt lat="44.794704" lon="6.559507"><ele>978.5</ele></trkpt>
      <trkpt lat="44.794586" lon="6.559463"><ele>978.2</ele></trkpt>
      <trkpt lat="44.794386" lon="6.559390"><ele>978.0</ele></trkpt>
      <trkpt lat="44.794313" lon="6.559366"><ele>978.0</ele></trkpt>
      <trkpt lat="44.794263" lon="6.559350"><ele>978.0</ele></trkpt>
      <trkpt lat="44.794106" lon="6.559288"><ele>978.0</ele></trkpt>
      <trkpt lat="44.793968" lon="6.559239"><ele>978.0</ele></trkpt>
      <trkpt lat="44.793796" lon="6.559177"><ele>977.5</ele></trkpt>
      <trkpt lat="44.793757" lon="6.559161"><ele>977.5</ele></trkpt>
      <trkpt lat="44.793565" lon="6.559085"><ele>977.0</ele></trkpt>
      <trkpt lat="44.793466" lon="6.559046"><ele>977.0</ele></trkpt>
      <trkpt lat="44.793321" lon="6.558991"><ele>977.0</ele></trkpt>
      <trkpt lat="44.793256" lon="6.558963"><ele>977.0</ele></trkpt>
      <trkpt lat="44.793065" lon="6.558869"><ele>977.0</ele></trkpt>
      <trkpt lat="44.792999" lon="6.558832"><ele>976.8</ele></trkpt>
      <trkpt lat="44.792840" lon="6.558747"><ele>976.5</ele></trkpt>
      <trkpt lat="44.792827" lon="6.558788"><ele>976.2</ele></trkpt>
      <trkpt lat="44.792771" lon="6.558962"><ele>976.0</ele></trkpt>
      <trkpt lat="44.792730" lon="6.559048"><ele>976.0</ele></trkpt>
      <trkpt lat="44.792674" lon="6.559121"><ele>976.0</ele></trkpt>
      <trkpt lat="44.792635" lon="6.559157"><ele>976.0</ele></trkpt>
      <trkpt lat="44.792411" lon="6.559363"><ele>975.5</ele></trkpt>
      <trkpt lat="44.792378" lon="6.559394"><ele>975.5</ele></trkpt>
      <trkpt lat="44.792307" lon="6.559414"><ele>975.2</ele></trkpt>
      <trkpt lat="44.792167" lon="6.559432"><ele>975.0</ele></trkpt>
      <trkpt lat="44.791936" lon="6.559444"><ele>974.8</ele></trkpt>
      <trkpt lat="44.791835" lon="6.559450"><ele>974.5</ele></trkpt>
      <trkpt lat="44.791581" lon="6.559456"><ele>974.0</ele></trkpt>
      <trkpt lat="44.791527" lon="6.559446"><ele>974.0</ele></trkpt>
      <trkpt lat="44.791485" lon="6.559389"><ele>974.0</ele></trkpt>
      <trkpt lat="44.791461" lon="6.559439"><ele>974.0</ele></trkpt>
      <trkpt lat="44.791429" lon="6.559416"><ele>974.0</ele></trkpt>
      <trkpt lat="44.791322" lon="6.559413"><ele>973.8</ele></trkpt>
      <trkpt lat="44.791054" lon="6.559217"><ele>973.5</ele></trkpt>
      <trkpt lat="44.790891" lon="6.559078"><ele>973.0</ele></trkpt>
      <trkpt lat="44.790793" lon="6.558965"><ele>973.0</ele></trkpt>
      <trkpt lat="44.790613" lon="6.558777"><ele>973.0</ele></trkpt>
      <trkpt lat="44.790505" lon="6.558727"><ele>973.0</ele></trkpt>
      <trkpt lat="44.790411" lon="6.558602"><ele>973.0</ele></trkpt>
      <trkpt lat="44.790401" lon="6.558609"><ele>973.0</ele></trkpt>
      <trkpt lat="44.790370" lon="6.558633"><ele>973.0</ele></trkpt>
      <trkpt lat="44.790330" lon="6.558573"><ele>973.0</ele></trkpt>
      <trkpt lat="44.790318" lon="6.558546"><ele>973.0</ele></trkpt>
      <trkpt lat="44.790341" lon="6.558499"><ele>973.0</ele></trkpt>
      <trkpt lat="44.790477" lon="6.557994"><ele>973.0</ele></trkpt>
      <trkpt lat="44.790550" lon="6.557842"><ele>973.0</ele></trkpt>
      <trkpt lat="44.790591" lon="6.557777"><ele>973.0</ele></trkpt>
      <trkpt lat="44.790625" lon="6.557735"><ele>973.2</ele></trkpt>
      <trkpt lat="44.790661" lon="6.557708"><ele>973.5</ele></trkpt>
      <trkpt lat="44.790684" lon="6.557659"><ele>973.5</ele></trkpt>
      <trkpt lat="44.790685" lon="6.557588"><ele>973.8</ele></trkpt>
      <trkpt lat="44.790675" lon="6.557555"><ele>973.8</ele></trkpt>
      <trkpt lat="44.790657" lon="6.557529"><ele>973.8</ele></trkpt>
      <trkpt lat="44.790632" lon="6.557509"><ele>973.8</ele></trkpt>
      <trkpt lat="44.790604" lon="6.557502"><ele>973.8</ele></trkpt>
      <trkpt lat="44.790576" lon="6.557509"><ele>973.8</ele></trkpt>
      <trkpt lat="44.790551" lon="6.557529"><ele>973.8</ele></trkpt>
      <trkpt lat="44.790532" lon="6.557560"><ele>973.5</ele></trkpt>
      <trkpt lat="44.790503" lon="6.557536"><ele>973.5</ele></trkpt>
      <trkpt lat="44.790410" lon="6.557463"><ele>973.5</ele></trkpt>
      <trkpt lat="44.790310" lon="6.557387"><ele>973.2</ele></trkpt>
      <trkpt lat="44.790232" lon="6.557329"><ele>973.5</ele></trkpt>
      <trkpt lat="44.790056" lon="6.557215"><ele>973.0</ele></trkpt>
      <trkpt lat="44.789888" lon="6.557125"><ele>972.8</ele></trkpt>
      <trkpt lat="44.789063" lon="6.556668"><ele>972.0</ele></trkpt>
      <trkpt lat="44.788825" lon="6.556522"><ele>972.2</ele></trkpt>
      <trkpt lat="44.788731" lon="6.556465"><ele>972.0</ele></trkpt>
      <trkpt lat="44.788590" lon="6.556376"><ele>972.0</ele></trkpt>
      <trkpt lat="44.788562" lon="6.556358"><ele>972.0</ele></trkpt>
      <trkpt lat="44.788569" lon="6.556318"><ele>972.2</ele></trkpt>
      <trkpt lat="44.788567" lon="6.556276"><ele>972.5</ele></trkpt>
      <trkpt lat="44.788556" lon="6.556238"><ele>972.8</ele></trkpt>
      <trkpt lat="44.788536" lon="6.556206"><ele>973.0</ele></trkpt>
      <trkpt lat="44.788510" lon="6.556185"><ele>973.0</ele></trkpt>
      <trkpt lat="44.788481" lon="6.556177"><ele>973.0</ele></trkpt>
      <trkpt lat="44.788452" lon="6.556182"><ele>972.8</ele></trkpt>
      <trkpt lat="44.788425" lon="6.556200"><ele>972.5</ele></trkpt>
      <trkpt lat="44.788404" lon="6.556229"><ele>972.2</ele></trkpt>
      <trkpt lat="44.788390" lon="6.556266"><ele>972.0</ele></trkpt>
      <trkpt lat="44.788350" lon="6.556251"><ele>972.0</ele></trkpt>
      <trkpt lat="44.787842" lon="6.556069"><ele>971.2</ele></trkpt>
      <trkpt lat="44.787695" lon="6.555981"><ele>971.5</ele></trkpt>
      <trkpt lat="44.787634" lon="6.555934"><ele>971.8</ele></trkpt>
      <trkpt lat="44.787551" lon="6.555831"><ele>972.8</ele></trkpt>
      <trkpt lat="44.787520" lon="6.555776"><ele>972.5</ele></trkpt>
      <trkpt lat="44.787468" lon="6.555633"><ele>971.5</ele></trkpt>
      <trkpt lat="44.787456" lon="6.555571"><ele>971.2</ele></trkpt>
      <trkpt lat="44.787475" lon="6.555545"><ele>971.0</ele></trkpt>
      <trkpt lat="44.787487" lon="6.555512"><ele>970.8</ele></trkpt>
      <trkpt lat="44.787490" lon="6.555476"><ele>970.5</ele></trkpt>
      <trkpt lat="44.787485" lon="6.555440"><ele>970.5</ele></trkpt>
      <trkpt lat="44.787471" lon="6.555408"><ele>970.5</ele></trkpt>
      <trkpt lat="44.787451" lon="6.555384"><ele>970.2</ele></trkpt>
      <trkpt lat="44.787427" lon="6.555371"><ele>970.2</ele></trkpt>
      <trkpt lat="44.787400" lon="6.555370"><ele>970.2</ele></trkpt>
      <trkpt lat="44.787376" lon="6.555382"><ele>970.5</ele></trkpt>
      <trkpt lat="44.787355" lon="6.555404"><ele>970.5</ele></trkpt>
      <trkpt lat="44.787340" lon="6.555435"><ele>970.8</ele></trkpt>
      <trkpt lat="44.787334" lon="6.555470"><ele>971.0</ele></trkpt>
      <trkpt lat="44.787336" lon="6.555507"><ele>971.2</ele></trkpt>
      <trkpt lat="44.787301" lon="6.555515"><ele>971.2</ele></trkpt>
      <trkpt lat="44.787127" lon="6.555562"><ele>971.5</ele></trkpt>
      <trkpt lat="44.787097" lon="6.555570"><ele>971.5</ele></trkpt>
      <trkpt lat="44.786689" lon="6.555668"><ele>971.8</ele></trkpt>
      <trkpt lat="44.786389" lon="6.555754"><ele>971.2</ele></trkpt>
      <trkpt lat="44.786089" lon="6.555849"><ele>971.0</ele></trkpt>
      <trkpt lat="44.785783" lon="6.555967"><ele>971.2</ele></trkpt>
      <trkpt lat="44.785510" lon="6.556074"><ele>970.5</ele></trkpt>
      <trkpt lat="44.785222" lon="6.556207"><ele>970.8</ele></trkpt>
      <trkpt lat="44.784798" lon="6.556408"><ele>970.5</ele></trkpt>
      <trkpt lat="44.784512" lon="6.556553"><ele>970.5</ele></trkpt>
      <trkpt lat="44.783929" lon="6.556833"><ele>970.5</ele></trkpt>
      <trkpt lat="44.783712" lon="6.556915"><ele>970.8</ele></trkpt>
      <trkpt lat="44.783518" lon="6.556966"><ele>970.5</ele></trkpt>
      <trkpt lat="44.783415" lon="6.556976"><ele>970.2</ele></trkpt>
      <trkpt lat="44.783235" lon="6.556973"><ele>970.0</ele></trkpt>
      <trkpt lat="44.783166" lon="6.556953"><ele>970.0</ele></trkpt>
      <trkpt lat="44.783032" lon="6.556913"><ele>970.0</ele></trkpt>
      <trkpt lat="44.782918" lon="6.556871"><ele>970.8</ele></trkpt>
      <trkpt lat="44.782872" lon="6.556855"><ele>970.8</ele></trkpt>
      <trkpt lat="44.782792" lon="6.556827"><ele>971.2</ele></trkpt>
      <trkpt lat="44.782670" lon="6.556785"><ele>972.0</ele></trkpt>
      <trkpt lat="44.782532" lon="6.556737"><ele>972.8</ele></trkpt>
      <trkpt lat="44.782494" lon="6.556721"><ele>973.0</ele></trkpt>
      <trkpt lat="44.782307" lon="6.556655"><ele>973.0</ele></trkpt>
      <trkpt lat="44.782211" lon="6.556623"><ele>973.0</ele></trkpt>
      <trkpt lat="44.781931" lon="6.556528"><ele>974.0</ele></trkpt>
      <trkpt lat="44.781811" lon="6.556492"><ele>974.0</ele></trkpt>
      <trkpt lat="44.781715" lon="6.556462"><ele>974.0</ele></trkpt>
      <trkpt lat="44.781548" lon="6.556416"><ele>974.0</ele></trkpt>
      <trkpt lat="44.781276" lon="6.556330"><ele>974.0</ele></trkpt>
      <trkpt lat="44.781024" lon="6.556255"><ele>974.0</ele></trkpt>
      <trkpt lat="44.780889" lon="6.556217"><ele>974.0</ele></trkpt>
      <trkpt lat="44.780858" lon="6.556207"><ele>974.0</ele></trkpt>
      <trkpt lat="44.780714" lon="6.556163"><ele>973.5</ele></trkpt>
      <trkpt lat="44.780681" lon="6.556153"><ele>973.2</ele></trkpt>
      <trkpt lat="44.780641" lon="6.556140"><ele>973.2</ele></trkpt>
      <trkpt lat="44.780542" lon="6.556109"><ele>972.8</ele></trkpt>
      <trkpt lat="44.780425" lon="6.556073"><ele>972.5</ele></trkpt>
      <trkpt lat="44.780315" lon="6.556040"><ele>972.2</ele></trkpt>
      <trkpt lat="44.780267" lon="6.556025"><ele>972.2</ele></trkpt>
      <trkpt lat="44.780096" lon="6.555972"><ele>972.5</ele></trkpt>
      <trkpt lat="44.779889" lon="6.555908"><ele>972.2</ele></trkpt>
      <trkpt lat="44.779866" lon="6.555901"><ele>972.2</ele></trkpt>
      <trkpt lat="44.779219" lon="6.555695"><ele>970.5</ele></trkpt>
      <trkpt lat="44.778711" lon="6.555530"><ele>970.2</ele></trkpt>
      <trkpt lat="44.778091" lon="6.555339"><ele>970.5</ele></trkpt>
      <trkpt lat="44.778001" lon="6.555318"><ele>970.8</ele></trkpt>
      <trkpt lat="44.777947" lon="6.555312"><ele>970.8</ele></trkpt>
      <trkpt lat="44.777909" lon="6.555309"><ele>970.8</ele></trkpt>
      <trkpt lat="44.777894" lon="6.555309"><ele>970.8</ele></trkpt>
      <trkpt lat="44.777844" lon="6.555311"><ele>970.8</ele></trkpt>
      <trkpt lat="44.777819" lon="6.555312"><ele>970.8</ele></trkpt>
      <trkpt lat="44.777808" lon="6.555260"><ele>971.0</ele></trkpt>
      <trkpt lat="44.777794" lon="6.555240"><ele>971.0</ele></trkpt>
      <trkpt lat="44.777759" lon="6.555223"><ele>971.0</ele></trkpt>
      <trkpt lat="44.777740" lon="6.555226"><ele>971.0</ele></trkpt>
      <trkpt lat="44.777711" lon="6.555251"><ele>971.0</ele></trkpt>
      <trkpt lat="44.777702" lon="6.555271"><ele>971.0</ele></trkpt>
      <trkpt lat="44.777673" lon="6.555255"><ele>971.0</ele></trkpt>
      <trkpt lat="44.777614" lon="6.555232"><ele>971.0</ele></trkpt>
      <trkpt lat="44.777538" lon="6.555213"><ele>971.0</ele></trkpt>
      <trkpt lat="44.777370" lon="6.555193"><ele>971.0</ele></trkpt>
      <trkpt lat="44.777233" lon="6.555194"><ele>971.0</ele></trkpt>
      <trkpt lat="44.777121" lon="6.555205"><ele>970.5</ele></trkpt>
      <trkpt lat="44.777009" lon="6.555241"><ele>970.0</ele></trkpt>
      <trkpt lat="44.776843" lon="6.555331"><ele>969.5</ele></trkpt>
      <trkpt lat="44.776779" lon="6.555364"><ele>969.2</ele></trkpt>
      <trkpt lat="44.776673" lon="6.555431"><ele>969.0</ele></trkpt>
      <trkpt lat="44.776489" lon="6.555526"><ele>968.2</ele></trkpt>
      <trkpt lat="44.776456" lon="6.555543"><ele>968.2</ele></trkpt>
      <trkpt lat="44.776265" lon="6.555642"><ele>967.5</ele></trkpt>
      <trkpt lat="44.776214" lon="6.555668"><ele>967.2</ele></trkpt>
      <trkpt lat="44.776169" lon="6.555691"><ele>967.0</ele></trkpt>
      <trkpt lat="44.775984" lon="6.555774"><ele>966.0</ele></trkpt>
      <trkpt lat="44.775017" lon="6.556127"><ele>962.0</ele></trkpt>
      <trkpt lat="44.774838" lon="6.556177"><ele>961.5</ele></trkpt>
      <trkpt lat="44.774673" lon="6.556208"><ele>961.0</ele></trkpt>
      <trkpt lat="44.774512" lon="6.556212"><ele>960.5</ele></trkpt>
      <trkpt lat="44.774368" lon="6.556196"><ele>960.0</ele></trkpt>
      <trkpt lat="44.774245" lon="6.556181"><ele>959.8</ele></trkpt>
      <trkpt lat="44.774029" lon="6.556193"><ele>959.0</ele></trkpt>
      <trkpt lat="44.773925" lon="6.556219"><ele>958.5</ele></trkpt>
      <trkpt lat="44.773665" lon="6.556325"><ele>957.2</ele></trkpt>
      <trkpt lat="44.773462" lon="6.556414"><ele>957.0</ele></trkpt>
      <trkpt lat="44.773289" lon="6.556501"><ele>956.8</ele></trkpt>
      <trkpt lat="44.770786" lon="6.557928"><ele>958.0</ele></trkpt>
      <trkpt lat="44.770671" lon="6.557988"><ele>957.8</ele></trkpt>
      <trkpt lat="44.770564" lon="6.558031"><ele>957.2</ele></trkpt>
      <trkpt lat="44.770432" lon="6.558068"><ele>956.2</ele></trkpt>
      <trkpt lat="44.770354" lon="6.558082"><ele>956.0</ele></trkpt>
      <trkpt lat="44.770120" lon="6.558082"><ele>954.5</ele></trkpt>
      <trkpt lat="44.769817" lon="6.558037"><ele>954.2</ele></trkpt>
      <trkpt lat="44.769640" lon="6.558028"><ele>954.8</ele></trkpt>
      <trkpt lat="44.769558" lon="6.558033"><ele>955.0</ele></trkpt>
      <trkpt lat="44.769276" lon="6.558087"><ele>955.8</ele></trkpt>
      <trkpt lat="44.769119" lon="6.558135"><ele>956.5</ele></trkpt>
      <trkpt lat="44.768941" lon="6.558208"><ele>958.2</ele></trkpt>
      <trkpt lat="44.768800" lon="6.558285"><ele>958.2</ele></trkpt>
      <trkpt lat="44.768627" lon="6.558400"><ele>957.8</ele></trkpt>
      <trkpt lat="44.768478" lon="6.558518"><ele>959.0</ele></trkpt>
      <trkpt lat="44.768343" lon="6.558639"><ele>959.2</ele></trkpt>
      <trkpt lat="44.768209" lon="6.558787"><ele>961.8</ele></trkpt>
      <trkpt lat="44.767921" lon="6.559207"><ele>964.5</ele></trkpt>
      <trkpt lat="44.767473" lon="6.559985"><ele>966.5</ele></trkpt>
      <trkpt lat="44.766840" lon="6.560966"><ele>969.0</ele></trkpt>
      <trkpt lat="44.766651" lon="6.561234"><ele>969.0</ele></trkpt>
      <trkpt lat="44.766388" lon="6.561525"><ele>968.0</ele></trkpt>
      <trkpt lat="44.765998" lon="6.561882"><ele>966.0</ele></trkpt>
      <trkpt lat="44.765386" lon="6.562479"><ele>965.0</ele></trkpt>
      <trkpt lat="44.765258" lon="6.562625"><ele>964.5</ele></trkpt>
      <trkpt lat="44.764800" lon="6.563245"><ele>964.2</ele></trkpt>
      <trkpt lat="44.764513" lon="6.563663"><ele>961.8</ele></trkpt>
      <trkpt lat="44.764360" lon="6.563899"><ele>961.5</ele></trkpt>
      <trkpt lat="44.764283" lon="6.564001"><ele>962.0</ele></trkpt>
      <trkpt lat="44.764180" lon="6.564118"><ele>962.0</ele></trkpt>
      <trkpt lat="44.763958" lon="6.564340"><ele>963.8</ele></trkpt>
      <trkpt lat="44.763699" lon="6.564673"><ele>960.8</ele></trkpt>
      <trkpt lat="44.763610" lon="6.564767"><ele>959.5</ele></trkpt>
      <trkpt lat="44.762868" lon="6.565436"><ele>963.2</ele></trkpt>
      <trkpt lat="44.762751" lon="6.565554"><ele>961.8</ele></trkpt>
      <trkpt lat="44.762628" lon="6.565664"><ele>962.0</ele></trkpt>
      <trkpt lat="44.762331" lon="6.565896"><ele>962.8</ele></trkpt>
      <trkpt lat="44.762200" lon="6.566014"><ele>962.5</ele></trkpt>
      <trkpt lat="44.761874" lon="6.566352"><ele>960.8</ele></trkpt>
      <trkpt lat="44.761222" lon="6.567154"><ele>958.2</ele></trkpt>
      <trkpt lat="44.760780" lon="6.567852"><ele>955.5</ele></trkpt>
      <trkpt lat="44.760662" lon="6.567988"><ele>955.2</ele></trkpt>
      <trkpt lat="44.760297" lon="6.568313"><ele>956.0</ele></trkpt>
      <trkpt lat="44.759230" lon="6.569097"><ele>957.5</ele></trkpt>
      <trkpt lat="44.759046" lon="6.569258"><ele>956.8</ele></trkpt>
      <trkpt lat="44.758911" lon="6.569364"><ele>956.8</ele></trkpt>
      <trkpt lat="44.758005" lon="6.569932"><ele>959.5</ele></trkpt>
      <trkpt lat="44.757807" lon="6.570086"><ele>959.0</ele></trkpt>
      <trkpt lat="44.757604" lon="6.570276"><ele>957.2</ele></trkpt>
      <trkpt lat="44.757127" lon="6.570768"><ele>954.0</ele></trkpt>
      <trkpt lat="44.757000" lon="6.570868"><ele>953.2</ele></trkpt>
      <trkpt lat="44.756764" lon="6.570982"><ele>953.0</ele></trkpt>
      <trkpt lat="44.756375" lon="6.571148"><ele>953.0</ele></trkpt>
      <trkpt lat="44.756232" lon="6.571240"><ele>952.5</ele></trkpt>
      <trkpt lat="44.755645" lon="6.571666"><ele>950.2</ele></trkpt>
      <trkpt lat="44.755081" lon="6.571996"><ele>949.2</ele></trkpt>
      <trkpt lat="44.754673" lon="6.572309"><ele>946.8</ele></trkpt>
      <trkpt lat="44.754455" lon="6.572460"><ele>946.0</ele></trkpt>
      <trkpt lat="44.754267" lon="6.572583"><ele>945.5</ele></trkpt>
      <trkpt lat="44.753967" lon="6.572734"><ele>945.0</ele></trkpt>
      <trkpt lat="44.753909" lon="6.572808"><ele>943.8</ele></trkpt>
      <trkpt lat="44.753865" lon="6.572772"><ele>945.2</ele></trkpt>
      <trkpt lat="44.753795" lon="6.572768"><ele>945.8</ele></trkpt>
      <trkpt lat="44.753465" lon="6.572821"><ele>947.2</ele></trkpt>
      <trkpt lat="44.753357" lon="6.572816"><ele>948.8</ele></trkpt>
      <trkpt lat="44.753130" lon="6.572758"><ele>952.0</ele></trkpt>
      <trkpt lat="44.752977" lon="6.572733"><ele>954.0</ele></trkpt>
      <trkpt lat="44.751853" lon="6.572688"><ele>970.5</ele></trkpt>
      <trkpt lat="44.751627" lon="6.572713"><ele>973.5</ele></trkpt>
      <trkpt lat="44.751252" lon="6.572796"><ele>976.8</ele></trkpt>
      <trkpt lat="44.751092" lon="6.572816"><ele>979.0</ele></trkpt>
      <trkpt lat="44.750871" lon="6.572812"><ele>983.5</ele></trkpt>
      <trkpt lat="44.749802" lon="6.572862"><ele>997.0</ele></trkpt>
      <trkpt lat="44.749652" lon="6.572863"><ele>999.0</ele></trkpt>
      <trkpt lat="44.749368" lon="6.572845"><ele>1002.5</ele></trkpt>
      <trkpt lat="44.748432" lon="6.572855"><ele>1013.8</ele></trkpt>
      <trkpt lat="44.748175" lon="6.572848"><ele>1017.2</ele></trkpt>
      <trkpt lat="44.747513" lon="6.572776"><ele>1025.8</ele></trkpt>
      <trkpt lat="44.747278" lon="6.572738"><ele>1028.8</ele></trkpt>
      <trkpt lat="44.746623" lon="6.572547"><ele>1038.8</ele></trkpt>
      <trkpt lat="44.746340" lon="6.572500"><ele>1042.2</ele></trkpt>
      <trkpt lat="44.746030" lon="6.572482"><ele>1046.0</ele></trkpt>
      <trkpt lat="44.745609" lon="6.572484"><ele>1051.0</ele></trkpt>
      <trkpt lat="44.744755" lon="6.572531"><ele>1062.0</ele></trkpt>
      <trkpt lat="44.743600" lon="6.572702"><ele>1077.5</ele></trkpt>
      <trkpt lat="44.743370" lon="6.572718"><ele>1081.8</ele></trkpt>
      <trkpt lat="44.742816" lon="6.572681"><ele>1100.0</ele></trkpt>
      <trkpt lat="44.742462" lon="6.572737"><ele>1099.8</ele></trkpt>
      <trkpt lat="44.741710" lon="6.572942"><ele>1101.5</ele></trkpt>
      <trkpt lat="44.741543" lon="6.572977"><ele>1102.5</ele></trkpt>
      <trkpt lat="44.741436" lon="6.572966"><ele>1104.8</ele></trkpt>
      <trkpt lat="44.741346" lon="6.572916"><ele>1106.5</ele></trkpt>
      <trkpt lat="44.741266" lon="6.572842"><ele>1108.5</ele></trkpt>
      <trkpt lat="44.741161" lon="6.572772"><ele>1111.0</ele></trkpt>
      <trkpt lat="44.741025" lon="6.572745"><ele>1113.2</ele></trkpt>
      <trkpt lat="44.740881" lon="6.572735"><ele>1115.5</ele></trkpt>
      <trkpt lat="44.740683" lon="6.572760"><ele>1113.2</ele></trkpt>
      <trkpt lat="44.740575" lon="6.572755"><ele>1112.5</ele></trkpt>
      <trkpt lat="44.740489" lon="6.572720"><ele>1112.8</ele></trkpt>
      <trkpt lat="44.740427" lon="6.572674"><ele>1114.2</ele></trkpt>
      <trkpt lat="44.740365" lon="6.572612"><ele>1116.8</ele></trkpt>
      <trkpt lat="44.740285" lon="6.572560"><ele>1118.2</ele></trkpt>
      <trkpt lat="44.740191" lon="6.572537"><ele>1119.2</ele></trkpt>
      <trkpt lat="44.739874" lon="6.572500"><ele>1120.0</ele></trkpt>
      <trkpt lat="44.739743" lon="6.572439"><ele>1120.5</ele></trkpt>
      <trkpt lat="44.739627" lon="6.572370"><ele>1120.8</ele></trkpt>
      <trkpt lat="44.739540" lon="6.572299"><ele>1121.0</ele></trkpt>
      <trkpt lat="44.739273" lon="6.572004"><ele>1120.2</ele></trkpt>
      <trkpt lat="44.739048" lon="6.571795"><ele>1122.2</ele></trkpt>
      <trkpt lat="44.738978" lon="6.571677"><ele>1123.2</ele></trkpt>
      <trkpt lat="44.738952" lon="6.571584"><ele>1123.0</ele></trkpt>
      <trkpt lat="44.738944" lon="6.571471"><ele>1123.0</ele></trkpt>
      <trkpt lat="44.738955" lon="6.571192"><ele>1124.0</ele></trkpt>
      <trkpt lat="44.738974" lon="6.570955"><ele>1124.5</ele></trkpt>
      <trkpt lat="44.739011" lon="6.570749"><ele>1124.5</ele></trkpt>
      <trkpt lat="44.739087" lon="6.570521"><ele>1123.5</ele></trkpt>
      <trkpt lat="44.739182" lon="6.570294"><ele>1124.5</ele></trkpt>
      <trkpt lat="44.739290" lon="6.570064"><ele>1125.8</ele></trkpt>
      <trkpt lat="44.739359" lon="6.569955"><ele>1126.2</ele></trkpt>
      <trkpt lat="44.739433" lon="6.569868"><ele>1126.8</ele></trkpt>
      <trkpt lat="44.739581" lon="6.569705"><ele>1127.2</ele></trkpt>
      <trkpt lat="44.739654" lon="6.569611"><ele>1128.0</ele></trkpt>
      <trkpt lat="44.739753" lon="6.569467"><ele>1128.5</ele></trkpt>
      <trkpt lat="44.739800" lon="6.569388"><ele>1128.5</ele></trkpt>
      <trkpt lat="44.739844" lon="6.569271"><ele>1128.5</ele></trkpt>
      <trkpt lat="44.739886" lon="6.569138"><ele>1128.2</ele></trkpt>
      <trkpt lat="44.739904" lon="6.569026"><ele>1128.5</ele></trkpt>
      <trkpt lat="44.739910" lon="6.568935"><ele>1128.5</ele></trkpt>
      <trkpt lat="44.739908" lon="6.568837"><ele>1128.8</ele></trkpt>
      <trkpt lat="44.739898" lon="6.568722"><ele>1129.2</ele></trkpt>
      <trkpt lat="44.739858" lon="6.568492"><ele>1130.2</ele></trkpt>
      <trkpt lat="44.739795" lon="6.568186"><ele>1131.8</ele></trkpt>
      <trkpt lat="44.739773" lon="6.568108"><ele>1132.2</ele></trkpt>
      <trkpt lat="44.739731" lon="6.568037"><ele>1132.2</ele></trkpt>
      <trkpt lat="44.739691" lon="6.567996"><ele>1132.8</ele></trkpt>
      <trkpt lat="44.739634" lon="6.567972"><ele>1133.0</ele></trkpt>
      <trkpt lat="44.739558" lon="6.567956"><ele>1133.0</ele></trkpt>
      <trkpt lat="44.739453" lon="6.567957"><ele>1133.0</ele></trkpt>
      <trkpt lat="44.739359" lon="6.567955"><ele>1133.2</ele></trkpt>
      <trkpt lat="44.739107" lon="6.567987"><ele>1134.0</ele></trkpt>
      <trkpt lat="44.739043" lon="6.568010"><ele>1134.2</ele></trkpt>
      <trkpt lat="44.738987" lon="6.568049"><ele>1134.2</ele></trkpt>
      <trkpt lat="44.738933" lon="6.568110"><ele>1134.0</ele></trkpt>
      <trkpt lat="44.738865" lon="6.568275"><ele>1132.8</ele></trkpt>
      <trkpt lat="44.738826" lon="6.568379"><ele>1131.8</ele></trkpt>
      <trkpt lat="44.738790" lon="6.568453"><ele>1131.0</ele></trkpt>
      <trkpt lat="44.738759" lon="6.568495"><ele>1130.8</ele></trkpt>
      <trkpt lat="44.738718" lon="6.568534"><ele>1130.8</ele></trkpt>
      <trkpt lat="44.738634" lon="6.568567"><ele>1131.0</ele></trkpt>
      <trkpt lat="44.738446" lon="6.568588"><ele>1131.0</ele></trkpt>
      <trkpt lat="44.738366" lon="6.568579"><ele>1131.0</ele></trkpt>
      <trkpt lat="44.738226" lon="6.568476"><ele>1130.0</ele></trkpt>
      <trkpt lat="44.738177" lon="6.568428"><ele>1129.5</ele></trkpt>
      <trkpt lat="44.738110" lon="6.568328"><ele>1128.8</ele></trkpt>
      <trkpt lat="44.738092" lon="6.568266"><ele>1128.8</ele></trkpt>
      <trkpt lat="44.738069" lon="6.568149"><ele>1128.8</ele></trkpt>
      <trkpt lat="44.738026" lon="6.567689"><ele>1126.5</ele></trkpt>
      <trkpt lat="44.738009" lon="6.567536"><ele>1124.5</ele></trkpt>
      <trkpt lat="44.738005" lon="6.567442"><ele>1123.8</ele></trkpt>
      <trkpt lat="44.738012" lon="6.567245"><ele>1123.0</ele></trkpt>
      <trkpt lat="44.738006" lon="6.567123"><ele>1123.2</ele></trkpt>
      <trkpt lat="44.737996" lon="6.567047"><ele>1123.2</ele></trkpt>
      <trkpt lat="44.737979" lon="6.566975"><ele>1123.0</ele></trkpt>
      <trkpt lat="44.737932" lon="6.566834"><ele>1123.8</ele></trkpt>
      <trkpt lat="44.737852" lon="6.566697"><ele>1124.0</ele></trkpt>
      <trkpt lat="44.737818" lon="6.566641"><ele>1124.5</ele></trkpt>
      <trkpt lat="44.737745" lon="6.566544"><ele>1125.0</ele></trkpt>
      <trkpt lat="44.737649" lon="6.566373"><ele>1125.2</ele></trkpt>
      <trkpt lat="44.737612" lon="6.566268"><ele>1125.8</ele></trkpt>
      <trkpt lat="44.737559" lon="6.566097"><ele>1126.2</ele></trkpt>
      <trkpt lat="44.737523" lon="6.565890"><ele>1125.2</ele></trkpt>
      <trkpt lat="44.737519" lon="6.565711"><ele>1124.0</ele></trkpt>
      <trkpt lat="44.737553" lon="6.565546"><ele>1124.8</ele></trkpt>
      <trkpt lat="44.737600" lon="6.565431"><ele>1126.0</ele></trkpt>
      <trkpt lat="44.737816" lon="6.565105"><ele>1128.8</ele></trkpt>
      <trkpt lat="44.738008" lon="6.564853"><ele>1127.0</ele></trkpt>
      <trkpt lat="44.738127" lon="6.564766"><ele>1125.8</ele></trkpt>
      <trkpt lat="44.738184" lon="6.564742"><ele>1125.2</ele></trkpt>
      <trkpt lat="44.738244" lon="6.564746"><ele>1126.0</ele></trkpt>
      <trkpt lat="44.738298" lon="6.564766"><ele>1127.5</ele></trkpt>
      <trkpt lat="44.738397" lon="6.564826"><ele>1131.8</ele></trkpt>
      <trkpt lat="44.738459" lon="6.564850"><ele>1134.0</ele></trkpt>
      <trkpt lat="44.738523" lon="6.564850"><ele>1135.0</ele></trkpt>
      <trkpt lat="44.738579" lon="6.564817"><ele>1134.5</ele></trkpt>
      <trkpt lat="44.738625" lon="6.564758"><ele>1133.0</ele></trkpt>
      <trkpt lat="44.738650" lon="6.564671"><ele>1130.8</ele></trkpt>
      <trkpt lat="44.738681" lon="6.564356"><ele>1123.8</ele></trkpt>
      <trkpt lat="44.738688" lon="6.564271"><ele>1125.0</ele></trkpt>
      <trkpt lat="44.738879" lon="6.564243"><ele>1127.5</ele></trkpt>
      <trkpt lat="44.739288" lon="6.564140"><ele>1127.5</ele></trkpt>
      <trkpt lat="44.739400" lon="6.564104"><ele>1128.2</ele></trkpt>
      <trkpt lat="44.739491" lon="6.564057"><ele>1129.5</ele></trkpt>
      <trkpt lat="44.739842" lon="6.563804"><ele>1130.0</ele></trkpt>
      <trkpt lat="44.739910" lon="6.563793"><ele>1129.0</ele></trkpt>
      <trkpt lat="44.739939" lon="6.563810"><ele>1128.2</ele></trkpt>
      <trkpt lat="44.739968" lon="6.563841"><ele>1127.0</ele></trkpt>
      <trkpt lat="44.740085" lon="6.564098"><ele>1128.8</ele></trkpt>
      <trkpt lat="44.740151" lon="6.564172"><ele>1129.8</ele></trkpt>
      <trkpt lat="44.740211" lon="6.564199"><ele>1131.2</ele></trkpt>
      <trkpt lat="44.740272" lon="6.564200"><ele>1131.5</ele></trkpt>
      <trkpt lat="44.740347" lon="6.564168"><ele>1131.8</ele></trkpt>
      <trkpt lat="44.740594" lon="6.564008"><ele>1134.8</ele></trkpt>
      <trkpt lat="44.741039" lon="6.563767"><ele>1134.5</ele></trkpt>
      <trkpt lat="44.741576" lon="6.563505"><ele>1133.5</ele></trkpt>
      <trkpt lat="44.741747" lon="6.563373"><ele>1133.2</ele></trkpt>
      <trkpt lat="44.741857" lon="6.563249"><ele>1132.8</ele></trkpt>
      <trkpt lat="44.741888" lon="6.563263"><ele>1133.5</ele></trkpt>
      <trkpt lat="44.742334" lon="6.562999"><ele>1132.8</ele></trkpt>
      <trkpt lat="44.742738" lon="6.562690"><ele>1132.2</ele></trkpt>
      <trkpt lat="44.743039" lon="6.562436"><ele>1132.5</ele></trkpt>
      <trkpt lat="44.743285" lon="6.562244"><ele>1133.5</ele></trkpt>
      <trkpt lat="44.743579" lon="6.561933"><ele>1134.0</ele></trkpt>
      <trkpt lat="44.743788" lon="6.561676"><ele>1133.2</ele></trkpt>
      <trkpt lat="44.744161" lon="6.561300"><ele>1133.5</ele></trkpt>
      <trkpt lat="44.744366" lon="6.561169"><ele>1134.5</ele></trkpt>
      <trkpt lat="44.744502" lon="6.561122"><ele>1135.0</ele></trkpt>
      <trkpt lat="44.744402" lon="6.561297"><ele>1138.2</ele></trkpt>
      <trkpt lat="44.744119" lon="6.561833"><ele>1147.2</ele></trkpt>
      <trkpt lat="44.744062" lon="6.562006"><ele>1151.5</ele></trkpt>
      <trkpt lat="44.744011" lon="6.562134"><ele>1154.5</ele></trkpt>
      <trkpt lat="44.743865" lon="6.562362"><ele>1158.5</ele></trkpt>
      <trkpt lat="44.743774" lon="6.562519"><ele>1161.8</ele></trkpt>
      <trkpt lat="44.743639" lon="6.562853"><ele>1170.0</ele></trkpt>
      <trkpt lat="44.743415" lon="6.563328"><ele>1180.2</ele></trkpt>
      <trkpt lat="44.743143" lon="6.563694"><ele>1188.5</ele></trkpt>
      <trkpt lat="44.743210" lon="6.563798"><ele>1195.8</ele></trkpt>
      <trkpt lat="44.743320" lon="6.564120"><ele>1216.0</ele></trkpt>
      <trkpt lat="44.743320" lon="6.564373"><ele>1231.0</ele></trkpt>
      <trkpt lat="44.743320" lon="6.564120"><ele>1216.0</ele></trkpt>
      <trkpt lat="44.743210" lon="6.563798"><ele>1195.8</ele></trkpt>
      <trkpt lat="44.743143" lon="6.563694"><ele>1188.5</ele></trkpt>
      <trkpt lat="44.743415" lon="6.563328"><ele>1180.2</ele></trkpt>
      <trkpt lat="44.743639" lon="6.562853"><ele>1170.0</ele></trkpt>
      <trkpt lat="44.743774" lon="6.562519"><ele>1161.8</ele></trkpt>
      <trkpt lat="44.743865" lon="6.562362"><ele>1158.5</ele></trkpt>
      <trkpt lat="44.744011" lon="6.562134"><ele>1154.5</ele></trkpt>
      <trkpt lat="44.744062" lon="6.562006"><ele>1151.5</ele></trkpt>
      <trkpt lat="44.744119" lon="6.561833"><ele>1147.2</ele></trkpt>
      <trkpt lat="44.744402" lon="6.561297"><ele>1138.2</ele></trkpt>
      <trkpt lat="44.744502" lon="6.561122"><ele>1135.0</ele></trkpt>
      <trkpt lat="44.744366" lon="6.561169"><ele>1134.5</ele></trkpt>
      <trkpt lat="44.744161" lon="6.561300"><ele>1133.5</ele></trkpt>
      <trkpt lat="44.743788" lon="6.561676"><ele>1133.2</ele></trkpt>
      <trkpt lat="44.743579" lon="6.561933"><ele>1134.0</ele></trkpt>
      <trkpt lat="44.743285" lon="6.562244"><ele>1133.5</ele></trkpt>
      <trkpt lat="44.743039" lon="6.562436"><ele>1132.5</ele></trkpt>
      <trkpt lat="44.742738" lon="6.562690"><ele>1132.2</ele></trkpt>
      <trkpt lat="44.742334" lon="6.562999"><ele>1132.8</ele></trkpt>
      <trkpt lat="44.741888" lon="6.563263"><ele>1133.5</ele></trkpt>
      <trkpt lat="44.741857" lon="6.563249"><ele>1132.8</ele></trkpt>
      <trkpt lat="44.741747" lon="6.563373"><ele>1133.2</ele></trkpt>
      <trkpt lat="44.741576" lon="6.563505"><ele>1133.5</ele></trkpt>
      <trkpt lat="44.741039" lon="6.563767"><ele>1134.5</ele></trkpt>
      <trkpt lat="44.740594" lon="6.564008"><ele>1134.8</ele></trkpt>
      <trkpt lat="44.740347" lon="6.564168"><ele>1131.8</ele></trkpt>
      <trkpt lat="44.740272" lon="6.564200"><ele>1131.5</ele></trkpt>
      <trkpt lat="44.740211" lon="6.564199"><ele>1131.2</ele></trkpt>
      <trkpt lat="44.740151" lon="6.564172"><ele>1129.8</ele></trkpt>
      <trkpt lat="44.740085" lon="6.564098"><ele>1128.8</ele></trkpt>
      <trkpt lat="44.739968" lon="6.563841"><ele>1127.0</ele></trkpt>
      <trkpt lat="44.739939" lon="6.563810"><ele>1128.2</ele></trkpt>
      <trkpt lat="44.739910" lon="6.563793"><ele>1129.0</ele></trkpt>
      <trkpt lat="44.739842" lon="6.563804"><ele>1130.0</ele></trkpt>
      <trkpt lat="44.739491" lon="6.564057"><ele>1129.5</ele></trkpt>
      <trkpt lat="44.739400" lon="6.564104"><ele>1128.2</ele></trkpt>
      <trkpt lat="44.739288" lon="6.564140"><ele>1127.5</ele></trkpt>
      <trkpt lat="44.738879" lon="6.564243"><ele>1127.5</ele></trkpt>
      <trkpt lat="44.738688" lon="6.564271"><ele>1125.0</ele></trkpt>
      <trkpt lat="44.738514" lon="6.564250"><ele>1123.2</ele></trkpt>
      <trkpt lat="44.738416" lon="6.564209"><ele>1123.0</ele></trkpt>
      <trkpt lat="44.738283" lon="6.564117"><ele>1123.8</ele></trkpt>
      <trkpt lat="44.738088" lon="6.563978"><ele>1124.8</ele></trkpt>
      <trkpt lat="44.737873" lon="6.563831"><ele>1126.0</ele></trkpt>
      <trkpt lat="44.737817" lon="6.563809"><ele>1126.0</ele></trkpt>
      <trkpt lat="44.737304" lon="6.563746"><ele>1125.8</ele></trkpt>
      <trkpt lat="44.737200" lon="6.563747"><ele>1126.2</ele></trkpt>
      <trkpt lat="44.737090" lon="6.563769"><ele>1127.2</ele></trkpt>
      <trkpt lat="44.736399" lon="6.564026"><ele>1127.8</ele></trkpt>
      <trkpt lat="44.736184" lon="6.564114"><ele>1128.8</ele></trkpt>
      <trkpt lat="44.736058" lon="6.564214"><ele>1128.8</ele></trkpt>
      <trkpt lat="44.735946" lon="6.564347"><ele>1128.8</ele></trkpt>
      <trkpt lat="44.735565" lon="6.565080"><ele>1129.0</ele></trkpt>
      <trkpt lat="44.735494" lon="6.565193"><ele>1128.5</ele></trkpt>
      <trkpt lat="44.735421" lon="6.565258"><ele>1128.8</ele></trkpt>
      <trkpt lat="44.735345" lon="6.565289"><ele>1129.2</ele></trkpt>
      <trkpt lat="44.735249" lon="6.565292"><ele>1130.2</ele></trkpt>
      <trkpt lat="44.735164" lon="6.565276"><ele>1131.0</ele></trkpt>
      <trkpt lat="44.734917" lon="6.565175"><ele>1133.8</ele></trkpt>
      <trkpt lat="44.734833" lon="6.565171"><ele>1134.5</ele></trkpt>
      <trkpt lat="44.734765" lon="6.565201"><ele>1134.5</ele></trkpt>
      <trkpt lat="44.734702" lon="6.565255"><ele>1134.8</ele></trkpt>
      <trkpt lat="44.734632" lon="6.565347"><ele>1136.0</ele></trkpt>
      <trkpt lat="44.734328" lon="6.566161"><ele>1140.0</ele></trkpt>
      <trkpt lat="44.734273" lon="6.566282"><ele>1139.5</ele></trkpt>
      <trkpt lat="44.734203" lon="6.566412"><ele>1139.0</ele></trkpt>
      <trkpt lat="44.734144" lon="6.566498"><ele>1139.5</ele></trkpt>
      <trkpt lat="44.733206" lon="6.567337"><ele>1146.5</ele></trkpt>
      <trkpt lat="44.732816" lon="6.567655"><ele>1147.8</ele></trkpt>
      <trkpt lat="44.732678" lon="6.567804"><ele>1147.2</ele></trkpt>
      <trkpt lat="44.732520" lon="6.568006"><ele>1146.2</ele></trkpt>
      <trkpt lat="44.732453" lon="6.568064"><ele>1146.0</ele></trkpt>
      <trkpt lat="44.732379" lon="6.568105"><ele>1146.0</ele></trkpt>
      <trkpt lat="44.732299" lon="6.568133"><ele>1145.8</ele></trkpt>
      <trkpt lat="44.732219" lon="6.568147"><ele>1146.0</ele></trkpt>
      <trkpt lat="44.732137" lon="6.568142"><ele>1146.2</ele></trkpt>
      <trkpt lat="44.731774" lon="6.568059"><ele>1149.0</ele></trkpt>
      <trkpt lat="44.731616" lon="6.568039"><ele>1150.5</ele></trkpt>
      <trkpt lat="44.731532" lon="6.568034"><ele>1151.0</ele></trkpt>
      <trkpt lat="44.731430" lon="6.568032"><ele>1151.8</ele></trkpt>
      <trkpt lat="44.731314" lon="6.568065"><ele>1152.0</ele></trkpt>
      <trkpt lat="44.730969" lon="6.568225"><ele>1151.2</ele></trkpt>
      <trkpt lat="44.730770" lon="6.568316"><ele>1151.2</ele></trkpt>
      <trkpt lat="44.730763" lon="6.568320"><ele>1151.2</ele></trkpt>
      <trkpt lat="44.730654" lon="6.568367"><ele>1151.2</ele></trkpt>
      <trkpt lat="44.730432" lon="6.568454"><ele>1151.5</ele></trkpt>
      <trkpt lat="44.730246" lon="6.568540"><ele>1151.5</ele></trkpt>
      <trkpt lat="44.730264" lon="6.568375"><ele>1152.8</ele></trkpt>
      <trkpt lat="44.730305" lon="6.568235"><ele>1153.5</ele></trkpt>
      <trkpt lat="44.730381" lon="6.568048"><ele>1154.5</ele></trkpt>
      <trkpt lat="44.730471" lon="6.567841"><ele>1156.5</ele></trkpt>
      <trkpt lat="44.730544" lon="6.567724"><ele>1157.8</ele></trkpt>
      <trkpt lat="44.730630" lon="6.567594"><ele>1159.2</ele></trkpt>
      <trkpt lat="44.730796" lon="6.567446"><ele>1160.5</ele></trkpt>
      <trkpt lat="44.730867" lon="6.567383"><ele>1161.2</ele></trkpt>
      <trkpt lat="44.731121" lon="6.567181"><ele>1163.0</ele></trkpt>
      <trkpt lat="44.731398" lon="6.567047"><ele>1163.2</ele></trkpt>
      <trkpt lat="44.731811" lon="6.566874"><ele>1164.5</ele></trkpt>
      <trkpt lat="44.731890" lon="6.566830"><ele>1165.0</ele></trkpt>
      <trkpt lat="44.731958" lon="6.566777"><ele>1165.8</ele></trkpt>
      <trkpt lat="44.731992" lon="6.566726"><ele>1166.2</ele></trkpt>
      <trkpt lat="44.732052" lon="6.566564"><ele>1167.8</ele></trkpt>
      <trkpt lat="44.732180" lon="6.566058"><ele>1173.8</ele></trkpt>
      <trkpt lat="44.732253" lon="6.565983"><ele>1174.8</ele></trkpt>
      <trkpt lat="44.732274" lon="6.565961"><ele>1175.0</ele></trkpt>
      <trkpt lat="44.732314" lon="6.565919"><ele>1175.5</ele></trkpt>
      <trkpt lat="44.732365" lon="6.565881"><ele>1175.8</ele></trkpt>
      <trkpt lat="44.732717" lon="6.565628"><ele>1178.2</ele></trkpt>
      <trkpt lat="44.732913" lon="6.565439"><ele>1179.8</ele></trkpt>
      <trkpt lat="44.733113" lon="6.565203"><ele>1181.5</ele></trkpt>
      <trkpt lat="44.733324" lon="6.564940"><ele>1183.2</ele></trkpt>
      <trkpt lat="44.733887" lon="6.564110"><ele>1179.5</ele></trkpt>
      <trkpt lat="44.734105" lon="6.563680"><ele>1178.5</ele></trkpt>
      <trkpt lat="44.734651" lon="6.562652"><ele>1182.2</ele></trkpt>
      <trkpt lat="44.734853" lon="6.562244"><ele>1186.5</ele></trkpt>
      <trkpt lat="44.734907" lon="6.562089"><ele>1188.5</ele></trkpt>
      <trkpt lat="44.735028" lon="6.561902"><ele>1190.5</ele></trkpt>
      <trkpt lat="44.735212" lon="6.561703"><ele>1193.2</ele></trkpt>
      <trkpt lat="44.735290" lon="6.561649"><ele>1194.5</ele></trkpt>
      <trkpt lat="44.735379" lon="6.561632"><ele>1194.8</ele></trkpt>
      <trkpt lat="44.735497" lon="6.561627"><ele>1195.0</ele></trkpt>
      <trkpt lat="44.735631" lon="6.561604"><ele>1195.5</ele></trkpt>
      <trkpt lat="44.735707" lon="6.561571"><ele>1196.2</ele></trkpt>
      <trkpt lat="44.735775" lon="6.561521"><ele>1197.8</ele></trkpt>
      <trkpt lat="44.735912" lon="6.561398"><ele>1201.2</ele></trkpt>
      <trkpt lat="44.736005" lon="6.561358"><ele>1202.2</ele></trkpt>
      <trkpt lat="44.736151" lon="6.561353"><ele>1202.5</ele></trkpt>
      <trkpt lat="44.736253" lon="6.561374"><ele>1202.5</ele></trkpt>
      <trkpt lat="44.736631" lon="6.561529"><ele>1201.0</ele></trkpt>
      <trkpt lat="44.736792" lon="6.561568"><ele>1200.8</ele></trkpt>
      <trkpt lat="44.736869" lon="6.561562"><ele>1201.2</ele></trkpt>
      <trkpt lat="44.736942" lon="6.561534"><ele>1202.2</ele></trkpt>
      <trkpt lat="44.737024" lon="6.561484"><ele>1202.5</ele></trkpt>
      <trkpt lat="44.737097" lon="6.561399"><ele>1203.5</ele></trkpt>
      <trkpt lat="44.737145" lon="6.561300"><ele>1205.0</ele></trkpt>
      <trkpt lat="44.737192" lon="6.561180"><ele>1206.8</ele></trkpt>
      <trkpt lat="44.737311" lon="6.560735"><ele>1210.5</ele></trkpt>
      <trkpt lat="44.737426" lon="6.560285"><ele>1212.2</ele></trkpt>
      <trkpt lat="44.737483" lon="6.560118"><ele>1212.2</ele></trkpt>
      <trkpt lat="44.737551" lon="6.559974"><ele>1213.0</ele></trkpt>
      <trkpt lat="44.737691" lon="6.559730"><ele>1214.2</ele></trkpt>
      <trkpt lat="44.737779" lon="6.559620"><ele>1214.5</ele></trkpt>
      <trkpt lat="44.737819" lon="6.559581"><ele>1215.2</ele></trkpt>
      <trkpt lat="44.737864" lon="6.559556"><ele>1216.0</ele></trkpt>
      <trkpt lat="44.737903" lon="6.559549"><ele>1216.2</ele></trkpt>
      <trkpt lat="44.737957" lon="6.559550"><ele>1216.8</ele></trkpt>
      <trkpt lat="44.738027" lon="6.559566"><ele>1217.2</ele></trkpt>
      <trkpt lat="44.738159" lon="6.559624"><ele>1217.8</ele></trkpt>
      <trkpt lat="44.738236" lon="6.559631"><ele>1218.2</ele></trkpt>
      <trkpt lat="44.738307" lon="6.559625"><ele>1219.0</ele></trkpt>
      <trkpt lat="44.738446" lon="6.559570"><ele>1219.5</ele></trkpt>
      <trkpt lat="44.738503" lon="6.559518"><ele>1220.0</ele></trkpt>
      <trkpt lat="44.738556" lon="6.559439"><ele>1221.2</ele></trkpt>
      <trkpt lat="44.738577" lon="6.559354"><ele>1222.0</ele></trkpt>
      <trkpt lat="44.738587" lon="6.559271"><ele>1222.8</ele></trkpt>
      <trkpt lat="44.738575" lon="6.559180"><ele>1223.8</ele></trkpt>
      <trkpt lat="44.738548" lon="6.559098"><ele>1224.8</ele></trkpt>
      <trkpt lat="44.738511" lon="6.559013"><ele>1226.0</ele></trkpt>
      <trkpt lat="44.738468" lon="6.558939"><ele>1226.8</ele></trkpt>
      <trkpt lat="44.738423" lon="6.558912"><ele>1227.2</ele></trkpt>
      <trkpt lat="44.738217" lon="6.558834"><ele>1228.0</ele></trkpt>
      <trkpt lat="44.738118" lon="6.558749"><ele>1228.8</ele></trkpt>
      <trkpt lat="44.738050" lon="6.558651"><ele>1230.0</ele></trkpt>
      <trkpt lat="44.737824" lon="6.558376"><ele>1233.2</ele></trkpt>
      <trkpt lat="44.737597" lon="6.558148"><ele>1238.5</ele></trkpt>
      <trkpt lat="44.737532" lon="6.558094"><ele>1240.0</ele></trkpt>
      <trkpt lat="44.737457" lon="6.558076"><ele>1240.8</ele></trkpt>
      <trkpt lat="44.737387" lon="6.558086"><ele>1241.0</ele></trkpt>
      <trkpt lat="44.737240" lon="6.558182"><ele>1240.8</ele></trkpt>
      <trkpt lat="44.737194" lon="6.558249"><ele>1240.5</ele></trkpt>
      <trkpt lat="44.737142" lon="6.558358"><ele>1240.2</ele></trkpt>
      <trkpt lat="44.737110" lon="6.558469"><ele>1240.0</ele></trkpt>
      <trkpt lat="44.737058" lon="6.558617"><ele>1239.8</ele></trkpt>
      <trkpt lat="44.737022" lon="6.558679"><ele>1239.8</ele></trkpt>
      <trkpt lat="44.736947" lon="6.558794"><ele>1239.8</ele></trkpt>
      <trkpt lat="44.736932" lon="6.558814"><ele>1240.0</ele></trkpt>
      <trkpt lat="44.736902" lon="6.558845"><ele>1240.2</ele></trkpt>
      <trkpt lat="44.736859" lon="6.558863"><ele>1241.0</ele></trkpt>
      <trkpt lat="44.736819" lon="6.558873"><ele>1241.8</ele></trkpt>
      <trkpt lat="44.736556" lon="6.558886"><ele>1247.0</ele></trkpt>
      <trkpt lat="44.736464" lon="6.558892"><ele>1248.5</ele></trkpt>
      <trkpt lat="44.736435" lon="6.558871"><ele>1249.2</ele></trkpt>
      <trkpt lat="44.736415" lon="6.558845"><ele>1249.8</ele></trkpt>
      <trkpt lat="44.736402" lon="6.558808"><ele>1250.5</ele></trkpt>
      <trkpt lat="44.736400" lon="6.558759"><ele>1251.0</ele></trkpt>
      <trkpt lat="44.736422" lon="6.558695"><ele>1251.2</ele></trkpt>
      <trkpt lat="44.736504" lon="6.558519"><ele>1251.5</ele></trkpt>
      <trkpt lat="44.736525" lon="6.558425"><ele>1252.0</ele></trkpt>
      <trkpt lat="44.736534" lon="6.558256"><ele>1253.5</ele></trkpt>
      <trkpt lat="44.736551" lon="6.558118"><ele>1254.8</ele></trkpt>
      <trkpt lat="44.736602" lon="6.557997"><ele>1255.0</ele></trkpt>
      <trkpt lat="44.736667" lon="6.557901"><ele>1254.5</ele></trkpt>
      <trkpt lat="44.736733" lon="6.557844"><ele>1254.0</ele></trkpt>
      <trkpt lat="44.736945" lon="6.557729"><ele>1251.8</ele></trkpt>
      <trkpt lat="44.737037" lon="6.557650"><ele>1252.2</ele></trkpt>
      <trkpt lat="44.737180" lon="6.557451"><ele>1254.5</ele></trkpt>
      <trkpt lat="44.737279" lon="6.557376"><ele>1256.0</ele></trkpt>
      <trkpt lat="44.737439" lon="6.557286"><ele>1257.8</ele></trkpt>
      <trkpt lat="44.737559" lon="6.557263"><ele>1258.5</ele></trkpt>
      <trkpt lat="44.737601" lon="6.557243"><ele>1259.2</ele></trkpt>
      <trkpt lat="44.737623" lon="6.557216"><ele>1260.0</ele></trkpt>
      <trkpt lat="44.737631" lon="6.557183"><ele>1260.8</ele></trkpt>
      <trkpt lat="44.737632" lon="6.557142"><ele>1261.8</ele></trkpt>
      <trkpt lat="44.737609" lon="6.557106"><ele>1262.5</ele></trkpt>
      <trkpt lat="44.737472" lon="6.557077"><ele>1262.5</ele></trkpt>
      <trkpt lat="44.737357" lon="6.557074"><ele>1262.8</ele></trkpt>
      <trkpt lat="44.737074" lon="6.557102"><ele>1263.5</ele></trkpt>
      <trkpt lat="44.736862" lon="6.557142"><ele>1264.8</ele></trkpt>
      <trkpt lat="44.736768" lon="6.557168"><ele>1265.5</ele></trkpt>
      <trkpt lat="44.736740" lon="6.557158"><ele>1266.2</ele></trkpt>
      <trkpt lat="44.736715" lon="6.557125"><ele>1267.2</ele></trkpt>
      <trkpt lat="44.736710" lon="6.557080"><ele>1268.2</ele></trkpt>
      <trkpt lat="44.736718" lon="6.557030"><ele>1269.2</ele></trkpt>
      <trkpt lat="44.736748" lon="6.556974"><ele>1270.0</ele></trkpt>
      <trkpt lat="44.736880" lon="6.556783"><ele>1273.0</ele></trkpt>
      <trkpt lat="44.736957" lon="6.556711"><ele>1273.8</ele></trkpt>
      <trkpt lat="44.737043" lon="6.556668"><ele>1274.5</ele></trkpt>
      <trkpt lat="44.737476" lon="6.556504"><ele>1278.5</ele></trkpt>
      <trkpt lat="44.737571" lon="6.556488"><ele>1279.2</ele></trkpt>
      <trkpt lat="44.737756" lon="6.556525"><ele>1279.0</ele></trkpt>
      <trkpt lat="44.737794" lon="6.556517"><ele>1279.2</ele></trkpt>
      <trkpt lat="44.737816" lon="6.556498"><ele>1280.0</ele></trkpt>
      <trkpt lat="44.737832" lon="6.556473"><ele>1280.8</ele></trkpt>
      <trkpt lat="44.737837" lon="6.556427"><ele>1282.0</ele></trkpt>
      <trkpt lat="44.737830" lon="6.556373"><ele>1283.5</ele></trkpt>
      <trkpt lat="44.737810" lon="6.556321"><ele>1285.0</ele></trkpt>
      <trkpt lat="44.737649" lon="6.556044"><ele>1291.8</ele></trkpt>
      <trkpt lat="44.737535" lon="6.555933"><ele>1293.2</ele></trkpt>
      <trkpt lat="44.737458" lon="6.555900"><ele>1293.5</ele></trkpt>
      <trkpt lat="44.737360" lon="6.555893"><ele>1294.0</ele></trkpt>
      <trkpt lat="44.736988" lon="6.555943"><ele>1296.2</ele></trkpt>
      <trkpt lat="44.736728" lon="6.556043"><ele>1298.0</ele></trkpt>
      <trkpt lat="44.736633" lon="6.556101"><ele>1298.0</ele></trkpt>
      <trkpt lat="44.736559" lon="6.556160"><ele>1297.5</ele></trkpt>
      <trkpt lat="44.736404" lon="6.556303"><ele>1296.2</ele></trkpt>
      <trkpt lat="44.736286" lon="6.556400"><ele>1296.2</ele></trkpt>
      <trkpt lat="44.735931" lon="6.556570"><ele>1299.0</ele></trkpt>
      <trkpt lat="44.735822" lon="6.556615"><ele>1299.8</ele></trkpt>
      <trkpt lat="44.735724" lon="6.556631"><ele>1301.0</ele></trkpt>
      <trkpt lat="44.735594" lon="6.556627"><ele>1303.5</ele></trkpt>
      <trkpt lat="44.735320" lon="6.556661"><ele>1308.2</ele></trkpt>
      <trkpt lat="44.735272" lon="6.556689"><ele>1308.5</ele></trkpt>
      <trkpt lat="44.735239" lon="6.556738"><ele>1308.0</ele></trkpt>
      <trkpt lat="44.735197" lon="6.556834"><ele>1306.5</ele></trkpt>
      <trkpt lat="44.735165" lon="6.556845"><ele>1307.0</ele></trkpt>
      <trkpt lat="44.735135" lon="6.556836"><ele>1308.0</ele></trkpt>
      <trkpt lat="44.735113" lon="6.556801"><ele>1309.2</ele></trkpt>
      <trkpt lat="44.735110" lon="6.556744"><ele>1310.8</ele></trkpt>
      <trkpt lat="44.735121" lon="6.556652"><ele>1312.8</ele></trkpt>
      <trkpt lat="44.735149" lon="6.556592"><ele>1314.0</ele></trkpt>
      <trkpt lat="44.735197" lon="6.556547"><ele>1314.2</ele></trkpt>
      <trkpt lat="44.735268" lon="6.556511"><ele>1314.0</ele></trkpt>
      <trkpt lat="44.735455" lon="6.556443"><ele>1312.8</ele></trkpt>
      <trkpt lat="44.735578" lon="6.556377"><ele>1312.8</ele></trkpt>
      <trkpt lat="44.735765" lon="6.556223"><ele>1314.2</ele></trkpt>
      <trkpt lat="44.736758" lon="6.555049"><ele>1327.5</ele></trkpt>
      <trkpt lat="44.737175" lon="6.554526"><ele>1336.5</ele></trkpt>
      <trkpt lat="44.737227" lon="6.554478"><ele>1337.8</ele></trkpt>
      <trkpt lat="44.737273" lon="6.554456"><ele>1338.0</ele></trkpt>
      <trkpt lat="44.737324" lon="6.554448"><ele>1338.0</ele></trkpt>
      <trkpt lat="44.737382" lon="6.554456"><ele>1337.2</ele></trkpt>
      <trkpt lat="44.737718" lon="6.554572"><ele>1333.0</ele></trkpt>
      <trkpt lat="44.737776" lon="6.554577"><ele>1333.0</ele></trkpt>
      <trkpt lat="44.737825" lon="6.554566"><ele>1333.2</ele></trkpt>
      <trkpt lat="44.737853" lon="6.554546"><ele>1333.8</ele></trkpt>
      <trkpt lat="44.737876" lon="6.554518"><ele>1334.5</ele></trkpt>
      <trkpt lat="44.737888" lon="6.554489"><ele>1335.2</ele></trkpt>
      <trkpt lat="44.737889" lon="6.554455"><ele>1336.2</ele></trkpt>
      <trkpt lat="44.737883" lon="6.554428"><ele>1337.0</ele></trkpt>
      <trkpt lat="44.737865" lon="6.554404"><ele>1337.8</ele></trkpt>
      <trkpt lat="44.737840" lon="6.554395"><ele>1338.2</ele></trkpt>
      <trkpt lat="44.737701" lon="6.554396"><ele>1338.5</ele></trkpt>
      <trkpt lat="44.737629" lon="6.554383"><ele>1339.0</ele></trkpt>
      <trkpt lat="44.737436" lon="6.554300"><ele>1342.5</ele></trkpt>
      <trkpt lat="44.737200" lon="6.554214"><ele>1347.5</ele></trkpt>
      <trkpt lat="44.737061" lon="6.554191"><ele>1350.2</ele></trkpt>
      <trkpt lat="44.736932" lon="6.554190"><ele>1352.2</ele></trkpt>
      <trkpt lat="44.736691" lon="6.554249"><ele>1354.0</ele></trkpt>
      <trkpt lat="44.736347" lon="6.554503"><ele>1353.0</ele></trkpt>
      <trkpt lat="44.736170" lon="6.554562"><ele>1354.8</ele></trkpt>
      <trkpt lat="44.736087" lon="6.554609"><ele>1355.5</ele></trkpt>
      <trkpt lat="44.736038" lon="6.554649"><ele>1355.8</ele></trkpt>
      <trkpt lat="44.735997" lon="6.554697"><ele>1355.8</ele></trkpt>
      <trkpt lat="44.735889" lon="6.554884"><ele>1354.2</ele></trkpt>
      <trkpt lat="44.735849" lon="6.554929"><ele>1354.2</ele></trkpt>
      <trkpt lat="44.735820" lon="6.554951"><ele>1354.5</ele></trkpt>
      <trkpt lat="44.735782" lon="6.554957"><ele>1355.5</ele></trkpt>
      <trkpt lat="44.735746" lon="6.554949"><ele>1357.0</ele></trkpt>
      <trkpt lat="44.735713" lon="6.554921"><ele>1358.8</ele></trkpt>
      <trkpt lat="44.735701" lon="6.554883"><ele>1360.0</ele></trkpt>
      <trkpt lat="44.735690" lon="6.554810"><ele>1362.0</ele></trkpt>
      <trkpt lat="44.735699" lon="6.554733"><ele>1363.5</ele></trkpt>
      <trkpt lat="44.735782" lon="6.554538"><ele>1365.2</ele></trkpt>
      <trkpt lat="44.735798" lon="6.554465"><ele>1366.2</ele></trkpt>
      <trkpt lat="44.735801" lon="6.554306"><ele>1369.8</ele></trkpt>
      <trkpt lat="44.735816" lon="6.554176"><ele>1372.0</ele></trkpt>
      <trkpt lat="44.735839" lon="6.554072"><ele>1373.8</ele></trkpt>
      <trkpt lat="44.735872" lon="6.554024"><ele>1374.5</ele></trkpt>
      <trkpt lat="44.735922" lon="6.553987"><ele>1374.5</ele></trkpt>
      <trkpt lat="44.735980" lon="6.553966"><ele>1374.2</ele></trkpt>
      <trkpt lat="44.736144" lon="6.553958"><ele>1372.5</ele></trkpt>
      <trkpt lat="44.736355" lon="6.553896"><ele>1372.8</ele></trkpt>
      <trkpt lat="44.736449" lon="6.553837"><ele>1373.8</ele></trkpt>
      <trkpt lat="44.736574" lon="6.553743"><ele>1375.2</ele></trkpt>
      <trkpt lat="44.736748" lon="6.553647"><ele>1376.5</ele></trkpt>
      <trkpt lat="44.737232" lon="6.553491"><ele>1379.0</ele></trkpt>
      <trkpt lat="44.737343" lon="6.553447"><ele>1379.2</ele></trkpt>
      <trkpt lat="44.737747" lon="6.553162"><ele>1384.2</ele></trkpt>
      <trkpt lat="44.737834" lon="6.553091"><ele>1384.8</ele></trkpt>
      <trkpt lat="44.737910" lon="6.552996"><ele>1385.2</ele></trkpt>
      <trkpt lat="44.738100" lon="6.552696"><ele>1385.5</ele></trkpt>
      <trkpt lat="44.738187" lon="6.552495"><ele>1385.2</ele></trkpt>
      <trkpt lat="44.738212" lon="6.552401"><ele>1385.8</ele></trkpt>
      <trkpt lat="44.738218" lon="6.552332"><ele>1386.8</ele></trkpt>
      <trkpt lat="44.738208" lon="6.552240"><ele>1388.8</ele></trkpt>
      <trkpt lat="44.738187" lon="6.552207"><ele>1390.5</ele></trkpt>
      <trkpt lat="44.738155" lon="6.552194"><ele>1392.2</ele></trkpt>
      <trkpt lat="44.738123" lon="6.552200"><ele>1393.8</ele></trkpt>
      <trkpt lat="44.738095" lon="6.552234"><ele>1394.8</ele></trkpt>
      <trkpt lat="44.738020" lon="6.552408"><ele>1395.0</ele></trkpt>
      <trkpt lat="44.737955" lon="6.552520"><ele>1395.5</ele></trkpt>
      <trkpt lat="44.737849" lon="6.552670"><ele>1396.5</ele></trkpt>
      <trkpt lat="44.737768" lon="6.552763"><ele>1397.5</ele></trkpt>
      <trkpt lat="44.737673" lon="6.552847"><ele>1397.2</ele></trkpt>
      <trkpt lat="44.737568" lon="6.552894"><ele>1398.5</ele></trkpt>
      <trkpt lat="44.737400" lon="6.552941"><ele>1399.8</ele></trkpt>
      <trkpt lat="44.737326" lon="6.552941"><ele>1400.5</ele></trkpt>
      <trkpt lat="44.737272" lon="6.552924"><ele>1401.8</ele></trkpt>
      <trkpt lat="44.737205" lon="6.552892"><ele>1403.0</ele></trkpt>
      <trkpt lat="44.737150" lon="6.552853"><ele>1403.8</ele></trkpt>
      <trkpt lat="44.737110" lon="6.552792"><ele>1404.8</ele></trkpt>
      <trkpt lat="44.737069" lon="6.552703"><ele>1406.0</ele></trkpt>
      <trkpt lat="44.736962" lon="6.552326"><ele>1410.5</ele></trkpt>
      <trkpt lat="44.736915" lon="6.552219"><ele>1411.5</ele></trkpt>
      <trkpt lat="44.736868" lon="6.552141"><ele>1412.0</ele></trkpt>
      <trkpt lat="44.736797" lon="6.552068"><ele>1412.0</ele></trkpt>
      <trkpt lat="44.736449" lon="6.551831"><ele>1412.2</ele></trkpt>
      <trkpt lat="44.736270" lon="6.551666"><ele>1415.5</ele></trkpt>
      <trkpt lat="44.736203" lon="6.551615"><ele>1417.8</ele></trkpt>
      <trkpt lat="44.736134" lon="6.551587"><ele>1419.2</ele></trkpt>
      <trkpt lat="44.736055" lon="6.551585"><ele>1420.8</ele></trkpt>
      <trkpt lat="44.735995" lon="6.551600"><ele>1421.8</ele></trkpt>
      <trkpt lat="44.735926" lon="6.551634"><ele>1422.5</ele></trkpt>
      <trkpt lat="44.735880" lon="6.551676"><ele>1422.8</ele></trkpt>
      <trkpt lat="44.735797" lon="6.551793"><ele>1422.0</ele></trkpt>
      <trkpt lat="44.735679" lon="6.552007"><ele>1420.5</ele></trkpt>
      <trkpt lat="44.735621" lon="6.552084"><ele>1420.2</ele></trkpt>
      <trkpt lat="44.735526" lon="6.552183"><ele>1420.5</ele></trkpt>
      <trkpt lat="44.734851" lon="6.552686"><ele>1424.5</ele></trkpt>
      <trkpt lat="44.734701" lon="6.552786"><ele>1425.0</ele></trkpt>
      <trkpt lat="44.734582" lon="6.552856"><ele>1425.8</ele></trkpt>
      <trkpt lat="44.734217" lon="6.552999"><ele>1429.0</ele></trkpt>
      <trkpt lat="44.734076" lon="6.553069"><ele>1430.5</ele></trkpt>
      <trkpt lat="44.733970" lon="6.553140"><ele>1431.8</ele></trkpt>
      <trkpt lat="44.733788" lon="6.553275"><ele>1434.2</ele></trkpt>
      <trkpt lat="44.733437" lon="6.553592"><ele>1435.0</ele></trkpt>
      <trkpt lat="44.733362" lon="6.553649"><ele>1435.2</ele></trkpt>
      <trkpt lat="44.733303" lon="6.553683"><ele>1435.2</ele></trkpt>
      <trkpt lat="44.733249" lon="6.553697"><ele>1435.5</ele></trkpt>
      <trkpt lat="44.732847" lon="6.553700"><ele>1440.5</ele></trkpt>
      <trkpt lat="44.732665" lon="6.553732"><ele>1441.8</ele></trkpt>
      <trkpt lat="44.732566" lon="6.553779"><ele>1442.2</ele></trkpt>
      <trkpt lat="44.732503" lon="6.553822"><ele>1442.5</ele></trkpt>
      <trkpt lat="44.731946" lon="6.554374"><ele>1447.8</ele></trkpt>
      <trkpt lat="44.731625" lon="6.554624"><ele>1451.8</ele></trkpt>
      <trkpt lat="44.731499" lon="6.554709"><ele>1452.5</ele></trkpt>
      <trkpt lat="44.731169" lon="6.554901"><ele>1453.0</ele></trkpt>
      <trkpt lat="44.731087" lon="6.554942"><ele>1453.5</ele></trkpt>
      <trkpt lat="44.731036" lon="6.554942"><ele>1454.2</ele></trkpt>
      <trkpt lat="44.730970" lon="6.555029"><ele>1454.8</ele></trkpt>
      <trkpt lat="44.730518" lon="6.555503"><ele>1458.5</ele></trkpt>
      <trkpt lat="44.730379" lon="6.555667"><ele>1459.0</ele></trkpt>
      <trkpt lat="44.730313" lon="6.555765"><ele>1459.0</ele></trkpt>
      <trkpt lat="44.730157" lon="6.556014"><ele>1457.8</ele></trkpt>
      <trkpt lat="44.729982" lon="6.556154"><ele>1457.8</ele></trkpt>
      <trkpt lat="44.729942" lon="6.556199"><ele>1457.8</ele></trkpt>
      <trkpt lat="44.729525" lon="6.556619"><ele>1454.0</ele></trkpt>
      <trkpt lat="44.729132" lon="6.556901"><ele>1453.0</ele></trkpt>
      <trkpt lat="44.729036" lon="6.556981"><ele>1453.0</ele></trkpt>
      <trkpt lat="44.728822" lon="6.557097"><ele>1455.2</ele></trkpt>
      <trkpt lat="44.728448" lon="6.557344"><ele>1461.0</ele></trkpt>
      <trkpt lat="44.728372" lon="6.557414"><ele>1461.8</ele></trkpt>
      <trkpt lat="44.728286" lon="6.557526"><ele>1461.8</ele></trkpt>
      <trkpt lat="44.728191" lon="6.557634"><ele>1462.0</ele></trkpt>
      <trkpt lat="44.727983" lon="6.557792"><ele>1464.2</ele></trkpt>
      <trkpt lat="44.727896" lon="6.557886"><ele>1464.5</ele></trkpt>
      <trkpt lat="44.727665" lon="6.558192"><ele>1463.2</ele></trkpt>
      <trkpt lat="44.727572" lon="6.558275"><ele>1463.5</ele></trkpt>
      <trkpt lat="44.727490" lon="6.558318"><ele>1464.5</ele></trkpt>
      <trkpt lat="44.727398" lon="6.558323"><ele>1466.0</ele></trkpt>
      <trkpt lat="44.727212" lon="6.558280"><ele>1470.2</ele></trkpt>
      <trkpt lat="44.727134" lon="6.558285"><ele>1471.2</ele></trkpt>
      <trkpt lat="44.726932" lon="6.558369"><ele>1472.2</ele></trkpt>
      <trkpt lat="44.726829" lon="6.558379"><ele>1473.5</ele></trkpt>
      <trkpt lat="44.726714" lon="6.558374"><ele>1475.2</ele></trkpt>
      <trkpt lat="44.726644" lon="6.558355"><ele>1476.8</ele></trkpt>
      <trkpt lat="44.726583" lon="6.558362"><ele>1477.2</ele></trkpt>
      <trkpt lat="44.726493" lon="6.558399"><ele>1477.8</ele></trkpt>
      <trkpt lat="44.726244" lon="6.558475"><ele>1478.8</ele></trkpt>
      <trkpt lat="44.726158" lon="6.558482"><ele>1479.5</ele></trkpt>
      <trkpt lat="44.726127" lon="6.558460"><ele>1480.5</ele></trkpt>
      <trkpt lat="44.726110" lon="6.558417"><ele>1481.8</ele></trkpt>
      <trkpt lat="44.726115" lon="6.558370"><ele>1483.0</ele></trkpt>
      <trkpt lat="44.726143" lon="6.558312"><ele>1484.0</ele></trkpt>
      <trkpt lat="44.726343" lon="6.558186"><ele>1484.8</ele></trkpt>
      <trkpt lat="44.726493" lon="6.558044"><ele>1485.8</ele></trkpt>
      <trkpt lat="44.726848" lon="6.557624"><ele>1491.2</ele></trkpt>
      <trkpt lat="44.726864" lon="6.557573"><ele>1492.5</ele></trkpt>
      <trkpt lat="44.726857" lon="6.557524"><ele>1493.8</ele></trkpt>
      <trkpt lat="44.726828" lon="6.557489"><ele>1495.2</ele></trkpt>
      <trkpt lat="44.726781" lon="6.557479"><ele>1496.2</ele></trkpt>
      <trkpt lat="44.726721" lon="6.557518"><ele>1496.5</ele></trkpt>
      <trkpt lat="44.726629" lon="6.557601"><ele>1495.5</ele></trkpt>
      <trkpt lat="44.726536" lon="6.557667"><ele>1495.2</ele></trkpt>
      <trkpt lat="44.726496" lon="6.557686"><ele>1495.8</ele></trkpt>
      <trkpt lat="44.726536" lon="6.557667"><ele>1495.2</ele></trkpt>
      <trkpt lat="44.726629" lon="6.557601"><ele>1495.5</ele></trkpt>
      <trkpt lat="44.726721" lon="6.557518"><ele>1496.5</ele></trkpt>
      <trkpt lat="44.726781" lon="6.557479"><ele>1496.2</ele></trkpt>
      <trkpt lat="44.726828" lon="6.557489"><ele>1495.2</ele></trkpt>
      <trkpt lat="44.726857" lon="6.557524"><ele>1493.8</ele></trkpt>
      <trkpt lat="44.726864" lon="6.557573"><ele>1492.5</ele></trkpt>
      <trkpt lat="44.726848" lon="6.557624"><ele>1491.2</ele></trkpt>
      <trkpt lat="44.726493" lon="6.558044"><ele>1485.8</ele></trkpt>
      <trkpt lat="44.726343" lon="6.558186"><ele>1484.8</ele></trkpt>
      <trkpt lat="44.726143" lon="6.558312"><ele>1484.0</ele></trkpt>
      <trkpt lat="44.726115" lon="6.558370"><ele>1483.0</ele></trkpt>
      <trkpt lat="44.726110" lon="6.558417"><ele>1481.8</ele></trkpt>
      <trkpt lat="44.726127" lon="6.558460"><ele>1480.5</ele></trkpt>
      <trkpt lat="44.726158" lon="6.558482"><ele>1479.5</ele></trkpt>
      <trkpt lat="44.726244" lon="6.558475"><ele>1478.8</ele></trkpt>
      <trkpt lat="44.726493" lon="6.558399"><ele>1477.8</ele></trkpt>
      <trkpt lat="44.726583" lon="6.558362"><ele>1477.2</ele></trkpt>
      <trkpt lat="44.726644" lon="6.558355"><ele>1476.8</ele></trkpt>
      <trkpt lat="44.726714" lon="6.558374"><ele>1475.2</ele></trkpt>
      <trkpt lat="44.726829" lon="6.558379"><ele>1473.5</ele></trkpt>
      <trkpt lat="44.726932" lon="6.558369"><ele>1472.2</ele></trkpt>
      <trkpt lat="44.727134" lon="6.558285"><ele>1471.2</ele></trkpt>
      <trkpt lat="44.727212" lon="6.558280"><ele>1470.2</ele></trkpt>
      <trkpt lat="44.727398" lon="6.558323"><ele>1466.0</ele></trkpt>
      <trkpt lat="44.727490" lon="6.558318"><ele>1464.5</ele></trkpt>
      <trkpt lat="44.727572" lon="6.558275"><ele>1463.5</ele></trkpt>
      <trkpt lat="44.727665" lon="6.558192"><ele>1463.2</ele></trkpt>
      <trkpt lat="44.727896" lon="6.557886"><ele>1464.5</ele></trkpt>
      <trkpt lat="44.727983" lon="6.557792"><ele>1464.2</ele></trkpt>
      <trkpt lat="44.728191" lon="6.557634"><ele>1462.0</ele></trkpt>
      <trkpt lat="44.728286" lon="6.557526"><ele>1461.8</ele></trkpt>
      <trkpt lat="44.728372" lon="6.557414"><ele>1461.8</ele></trkpt>
      <trkpt lat="44.728448" lon="6.557344"><ele>1461.0</ele></trkpt>
      <trkpt lat="44.728822" lon="6.557097"><ele>1455.2</ele></trkpt>
      <trkpt lat="44.729036" lon="6.556981"><ele>1453.0</ele></trkpt>
      <trkpt lat="44.729132" lon="6.556901"><ele>1453.0</ele></trkpt>
      <trkpt lat="44.729525" lon="6.556619"><ele>1454.0</ele></trkpt>
      <trkpt lat="44.729942" lon="6.556199"><ele>1457.8</ele></trkpt>
      <trkpt lat="44.729982" lon="6.556154"><ele>1457.8</ele></trkpt>
      <trkpt lat="44.730157" lon="6.556014"><ele>1457.8</ele></trkpt>
      <trkpt lat="44.730313" lon="6.555765"><ele>1459.0</ele></trkpt>
      <trkpt lat="44.730379" lon="6.555667"><ele>1459.0</ele></trkpt>
      <trkpt lat="44.730518" lon="6.555503"><ele>1458.5</ele></trkpt>
      <trkpt lat="44.730970" lon="6.555029"><ele>1454.8</ele></trkpt>
      <trkpt lat="44.731036" lon="6.554942"><ele>1454.2</ele></trkpt>
      <trkpt lat="44.731087" lon="6.554942"><ele>1453.5</ele></trkpt>
      <trkpt lat="44.731169" lon="6.554901"><ele>1453.0</ele></trkpt>
      <trkpt lat="44.731499" lon="6.554709"><ele>1452.5</ele></trkpt>
      <trkpt lat="44.731625" lon="6.554624"><ele>1451.8</ele></trkpt>
      <trkpt lat="44.731946" lon="6.554374"><ele>1447.8</ele></trkpt>
      <trkpt lat="44.732503" lon="6.553822"><ele>1442.5</ele></trkpt>
      <trkpt lat="44.732566" lon="6.553779"><ele>1442.2</ele></trkpt>
      <trkpt lat="44.732665" lon="6.553732"><ele>1441.8</ele></trkpt>
      <trkpt lat="44.732847" lon="6.553700"><ele>1440.5</ele></trkpt>
      <trkpt lat="44.733249" lon="6.553697"><ele>1435.5</ele></trkpt>
      <trkpt lat="44.733303" lon="6.553683"><ele>1435.2</ele></trkpt>
      <trkpt lat="44.733362" lon="6.553649"><ele>1435.2</ele></trkpt>
      <trkpt lat="44.733437" lon="6.553592"><ele>1435.0</ele></trkpt>
      <trkpt lat="44.733788" lon="6.553275"><ele>1434.2</ele></trkpt>
      <trkpt lat="44.733970" lon="6.553140"><ele>1431.8</ele></trkpt>
      <trkpt lat="44.734076" lon="6.553069"><ele>1430.5</ele></trkpt>
      <trkpt lat="44.734217" lon="6.552999"><ele>1429.0</ele></trkpt>
      <trkpt lat="44.734582" lon="6.552856"><ele>1425.8</ele></trkpt>
      <trkpt lat="44.734701" lon="6.552786"><ele>1425.0</ele></trkpt>
      <trkpt lat="44.734851" lon="6.552686"><ele>1424.5</ele></trkpt>
      <trkpt lat="44.735526" lon="6.552183"><ele>1420.5</ele></trkpt>
      <trkpt lat="44.735621" lon="6.552084"><ele>1420.2</ele></trkpt>
      <trkpt lat="44.735679" lon="6.552007"><ele>1420.5</ele></trkpt>
      <trkpt lat="44.735797" lon="6.551793"><ele>1422.0</ele></trkpt>
      <trkpt lat="44.735880" lon="6.551676"><ele>1422.8</ele></trkpt>
      <trkpt lat="44.735926" lon="6.551634"><ele>1422.5</ele></trkpt>
      <trkpt lat="44.735995" lon="6.551600"><ele>1421.8</ele></trkpt>
      <trkpt lat="44.736055" lon="6.551585"><ele>1420.8</ele></trkpt>
      <trkpt lat="44.736134" lon="6.551587"><ele>1419.2</ele></trkpt>
      <trkpt lat="44.736203" lon="6.551615"><ele>1417.8</ele></trkpt>
      <trkpt lat="44.736270" lon="6.551666"><ele>1415.5</ele></trkpt>
      <trkpt lat="44.736449" lon="6.551831"><ele>1412.2</ele></trkpt>
      <trkpt lat="44.736797" lon="6.552068"><ele>1412.0</ele></trkpt>
      <trkpt lat="44.736868" lon="6.552141"><ele>1412.0</ele></trkpt>
      <trkpt lat="44.736915" lon="6.552219"><ele>1411.5</ele></trkpt>
      <trkpt lat="44.736962" lon="6.552326"><ele>1410.5</ele></trkpt>
      <trkpt lat="44.737069" lon="6.552703"><ele>1406.0</ele></trkpt>
      <trkpt lat="44.737110" lon="6.552792"><ele>1404.8</ele></trkpt>
      <trkpt lat="44.737150" lon="6.552853"><ele>1403.8</ele></trkpt>
      <trkpt lat="44.737205" lon="6.552892"><ele>1403.0</ele></trkpt>
      <trkpt lat="44.737272" lon="6.552924"><ele>1401.8</ele></trkpt>
      <trkpt lat="44.737326" lon="6.552941"><ele>1400.5</ele></trkpt>
      <trkpt lat="44.737400" lon="6.552941"><ele>1399.8</ele></trkpt>
      <trkpt lat="44.737568" lon="6.552894"><ele>1398.5</ele></trkpt>
      <trkpt lat="44.737673" lon="6.552847"><ele>1397.2</ele></trkpt>
      <trkpt lat="44.737768" lon="6.552763"><ele>1397.5</ele></trkpt>
      <trkpt lat="44.737849" lon="6.552670"><ele>1396.5</ele></trkpt>
      <trkpt lat="44.737955" lon="6.552520"><ele>1395.5</ele></trkpt>
      <trkpt lat="44.738020" lon="6.552408"><ele>1395.0</ele></trkpt>
      <trkpt lat="44.738095" lon="6.552234"><ele>1394.8</ele></trkpt>
      <trkpt lat="44.738123" lon="6.552200"><ele>1393.8</ele></trkpt>
      <trkpt lat="44.738155" lon="6.552194"><ele>1392.2</ele></trkpt>
      <trkpt lat="44.738187" lon="6.552207"><ele>1390.5</ele></trkpt>
      <trkpt lat="44.738208" lon="6.552240"><ele>1388.8</ele></trkpt>
      <trkpt lat="44.738218" lon="6.552332"><ele>1386.8</ele></trkpt>
      <trkpt lat="44.738212" lon="6.552401"><ele>1385.8</ele></trkpt>
      <trkpt lat="44.738187" lon="6.552495"><ele>1385.2</ele></trkpt>
      <trkpt lat="44.738100" lon="6.552696"><ele>1385.5</ele></trkpt>
      <trkpt lat="44.737910" lon="6.552996"><ele>1385.2</ele></trkpt>
      <trkpt lat="44.737834" lon="6.553091"><ele>1384.8</ele></trkpt>
      <trkpt lat="44.737747" lon="6.553162"><ele>1384.2</ele></trkpt>
      <trkpt lat="44.737343" lon="6.553447"><ele>1379.2</ele></trkpt>
      <trkpt lat="44.737232" lon="6.553491"><ele>1379.0</ele></trkpt>
      <trkpt lat="44.736748" lon="6.553647"><ele>1376.5</ele></trkpt>
      <trkpt lat="44.736574" lon="6.553743"><ele>1375.2</ele></trkpt>
      <trkpt lat="44.736449" lon="6.553837"><ele>1373.8</ele></trkpt>
      <trkpt lat="44.736355" lon="6.553896"><ele>1372.8</ele></trkpt>
      <trkpt lat="44.736144" lon="6.553958"><ele>1372.5</ele></trkpt>
      <trkpt lat="44.735980" lon="6.553966"><ele>1374.2</ele></trkpt>
      <trkpt lat="44.735922" lon="6.553987"><ele>1374.5</ele></trkpt>
      <trkpt lat="44.735872" lon="6.554024"><ele>1374.5</ele></trkpt>
      <trkpt lat="44.735839" lon="6.554072"><ele>1373.8</ele></trkpt>
      <trkpt lat="44.735816" lon="6.554176"><ele>1372.0</ele></trkpt>
      <trkpt lat="44.735801" lon="6.554306"><ele>1369.8</ele></trkpt>
      <trkpt lat="44.735798" lon="6.554465"><ele>1366.2</ele></trkpt>
      <trkpt lat="44.735782" lon="6.554538"><ele>1365.2</ele></trkpt>
      <trkpt lat="44.735699" lon="6.554733"><ele>1363.5</ele></trkpt>
      <trkpt lat="44.735690" lon="6.554810"><ele>1362.0</ele></trkpt>
      <trkpt lat="44.735701" lon="6.554883"><ele>1360.0</ele></trkpt>
      <trkpt lat="44.735713" lon="6.554921"><ele>1358.8</ele></trkpt>
      <trkpt lat="44.735746" lon="6.554949"><ele>1357.0</ele></trkpt>
      <trkpt lat="44.735782" lon="6.554957"><ele>1355.5</ele></trkpt>
      <trkpt lat="44.735820" lon="6.554951"><ele>1354.5</ele></trkpt>
      <trkpt lat="44.735849" lon="6.554929"><ele>1354.2</ele></trkpt>
      <trkpt lat="44.735889" lon="6.554884"><ele>1354.2</ele></trkpt>
      <trkpt lat="44.735997" lon="6.554697"><ele>1355.8</ele></trkpt>
      <trkpt lat="44.736038" lon="6.554649"><ele>1355.8</ele></trkpt>
      <trkpt lat="44.736087" lon="6.554609"><ele>1355.5</ele></trkpt>
      <trkpt lat="44.736170" lon="6.554562"><ele>1354.8</ele></trkpt>
      <trkpt lat="44.736347" lon="6.554503"><ele>1353.0</ele></trkpt>
      <trkpt lat="44.736691" lon="6.554249"><ele>1354.0</ele></trkpt>
      <trkpt lat="44.736932" lon="6.554190"><ele>1352.2</ele></trkpt>
      <trkpt lat="44.737061" lon="6.554191"><ele>1350.2</ele></trkpt>
      <trkpt lat="44.737200" lon="6.554214"><ele>1347.5</ele></trkpt>
      <trkpt lat="44.737436" lon="6.554300"><ele>1342.5</ele></trkpt>
      <trkpt lat="44.737629" lon="6.554383"><ele>1339.0</ele></trkpt>
      <trkpt lat="44.737701" lon="6.554396"><ele>1338.5</ele></trkpt>
      <trkpt lat="44.737840" lon="6.554395"><ele>1338.2</ele></trkpt>
      <trkpt lat="44.737865" lon="6.554404"><ele>1337.8</ele></trkpt>
      <trkpt lat="44.737883" lon="6.554428"><ele>1337.0</ele></trkpt>
      <trkpt lat="44.737889" lon="6.554455"><ele>1336.2</ele></trkpt>
      <trkpt lat="44.737888" lon="6.554489"><ele>1335.2</ele></trkpt>
      <trkpt lat="44.737876" lon="6.554518"><ele>1334.5</ele></trkpt>
      <trkpt lat="44.737853" lon="6.554546"><ele>1333.8</ele></trkpt>
      <trkpt lat="44.737825" lon="6.554566"><ele>1333.2</ele></trkpt>
      <trkpt lat="44.737776" lon="6.554577"><ele>1333.0</ele></trkpt>
      <trkpt lat="44.737718" lon="6.554572"><ele>1333.0</ele></trkpt>
      <trkpt lat="44.737382" lon="6.554456"><ele>1337.2</ele></trkpt>
      <trkpt lat="44.737324" lon="6.554448"><ele>1338.0</ele></trkpt>
      <trkpt lat="44.737273" lon="6.554456"><ele>1338.0</ele></trkpt>
      <trkpt lat="44.737227" lon="6.554478"><ele>1337.8</ele></trkpt>
      <trkpt lat="44.737175" lon="6.554526"><ele>1336.5</ele></trkpt>
      <trkpt lat="44.736758" lon="6.555049"><ele>1327.5</ele></trkpt>
      <trkpt lat="44.735765" lon="6.556223"><ele>1314.2</ele></trkpt>
      <trkpt lat="44.735578" lon="6.556377"><ele>1312.8</ele></trkpt>
      <trkpt lat="44.735455" lon="6.556443"><ele>1312.8</ele></trkpt>
      <trkpt lat="44.735268" lon="6.556511"><ele>1314.0</ele></trkpt>
      <trkpt lat="44.735197" lon="6.556547"><ele>1314.2</ele></trkpt>
      <trkpt lat="44.735149" lon="6.556592"><ele>1314.0</ele></trkpt>
      <trkpt lat="44.735121" lon="6.556652"><ele>1312.8</ele></trkpt>
      <trkpt lat="44.735110" lon="6.556744"><ele>1310.8</ele></trkpt>
      <trkpt lat="44.735113" lon="6.556801"><ele>1309.2</ele></trkpt>
      <trkpt lat="44.735135" lon="6.556836"><ele>1308.0</ele></trkpt>
      <trkpt lat="44.735165" lon="6.556845"><ele>1307.0</ele></trkpt>
      <trkpt lat="44.735197" lon="6.556834"><ele>1306.5</ele></trkpt>
      <trkpt lat="44.735239" lon="6.556738"><ele>1308.0</ele></trkpt>
      <trkpt lat="44.735272" lon="6.556689"><ele>1308.5</ele></trkpt>
      <trkpt lat="44.735320" lon="6.556661"><ele>1308.2</ele></trkpt>
      <trkpt lat="44.735594" lon="6.556627"><ele>1303.5</ele></trkpt>
      <trkpt lat="44.735724" lon="6.556631"><ele>1301.0</ele></trkpt>
      <trkpt lat="44.735822" lon="6.556615"><ele>1299.8</ele></trkpt>
      <trkpt lat="44.735931" lon="6.556570"><ele>1299.0</ele></trkpt>
      <trkpt lat="44.736286" lon="6.556400"><ele>1296.2</ele></trkpt>
      <trkpt lat="44.736404" lon="6.556303"><ele>1296.2</ele></trkpt>
      <trkpt lat="44.736559" lon="6.556160"><ele>1297.5</ele></trkpt>
      <trkpt lat="44.736633" lon="6.556101"><ele>1298.0</ele></trkpt>
      <trkpt lat="44.736728" lon="6.556043"><ele>1298.0</ele></trkpt>
      <trkpt lat="44.736988" lon="6.555943"><ele>1296.2</ele></trkpt>
      <trkpt lat="44.737360" lon="6.555893"><ele>1294.0</ele></trkpt>
      <trkpt lat="44.737458" lon="6.555900"><ele>1293.5</ele></trkpt>
      <trkpt lat="44.737535" lon="6.555933"><ele>1293.2</ele></trkpt>
      <trkpt lat="44.737649" lon="6.556044"><ele>1291.8</ele></trkpt>
      <trkpt lat="44.737810" lon="6.556321"><ele>1285.0</ele></trkpt>
      <trkpt lat="44.737830" lon="6.556373"><ele>1283.5</ele></trkpt>
      <trkpt lat="44.737837" lon="6.556427"><ele>1282.0</ele></trkpt>
      <trkpt lat="44.737832" lon="6.556473"><ele>1280.8</ele></trkpt>
      <trkpt lat="44.737816" lon="6.556498"><ele>1280.0</ele></trkpt>
      <trkpt lat="44.737794" lon="6.556517"><ele>1279.2</ele></trkpt>
      <trkpt lat="44.737756" lon="6.556525"><ele>1279.0</ele></trkpt>
      <trkpt lat="44.737571" lon="6.556488"><ele>1279.2</ele></trkpt>
      <trkpt lat="44.737476" lon="6.556504"><ele>1278.5</ele></trkpt>
      <trkpt lat="44.737043" lon="6.556668"><ele>1274.5</ele></trkpt>
      <trkpt lat="44.736957" lon="6.556711"><ele>1273.8</ele></trkpt>
      <trkpt lat="44.736880" lon="6.556783"><ele>1273.0</ele></trkpt>
      <trkpt lat="44.736748" lon="6.556974"><ele>1270.0</ele></trkpt>
      <trkpt lat="44.736718" lon="6.557030"><ele>1269.2</ele></trkpt>
      <trkpt lat="44.736710" lon="6.557080"><ele>1268.2</ele></trkpt>
      <trkpt lat="44.736715" lon="6.557125"><ele>1267.2</ele></trkpt>
      <trkpt lat="44.736740" lon="6.557158"><ele>1266.2</ele></trkpt>
      <trkpt lat="44.736768" lon="6.557168"><ele>1265.5</ele></trkpt>
      <trkpt lat="44.736862" lon="6.557142"><ele>1264.8</ele></trkpt>
      <trkpt lat="44.737074" lon="6.557102"><ele>1263.5</ele></trkpt>
      <trkpt lat="44.737357" lon="6.557074"><ele>1262.8</ele></trkpt>
      <trkpt lat="44.737472" lon="6.557077"><ele>1262.5</ele></trkpt>
      <trkpt lat="44.737609" lon="6.557106"><ele>1262.5</ele></trkpt>
      <trkpt lat="44.737632" lon="6.557142"><ele>1261.8</ele></trkpt>
      <trkpt lat="44.737631" lon="6.557183"><ele>1260.8</ele></trkpt>
      <trkpt lat="44.737623" lon="6.557216"><ele>1260.0</ele></trkpt>
      <trkpt lat="44.737601" lon="6.557243"><ele>1259.2</ele></trkpt>
      <trkpt lat="44.737559" lon="6.557263"><ele>1258.5</ele></trkpt>
      <trkpt lat="44.737439" lon="6.557286"><ele>1257.8</ele></trkpt>
      <trkpt lat="44.737279" lon="6.557376"><ele>1256.0</ele></trkpt>
      <trkpt lat="44.737180" lon="6.557451"><ele>1254.5</ele></trkpt>
      <trkpt lat="44.737037" lon="6.557650"><ele>1252.2</ele></trkpt>
      <trkpt lat="44.736945" lon="6.557729"><ele>1251.8</ele></trkpt>
      <trkpt lat="44.736733" lon="6.557844"><ele>1254.0</ele></trkpt>
      <trkpt lat="44.736667" lon="6.557901"><ele>1254.5</ele></trkpt>
      <trkpt lat="44.736602" lon="6.557997"><ele>1255.0</ele></trkpt>
      <trkpt lat="44.736551" lon="6.558118"><ele>1254.8</ele></trkpt>
      <trkpt lat="44.736534" lon="6.558256"><ele>1253.5</ele></trkpt>
      <trkpt lat="44.736525" lon="6.558425"><ele>1252.0</ele></trkpt>
      <trkpt lat="44.736504" lon="6.558519"><ele>1251.5</ele></trkpt>
      <trkpt lat="44.736422" lon="6.558695"><ele>1251.2</ele></trkpt>
      <trkpt lat="44.736400" lon="6.558759"><ele>1251.0</ele></trkpt>
      <trkpt lat="44.736402" lon="6.558808"><ele>1250.5</ele></trkpt>
      <trkpt lat="44.736415" lon="6.558845"><ele>1249.8</ele></trkpt>
      <trkpt lat="44.736435" lon="6.558871"><ele>1249.2</ele></trkpt>
      <trkpt lat="44.736464" lon="6.558892"><ele>1248.5</ele></trkpt>
      <trkpt lat="44.736556" lon="6.558886"><ele>1247.0</ele></trkpt>
      <trkpt lat="44.736819" lon="6.558873"><ele>1241.8</ele></trkpt>
      <trkpt lat="44.736859" lon="6.558863"><ele>1241.0</ele></trkpt>
      <trkpt lat="44.736902" lon="6.558845"><ele>1240.2</ele></trkpt>
      <trkpt lat="44.736932" lon="6.558814"><ele>1240.0</ele></trkpt>
      <trkpt lat="44.736947" lon="6.558794"><ele>1239.8</ele></trkpt>
      <trkpt lat="44.737022" lon="6.558679"><ele>1239.8</ele></trkpt>
      <trkpt lat="44.737058" lon="6.558617"><ele>1239.8</ele></trkpt>
      <trkpt lat="44.737110" lon="6.558469"><ele>1240.0</ele></trkpt>
      <trkpt lat="44.737142" lon="6.558358"><ele>1240.2</ele></trkpt>
      <trkpt lat="44.737194" lon="6.558249"><ele>1240.5</ele></trkpt>
      <trkpt lat="44.737240" lon="6.558182"><ele>1240.8</ele></trkpt>
      <trkpt lat="44.737387" lon="6.558086"><ele>1241.0</ele></trkpt>
      <trkpt lat="44.737457" lon="6.558076"><ele>1240.8</ele></trkpt>
      <trkpt lat="44.737532" lon="6.558094"><ele>1240.0</ele></trkpt>
      <trkpt lat="44.737597" lon="6.558148"><ele>1238.5</ele></trkpt>
      <trkpt lat="44.737824" lon="6.558376"><ele>1233.2</ele></trkpt>
      <trkpt lat="44.738050" lon="6.558651"><ele>1230.0</ele></trkpt>
      <trkpt lat="44.738118" lon="6.558749"><ele>1228.8</ele></trkpt>
      <trkpt lat="44.738217" lon="6.558834"><ele>1228.0</ele></trkpt>
      <trkpt lat="44.738423" lon="6.558912"><ele>1227.2</ele></trkpt>
      <trkpt lat="44.738468" lon="6.558939"><ele>1226.8</ele></trkpt>
      <trkpt lat="44.738511" lon="6.559013"><ele>1226.0</ele></trkpt>
      <trkpt lat="44.738548" lon="6.559098"><ele>1224.8</ele></trkpt>
      <trkpt lat="44.738575" lon="6.559180"><ele>1223.8</ele></trkpt>
      <trkpt lat="44.738587" lon="6.559271"><ele>1222.8</ele></trkpt>
      <trkpt lat="44.738577" lon="6.559354"><ele>1222.0</ele></trkpt>
      <trkpt lat="44.738556" lon="6.559439"><ele>1221.2</ele></trkpt>
      <trkpt lat="44.738503" lon="6.559518"><ele>1220.0</ele></trkpt>
      <trkpt lat="44.738446" lon="6.559570"><ele>1219.5</ele></trkpt>
      <trkpt lat="44.738307" lon="6.559625"><ele>1219.0</ele></trkpt>
      <trkpt lat="44.738236" lon="6.559631"><ele>1218.2</ele></trkpt>
      <trkpt lat="44.738159" lon="6.559624"><ele>1217.8</ele></trkpt>
      <trkpt lat="44.738027" lon="6.559566"><ele>1217.2</ele></trkpt>
      <trkpt lat="44.737957" lon="6.559550"><ele>1216.8</ele></trkpt>
      <trkpt lat="44.737903" lon="6.559549"><ele>1216.2</ele></trkpt>
      <trkpt lat="44.737864" lon="6.559556"><ele>1216.0</ele></trkpt>
      <trkpt lat="44.737819" lon="6.559581"><ele>1215.2</ele></trkpt>
      <trkpt lat="44.737779" lon="6.559620"><ele>1214.5</ele></trkpt>
      <trkpt lat="44.737691" lon="6.559730"><ele>1214.2</ele></trkpt>
      <trkpt lat="44.737551" lon="6.559974"><ele>1213.0</ele></trkpt>
      <trkpt lat="44.737483" lon="6.560118"><ele>1212.2</ele></trkpt>
      <trkpt lat="44.737426" lon="6.560285"><ele>1212.2</ele></trkpt>
      <trkpt lat="44.737311" lon="6.560735"><ele>1210.5</ele></trkpt>
      <trkpt lat="44.737192" lon="6.561180"><ele>1206.8</ele></trkpt>
      <trkpt lat="44.737145" lon="6.561300"><ele>1205.0</ele></trkpt>
      <trkpt lat="44.737097" lon="6.561399"><ele>1203.5</ele></trkpt>
      <trkpt lat="44.737024" lon="6.561484"><ele>1202.5</ele></trkpt>
      <trkpt lat="44.736942" lon="6.561534"><ele>1202.2</ele></trkpt>
      <trkpt lat="44.736869" lon="6.561562"><ele>1201.2</ele></trkpt>
      <trkpt lat="44.736792" lon="6.561568"><ele>1200.8</ele></trkpt>
      <trkpt lat="44.736631" lon="6.561529"><ele>1201.0</ele></trkpt>
      <trkpt lat="44.736253" lon="6.561374"><ele>1202.5</ele></trkpt>
      <trkpt lat="44.736151" lon="6.561353"><ele>1202.5</ele></trkpt>
      <trkpt lat="44.736005" lon="6.561358"><ele>1202.2</ele></trkpt>
      <trkpt lat="44.735912" lon="6.561398"><ele>1201.2</ele></trkpt>
      <trkpt lat="44.735775" lon="6.561521"><ele>1197.8</ele></trkpt>
      <trkpt lat="44.735707" lon="6.561571"><ele>1196.2</ele></trkpt>
      <trkpt lat="44.735631" lon="6.561604"><ele>1195.5</ele></trkpt>
      <trkpt lat="44.735497" lon="6.561627"><ele>1195.0</ele></trkpt>
      <trkpt lat="44.735379" lon="6.561632"><ele>1194.8</ele></trkpt>
      <trkpt lat="44.735290" lon="6.561649"><ele>1194.5</ele></trkpt>
      <trkpt lat="44.735212" lon="6.561703"><ele>1193.2</ele></trkpt>
      <trkpt lat="44.735028" lon="6.561902"><ele>1190.5</ele></trkpt>
      <trkpt lat="44.734907" lon="6.562089"><ele>1188.5</ele></trkpt>
      <trkpt lat="44.734853" lon="6.562244"><ele>1186.5</ele></trkpt>
      <trkpt lat="44.734651" lon="6.562652"><ele>1182.2</ele></trkpt>
      <trkpt lat="44.734105" lon="6.563680"><ele>1178.5</ele></trkpt>
      <trkpt lat="44.733887" lon="6.564110"><ele>1179.5</ele></trkpt>
      <trkpt lat="44.733324" lon="6.564940"><ele>1183.2</ele></trkpt>
      <trkpt lat="44.733113" lon="6.565203"><ele>1181.5</ele></trkpt>
      <trkpt lat="44.732913" lon="6.565439"><ele>1179.8</ele></trkpt>
      <trkpt lat="44.732717" lon="6.565628"><ele>1178.2</ele></trkpt>
      <trkpt lat="44.732365" lon="6.565881"><ele>1175.8</ele></trkpt>
      <trkpt lat="44.732314" lon="6.565919"><ele>1175.5</ele></trkpt>
      <trkpt lat="44.732274" lon="6.565961"><ele>1175.0</ele></trkpt>
      <trkpt lat="44.732253" lon="6.565983"><ele>1174.8</ele></trkpt>
      <trkpt lat="44.732180" lon="6.566058"><ele>1173.8</ele></trkpt>
      <trkpt lat="44.732052" lon="6.566564"><ele>1167.8</ele></trkpt>
      <trkpt lat="44.731992" lon="6.566726"><ele>1166.2</ele></trkpt>
      <trkpt lat="44.731958" lon="6.566777"><ele>1165.8</ele></trkpt>
      <trkpt lat="44.731890" lon="6.566830"><ele>1165.0</ele></trkpt>
      <trkpt lat="44.731811" lon="6.566874"><ele>1164.5</ele></trkpt>
      <trkpt lat="44.731398" lon="6.567047"><ele>1163.2</ele></trkpt>
      <trkpt lat="44.731121" lon="6.567181"><ele>1163.0</ele></trkpt>
      <trkpt lat="44.730867" lon="6.567383"><ele>1161.2</ele></trkpt>
      <trkpt lat="44.730796" lon="6.567446"><ele>1160.5</ele></trkpt>
      <trkpt lat="44.730630" lon="6.567594"><ele>1159.2</ele></trkpt>
      <trkpt lat="44.730544" lon="6.567724"><ele>1157.8</ele></trkpt>
      <trkpt lat="44.730471" lon="6.567841"><ele>1156.5</ele></trkpt>
      <trkpt lat="44.730381" lon="6.568048"><ele>1154.5</ele></trkpt>
      <trkpt lat="44.730305" lon="6.568235"><ele>1153.5</ele></trkpt>
      <trkpt lat="44.730264" lon="6.568375"><ele>1152.8</ele></trkpt>
      <trkpt lat="44.730246" lon="6.568540"><ele>1151.5</ele></trkpt>
      <trkpt lat="44.730138" lon="6.568618"><ele>1151.8</ele></trkpt>
      <trkpt lat="44.730060" lon="6.568690"><ele>1152.0</ele></trkpt>
      <trkpt lat="44.730031" lon="6.568712"><ele>1152.0</ele></trkpt>
      <trkpt lat="44.729892" lon="6.568818"><ele>1151.8</ele></trkpt>
      <trkpt lat="44.729747" lon="6.568937"><ele>1151.0</ele></trkpt>
      <trkpt lat="44.729673" lon="6.568999"><ele>1150.5</ele></trkpt>
      <trkpt lat="44.729592" lon="6.569052"><ele>1150.2</ele></trkpt>
      <trkpt lat="44.729475" lon="6.569109"><ele>1150.2</ele></trkpt>
      <trkpt lat="44.728993" lon="6.569279"><ele>1151.2</ele></trkpt>
      <trkpt lat="44.728930" lon="6.569317"><ele>1151.0</ele></trkpt>
      <trkpt lat="44.728770" lon="6.569407"><ele>1151.0</ele></trkpt>
      <trkpt lat="44.728699" lon="6.569438"><ele>1151.2</ele></trkpt>
      <trkpt lat="44.728514" lon="6.569473"><ele>1152.2</ele></trkpt>
      <trkpt lat="44.728388" lon="6.569495"><ele>1153.0</ele></trkpt>
      <trkpt lat="44.728326" lon="6.569496"><ele>1153.5</ele></trkpt>
      <trkpt lat="44.728271" lon="6.569513"><ele>1154.0</ele></trkpt>
      <trkpt lat="44.728225" lon="6.569540"><ele>1154.2</ele></trkpt>
      <trkpt lat="44.728134" lon="6.569613"><ele>1154.8</ele></trkpt>
      <trkpt lat="44.727860" lon="6.569813"><ele>1156.8</ele></trkpt>
      <trkpt lat="44.727661" lon="6.569958"><ele>1158.2</ele></trkpt>
      <trkpt lat="44.727535" lon="6.570041"><ele>1159.2</ele></trkpt>
      <trkpt lat="44.727406" lon="6.570104"><ele>1160.2</ele></trkpt>
      <trkpt lat="44.727356" lon="6.570153"><ele>1160.5</ele></trkpt>
      <trkpt lat="44.727054" lon="6.570479"><ele>1160.8</ele></trkpt>
      <trkpt lat="44.726790" lon="6.570746"><ele>1159.0</ele></trkpt>
      <trkpt lat="44.726389" lon="6.571280"><ele>1156.5</ele></trkpt>
      <trkpt lat="44.726181" lon="6.571581"><ele>1155.2</ele></trkpt>
      <trkpt lat="44.725965" lon="6.571944"><ele>1154.5</ele></trkpt>
      <trkpt lat="44.725812" lon="6.572245"><ele>1153.2</ele></trkpt>
      <trkpt lat="44.725745" lon="6.572462"><ele>1153.0</ele></trkpt>
      <trkpt lat="44.725706" lon="6.572667"><ele>1152.5</ele></trkpt>
      <trkpt lat="44.725685" lon="6.572845"><ele>1152.0</ele></trkpt>
      <trkpt lat="44.725698" lon="6.573160"><ele>1152.5</ele></trkpt>
      <trkpt lat="44.725756" lon="6.573843"><ele>1158.8</ele></trkpt>
      <trkpt lat="44.725829" lon="6.574588"><ele>1160.0</ele></trkpt>
      <trkpt lat="44.725806" lon="6.574712"><ele>1161.2</ele></trkpt>
      <trkpt lat="44.725762" lon="6.574796"><ele>1161.2</ele></trkpt>
      <trkpt lat="44.725584" lon="6.574971"><ele>1164.5</ele></trkpt>
      <trkpt lat="44.724944" lon="6.575473"><ele>1175.8</ele></trkpt>
      <trkpt lat="44.724121" lon="6.576264"><ele>1173.0</ele></trkpt>
      <trkpt lat="44.723869" lon="6.576516"><ele>1169.5</ele></trkpt>
      <trkpt lat="44.723141" lon="6.577007"><ele>1174.5</ele></trkpt>
      <trkpt lat="44.722960" lon="6.577167"><ele>1176.5</ele></trkpt>
      <trkpt lat="44.722737" lon="6.577455"><ele>1175.2</ele></trkpt>
      <trkpt lat="44.722567" lon="6.577654"><ele>1174.5</ele></trkpt>
      <trkpt lat="44.722372" lon="6.577789"><ele>1174.5</ele></trkpt>
      <trkpt lat="44.721904" lon="6.577969"><ele>1179.0</ele></trkpt>
      <trkpt lat="44.721762" lon="6.578085"><ele>1179.2</ele></trkpt>
      <trkpt lat="44.721636" lon="6.578233"><ele>1180.5</ele></trkpt>
      <trkpt lat="44.721359" lon="6.578761"><ele>1177.0</ele></trkpt>
      <trkpt lat="44.721212" lon="6.578992"><ele>1175.0</ele></trkpt>
      <trkpt lat="44.720927" lon="6.579351"><ele>1171.5</ele></trkpt>
      <trkpt lat="44.720787" lon="6.579509"><ele>1169.0</ele></trkpt>
      <trkpt lat="44.720631" lon="6.579615"><ele>1168.0</ele></trkpt>
      <trkpt lat="44.719905" lon="6.579777"><ele>1167.0</ele></trkpt>
      <trkpt lat="44.719766" lon="6.579773"><ele>1166.8</ele></trkpt>
      <trkpt lat="44.719288" lon="6.579578"><ele>1167.5</ele></trkpt>
      <trkpt lat="44.719059" lon="6.579504"><ele>1165.0</ele></trkpt>
      <trkpt lat="44.718457" lon="6.579283"><ele>1162.2</ele></trkpt>
      <trkpt lat="44.718345" lon="6.579283"><ele>1162.0</ele></trkpt>
      <trkpt lat="44.718260" lon="6.579320"><ele>1162.8</ele></trkpt>
      <trkpt lat="44.718176" lon="6.579384"><ele>1163.5</ele></trkpt>
      <trkpt lat="44.718134" lon="6.579483"><ele>1163.0</ele></trkpt>
      <trkpt lat="44.718133" lon="6.579624"><ele>1160.8</ele></trkpt>
      <trkpt lat="44.718160" lon="6.579794"><ele>1157.0</ele></trkpt>
      <trkpt lat="44.718225" lon="6.579949"><ele>1152.8</ele></trkpt>
      <trkpt lat="44.718316" lon="6.580093"><ele>1148.2</ele></trkpt>
      <trkpt lat="44.718351" lon="6.580226"><ele>1146.0</ele></trkpt>
      <trkpt lat="44.718336" lon="6.580351"><ele>1145.0</ele></trkpt>
      <trkpt lat="44.718289" lon="6.580457"><ele>1144.8</ele></trkpt>
      <trkpt lat="44.718204" lon="6.580535"><ele>1145.0</ele></trkpt>
      <trkpt lat="44.717998" lon="6.580667"><ele>1145.5</ele></trkpt>
      <trkpt lat="44.717921" lon="6.580694"><ele>1145.2</ele></trkpt>
      <trkpt lat="44.717836" lon="6.580704"><ele>1144.8</ele></trkpt>
      <trkpt lat="44.717696" lon="6.580695"><ele>1144.5</ele></trkpt>
      <trkpt lat="44.717585" lon="6.580711"><ele>1143.5</ele></trkpt>
      <trkpt lat="44.717348" lon="6.580891"><ele>1139.8</ele></trkpt>
      <trkpt lat="44.717212" lon="6.580959"><ele>1138.8</ele></trkpt>
      <trkpt lat="44.717066" lon="6.580998"><ele>1137.8</ele></trkpt>
      <trkpt lat="44.716696" lon="6.581044"><ele>1134.2</ele></trkpt>
      <trkpt lat="44.716276" lon="6.581078"><ele>1131.5</ele></trkpt>
      <trkpt lat="44.716033" lon="6.581122"><ele>1129.0</ele></trkpt>
      <trkpt lat="44.715932" lon="6.581157"><ele>1128.8</ele></trkpt>
      <trkpt lat="44.715848" lon="6.581220"><ele>1127.2</ele></trkpt>
      <trkpt lat="44.715717" lon="6.581389"><ele>1124.0</ele></trkpt>
      <trkpt lat="44.715611" lon="6.581505"><ele>1122.8</ele></trkpt>
      <trkpt lat="44.715470" lon="6.581603"><ele>1122.0</ele></trkpt>
      <trkpt lat="44.715345" lon="6.581706"><ele>1121.5</ele></trkpt>
      <trkpt lat="44.715138" lon="6.581988"><ele>1115.8</ele></trkpt>
      <trkpt lat="44.715066" lon="6.582040"><ele>1114.2</ele></trkpt>
      <trkpt lat="44.714977" lon="6.582063"><ele>1113.2</ele></trkpt>
      <trkpt lat="44.714897" lon="6.582052"><ele>1111.5</ele></trkpt>
      <trkpt lat="44.714818" lon="6.582027"><ele>1110.5</ele></trkpt>
      <trkpt lat="44.714735" lon="6.581957"><ele>1111.5</ele></trkpt>
      <trkpt lat="44.714596" lon="6.581799"><ele>1113.0</ele></trkpt>
      <trkpt lat="44.714526" lon="6.581752"><ele>1112.5</ele></trkpt>
      <trkpt lat="44.714447" lon="6.581741"><ele>1110.8</ele></trkpt>
      <trkpt lat="44.714382" lon="6.581748"><ele>1110.2</ele></trkpt>
      <trkpt lat="44.714099" lon="6.581820"><ele>1107.5</ele></trkpt>
      <trkpt lat="44.713835" lon="6.581901"><ele>1105.2</ele></trkpt>
      <trkpt lat="44.713716" lon="6.581955"><ele>1103.8</ele></trkpt>
      <trkpt lat="44.713619" lon="6.582021"><ele>1102.5</ele></trkpt>
      <trkpt lat="44.712987" lon="6.582588"><ele>1096.2</ele></trkpt>
      <trkpt lat="44.712692" lon="6.582793"><ele>1093.5</ele></trkpt>
      <trkpt lat="44.712573" lon="6.582857"><ele>1092.8</ele></trkpt>
      <trkpt lat="44.711904" lon="6.583162"><ele>1086.5</ele></trkpt>
      <trkpt lat="44.711801" lon="6.583222"><ele>1086.2</ele></trkpt>
      <trkpt lat="44.711756" lon="6.583281"><ele>1085.0</ele></trkpt>
      <trkpt lat="44.711764" lon="6.583335"><ele>1083.5</ele></trkpt>
      <trkpt lat="44.711799" lon="6.583365"><ele>1081.5</ele></trkpt>
      <trkpt lat="44.711860" lon="6.583363"><ele>1080.5</ele></trkpt>
      <trkpt lat="44.711927" lon="6.583336"><ele>1081.0</ele></trkpt>
      <trkpt lat="44.712193" lon="6.583300"><ele>1079.2</ele></trkpt>
      <trkpt lat="44.712388" lon="6.583302"><ele>1077.2</ele></trkpt>
      <trkpt lat="44.712609" lon="6.583234"><ele>1076.8</ele></trkpt>
      <trkpt lat="44.713301" lon="6.583090"><ele>1071.0</ele></trkpt>
      <trkpt lat="44.713662" lon="6.583031"><ele>1067.8</ele></trkpt>
      <trkpt lat="44.713858" lon="6.583022"><ele>1066.5</ele></trkpt>
      <trkpt lat="44.714005" lon="6.583039"><ele>1065.0</ele></trkpt>
      <trkpt lat="44.714116" lon="6.583084"><ele>1063.2</ele></trkpt>
      <trkpt lat="44.714435" lon="6.583225"><ele>1059.5</ele></trkpt>
      <trkpt lat="44.714593" lon="6.583256"><ele>1058.8</ele></trkpt>
      <trkpt lat="44.714829" lon="6.583305"><ele>1057.2</ele></trkpt>
      <trkpt lat="44.714933" lon="6.583304"><ele>1056.8</ele></trkpt>
      <trkpt lat="44.715050" lon="6.583291"><ele>1057.2</ele></trkpt>
      <trkpt lat="44.715090" lon="6.583303"><ele>1057.5</ele></trkpt>
      <trkpt lat="44.715108" lon="6.583330"><ele>1057.0</ele></trkpt>
      <trkpt lat="44.715117" lon="6.583367"><ele>1056.0</ele></trkpt>
      <trkpt lat="44.715107" lon="6.583414"><ele>1054.2</ele></trkpt>
      <trkpt lat="44.715087" lon="6.583442"><ele>1053.2</ele></trkpt>
      <trkpt lat="44.714939" lon="6.583498"><ele>1051.5</ele></trkpt>
      <trkpt lat="44.714883" lon="6.583534"><ele>1051.2</ele></trkpt>
      <trkpt lat="44.714647" lon="6.583721"><ele>1046.5</ele></trkpt>
      <trkpt lat="44.714564" lon="6.583774"><ele>1044.8</ele></trkpt>
      <trkpt lat="44.714487" lon="6.583805"><ele>1044.0</ele></trkpt>
      <trkpt lat="44.714385" lon="6.583798"><ele>1044.0</ele></trkpt>
      <trkpt lat="44.713994" lon="6.583697"><ele>1043.0</ele></trkpt>
      <trkpt lat="44.713914" lon="6.583677"><ele>1043.0</ele></trkpt>
      <trkpt lat="44.713829" lon="6.583678"><ele>1043.0</ele></trkpt>
      <trkpt lat="44.713651" lon="6.583725"><ele>1041.2</ele></trkpt>
      <trkpt lat="44.713407" lon="6.583821"><ele>1038.8</ele></trkpt>
      <trkpt lat="44.713299" lon="6.583850"><ele>1038.2</ele></trkpt>
      <trkpt lat="44.713209" lon="6.583860"><ele>1038.2</ele></trkpt>
      <trkpt lat="44.713183" lon="6.583891"><ele>1037.2</ele></trkpt>
      <trkpt lat="44.713169" lon="6.583933"><ele>1036.5</ele></trkpt>
      <trkpt lat="44.713174" lon="6.583979"><ele>1035.5</ele></trkpt>
      <trkpt lat="44.713195" lon="6.584009"><ele>1034.8</ele></trkpt>
      <trkpt lat="44.713230" lon="6.584031"><ele>1034.2</ele></trkpt>
      <trkpt lat="44.713730" lon="6.584013"><ele>1033.2</ele></trkpt>
      <trkpt lat="44.713795" lon="6.584028"><ele>1032.8</ele></trkpt>
      <trkpt lat="44.713827" lon="6.584059"><ele>1031.8</ele></trkpt>
      <trkpt lat="44.713833" lon="6.584120"><ele>1029.8</ele></trkpt>
      <trkpt lat="44.713810" lon="6.584178"><ele>1028.2</ele></trkpt>
      <trkpt lat="44.713723" lon="6.584264"><ele>1026.5</ele></trkpt>
      <trkpt lat="44.713506" lon="6.584525"><ele>1020.5</ele></trkpt>
      <trkpt lat="44.713423" lon="6.584561"><ele>1020.0</ele></trkpt>
      <trkpt lat="44.713336" lon="6.584576"><ele>1020.0</ele></trkpt>
      <trkpt lat="44.713114" lon="6.584592"><ele>1018.0</ele></trkpt>
      <trkpt lat="44.713000" lon="6.584576"><ele>1017.2</ele></trkpt>
      <trkpt lat="44.712870" lon="6.584531"><ele>1017.0</ele></trkpt>
      <trkpt lat="44.712678" lon="6.584436"><ele>1017.5</ele></trkpt>
      <trkpt lat="44.712529" lon="6.584401"><ele>1016.2</ele></trkpt>
      <trkpt lat="44.712389" lon="6.584399"><ele>1016.2</ele></trkpt>
      <trkpt lat="44.712286" lon="6.584420"><ele>1015.8</ele></trkpt>
      <trkpt lat="44.712187" lon="6.584495"><ele>1014.5</ele></trkpt>
      <trkpt lat="44.712016" lon="6.584697"><ele>1011.0</ele></trkpt>
      <trkpt lat="44.711917" lon="6.584779"><ele>1009.8</ele></trkpt>
      <trkpt lat="44.711629" lon="6.584971"><ele>1006.2</ele></trkpt>
      <trkpt lat="44.711340" lon="6.585193"><ele>1003.5</ele></trkpt>
      <trkpt lat="44.711205" lon="6.585272"><ele>1002.8</ele></trkpt>
      <trkpt lat="44.710907" lon="6.585378"><ele>1003.2</ele></trkpt>
      <trkpt lat="44.710798" lon="6.585426"><ele>1002.5</ele></trkpt>
      <trkpt lat="44.710706" lon="6.585500"><ele>1000.8</ele></trkpt>
      <trkpt lat="44.710633" lon="6.585584"><ele>998.8</ele></trkpt>
      <trkpt lat="44.710532" lon="6.585720"><ele>996.5</ele></trkpt>
      <trkpt lat="44.710413" lon="6.585912"><ele>993.2</ele></trkpt>
      <trkpt lat="44.710358" lon="6.586044"><ele>992.0</ele></trkpt>
      <trkpt lat="44.710322" lon="6.586162"><ele>991.2</ele></trkpt>
      <trkpt lat="44.710313" lon="6.586302"><ele>991.2</ele></trkpt>
      <trkpt lat="44.710321" lon="6.586426"><ele>990.8</ele></trkpt>
      <trkpt lat="44.710335" lon="6.586488"><ele>990.2</ele></trkpt>
      <trkpt lat="44.710363" lon="6.586557"><ele>990.0</ele></trkpt>
      <trkpt lat="44.710461" lon="6.586689"><ele>989.5</ele></trkpt>
      <trkpt lat="44.710673" lon="6.586840"><ele>988.8</ele></trkpt>
      <trkpt lat="44.710862" lon="6.587037"><ele>987.0</ele></trkpt>
      <trkpt lat="44.710910" lon="6.587120"><ele>986.5</ele></trkpt>
      <trkpt lat="44.710930" lon="6.587203"><ele>985.5</ele></trkpt>
      <trkpt lat="44.710928" lon="6.587342"><ele>985.0</ele></trkpt>
      <trkpt lat="44.710879" lon="6.587537"><ele>983.5</ele></trkpt>
      <trkpt lat="44.710828" lon="6.587622"><ele>982.2</ele></trkpt>
      <trkpt lat="44.710784" lon="6.587645"><ele>981.5</ele></trkpt>
      <trkpt lat="44.710719" lon="6.587654"><ele>980.2</ele></trkpt>
      <trkpt lat="44.710665" lon="6.587637"><ele>979.2</ele></trkpt>
      <trkpt lat="44.710591" lon="6.587590"><ele>978.8</ele></trkpt>
      <trkpt lat="44.710482" lon="6.587500"><ele>979.0</ele></trkpt>
      <trkpt lat="44.710418" lon="6.587469"><ele>979.0</ele></trkpt>
      <trkpt lat="44.710352" lon="6.587461"><ele>978.5</ele></trkpt>
      <trkpt lat="44.710262" lon="6.587478"><ele>977.2</ele></trkpt>
      <trkpt lat="44.710042" lon="6.587557"><ele>974.8</ele></trkpt>
      <trkpt lat="44.709956" lon="6.587563"><ele>975.0</ele></trkpt>
      <trkpt lat="44.709886" lon="6.587591"><ele>975.2</ele></trkpt>
      <trkpt lat="44.709835" lon="6.587652"><ele>974.8</ele></trkpt>
      <trkpt lat="44.709551" lon="6.588089"><ele>971.0</ele></trkpt>
      <trkpt lat="44.709525" lon="6.588166"><ele>970.2</ele></trkpt>
      <trkpt lat="44.709522" lon="6.588226"><ele>969.5</ele></trkpt>
      <trkpt lat="44.709554" lon="6.588322"><ele>968.0</ele></trkpt>
      <trkpt lat="44.709625" lon="6.588422"><ele>966.5</ele></trkpt>
      <trkpt lat="44.709674" lon="6.588520"><ele>965.5</ele></trkpt>
      <trkpt lat="44.709787" lon="6.588717"><ele>965.0</ele></trkpt>
      <trkpt lat="44.709842" lon="6.588846"><ele>964.5</ele></trkpt>
      <trkpt lat="44.709868" lon="6.589001"><ele>963.8</ele></trkpt>
      <trkpt lat="44.709854" lon="6.589159"><ele>962.2</ele></trkpt>
      <trkpt lat="44.709798" lon="6.589374"><ele>960.8</ele></trkpt>
      <trkpt lat="44.709760" lon="6.589469"><ele>959.8</ele></trkpt>
      <trkpt lat="44.709704" lon="6.589536"><ele>958.2</ele></trkpt>
      <trkpt lat="44.709651" lon="6.589547"><ele>957.0</ele></trkpt>
      <trkpt lat="44.709577" lon="6.589519"><ele>955.8</ele></trkpt>
      <trkpt lat="44.709498" lon="6.589477"><ele>954.5</ele></trkpt>
      <trkpt lat="44.709438" lon="6.589424"><ele>954.0</ele></trkpt>
      <trkpt lat="44.709364" lon="6.589349"><ele>953.8</ele></trkpt>
      <trkpt lat="44.709288" lon="6.589243"><ele>953.5</ele></trkpt>
      <trkpt lat="44.709212" lon="6.589108"><ele>953.2</ele></trkpt>
      <trkpt lat="44.709172" lon="6.589057"><ele>952.8</ele></trkpt>
      <trkpt lat="44.709112" lon="6.589022"><ele>952.2</ele></trkpt>
      <trkpt lat="44.709037" lon="6.589023"><ele>951.5</ele></trkpt>
      <trkpt lat="44.708793" lon="6.589058"><ele>949.5</ele></trkpt>
      <trkpt lat="44.708722" lon="6.589074"><ele>949.5</ele></trkpt>
      <trkpt lat="44.708664" lon="6.589119"><ele>948.8</ele></trkpt>
      <trkpt lat="44.708611" lon="6.589195"><ele>947.5</ele></trkpt>
      <trkpt lat="44.708438" lon="6.589497"><ele>944.0</ele></trkpt>
      <trkpt lat="44.708386" lon="6.589631"><ele>943.0</ele></trkpt>
      <trkpt lat="44.708343" lon="6.589685"><ele>942.2</ele></trkpt>
      <trkpt lat="44.708297" lon="6.589695"><ele>941.2</ele></trkpt>
      <trkpt lat="44.708240" lon="6.589665"><ele>940.2</ele></trkpt>
      <trkpt lat="44.708190" lon="6.589604"><ele>939.8</ele></trkpt>
      <trkpt lat="44.708139" lon="6.589475"><ele>940.0</ele></trkpt>
      <trkpt lat="44.708076" lon="6.589402"><ele>940.5</ele></trkpt>
      <trkpt lat="44.707993" lon="6.589356"><ele>941.2</ele></trkpt>
      <trkpt lat="44.707907" lon="6.589366"><ele>940.5</ele></trkpt>
      <trkpt lat="44.707820" lon="6.589420"><ele>938.0</ele></trkpt>
      <trkpt lat="44.707739" lon="6.589457"><ele>936.8</ele></trkpt>
      <trkpt lat="44.707530" lon="6.589530"><ele>935.2</ele></trkpt>
      <trkpt lat="44.707503" lon="6.589548"><ele>935.0</ele></trkpt>
      <trkpt lat="44.707435" lon="6.589669"><ele>932.2</ele></trkpt>
      <trkpt lat="44.707415" lon="6.589728"><ele>931.0</ele></trkpt>
      <trkpt lat="44.707406" lon="6.589803"><ele>930.2</ele></trkpt>
      <trkpt lat="44.707394" lon="6.589881"><ele>929.5</ele></trkpt>
      <trkpt lat="44.707350" lon="6.590163"><ele>927.0</ele></trkpt>
      <trkpt lat="44.707314" lon="6.590289"><ele>926.0</ele></trkpt>
      <trkpt lat="44.707285" lon="6.590362"><ele>925.8</ele></trkpt>
      <trkpt lat="44.707273" lon="6.590391"><ele>925.5</ele></trkpt>
      <trkpt lat="44.707249" lon="6.590434"><ele>925.5</ele></trkpt>
      <trkpt lat="44.707096" lon="6.590661"><ele>925.2</ele></trkpt>
      <trkpt lat="44.706896" lon="6.590986"><ele>924.2</ele></trkpt>
      <trkpt lat="44.706821" lon="6.591100"><ele>923.8</ele></trkpt>
      <trkpt lat="44.706715" lon="6.591231"><ele>923.8</ele></trkpt>
      <trkpt lat="44.706671" lon="6.591266"><ele>923.8</ele></trkpt>
      <trkpt lat="44.706621" lon="6.591305"><ele>923.8</ele></trkpt>
      <trkpt lat="44.706476" lon="6.591410"><ele>923.5</ele></trkpt>
      <trkpt lat="44.706428" lon="6.591449"><ele>923.5</ele></trkpt>
      <trkpt lat="44.706400" lon="6.591500"><ele>923.5</ele></trkpt>
      <trkpt lat="44.706404" lon="6.591593"><ele>923.0</ele></trkpt>
      <trkpt lat="44.706430" lon="6.591690"><ele>922.5</ele></trkpt>
      <trkpt lat="44.706557" lon="6.592007"><ele>919.2</ele></trkpt>
      <trkpt lat="44.706593" lon="6.592143"><ele>918.5</ele></trkpt>
      <trkpt lat="44.706596" lon="6.592293"><ele>917.8</ele></trkpt>
      <trkpt lat="44.706548" lon="6.592816"><ele>915.8</ele></trkpt>
      <trkpt lat="44.706543" lon="6.593384"><ele>913.8</ele></trkpt>
      <trkpt lat="44.706516" lon="6.593877"><ele>912.0</ele></trkpt>
      <trkpt lat="44.706522" lon="6.594333"><ele>910.0</ele></trkpt>
      <trkpt lat="44.706477" lon="6.595935"><ele>905.2</ele></trkpt>
      <trkpt lat="44.706477" lon="6.595971"><ele>905.2</ele></trkpt>
      <trkpt lat="44.706471" lon="6.596291"><ele>904.8</ele></trkpt>
      <trkpt lat="44.706456" lon="6.596547"><ele>904.2</ele></trkpt>
      <trkpt lat="44.706429" lon="6.596762"><ele>903.8</ele></trkpt>
      <trkpt lat="44.706381" lon="6.596978"><ele>904.0</ele></trkpt>
      <trkpt lat="44.706319" lon="6.597145"><ele>904.0</ele></trkpt>
      <trkpt lat="44.706183" lon="6.597443"><ele>903.8</ele></trkpt>
      <trkpt lat="44.705887" lon="6.598048"><ele>903.5</ele></trkpt>
      <trkpt lat="44.705709" lon="6.598364"><ele>902.8</ele></trkpt>
      <trkpt lat="44.705366" lon="6.598849"><ele>902.5</ele></trkpt>
      <trkpt lat="44.704816" lon="6.599762"><ele>903.0</ele></trkpt>
      <trkpt lat="44.704768" lon="6.599859"><ele>903.0</ele></trkpt>
      <trkpt lat="44.704733" lon="6.599960"><ele>903.0</ele></trkpt>
      <trkpt lat="44.704709" lon="6.600088"><ele>903.2</ele></trkpt>
      <trkpt lat="44.704704" lon="6.600228"><ele>903.8</ele></trkpt>
      <trkpt lat="44.704717" lon="6.600348"><ele>903.2</ele></trkpt>
      <trkpt lat="44.704753" lon="6.600488"><ele>902.2</ele></trkpt>
      <trkpt lat="44.704788" lon="6.600578"><ele>901.5</ele></trkpt>
      <trkpt lat="44.704843" lon="6.600678"><ele>900.5</ele></trkpt>
      <trkpt lat="44.705176" lon="6.601254"><ele>900.8</ele></trkpt>
      <trkpt lat="44.705215" lon="6.601326"><ele>901.8</ele></trkpt>
      <trkpt lat="44.705246" lon="6.601378"><ele>902.5</ele></trkpt>
      <trkpt lat="44.705722" lon="6.602227"><ele>903.2</ele></trkpt>
      <trkpt lat="44.705703" lon="6.602250"><ele>903.2</ele></trkpt>
      <trkpt lat="44.705684" lon="6.602262"><ele>903.2</ele></trkpt>
      <trkpt lat="44.705608" lon="6.602254"><ele>903.5</ele></trkpt>
      <trkpt lat="44.705393" lon="6.602231"><ele>903.2</ele></trkpt>
      <trkpt lat="44.705311" lon="6.602215"><ele>903.0</ele></trkpt>
      <trkpt lat="44.705245" lon="6.602194"><ele>902.8</ele></trkpt>
      <trkpt lat="44.705174" lon="6.602082"><ele>902.5</ele></trkpt>
      <trkpt lat="44.705141" lon="6.602013"><ele>902.5</ele></trkpt>
      <trkpt lat="44.705052" lon="6.602055"><ele>902.0</ele></trkpt>
      <trkpt lat="44.704939" lon="6.601999"><ele>902.0</ele></trkpt>
      <trkpt lat="44.704536" lon="6.602349"><ele>901.5</ele></trkpt>
      <trkpt lat="44.704314" lon="6.602559"><ele>901.5</ele></trkpt>
      <trkpt lat="44.704258" lon="6.602605"><ele>901.2</ele></trkpt>
      <trkpt lat="44.703963" lon="6.602793"><ele>901.0</ele></trkpt>
      <trkpt lat="44.703838" lon="6.602944"><ele>900.8</ele></trkpt>
      <trkpt lat="44.703702" lon="6.603033"><ele>900.8</ele></trkpt>
      <trkpt lat="44.703521" lon="6.603076"><ele>900.5</ele></trkpt>
      <trkpt lat="44.703455" lon="6.603115"><ele>900.5</ele></trkpt>
      <trkpt lat="44.703361" lon="6.603172"><ele>900.2</ele></trkpt>
      <trkpt lat="44.703010" lon="6.603615"><ele>899.8</ele></trkpt>
      <trkpt lat="44.702938" lon="6.603682"><ele>899.5</ele></trkpt>
      <trkpt lat="44.702597" lon="6.603765"><ele>899.2</ele></trkpt>
      <trkpt lat="44.702480" lon="6.603846"><ele>899.5</ele></trkpt>
      <trkpt lat="44.702597" lon="6.603765"><ele>899.2</ele></trkpt>
      <trkpt lat="44.702938" lon="6.603682"><ele>899.5</ele></trkpt>
      <trkpt lat="44.703010" lon="6.603615"><ele>899.8</ele></trkpt>
      <trkpt lat="44.703361" lon="6.603172"><ele>900.2</ele></trkpt>
      <trkpt lat="44.703455" lon="6.603115"><ele>900.5</ele></trkpt>
      <trkpt lat="44.703521" lon="6.603076"><ele>900.5</ele></trkpt>
      <trkpt lat="44.703702" lon="6.603033"><ele>900.8</ele></trkpt>
      <trkpt lat="44.703838" lon="6.602944"><ele>900.8</ele></trkpt>
      <trkpt lat="44.703963" lon="6.602793"><ele>901.0</ele></trkpt>
      <trkpt lat="44.704258" lon="6.602605"><ele>901.2</ele></trkpt>
      <trkpt lat="44.704314" lon="6.602559"><ele>901.5</ele></trkpt>
      <trkpt lat="44.704536" lon="6.602349"><ele>901.5</ele></trkpt>
      <trkpt lat="44.704939" lon="6.601999"><ele>902.0</ele></trkpt>
      <trkpt lat="44.705052" lon="6.602055"><ele>902.0</ele></trkpt>
      <trkpt lat="44.705141" lon="6.602013"><ele>902.5</ele></trkpt>
      <trkpt lat="44.705174" lon="6.602082"><ele>902.5</ele></trkpt>
      <trkpt lat="44.705245" lon="6.602194"><ele>902.8</ele></trkpt>
      <trkpt lat="44.705311" lon="6.602215"><ele>903.0</ele></trkpt>
      <trkpt lat="44.705393" lon="6.602231"><ele>903.2</ele></trkpt>
      <trkpt lat="44.705608" lon="6.602254"><ele>903.5</ele></trkpt>
      <trkpt lat="44.705684" lon="6.602262"><ele>903.2</ele></trkpt>
      <trkpt lat="44.705703" lon="6.602250"><ele>903.2</ele></trkpt>
      <trkpt lat="44.705722" lon="6.602227"><ele>903.2</ele></trkpt>
      <trkpt lat="44.705763" lon="6.602297"><ele>903.0</ele></trkpt>
      <trkpt lat="44.706219" lon="6.603084"><ele>903.0</ele></trkpt>
      <trkpt lat="44.706265" lon="6.603189"><ele>903.0</ele></trkpt>
      <trkpt lat="44.706380" lon="6.603673"><ele>903.0</ele></trkpt>
      <trkpt lat="44.706401" lon="6.603739"><ele>903.2</ele></trkpt>
      <trkpt lat="44.706440" lon="6.603825"><ele>903.8</ele></trkpt>
      <trkpt lat="44.706490" lon="6.603923"><ele>904.0</ele></trkpt>
      <trkpt lat="44.706557" lon="6.604044"><ele>904.0</ele></trkpt>
      <trkpt lat="44.706587" lon="6.604102"><ele>904.0</ele></trkpt>
      <trkpt lat="44.706603" lon="6.604135"><ele>904.0</ele></trkpt>
      <trkpt lat="44.706640" lon="6.604273"><ele>904.2</ele></trkpt>
      <trkpt lat="44.706647" lon="6.604342"><ele>904.5</ele></trkpt>
      <trkpt lat="44.706628" lon="6.604416"><ele>904.8</ele></trkpt>
      <trkpt lat="44.706563" lon="6.604499"><ele>904.5</ele></trkpt>
      <trkpt lat="44.706488" lon="6.604560"><ele>904.0</ele></trkpt>
      <trkpt lat="44.706390" lon="6.604624"><ele>904.0</ele></trkpt>
      <trkpt lat="44.706342" lon="6.604646"><ele>904.0</ele></trkpt>
      <trkpt lat="44.706121" lon="6.604753"><ele>904.0</ele></trkpt>
      <trkpt lat="44.705764" lon="6.604952"><ele>905.0</ele></trkpt>
      <trkpt lat="44.705210" lon="6.605318"><ele>905.0</ele></trkpt>
      <trkpt lat="44.705010" lon="6.605475"><ele>905.8</ele></trkpt>
      <trkpt lat="44.704795" lon="6.605646"><ele>906.2</ele></trkpt>
      <trkpt lat="44.701627" lon="6.608381"><ele>902.5</ele></trkpt>
      <trkpt lat="44.700956" lon="6.608931"><ele>901.2</ele></trkpt>
      <trkpt lat="44.700549" lon="6.609275"><ele>901.0</ele></trkpt>
      <trkpt lat="44.700414" lon="6.609386"><ele>901.0</ele></trkpt>
      <trkpt lat="44.700031" lon="6.609644"><ele>900.2</ele></trkpt>
      <trkpt lat="44.699804" lon="6.609776"><ele>900.5</ele></trkpt>
      <trkpt lat="44.699566" lon="6.609927"><ele>900.2</ele></trkpt>
      <trkpt lat="44.699155" lon="6.610094"><ele>899.5</ele></trkpt>
      <trkpt lat="44.698746" lon="6.610228"><ele>900.0</ele></trkpt>
      <trkpt lat="44.697772" lon="6.610515"><ele>901.8</ele></trkpt>
      <trkpt lat="44.694463" lon="6.611464"><ele>919.2</ele></trkpt>
      <trkpt lat="44.693734" lon="6.611676"><ele>923.0</ele></trkpt>
      <trkpt lat="44.692438" lon="6.612040"><ele>927.5</ele></trkpt>
      <trkpt lat="44.692306" lon="6.612078"><ele>927.5</ele></trkpt>
      <trkpt lat="44.689861" lon="6.612792"><ele>928.5</ele></trkpt>
      <trkpt lat="44.687494" lon="6.613471"><ele>917.2</ele></trkpt>
      <trkpt lat="44.686453" lon="6.613772"><ele>911.0</ele></trkpt>
      <trkpt lat="44.685468" lon="6.614060"><ele>906.2</ele></trkpt>
      <trkpt lat="44.684945" lon="6.614212"><ele>904.8</ele></trkpt>
      <trkpt lat="44.684116" lon="6.614451"><ele>901.5</ele></trkpt>
      <trkpt lat="44.683919" lon="6.614508"><ele>900.5</ele></trkpt>
      <trkpt lat="44.683866" lon="6.614524"><ele>900.5</ele></trkpt>
      <trkpt lat="44.679491" lon="6.615797"><ele>889.0</ele></trkpt>
      <trkpt lat="44.678706" lon="6.616018"><ele>889.0</ele></trkpt>
      <trkpt lat="44.678417" lon="6.616104"><ele>889.0</ele></trkpt>
      <trkpt lat="44.678297" lon="6.616138"><ele>889.0</ele></trkpt>
      <trkpt lat="44.677436" lon="6.616383"><ele>888.8</ele></trkpt>
      <trkpt lat="44.677284" lon="6.616430"><ele>888.2</ele></trkpt>
      <trkpt lat="44.676954" lon="6.616502"><ele>888.0</ele></trkpt>
      <trkpt lat="44.676828" lon="6.616582"><ele>888.2</ele></trkpt>
      <trkpt lat="44.676654" lon="6.616617"><ele>888.8</ele></trkpt>
      <trkpt lat="44.676587" lon="6.616603"><ele>888.8</ele></trkpt>
      <trkpt lat="44.676460" lon="6.616624"><ele>888.8</ele></trkpt>
      <trkpt lat="44.676161" lon="6.616669"><ele>888.0</ele></trkpt>
      <trkpt lat="44.675968" lon="6.616707"><ele>888.0</ele></trkpt>
      <trkpt lat="44.675709" lon="6.616812"><ele>888.0</ele></trkpt>
      <trkpt lat="44.675471" lon="6.616961"><ele>888.0</ele></trkpt>
      <trkpt lat="44.675334" lon="6.616999"><ele>888.0</ele></trkpt>
      <trkpt lat="44.675012" lon="6.617091"><ele>887.8</ele></trkpt>
      <trkpt lat="44.674776" lon="6.617158"><ele>888.0</ele></trkpt>
      <trkpt lat="44.674665" lon="6.617187"><ele>888.0</ele></trkpt>
      <trkpt lat="44.674639" lon="6.617194"><ele>888.0</ele></trkpt>
      <trkpt lat="44.674499" lon="6.617230"><ele>888.0</ele></trkpt>
      <trkpt lat="44.674462" lon="6.617240"><ele>888.0</ele></trkpt>
      <trkpt lat="44.674439" lon="6.617246"><ele>888.0</ele></trkpt>
      <trkpt lat="44.674044" lon="6.617350"><ele>888.0</ele></trkpt>
      <trkpt lat="44.672974" lon="6.617662"><ele>888.0</ele></trkpt>
      <trkpt lat="44.672826" lon="6.617706"><ele>888.0</ele></trkpt>
      <trkpt lat="44.672761" lon="6.617723"><ele>888.0</ele></trkpt>
      <trkpt lat="44.672231" lon="6.617879"><ele>888.0</ele></trkpt>
      <trkpt lat="44.671994" lon="6.617944"><ele>888.0</ele></trkpt>
      <trkpt lat="44.671831" lon="6.618005"><ele>888.2</ele></trkpt>
      <trkpt lat="44.671696" lon="6.618046"><ele>888.8</ele></trkpt>
      <trkpt lat="44.671492" lon="6.618144"><ele>889.0</ele></trkpt>
      <trkpt lat="44.671374" lon="6.618178"><ele>889.0</ele></trkpt>
      <trkpt lat="44.671296" lon="6.618192"><ele>889.0</ele></trkpt>
      <trkpt lat="44.671202" lon="6.618204"><ele>889.0</ele></trkpt>
      <trkpt lat="44.671013" lon="6.618225"><ele>889.2</ele></trkpt>
      <trkpt lat="44.670949" lon="6.618241"><ele>889.5</ele></trkpt>
      <trkpt lat="44.670628" lon="6.618319"><ele>890.0</ele></trkpt>
      <trkpt lat="44.670172" lon="6.618448"><ele>890.0</ele></trkpt>
      <trkpt lat="44.669993" lon="6.618470"><ele>890.5</ele></trkpt>
      <trkpt lat="44.669722" lon="6.618485"><ele>891.5</ele></trkpt>
      <trkpt lat="44.669511" lon="6.618480"><ele>891.8</ele></trkpt>
      <trkpt lat="44.669282" lon="6.618451"><ele>892.0</ele></trkpt>
      <trkpt lat="44.669082" lon="6.618412"><ele>892.2</ele></trkpt>
      <trkpt lat="44.668770" lon="6.618327"><ele>893.2</ele></trkpt>
      <trkpt lat="44.668463" lon="6.618201"><ele>892.8</ele></trkpt>
      <trkpt lat="44.668238" lon="6.618097"><ele>893.8</ele></trkpt>
      <trkpt lat="44.668038" lon="6.617976"><ele>894.0</ele></trkpt>
      <trkpt lat="44.667670" lon="6.617706"><ele>894.5</ele></trkpt>
      <trkpt lat="44.667387" lon="6.617463"><ele>894.5</ele></trkpt>
      <trkpt lat="44.667144" lon="6.617199"><ele>894.5</ele></trkpt>
      <trkpt lat="44.666947" lon="6.616946"><ele>895.8</ele></trkpt>
      <trkpt lat="44.666882" lon="6.616859"><ele>895.5</ele></trkpt>
      <trkpt lat="44.666620" lon="6.616453"><ele>895.0</ele></trkpt>
      <trkpt lat="44.666481" lon="6.616205"><ele>894.8</ele></trkpt>
      <trkpt lat="44.666333" lon="6.615923"><ele>894.5</ele></trkpt>
      <trkpt lat="44.665993" lon="6.615261"><ele>894.5</ele></trkpt>
      <trkpt lat="44.665926" lon="6.615061"><ele>894.8</ele></trkpt>
      <trkpt lat="44.665853" lon="6.614791"><ele>895.5</ele></trkpt>
      <trkpt lat="44.665841" lon="6.614692"><ele>895.8</ele></trkpt>
      <trkpt lat="44.665850" lon="6.614636"><ele>895.5</ele></trkpt>
      <trkpt lat="44.665850" lon="6.614579"><ele>895.8</ele></trkpt>
      <trkpt lat="44.665836" lon="6.614501"><ele>895.8</ele></trkpt>
      <trkpt lat="44.665806" lon="6.614433"><ele>895.8</ele></trkpt>
      <trkpt lat="44.665762" lon="6.614380"><ele>895.2</ele></trkpt>
      <trkpt lat="44.665715" lon="6.614350"><ele>895.0</ele></trkpt>
      <trkpt lat="44.665663" lon="6.614339"><ele>895.0</ele></trkpt>
      <trkpt lat="44.665601" lon="6.614352"><ele>895.2</ele></trkpt>
      <trkpt lat="44.665546" lon="6.614393"><ele>895.5</ele></trkpt>
      <trkpt lat="44.665503" lon="6.614458"><ele>895.2</ele></trkpt>
      <trkpt lat="44.665477" lon="6.614538"><ele>895.0</ele></trkpt>
      <trkpt lat="44.665472" lon="6.614642"><ele>895.2</ele></trkpt>
      <trkpt lat="44.665403" lon="6.614785"><ele>894.8</ele></trkpt>
      <trkpt lat="44.665147" lon="6.615113"><ele>893.8</ele></trkpt>
      <trkpt lat="44.663155" lon="6.617106"><ele>898.0</ele></trkpt>
      <trkpt lat="44.663108" lon="6.617156"><ele>898.2</ele></trkpt>
      <trkpt lat="44.662492" lon="6.617767"><ele>901.0</ele></trkpt>
      <trkpt lat="44.662436" lon="6.617823"><ele>901.2</ele></trkpt>
      <trkpt lat="44.662202" lon="6.618055"><ele>903.0</ele></trkpt>
      <trkpt lat="44.662100" lon="6.618110"><ele>903.2</ele></trkpt>
      <trkpt lat="44.662041" lon="6.618142"><ele>903.5</ele></trkpt>
      <trkpt lat="44.661989" lon="6.618162"><ele>903.8</ele></trkpt>
      <trkpt lat="44.661946" lon="6.618141"><ele>903.8</ele></trkpt>
      <trkpt lat="44.661900" lon="6.618141"><ele>904.2</ele></trkpt>
      <trkpt lat="44.661857" lon="6.618160"><ele>904.5</ele></trkpt>
      <trkpt lat="44.661820" lon="6.618197"><ele>904.8</ele></trkpt>
      <trkpt lat="44.661793" lon="6.618248"><ele>905.0</ele></trkpt>
      <trkpt lat="44.661778" lon="6.618307"><ele>905.0</ele></trkpt>
      <trkpt lat="44.661777" lon="6.618369"><ele>905.0</ele></trkpt>
      <trkpt lat="44.661716" lon="6.618510"><ele>905.0</ele></trkpt>
      <trkpt lat="44.661626" lon="6.618633"><ele>905.2</ele></trkpt>
      <trkpt lat="44.661534" lon="6.618729"><ele>905.8</ele></trkpt>
      <trkpt lat="44.661480" lon="6.618782"><ele>906.2</ele></trkpt>
      <trkpt lat="44.661317" lon="6.618943"><ele>907.0</ele></trkpt>
      <trkpt lat="44.661246" lon="6.619015"><ele>907.2</ele></trkpt>
      <trkpt lat="44.660527" lon="6.619736"><ele>910.0</ele></trkpt>
      <trkpt lat="44.660428" lon="6.619845"><ele>910.0</ele></trkpt>
      <trkpt lat="44.660305" lon="6.619999"><ele>910.8</ele></trkpt>
      <trkpt lat="44.660159" lon="6.620200"><ele>910.5</ele></trkpt>
      <trkpt lat="44.660021" lon="6.620418"><ele>911.2</ele></trkpt>
      <trkpt lat="44.659897" lon="6.620647"><ele>911.5</ele></trkpt>
      <trkpt lat="44.659760" lon="6.620969"><ele>912.0</ele></trkpt>
      <trkpt lat="44.659663" lon="6.621246"><ele>911.8</ele></trkpt>
      <trkpt lat="44.659588" lon="6.621523"><ele>911.5</ele></trkpt>
      <trkpt lat="44.659511" lon="6.621845"><ele>911.5</ele></trkpt>
      <trkpt lat="44.659450" lon="6.622235"><ele>910.8</ele></trkpt>
      <trkpt lat="44.659423" lon="6.622592"><ele>909.8</ele></trkpt>
      <trkpt lat="44.659417" lon="6.622958"><ele>909.2</ele></trkpt>
      <trkpt lat="44.659491" lon="6.624207"><ele>911.5</ele></trkpt>
      <trkpt lat="44.659550" lon="6.625122"><ele>911.0</ele></trkpt>
      <trkpt lat="44.659571" lon="6.625485"><ele>911.2</ele></trkpt>
      <trkpt lat="44.659612" lon="6.626227"><ele>912.5</ele></trkpt>
      <trkpt lat="44.659662" lon="6.627130"><ele>915.0</ele></trkpt>
      <trkpt lat="44.659761" lon="6.628747"><ele>922.8</ele></trkpt>
      <trkpt lat="44.659782" lon="6.629231"><ele>925.5</ele></trkpt>
      <trkpt lat="44.659788" lon="6.629614"><ele>927.8</ele></trkpt>
      <trkpt lat="44.659780" lon="6.629854"><ele>928.8</ele></trkpt>
      <trkpt lat="44.659757" lon="6.630127"><ele>930.0</ele></trkpt>
      <trkpt lat="44.659716" lon="6.630425"><ele>931.2</ele></trkpt>
      <trkpt lat="44.659673" lon="6.630626"><ele>931.8</ele></trkpt>
      <trkpt lat="44.659622" lon="6.630819"><ele>932.8</ele></trkpt>
      <trkpt lat="44.659575" lon="6.630986"><ele>933.5</ele></trkpt>
      <trkpt lat="44.659509" lon="6.631183"><ele>934.2</ele></trkpt>
      <trkpt lat="44.659431" lon="6.631380"><ele>934.8</ele></trkpt>
      <trkpt lat="44.659272" lon="6.631727"><ele>936.0</ele></trkpt>
      <trkpt lat="44.659186" lon="6.631880"><ele>935.8</ele></trkpt>
      <trkpt lat="44.658942" lon="6.632268"><ele>936.8</ele></trkpt>
      <trkpt lat="44.658534" lon="6.632849"><ele>941.5</ele></trkpt>
      <trkpt lat="44.658467" lon="6.633006"><ele>942.5</ele></trkpt>
      <trkpt lat="44.658422" lon="6.633205"><ele>943.5</ele></trkpt>
      <trkpt lat="44.658403" lon="6.633413"><ele>944.0</ele></trkpt>
      <trkpt lat="44.658413" lon="6.633583"><ele>944.0</ele></trkpt>
      <trkpt lat="44.658447" lon="6.633757"><ele>944.8</ele></trkpt>
      <trkpt lat="44.658495" lon="6.633926"><ele>945.8</ele></trkpt>
      <trkpt lat="44.658554" lon="6.634083"><ele>945.8</ele></trkpt>
      <trkpt lat="44.658614" lon="6.634217"><ele>945.5</ele></trkpt>
      <trkpt lat="44.659197" lon="6.635569"><ele>952.8</ele></trkpt>
      <trkpt lat="44.659282" lon="6.635756"><ele>953.8</ele></trkpt>
      <trkpt lat="44.659722" lon="6.636811"><ele>955.2</ele></trkpt>
      <trkpt lat="44.659785" lon="6.636949"><ele>956.0</ele></trkpt>
      <trkpt lat="44.659839" lon="6.637114"><ele>957.0</ele></trkpt>
      <trkpt lat="44.659879" lon="6.637288"><ele>958.2</ele></trkpt>
      <trkpt lat="44.659898" lon="6.637482"><ele>959.5</ele></trkpt>
      <trkpt lat="44.659897" lon="6.637651"><ele>960.8</ele></trkpt>
      <trkpt lat="44.659862" lon="6.637924"><ele>961.8</ele></trkpt>
      <trkpt lat="44.659774" lon="6.638446"><ele>963.0</ele></trkpt>
      <trkpt lat="44.659759" lon="6.638682"><ele>964.0</ele></trkpt>
      <trkpt lat="44.659776" lon="6.638931"><ele>965.0</ele></trkpt>
      <trkpt lat="44.659931" lon="6.640078"><ele>968.2</ele></trkpt>
      <trkpt lat="44.659937" lon="6.640276"><ele>969.0</ele></trkpt>
      <trkpt lat="44.659928" lon="6.640457"><ele>970.2</ele></trkpt>
      <trkpt lat="44.659904" lon="6.640626"><ele>971.0</ele></trkpt>
      <trkpt lat="44.659873" lon="6.640736"><ele>971.2</ele></trkpt>
      <trkpt lat="44.659803" lon="6.640917"><ele>971.2</ele></trkpt>
      <trkpt lat="44.659637" lon="6.641230"><ele>970.8</ele></trkpt>
      <trkpt lat="44.659590" lon="6.641336"><ele>970.8</ele></trkpt>
      <trkpt lat="44.659526" lon="6.641505"><ele>972.0</ele></trkpt>
      <trkpt lat="44.659408" lon="6.641678"><ele>972.2</ele></trkpt>
      <trkpt lat="44.659367" lon="6.641731"><ele>972.0</ele></trkpt>
      <trkpt lat="44.659332" lon="6.641744"><ele>971.5</ele></trkpt>
      <trkpt lat="44.659301" lon="6.641773"><ele>971.0</ele></trkpt>
      <trkpt lat="44.659279" lon="6.641814"><ele>971.2</ele></trkpt>
      <trkpt lat="44.659267" lon="6.641863"><ele>971.5</ele></trkpt>
      <trkpt lat="44.659267" lon="6.641916"><ele>972.2</ele></trkpt>
      <trkpt lat="44.659279" lon="6.641966"><ele>973.0</ele></trkpt>
      <trkpt lat="44.659302" lon="6.642008"><ele>973.5</ele></trkpt>
      <trkpt lat="44.659353" lon="6.642047"><ele>974.5</ele></trkpt>
      <trkpt lat="44.659377" lon="6.642193"><ele>975.5</ele></trkpt>
      <trkpt lat="44.659386" lon="6.642368"><ele>975.8</ele></trkpt>
      <trkpt lat="44.659374" lon="6.642617"><ele>975.8</ele></trkpt>
      <trkpt lat="44.659358" lon="6.643187"><ele>977.0</ele></trkpt>
      <trkpt lat="44.659370" lon="6.643417"><ele>977.8</ele></trkpt>
      <trkpt lat="44.659391" lon="6.643580"><ele>978.2</ele></trkpt>
      <trkpt lat="44.659445" lon="6.643767"><ele>979.2</ele></trkpt>
      <trkpt lat="44.659525" lon="6.643957"><ele>980.5</ele></trkpt>
      <trkpt lat="44.659632" lon="6.644156"><ele>981.8</ele></trkpt>
      <trkpt lat="44.659879" lon="6.644571"><ele>985.5</ele></trkpt>
      <trkpt lat="44.660018" lon="6.644885"><ele>987.8</ele></trkpt>
      <trkpt lat="44.660038" lon="6.644952"><ele>988.0</ele></trkpt>
      <trkpt lat="44.660062" lon="6.645100"><ele>988.2</ele></trkpt>
      <trkpt lat="44.660079" lon="6.645350"><ele>988.5</ele></trkpt>
      <trkpt lat="44.660136" lon="6.646621"><ele>993.2</ele></trkpt>
      <trkpt lat="44.660136" lon="6.646865"><ele>994.0</ele></trkpt>
      <trkpt lat="44.660122" lon="6.647024"><ele>994.5</ele></trkpt>
      <trkpt lat="44.660112" lon="6.647077"><ele>994.8</ele></trkpt>
      <trkpt lat="44.659865" lon="6.648276"><ele>997.5</ele></trkpt>
      <trkpt lat="44.659852" lon="6.648390"><ele>998.0</ele></trkpt>
      <trkpt lat="44.659847" lon="6.648511"><ele>998.8</ele></trkpt>
      <trkpt lat="44.659815" lon="6.648510"><ele>998.2</ele></trkpt>
      <trkpt lat="44.659719" lon="6.648510"><ele>997.0</ele></trkpt>
    </trkseg>
  </trk>
</gpx>
