<?xml version="1.0" encoding="UTF-8"?>
<gpx version="1.1" creator="coucou-cosyn" xmlns="http://www.topografix.com/GPX/1/1">
<trk><name>Guillaume dimanche - La Salle / Alpe d Huez</name><trkseg>
<trkpt lat="44.946050" lon="6.560160"><ele>1382.0</ele></trkpt>
<trkpt lat="44.946140" lon="6.560040"><ele>1382.0</ele></trkpt>
<trkpt lat="44.946320" lon="6.559790"><ele>1382.0</ele></trkpt>
<trkpt lat="44.946450" lon="6.559640"><ele>1382.0</ele></trkpt>
<trkpt lat="44.946520" lon="6.559560"><ele>1382.0</ele></trkpt>
<trkpt lat="44.946590" lon="6.559490"><ele>1382.0</ele></trkpt>
<trkpt lat="44.946600" lon="6.559480"><ele>1382.0</ele></trkpt>
<trkpt lat="44.946660" lon="6.559430"><ele>1382.0</ele></trkpt>
<trkpt lat="44.946730" lon="6.559370"><ele>1382.0</ele></trkpt>
<trkpt lat="44.946810" lon="6.559320"><ele>1383.0</ele></trkpt>
<trkpt lat="44.946870" lon="6.559300"><ele>1383.0</ele></trkpt>
<trkpt lat="44.946920" lon="6.559270"><ele>1383.0</ele></trkpt>
<trkpt lat="44.946940" lon="6.559260"><ele>1383.0</ele></trkpt>
<trkpt lat="44.947050" lon="6.559200"><ele>1383.0</ele></trkpt>
<trkpt lat="44.947090" lon="6.559190"><ele>1383.0</ele></trkpt>
<trkpt lat="44.947200" lon="6.559130"><ele>1383.0</ele></trkpt>
<trkpt lat="44.947280" lon="6.559120"><ele>1383.0</ele></trkpt>
<trkpt lat="44.947300" lon="6.559110"><ele>1383.0</ele></trkpt>
<trkpt lat="44.947520" lon="6.558970"><ele>1383.0</ele></trkpt>
<trkpt lat="44.947640" lon="6.558890"><ele>1383.0</ele></trkpt>
<trkpt lat="44.947870" lon="6.558730"><ele>1384.0</ele></trkpt>
<trkpt lat="44.948050" lon="6.558550"><ele>1384.0</ele></trkpt>
<trkpt lat="44.948130" lon="6.558460"><ele>1385.0</ele></trkpt>
<trkpt lat="44.948220" lon="6.558360"><ele>1385.0</ele></trkpt>
<trkpt lat="44.948340" lon="6.558220"><ele>1386.0</ele></trkpt>
<trkpt lat="44.948630" lon="6.557820"><ele>1386.0</ele></trkpt>
<trkpt lat="44.948990" lon="6.557320"><ele>1387.0</ele></trkpt>
<trkpt lat="44.949130" lon="6.557130"><ele>1388.0</ele></trkpt>
<trkpt lat="44.949450" lon="6.556680"><ele>1389.0</ele></trkpt>
<trkpt lat="44.949700" lon="6.556360"><ele>1389.0</ele></trkpt>
<trkpt lat="44.950000" lon="6.555930"><ele>1390.0</ele></trkpt>
<trkpt lat="44.950180" lon="6.555660"><ele>1390.0</ele></trkpt>
<trkpt lat="44.950250" lon="6.555560"><ele>1390.0</ele></trkpt>
<trkpt lat="44.950640" lon="6.555030"><ele>1391.0</ele></trkpt>
<trkpt lat="44.950770" lon="6.554850"><ele>1391.0</ele></trkpt>
<trkpt lat="44.950830" lon="6.554760"><ele>1391.0</ele></trkpt>
<trkpt lat="44.950850" lon="6.554740"><ele>1391.0</ele></trkpt>
<trkpt lat="44.950890" lon="6.554650"><ele>1392.0</ele></trkpt>
<trkpt lat="44.951070" lon="6.554400"><ele>1392.0</ele></trkpt>
<trkpt lat="44.951280" lon="6.554100"><ele>1392.0</ele></trkpt>
<trkpt lat="44.951550" lon="6.553730"><ele>1392.0</ele></trkpt>
<trkpt lat="44.951600" lon="6.553660"><ele>1393.0</ele></trkpt>
<trkpt lat="44.951690" lon="6.553530"><ele>1393.0</ele></trkpt>
<trkpt lat="44.951830" lon="6.553340"><ele>1393.0</ele></trkpt>
<trkpt lat="44.951940" lon="6.553180"><ele>1393.0</ele></trkpt>
<trkpt lat="44.952080" lon="6.552980"><ele>1393.0</ele></trkpt>
<trkpt lat="44.952120" lon="6.552920"><ele>1394.0</ele></trkpt>
<trkpt lat="44.952580" lon="6.552290"><ele>1394.0</ele></trkpt>
<trkpt lat="44.952940" lon="6.551780"><ele>1395.0</ele></trkpt>
<trkpt lat="44.953180" lon="6.551430"><ele>1396.0</ele></trkpt>
<trkpt lat="44.953250" lon="6.551320"><ele>1396.0</ele></trkpt>
<trkpt lat="44.953530" lon="6.550920"><ele>1397.0</ele></trkpt>
<trkpt lat="44.953640" lon="6.550750"><ele>1397.0</ele></trkpt>
<trkpt lat="44.953730" lon="6.550590"><ele>1398.0</ele></trkpt>
<trkpt lat="44.953810" lon="6.550460"><ele>1398.0</ele></trkpt>
<trkpt lat="44.953910" lon="6.550290"><ele>1398.0</ele></trkpt>
<trkpt lat="44.953980" lon="6.550150"><ele>1398.0</ele></trkpt>
<trkpt lat="44.954050" lon="6.550040"><ele>1398.0</ele></trkpt>
<trkpt lat="44.954110" lon="6.549950"><ele>1399.0</ele></trkpt>
<trkpt lat="44.954160" lon="6.549890"><ele>1399.0</ele></trkpt>
<trkpt lat="44.954200" lon="6.549840"><ele>1399.0</ele></trkpt>
<trkpt lat="44.954250" lon="6.549790"><ele>1399.0</ele></trkpt>
<trkpt lat="44.954350" lon="6.549700"><ele>1399.0</ele></trkpt>
<trkpt lat="44.954440" lon="6.549610"><ele>1399.0</ele></trkpt>
<trkpt lat="44.954690" lon="6.549400"><ele>1399.0</ele></trkpt>
<trkpt lat="44.954770" lon="6.549330"><ele>1399.0</ele></trkpt>
<trkpt lat="44.955170" lon="6.549000"><ele>1400.0</ele></trkpt>
<trkpt lat="44.955460" lon="6.548760"><ele>1400.0</ele></trkpt>
<trkpt lat="44.955580" lon="6.548650"><ele>1400.0</ele></trkpt>
<trkpt lat="44.955710" lon="6.548540"><ele>1400.0</ele></trkpt>
<trkpt lat="44.955770" lon="6.548480"><ele>1400.0</ele></trkpt>
<trkpt lat="44.955820" lon="6.548410"><ele>1401.0</ele></trkpt>
<trkpt lat="44.955870" lon="6.548350"><ele>1401.0</ele></trkpt>
<trkpt lat="44.955950" lon="6.548250"><ele>1401.0</ele></trkpt>
<trkpt lat="44.956040" lon="6.548100"><ele>1401.0</ele></trkpt>
<trkpt lat="44.956250" lon="6.547760"><ele>1401.0</ele></trkpt>
<trkpt lat="44.956400" lon="6.547520"><ele>1401.0</ele></trkpt>
<trkpt lat="44.956700" lon="6.547050"><ele>1402.0</ele></trkpt>
<trkpt lat="44.957030" lon="6.546520"><ele>1402.0</ele></trkpt>
<trkpt lat="44.957050" lon="6.546490"><ele>1403.0</ele></trkpt>
<trkpt lat="44.957220" lon="6.546210"><ele>1403.0</ele></trkpt>
<trkpt lat="44.957360" lon="6.545980"><ele>1403.0</ele></trkpt>
<trkpt lat="44.957430" lon="6.545860"><ele>1404.0</ele></trkpt>
<trkpt lat="44.957470" lon="6.545770"><ele>1404.0</ele></trkpt>
<trkpt lat="44.957510" lon="6.545660"><ele>1404.0</ele></trkpt>
<trkpt lat="44.957550" lon="6.545570"><ele>1404.0</ele></trkpt>
<trkpt lat="44.957580" lon="6.545470"><ele>1404.0</ele></trkpt>
<trkpt lat="44.957610" lon="6.545360"><ele>1404.0</ele></trkpt>
<trkpt lat="44.957640" lon="6.545230"><ele>1404.0</ele></trkpt>
<trkpt lat="44.957660" lon="6.545140"><ele>1404.0</ele></trkpt>
<trkpt lat="44.957730" lon="6.544790"><ele>1404.0</ele></trkpt>
<trkpt lat="44.957780" lon="6.544440"><ele>1404.0</ele></trkpt>
<trkpt lat="44.957900" lon="6.543720"><ele>1404.0</ele></trkpt>
<trkpt lat="44.958010" lon="6.543080"><ele>1404.0</ele></trkpt>
<trkpt lat="44.958050" lon="6.542840"><ele>1404.0</ele></trkpt>
<trkpt lat="44.958080" lon="6.542710"><ele>1404.0</ele></trkpt>
<trkpt lat="44.958100" lon="6.542610"><ele>1404.0</ele></trkpt>
<trkpt lat="44.958120" lon="6.542530"><ele>1404.0</ele></trkpt>
<trkpt lat="44.958140" lon="6.542450"><ele>1404.0</ele></trkpt>
<trkpt lat="44.958170" lon="6.542350"><ele>1405.0</ele></trkpt>
<trkpt lat="44.958200" lon="6.542260"><ele>1405.0</ele></trkpt>
<trkpt lat="44.958240" lon="6.542160"><ele>1405.0</ele></trkpt>
<trkpt lat="44.958260" lon="6.542120"><ele>1405.0</ele></trkpt>
<trkpt lat="44.958270" lon="6.542090"><ele>1405.0</ele></trkpt>
<trkpt lat="44.958310" lon="6.542010"><ele>1405.0</ele></trkpt>
<trkpt lat="44.958360" lon="6.541920"><ele>1406.0</ele></trkpt>
<trkpt lat="44.958360" lon="6.541910"><ele>1406.0</ele></trkpt>
<trkpt lat="44.958400" lon="6.541860"><ele>1406.0</ele></trkpt>
<trkpt lat="44.958470" lon="6.541750"><ele>1406.0</ele></trkpt>
<trkpt lat="44.958490" lon="6.541730"><ele>1406.0</ele></trkpt>
<trkpt lat="44.958640" lon="6.541540"><ele>1406.0</ele></trkpt>
<trkpt lat="44.958760" lon="6.541400"><ele>1407.0</ele></trkpt>
<trkpt lat="44.959420" lon="6.540640"><ele>1408.0</ele></trkpt>
<trkpt lat="44.959450" lon="6.540590"><ele>1408.0</ele></trkpt>
<trkpt lat="44.959590" lon="6.540430"><ele>1409.0</ele></trkpt>
<trkpt lat="44.960530" lon="6.539350"><ele>1410.0</ele></trkpt>
<trkpt lat="44.960570" lon="6.539310"><ele>1410.0</ele></trkpt>
<trkpt lat="44.960710" lon="6.539150"><ele>1410.0</ele></trkpt>
<trkpt lat="44.960850" lon="6.538990"><ele>1411.0</ele></trkpt>
<trkpt lat="44.960990" lon="6.538840"><ele>1411.0</ele></trkpt>
<trkpt lat="44.961280" lon="6.538520"><ele>1412.0</ele></trkpt>
<trkpt lat="44.961450" lon="6.538350"><ele>1412.0</ele></trkpt>
<trkpt lat="44.961650" lon="6.538170"><ele>1413.0</ele></trkpt>
<trkpt lat="44.962030" lon="6.537840"><ele>1413.0</ele></trkpt>
<trkpt lat="44.962280" lon="6.537620"><ele>1414.0</ele></trkpt>
<trkpt lat="44.962370" lon="6.537550"><ele>1414.0</ele></trkpt>
<trkpt lat="44.962420" lon="6.537500"><ele>1415.0</ele></trkpt>
<trkpt lat="44.962540" lon="6.537410"><ele>1415.0</ele></trkpt>
<trkpt lat="44.962610" lon="6.537350"><ele>1416.0</ele></trkpt>
<trkpt lat="44.962850" lon="6.537180"><ele>1416.0</ele></trkpt>
<trkpt lat="44.962960" lon="6.537100"><ele>1417.0</ele></trkpt>
<trkpt lat="44.963510" lon="6.536690"><ele>1418.0</ele></trkpt>
<trkpt lat="44.963730" lon="6.536530"><ele>1419.0</ele></trkpt>
<trkpt lat="44.963880" lon="6.536420"><ele>1419.0</ele></trkpt>
<trkpt lat="44.963890" lon="6.536420"><ele>1420.0</ele></trkpt>
<trkpt lat="44.964050" lon="6.536300"><ele>1420.0</ele></trkpt>
<trkpt lat="44.964130" lon="6.536230"><ele>1421.0</ele></trkpt>
<trkpt lat="44.964200" lon="6.536170"><ele>1421.0</ele></trkpt>
<trkpt lat="44.964230" lon="6.536140"><ele>1421.0</ele></trkpt>
<trkpt lat="44.964290" lon="6.536080"><ele>1421.0</ele></trkpt>
<trkpt lat="44.964360" lon="6.535990"><ele>1421.0</ele></trkpt>
<trkpt lat="44.964430" lon="6.535910"><ele>1422.0</ele></trkpt>
<trkpt lat="44.964540" lon="6.535740"><ele>1422.0</ele></trkpt>
<trkpt lat="44.964680" lon="6.535510"><ele>1422.0</ele></trkpt>
<trkpt lat="44.964710" lon="6.535450"><ele>1422.0</ele></trkpt>
<trkpt lat="44.964720" lon="6.535440"><ele>1422.0</ele></trkpt>
<trkpt lat="44.964760" lon="6.535360"><ele>1422.0</ele></trkpt>
<trkpt lat="44.964810" lon="6.535280"><ele>1422.0</ele></trkpt>
<trkpt lat="44.964870" lon="6.535160"><ele>1422.0</ele></trkpt>
<trkpt lat="44.965010" lon="6.534930"><ele>1422.0</ele></trkpt>
<trkpt lat="44.965100" lon="6.534770"><ele>1422.0</ele></trkpt>
<trkpt lat="44.965220" lon="6.534570"><ele>1422.0</ele></trkpt>
<trkpt lat="44.965300" lon="6.534420"><ele>1422.0</ele></trkpt>
<trkpt lat="44.965600" lon="6.533910"><ele>1423.0</ele></trkpt>
<trkpt lat="44.965900" lon="6.533420"><ele>1424.0</ele></trkpt>
<trkpt lat="44.966140" lon="6.533030"><ele>1425.0</ele></trkpt>
<trkpt lat="44.966260" lon="6.532830"><ele>1426.0</ele></trkpt>
<trkpt lat="44.966340" lon="6.532730"><ele>1427.0</ele></trkpt>
<trkpt lat="44.966510" lon="6.532490"><ele>1428.0</ele></trkpt>
<trkpt lat="44.966710" lon="6.532240"><ele>1429.0</ele></trkpt>
<trkpt lat="44.966800" lon="6.532130"><ele>1429.0</ele></trkpt>
<trkpt lat="44.966870" lon="6.532050"><ele>1430.0</ele></trkpt>
<trkpt lat="44.966930" lon="6.531980"><ele>1430.0</ele></trkpt>
<trkpt lat="44.967140" lon="6.531780"><ele>1430.0</ele></trkpt>
<trkpt lat="44.967160" lon="6.531750"><ele>1431.0</ele></trkpt>
<trkpt lat="44.967240" lon="6.531670"><ele>1431.0</ele></trkpt>
<trkpt lat="44.967300" lon="6.531600"><ele>1431.0</ele></trkpt>
<trkpt lat="44.967350" lon="6.531540"><ele>1431.0</ele></trkpt>
<trkpt lat="44.967440" lon="6.531420"><ele>1432.0</ele></trkpt>
<trkpt lat="44.967480" lon="6.531350"><ele>1432.0</ele></trkpt>
<trkpt lat="44.967520" lon="6.531280"><ele>1432.0</ele></trkpt>
<trkpt lat="44.967550" lon="6.531230"><ele>1432.0</ele></trkpt>
<trkpt lat="44.967600" lon="6.531120"><ele>1432.0</ele></trkpt>
<trkpt lat="44.967640" lon="6.531010"><ele>1433.0</ele></trkpt>
<trkpt lat="44.967680" lon="6.530920"><ele>1433.0</ele></trkpt>
<trkpt lat="44.967710" lon="6.530810"><ele>1433.0</ele></trkpt>
<trkpt lat="44.967740" lon="6.530710"><ele>1433.0</ele></trkpt>
<trkpt lat="44.967760" lon="6.530620"><ele>1433.0</ele></trkpt>
<trkpt lat="44.967780" lon="6.530520"><ele>1433.0</ele></trkpt>
<trkpt lat="44.967790" lon="6.530420"><ele>1433.0</ele></trkpt>
<trkpt lat="44.967800" lon="6.530330"><ele>1434.0</ele></trkpt>
<trkpt lat="44.967800" lon="6.530240"><ele>1434.0</ele></trkpt>
<trkpt lat="44.967810" lon="6.530110"><ele>1434.0</ele></trkpt>
<trkpt lat="44.967800" lon="6.529960"><ele>1434.0</ele></trkpt>
<trkpt lat="44.967800" lon="6.529830"><ele>1434.0</ele></trkpt>
<trkpt lat="44.967760" lon="6.529560"><ele>1434.0</ele></trkpt>
<trkpt lat="44.967750" lon="6.529450"><ele>1434.0</ele></trkpt>
<trkpt lat="44.967730" lon="6.529190"><ele>1435.0</ele></trkpt>
<trkpt lat="44.967720" lon="6.529010"><ele>1435.0</ele></trkpt>
<trkpt lat="44.967710" lon="6.528880"><ele>1435.0</ele></trkpt>
<trkpt lat="44.967710" lon="6.528770"><ele>1435.0</ele></trkpt>
<trkpt lat="44.967720" lon="6.528700"><ele>1435.0</ele></trkpt>
<trkpt lat="44.967720" lon="6.528600"><ele>1436.0</ele></trkpt>
<trkpt lat="44.967730" lon="6.528500"><ele>1436.0</ele></trkpt>
<trkpt lat="44.967750" lon="6.528360"><ele>1436.0</ele></trkpt>
<trkpt lat="44.967770" lon="6.528250"><ele>1436.0</ele></trkpt>
<trkpt lat="44.967780" lon="6.528200"><ele>1436.0</ele></trkpt>
<trkpt lat="44.967790" lon="6.528180"><ele>1436.0</ele></trkpt>
<trkpt lat="44.967800" lon="6.528120"><ele>1436.0</ele></trkpt>
<trkpt lat="44.967840" lon="6.527970"><ele>1436.0</ele></trkpt>
<trkpt lat="44.967880" lon="6.527830"><ele>1436.0</ele></trkpt>
<trkpt lat="44.967940" lon="6.527630"><ele>1437.0</ele></trkpt>
<trkpt lat="44.968060" lon="6.527230"><ele>1437.0</ele></trkpt>
<trkpt lat="44.968090" lon="6.527110"><ele>1437.0</ele></trkpt>
<trkpt lat="44.968190" lon="6.526780"><ele>1438.0</ele></trkpt>
<trkpt lat="44.968220" lon="6.526650"><ele>1438.0</ele></trkpt>
<trkpt lat="44.968240" lon="6.526530"><ele>1438.0</ele></trkpt>
<trkpt lat="44.968350" lon="6.525870"><ele>1439.0</ele></trkpt>
<trkpt lat="44.968400" lon="6.525590"><ele>1439.0</ele></trkpt>
<trkpt lat="44.968430" lon="6.525440"><ele>1440.0</ele></trkpt>
<trkpt lat="44.968490" lon="6.525230"><ele>1440.0</ele></trkpt>
<trkpt lat="44.968570" lon="6.524950"><ele>1440.0</ele></trkpt>
<trkpt lat="44.968630" lon="6.524740"><ele>1441.0</ele></trkpt>
<trkpt lat="44.968690" lon="6.524560"><ele>1441.0</ele></trkpt>
<trkpt lat="44.968730" lon="6.524440"><ele>1441.0</ele></trkpt>
<trkpt lat="44.968780" lon="6.524320"><ele>1441.0</ele></trkpt>
<trkpt lat="44.968820" lon="6.524230"><ele>1442.0</ele></trkpt>
<trkpt lat="44.968850" lon="6.524150"><ele>1442.0</ele></trkpt>
<trkpt lat="44.968900" lon="6.524060"><ele>1442.0</ele></trkpt>
<trkpt lat="44.968940" lon="6.524000"><ele>1442.0</ele></trkpt>
<trkpt lat="44.968970" lon="6.523960"><ele>1442.0</ele></trkpt>
<trkpt lat="44.968970" lon="6.523950"><ele>1442.0</ele></trkpt>
<trkpt lat="44.969020" lon="6.523880"><ele>1442.0</ele></trkpt>
<trkpt lat="44.969070" lon="6.523830"><ele>1443.0</ele></trkpt>
<trkpt lat="44.969100" lon="6.523790"><ele>1443.0</ele></trkpt>
<trkpt lat="44.969130" lon="6.523770"><ele>1443.0</ele></trkpt>
<trkpt lat="44.969190" lon="6.523710"><ele>1443.0</ele></trkpt>
<trkpt lat="44.969250" lon="6.523660"><ele>1443.0</ele></trkpt>
<trkpt lat="44.969340" lon="6.523600"><ele>1443.0</ele></trkpt>
<trkpt lat="44.969490" lon="6.523510"><ele>1443.0</ele></trkpt>
<trkpt lat="44.969670" lon="6.523420"><ele>1443.0</ele></trkpt>
<trkpt lat="44.969790" lon="6.523370"><ele>1444.0</ele></trkpt>
<trkpt lat="44.969930" lon="6.523300"><ele>1444.0</ele></trkpt>
<trkpt lat="44.970100" lon="6.523230"><ele>1444.0</ele></trkpt>
<trkpt lat="44.970250" lon="6.523160"><ele>1445.0</ele></trkpt>
<trkpt lat="44.970270" lon="6.523150"><ele>1445.0</ele></trkpt>
<trkpt lat="44.970400" lon="6.523090"><ele>1445.0</ele></trkpt>
<trkpt lat="44.970440" lon="6.523070"><ele>1446.0</ele></trkpt>
<trkpt lat="44.970510" lon="6.523040"><ele>1446.0</ele></trkpt>
<trkpt lat="44.970600" lon="6.522990"><ele>1446.0</ele></trkpt>
<trkpt lat="44.970610" lon="6.522980"><ele>1446.0</ele></trkpt>
<trkpt lat="44.970670" lon="6.522940"><ele>1447.0</ele></trkpt>
<trkpt lat="44.970730" lon="6.522900"><ele>1447.0</ele></trkpt>
<trkpt lat="44.970800" lon="6.522830"><ele>1447.0</ele></trkpt>
<trkpt lat="44.970860" lon="6.522780"><ele>1447.0</ele></trkpt>
<trkpt lat="44.970910" lon="6.522730"><ele>1447.0</ele></trkpt>
<trkpt lat="44.970960" lon="6.522670"><ele>1447.0</ele></trkpt>
<trkpt lat="44.971020" lon="6.522590"><ele>1448.0</ele></trkpt>
<trkpt lat="44.971050" lon="6.522550"><ele>1448.0</ele></trkpt>
<trkpt lat="44.971080" lon="6.522490"><ele>1448.0</ele></trkpt>
<trkpt lat="44.971140" lon="6.522390"><ele>1448.0</ele></trkpt>
<trkpt lat="44.971160" lon="6.522350"><ele>1448.0</ele></trkpt>
<trkpt lat="44.971200" lon="6.522260"><ele>1448.0</ele></trkpt>
<trkpt lat="44.971300" lon="6.521990"><ele>1448.0</ele></trkpt>
<trkpt lat="44.971570" lon="6.521260"><ele>1449.0</ele></trkpt>
<trkpt lat="44.971590" lon="6.521200"><ele>1449.0</ele></trkpt>
<trkpt lat="44.971670" lon="6.520980"><ele>1449.0</ele></trkpt>
<trkpt lat="44.971750" lon="6.520750"><ele>1449.0</ele></trkpt>
<trkpt lat="44.971840" lon="6.520520"><ele>1449.0</ele></trkpt>
<trkpt lat="44.971920" lon="6.520300"><ele>1449.0</ele></trkpt>
<trkpt lat="44.971960" lon="6.520180"><ele>1449.0</ele></trkpt>
<trkpt lat="44.972000" lon="6.520070"><ele>1449.0</ele></trkpt>
<trkpt lat="44.972080" lon="6.519880"><ele>1449.0</ele></trkpt>
<trkpt lat="44.972180" lon="6.519650"><ele>1450.0</ele></trkpt>
<trkpt lat="44.972190" lon="6.519640"><ele>1450.0</ele></trkpt>
<trkpt lat="44.972260" lon="6.519480"><ele>1450.0</ele></trkpt>
<trkpt lat="44.972290" lon="6.519430"><ele>1450.0</ele></trkpt>
<trkpt lat="44.972300" lon="6.519410"><ele>1450.0</ele></trkpt>
<trkpt lat="44.972330" lon="6.519360"><ele>1450.0</ele></trkpt>
<trkpt lat="44.972370" lon="6.519310"><ele>1450.0</ele></trkpt>
<trkpt lat="44.972420" lon="6.519240"><ele>1450.0</ele></trkpt>
<trkpt lat="44.972520" lon="6.519100"><ele>1451.0</ele></trkpt>
<trkpt lat="44.972550" lon="6.519070"><ele>1451.0</ele></trkpt>
<trkpt lat="44.972630" lon="6.518960"><ele>1451.0</ele></trkpt>
<trkpt lat="44.972680" lon="6.518900"><ele>1451.0</ele></trkpt>
<trkpt lat="44.972880" lon="6.518660"><ele>1451.0</ele></trkpt>
<trkpt lat="44.973020" lon="6.518490"><ele>1451.0</ele></trkpt>
<trkpt lat="44.973070" lon="6.518420"><ele>1452.0</ele></trkpt>
<trkpt lat="44.973280" lon="6.518150"><ele>1452.0</ele></trkpt>
<trkpt lat="44.973300" lon="6.518120"><ele>1452.0</ele></trkpt>
<trkpt lat="44.973430" lon="6.517930"><ele>1453.0</ele></trkpt>
<trkpt lat="44.973490" lon="6.517840"><ele>1453.0</ele></trkpt>
<trkpt lat="44.973550" lon="6.517750"><ele>1453.0</ele></trkpt>
<trkpt lat="44.973670" lon="6.517560"><ele>1454.0</ele></trkpt>
<trkpt lat="44.973780" lon="6.517430"><ele>1455.0</ele></trkpt>
<trkpt lat="44.973810" lon="6.517400"><ele>1455.0</ele></trkpt>
<trkpt lat="44.973830" lon="6.517370"><ele>1455.0</ele></trkpt>
<trkpt lat="44.973870" lon="6.517330"><ele>1456.0</ele></trkpt>
<trkpt lat="44.973900" lon="6.517300"><ele>1456.0</ele></trkpt>
<trkpt lat="44.973950" lon="6.517260"><ele>1456.0</ele></trkpt>
<trkpt lat="44.973980" lon="6.517240"><ele>1456.0</ele></trkpt>
<trkpt lat="44.974030" lon="6.517200"><ele>1457.0</ele></trkpt>
<trkpt lat="44.974100" lon="6.517160"><ele>1457.0</ele></trkpt>
<trkpt lat="44.974120" lon="6.517150"><ele>1457.0</ele></trkpt>
<trkpt lat="44.974190" lon="6.517120"><ele>1457.0</ele></trkpt>
<trkpt lat="44.974270" lon="6.517080"><ele>1458.0</ele></trkpt>
<trkpt lat="44.974290" lon="6.517070"><ele>1458.0</ele></trkpt>
<trkpt lat="44.974360" lon="6.517040"><ele>1458.0</ele></trkpt>
<trkpt lat="44.974450" lon="6.517010"><ele>1458.0</ele></trkpt>
<trkpt lat="44.974600" lon="6.516950"><ele>1459.0</ele></trkpt>
<trkpt lat="44.974780" lon="6.516880"><ele>1459.0</ele></trkpt>
<trkpt lat="44.974950" lon="6.516770"><ele>1460.0</ele></trkpt>
<trkpt lat="44.975110" lon="6.516640"><ele>1461.0</ele></trkpt>
<trkpt lat="44.975230" lon="6.516530"><ele>1462.0</ele></trkpt>
<trkpt lat="44.975340" lon="6.516380"><ele>1462.0</ele></trkpt>
<trkpt lat="44.975430" lon="6.516230"><ele>1463.0</ele></trkpt>
<trkpt lat="44.975440" lon="6.516210"><ele>1464.0</ele></trkpt>
<trkpt lat="44.975520" lon="6.516060"><ele>1464.0</ele></trkpt>
<trkpt lat="44.975600" lon="6.515890"><ele>1465.0</ele></trkpt>
<trkpt lat="44.975610" lon="6.515860"><ele>1465.0</ele></trkpt>
<trkpt lat="44.975700" lon="6.515620"><ele>1466.0</ele></trkpt>
<trkpt lat="44.975950" lon="6.514870"><ele>1468.0</ele></trkpt>
<trkpt lat="44.976030" lon="6.514640"><ele>1469.0</ele></trkpt>
<trkpt lat="44.976100" lon="6.514430"><ele>1470.0</ele></trkpt>
<trkpt lat="44.976160" lon="6.514210"><ele>1470.0</ele></trkpt>
<trkpt lat="44.976190" lon="6.514100"><ele>1471.0</ele></trkpt>
<trkpt lat="44.976210" lon="6.514020"><ele>1471.0</ele></trkpt>
<trkpt lat="44.976210" lon="6.513980"><ele>1472.0</ele></trkpt>
<trkpt lat="44.976220" lon="6.513920"><ele>1472.0</ele></trkpt>
<trkpt lat="44.976230" lon="6.513850"><ele>1472.0</ele></trkpt>
<trkpt lat="44.976240" lon="6.513750"><ele>1472.0</ele></trkpt>
<trkpt lat="44.976240" lon="6.513680"><ele>1472.0</ele></trkpt>
<trkpt lat="44.976240" lon="6.513570"><ele>1473.0</ele></trkpt>
<trkpt lat="44.976240" lon="6.513490"><ele>1473.0</ele></trkpt>
<trkpt lat="44.976220" lon="6.513390"><ele>1473.0</ele></trkpt>
<trkpt lat="44.976220" lon="6.513340"><ele>1473.0</ele></trkpt>
<trkpt lat="44.976210" lon="6.513310"><ele>1473.0</ele></trkpt>
<trkpt lat="44.976210" lon="6.513280"><ele>1473.0</ele></trkpt>
<trkpt lat="44.976200" lon="6.513230"><ele>1473.0</ele></trkpt>
<trkpt lat="44.976180" lon="6.513160"><ele>1474.0</ele></trkpt>
<trkpt lat="44.976150" lon="6.513090"><ele>1474.0</ele></trkpt>
<trkpt lat="44.976130" lon="6.513020"><ele>1474.0</ele></trkpt>
<trkpt lat="44.976090" lon="6.512900"><ele>1474.0</ele></trkpt>
<trkpt lat="44.976070" lon="6.512870"><ele>1474.0</ele></trkpt>
<trkpt lat="44.976050" lon="6.512810"><ele>1474.0</ele></trkpt>
<trkpt lat="44.975980" lon="6.512660"><ele>1474.0</ele></trkpt>
<trkpt lat="44.975950" lon="6.512590"><ele>1475.0</ele></trkpt>
<trkpt lat="44.975850" lon="6.512360"><ele>1475.0</ele></trkpt>
<trkpt lat="44.975820" lon="6.512280"><ele>1475.0</ele></trkpt>
<trkpt lat="44.975800" lon="6.512220"><ele>1475.0</ele></trkpt>
<trkpt lat="44.975790" lon="6.512170"><ele>1476.0</ele></trkpt>
<trkpt lat="44.975770" lon="6.512080"><ele>1476.0</ele></trkpt>
<trkpt lat="44.975760" lon="6.512010"><ele>1476.0</ele></trkpt>
<trkpt lat="44.975750" lon="6.511950"><ele>1476.0</ele></trkpt>
<trkpt lat="44.975750" lon="6.511820"><ele>1477.0</ele></trkpt>
<trkpt lat="44.975750" lon="6.511730"><ele>1477.0</ele></trkpt>
<trkpt lat="44.975750" lon="6.511670"><ele>1477.0</ele></trkpt>
<trkpt lat="44.975750" lon="6.511620"><ele>1477.0</ele></trkpt>
<trkpt lat="44.975750" lon="6.511500"><ele>1478.0</ele></trkpt>
<trkpt lat="44.975760" lon="6.511390"><ele>1478.0</ele></trkpt>
<trkpt lat="44.975760" lon="6.511300"><ele>1478.0</ele></trkpt>
<trkpt lat="44.975800" lon="6.511120"><ele>1479.0</ele></trkpt>
<trkpt lat="44.975810" lon="6.510940"><ele>1479.0</ele></trkpt>
<trkpt lat="44.975840" lon="6.510760"><ele>1480.0</ele></trkpt>
<trkpt lat="44.975870" lon="6.510590"><ele>1480.0</ele></trkpt>
<trkpt lat="44.975900" lon="6.510410"><ele>1481.0</ele></trkpt>
<trkpt lat="44.975920" lon="6.510280"><ele>1481.0</ele></trkpt>
<trkpt lat="44.975940" lon="6.510170"><ele>1482.0</ele></trkpt>
<trkpt lat="44.975950" lon="6.510090"><ele>1482.0</ele></trkpt>
<trkpt lat="44.975960" lon="6.509960"><ele>1482.0</ele></trkpt>
<trkpt lat="44.975980" lon="6.509810"><ele>1483.0</ele></trkpt>
<trkpt lat="44.975980" lon="6.509660"><ele>1483.0</ele></trkpt>
<trkpt lat="44.975980" lon="6.509630"><ele>1483.0</ele></trkpt>
<trkpt lat="44.975980" lon="6.509530"><ele>1483.0</ele></trkpt>
<trkpt lat="44.975970" lon="6.509480"><ele>1484.0</ele></trkpt>
<trkpt lat="44.975970" lon="6.509440"><ele>1484.0</ele></trkpt>
<trkpt lat="44.975940" lon="6.509210"><ele>1484.0</ele></trkpt>
<trkpt lat="44.975910" lon="6.508850"><ele>1484.0</ele></trkpt>
<trkpt lat="44.975900" lon="6.508720"><ele>1484.0</ele></trkpt>
<trkpt lat="44.975900" lon="6.508640"><ele>1484.0</ele></trkpt>
<trkpt lat="44.975900" lon="6.508470"><ele>1484.0</ele></trkpt>
<trkpt lat="44.975910" lon="6.508340"><ele>1484.0</ele></trkpt>
<trkpt lat="44.975940" lon="6.508180"><ele>1485.0</ele></trkpt>
<trkpt lat="44.975980" lon="6.507990"><ele>1485.0</ele></trkpt>
<trkpt lat="44.976030" lon="6.507880"><ele>1485.0</ele></trkpt>
<trkpt lat="44.976050" lon="6.507810"><ele>1485.0</ele></trkpt>
<trkpt lat="44.976090" lon="6.507720"><ele>1485.0</ele></trkpt>
<trkpt lat="44.976190" lon="6.507500"><ele>1485.0</ele></trkpt>
<trkpt lat="44.976260" lon="6.507340"><ele>1485.0</ele></trkpt>
<trkpt lat="44.976350" lon="6.507120"><ele>1486.0</ele></trkpt>
<trkpt lat="44.976370" lon="6.507080"><ele>1486.0</ele></trkpt>
<trkpt lat="44.976430" lon="6.506930"><ele>1486.0</ele></trkpt>
<trkpt lat="44.976450" lon="6.506890"><ele>1487.0</ele></trkpt>
<trkpt lat="44.976460" lon="6.506860"><ele>1487.0</ele></trkpt>
<trkpt lat="44.976640" lon="6.506480"><ele>1487.0</ele></trkpt>
<trkpt lat="44.976660" lon="6.506440"><ele>1488.0</ele></trkpt>
<trkpt lat="44.976840" lon="6.506060"><ele>1489.0</ele></trkpt>
<trkpt lat="44.976960" lon="6.505800"><ele>1490.0</ele></trkpt>
<trkpt lat="44.977060" lon="6.505590"><ele>1490.0</ele></trkpt>
<trkpt lat="44.977160" lon="6.505380"><ele>1491.0</ele></trkpt>
<trkpt lat="44.977360" lon="6.504950"><ele>1492.0</ele></trkpt>
<trkpt lat="44.977500" lon="6.504640"><ele>1493.0</ele></trkpt>
<trkpt lat="44.977680" lon="6.504280"><ele>1494.0</ele></trkpt>
<trkpt lat="44.977730" lon="6.504180"><ele>1495.0</ele></trkpt>
<trkpt lat="44.977760" lon="6.504110"><ele>1496.0</ele></trkpt>
<trkpt lat="44.977780" lon="6.504070"><ele>1496.0</ele></trkpt>
<trkpt lat="44.977830" lon="6.503960"><ele>1496.0</ele></trkpt>
<trkpt lat="44.977920" lon="6.503750"><ele>1497.0</ele></trkpt>
<trkpt lat="44.977960" lon="6.503650"><ele>1497.0</ele></trkpt>
<trkpt lat="44.978000" lon="6.503530"><ele>1498.0</ele></trkpt>
<trkpt lat="44.978070" lon="6.503340"><ele>1498.0</ele></trkpt>
<trkpt lat="44.978080" lon="6.503300"><ele>1498.0</ele></trkpt>
<trkpt lat="44.978110" lon="6.503190"><ele>1499.0</ele></trkpt>
<trkpt lat="44.978190" lon="6.502910"><ele>1499.0</ele></trkpt>
<trkpt lat="44.978280" lon="6.502590"><ele>1499.0</ele></trkpt>
<trkpt lat="44.978440" lon="6.502030"><ele>1500.0</ele></trkpt>
<trkpt lat="44.978450" lon="6.502000"><ele>1500.0</ele></trkpt>
<trkpt lat="44.978520" lon="6.501760"><ele>1501.0</ele></trkpt>
<trkpt lat="44.978660" lon="6.501290"><ele>1501.0</ele></trkpt>
<trkpt lat="44.978720" lon="6.501100"><ele>1501.0</ele></trkpt>
<trkpt lat="44.978810" lon="6.500810"><ele>1501.0</ele></trkpt>
<trkpt lat="44.978830" lon="6.500770"><ele>1502.0</ele></trkpt>
<trkpt lat="44.978890" lon="6.500610"><ele>1502.0</ele></trkpt>
<trkpt lat="44.978920" lon="6.500550"><ele>1502.0</ele></trkpt>
<trkpt lat="44.978980" lon="6.500440"><ele>1502.0</ele></trkpt>
<trkpt lat="44.979060" lon="6.500300"><ele>1502.0</ele></trkpt>
<trkpt lat="44.979150" lon="6.500160"><ele>1502.0</ele></trkpt>
<trkpt lat="44.979300" lon="6.499970"><ele>1503.0</ele></trkpt>
<trkpt lat="44.979570" lon="6.499640"><ele>1503.0</ele></trkpt>
<trkpt lat="44.979660" lon="6.499550"><ele>1504.0</ele></trkpt>
<trkpt lat="44.979700" lon="6.499500"><ele>1504.0</ele></trkpt>
<trkpt lat="44.979780" lon="6.499400"><ele>1504.0</ele></trkpt>
<trkpt lat="44.979850" lon="6.499340"><ele>1505.0</ele></trkpt>
<trkpt lat="44.979910" lon="6.499290"><ele>1505.0</ele></trkpt>
<trkpt lat="44.979950" lon="6.499250"><ele>1505.0</ele></trkpt>
<trkpt lat="44.979960" lon="6.499250"><ele>1505.0</ele></trkpt>
<trkpt lat="44.980030" lon="6.499200"><ele>1506.0</ele></trkpt>
<trkpt lat="44.980110" lon="6.499140"><ele>1506.0</ele></trkpt>
<trkpt lat="44.980240" lon="6.499130"><ele>1506.0</ele></trkpt>
<trkpt lat="44.980330" lon="6.499120"><ele>1506.0</ele></trkpt>
<trkpt lat="44.980460" lon="6.499120"><ele>1507.0</ele></trkpt>
<trkpt lat="44.980470" lon="6.499120"><ele>1507.0</ele></trkpt>
<trkpt lat="44.980610" lon="6.499150"><ele>1507.0</ele></trkpt>
<trkpt lat="44.980680" lon="6.499170"><ele>1507.0</ele></trkpt>
<trkpt lat="44.980780" lon="6.499210"><ele>1508.0</ele></trkpt>
<trkpt lat="44.980940" lon="6.499260"><ele>1508.0</ele></trkpt>
<trkpt lat="44.981100" lon="6.499320"><ele>1509.0</ele></trkpt>
<trkpt lat="44.981230" lon="6.499360"><ele>1510.0</ele></trkpt>
<trkpt lat="44.981400" lon="6.499410"><ele>1510.0</ele></trkpt>
<trkpt lat="44.981500" lon="6.499430"><ele>1511.0</ele></trkpt>
<trkpt lat="44.981560" lon="6.499430"><ele>1512.0</ele></trkpt>
<trkpt lat="44.981630" lon="6.499420"><ele>1512.0</ele></trkpt>
<trkpt lat="44.981680" lon="6.499420"><ele>1513.0</ele></trkpt>
<trkpt lat="44.981750" lon="6.499420"><ele>1513.0</ele></trkpt>
<trkpt lat="44.981850" lon="6.499410"><ele>1514.0</ele></trkpt>
<trkpt lat="44.981860" lon="6.499400"><ele>1514.0</ele></trkpt>
<trkpt lat="44.981930" lon="6.499390"><ele>1514.0</ele></trkpt>
<trkpt lat="44.982010" lon="6.499370"><ele>1515.0</ele></trkpt>
<trkpt lat="44.982040" lon="6.499360"><ele>1515.0</ele></trkpt>
<trkpt lat="44.982100" lon="6.499350"><ele>1515.0</ele></trkpt>
<trkpt lat="44.982190" lon="6.499310"><ele>1516.0</ele></trkpt>
<trkpt lat="44.982210" lon="6.499300"><ele>1516.0</ele></trkpt>
<trkpt lat="44.982270" lon="6.499270"><ele>1516.0</ele></trkpt>
<trkpt lat="44.982360" lon="6.499220"><ele>1517.0</ele></trkpt>
<trkpt lat="44.982380" lon="6.499210"><ele>1517.0</ele></trkpt>
<trkpt lat="44.982480" lon="6.499140"><ele>1517.0</ele></trkpt>
<trkpt lat="44.982540" lon="6.499100"><ele>1517.0</ele></trkpt>
<trkpt lat="44.982670" lon="6.499010"><ele>1518.0</ele></trkpt>
<trkpt lat="44.982860" lon="6.498850"><ele>1518.0</ele></trkpt>
<trkpt lat="44.983170" lon="6.498600"><ele>1519.0</ele></trkpt>
<trkpt lat="44.983330" lon="6.498450"><ele>1519.0</ele></trkpt>
<trkpt lat="44.983420" lon="6.498340"><ele>1520.0</ele></trkpt>
<trkpt lat="44.983500" lon="6.498230"><ele>1520.0</ele></trkpt>
<trkpt lat="44.983510" lon="6.498220"><ele>1521.0</ele></trkpt>
<trkpt lat="44.983550" lon="6.498160"><ele>1521.0</ele></trkpt>
<trkpt lat="44.983600" lon="6.498070"><ele>1521.0</ele></trkpt>
<trkpt lat="44.983670" lon="6.497970"><ele>1521.0</ele></trkpt>
<trkpt lat="44.983680" lon="6.497950"><ele>1521.0</ele></trkpt>
<trkpt lat="44.983760" lon="6.497800"><ele>1522.0</ele></trkpt>
<trkpt lat="44.983780" lon="6.497760"><ele>1522.0</ele></trkpt>
<trkpt lat="44.983830" lon="6.497660"><ele>1522.0</ele></trkpt>
<trkpt lat="44.983950" lon="6.497370"><ele>1522.0</ele></trkpt>
<trkpt lat="44.983970" lon="6.497330"><ele>1522.0</ele></trkpt>
<trkpt lat="44.984000" lon="6.497260"><ele>1522.0</ele></trkpt>
<trkpt lat="44.984080" lon="6.497120"><ele>1522.0</ele></trkpt>
<trkpt lat="44.984290" lon="6.496720"><ele>1522.0</ele></trkpt>
<trkpt lat="44.984370" lon="6.496590"><ele>1522.0</ele></trkpt>
<trkpt lat="44.984520" lon="6.496330"><ele>1522.0</ele></trkpt>
<trkpt lat="44.984590" lon="6.496200"><ele>1522.0</ele></trkpt>
<trkpt lat="44.984830" lon="6.495770"><ele>1522.0</ele></trkpt>
<trkpt lat="44.984880" lon="6.495690"><ele>1522.0</ele></trkpt>
<trkpt lat="44.984960" lon="6.495560"><ele>1522.0</ele></trkpt>
<trkpt lat="44.985100" lon="6.495360"><ele>1522.0</ele></trkpt>
<trkpt lat="44.985240" lon="6.495170"><ele>1523.0</ele></trkpt>
<trkpt lat="44.985320" lon="6.495080"><ele>1524.0</ele></trkpt>
<trkpt lat="44.985380" lon="6.495030"><ele>1525.0</ele></trkpt>
<trkpt lat="44.985450" lon="6.494970"><ele>1526.0</ele></trkpt>
<trkpt lat="44.985590" lon="6.494880"><ele>1527.0</ele></trkpt>
<trkpt lat="44.985690" lon="6.494810"><ele>1528.0</ele></trkpt>
<trkpt lat="44.985700" lon="6.494810"><ele>1529.0</ele></trkpt>
<trkpt lat="44.985730" lon="6.494790"><ele>1529.0</ele></trkpt>
<trkpt lat="44.985760" lon="6.494750"><ele>1530.0</ele></trkpt>
<trkpt lat="44.985800" lon="6.494720"><ele>1530.0</ele></trkpt>
<trkpt lat="44.985830" lon="6.494680"><ele>1531.0</ele></trkpt>
<trkpt lat="44.985840" lon="6.494660"><ele>1531.0</ele></trkpt>
<trkpt lat="44.985960" lon="6.494500"><ele>1532.0</ele></trkpt>
<trkpt lat="44.985970" lon="6.494480"><ele>1532.0</ele></trkpt>
<trkpt lat="44.986100" lon="6.494300"><ele>1533.0</ele></trkpt>
<trkpt lat="44.986280" lon="6.494040"><ele>1535.0</ele></trkpt>
<trkpt lat="44.986350" lon="6.493930"><ele>1536.0</ele></trkpt>
<trkpt lat="44.986440" lon="6.493800"><ele>1537.0</ele></trkpt>
<trkpt lat="44.986520" lon="6.493650"><ele>1537.0</ele></trkpt>
<trkpt lat="44.986590" lon="6.493530"><ele>1538.0</ele></trkpt>
<trkpt lat="44.986650" lon="6.493390"><ele>1538.0</ele></trkpt>
<trkpt lat="44.986700" lon="6.493250"><ele>1538.0</ele></trkpt>
<trkpt lat="44.986740" lon="6.493130"><ele>1539.0</ele></trkpt>
<trkpt lat="44.986780" lon="6.492990"><ele>1539.0</ele></trkpt>
<trkpt lat="44.986810" lon="6.492860"><ele>1539.0</ele></trkpt>
<trkpt lat="44.986830" lon="6.492800"><ele>1539.0</ele></trkpt>
<trkpt lat="44.986870" lon="6.492620"><ele>1539.0</ele></trkpt>
<trkpt lat="44.986880" lon="6.492580"><ele>1539.0</ele></trkpt>
<trkpt lat="44.986920" lon="6.492450"><ele>1539.0</ele></trkpt>
<trkpt lat="44.986940" lon="6.492360"><ele>1539.0</ele></trkpt>
<trkpt lat="44.986970" lon="6.492260"><ele>1539.0</ele></trkpt>
<trkpt lat="44.987000" lon="6.492200"><ele>1539.0</ele></trkpt>
<trkpt lat="44.987020" lon="6.492150"><ele>1539.0</ele></trkpt>
<trkpt lat="44.987070" lon="6.492050"><ele>1539.0</ele></trkpt>
<trkpt lat="44.987120" lon="6.491970"><ele>1539.0</ele></trkpt>
<trkpt lat="44.987160" lon="6.491910"><ele>1539.0</ele></trkpt>
<trkpt lat="44.987200" lon="6.491850"><ele>1539.0</ele></trkpt>
<trkpt lat="44.987260" lon="6.491770"><ele>1539.0</ele></trkpt>
<trkpt lat="44.987370" lon="6.491640"><ele>1540.0</ele></trkpt>
<trkpt lat="44.987390" lon="6.491610"><ele>1540.0</ele></trkpt>
<trkpt lat="44.987530" lon="6.491450"><ele>1540.0</ele></trkpt>
<trkpt lat="44.987540" lon="6.491440"><ele>1541.0</ele></trkpt>
<trkpt lat="44.987620" lon="6.491330"><ele>1541.0</ele></trkpt>
<trkpt lat="44.987670" lon="6.491260"><ele>1541.0</ele></trkpt>
<trkpt lat="44.987720" lon="6.491180"><ele>1542.0</ele></trkpt>
<trkpt lat="44.987780" lon="6.491070"><ele>1542.0</ele></trkpt>
<trkpt lat="44.987830" lon="6.491000"><ele>1542.0</ele></trkpt>
<trkpt lat="44.987870" lon="6.490950"><ele>1543.0</ele></trkpt>
<trkpt lat="44.987910" lon="6.490880"><ele>1543.0</ele></trkpt>
<trkpt lat="44.987980" lon="6.490810"><ele>1543.0</ele></trkpt>
<trkpt lat="44.988070" lon="6.490720"><ele>1544.0</ele></trkpt>
<trkpt lat="44.988170" lon="6.490620"><ele>1544.0</ele></trkpt>
<trkpt lat="44.988190" lon="6.490600"><ele>1544.0</ele></trkpt>
<trkpt lat="44.988280" lon="6.490510"><ele>1545.0</ele></trkpt>
<trkpt lat="44.988360" lon="6.490410"><ele>1545.0</ele></trkpt>
<trkpt lat="44.988420" lon="6.490340"><ele>1545.0</ele></trkpt>
<trkpt lat="44.988450" lon="6.490290"><ele>1546.0</ele></trkpt>
<trkpt lat="44.988490" lon="6.490230"><ele>1546.0</ele></trkpt>
<trkpt lat="44.988510" lon="6.490190"><ele>1546.0</ele></trkpt>
<trkpt lat="44.988530" lon="6.490140"><ele>1547.0</ele></trkpt>
<trkpt lat="44.988560" lon="6.490070"><ele>1547.0</ele></trkpt>
<trkpt lat="44.988570" lon="6.490060"><ele>1547.0</ele></trkpt>
<trkpt lat="44.988590" lon="6.490010"><ele>1547.0</ele></trkpt>
<trkpt lat="44.988620" lon="6.489890"><ele>1547.0</ele></trkpt>
<trkpt lat="44.988640" lon="6.489830"><ele>1547.0</ele></trkpt>
<trkpt lat="44.988680" lon="6.489660"><ele>1548.0</ele></trkpt>
<trkpt lat="44.988700" lon="6.489590"><ele>1548.0</ele></trkpt>
<trkpt lat="44.988760" lon="6.489350"><ele>1548.0</ele></trkpt>
<trkpt lat="44.988800" lon="6.489210"><ele>1548.0</ele></trkpt>
<trkpt lat="44.988820" lon="6.489130"><ele>1548.0</ele></trkpt>
<trkpt lat="44.988890" lon="6.488930"><ele>1549.0</ele></trkpt>
<trkpt lat="44.988960" lon="6.488770"><ele>1549.0</ele></trkpt>
<trkpt lat="44.989100" lon="6.488490"><ele>1549.0</ele></trkpt>
<trkpt lat="44.989280" lon="6.488150"><ele>1549.0</ele></trkpt>
<trkpt lat="44.989420" lon="6.487870"><ele>1550.0</ele></trkpt>
<trkpt lat="44.989770" lon="6.487200"><ele>1550.0</ele></trkpt>
<trkpt lat="44.990150" lon="6.486450"><ele>1551.0</ele></trkpt>
<trkpt lat="44.990270" lon="6.486230"><ele>1552.0</ele></trkpt>
<trkpt lat="44.990410" lon="6.485990"><ele>1552.0</ele></trkpt>
<trkpt lat="44.990450" lon="6.485930"><ele>1553.0</ele></trkpt>
<trkpt lat="44.990490" lon="6.485860"><ele>1553.0</ele></trkpt>
<trkpt lat="44.990500" lon="6.485840"><ele>1553.0</ele></trkpt>
<trkpt lat="44.990540" lon="6.485800"><ele>1553.0</ele></trkpt>
<trkpt lat="44.990590" lon="6.485740"><ele>1553.0</ele></trkpt>
<trkpt lat="44.990640" lon="6.485690"><ele>1553.0</ele></trkpt>
<trkpt lat="44.990730" lon="6.485600"><ele>1554.0</ele></trkpt>
<trkpt lat="44.990860" lon="6.485430"><ele>1554.0</ele></trkpt>
<trkpt lat="44.990920" lon="6.485320"><ele>1554.0</ele></trkpt>
<trkpt lat="44.991000" lon="6.485190"><ele>1554.0</ele></trkpt>
<trkpt lat="44.991170" lon="6.484920"><ele>1555.0</ele></trkpt>
<trkpt lat="44.991250" lon="6.484810"><ele>1555.0</ele></trkpt>
<trkpt lat="44.991340" lon="6.484690"><ele>1556.0</ele></trkpt>
<trkpt lat="44.991410" lon="6.484610"><ele>1556.0</ele></trkpt>
<trkpt lat="44.991440" lon="6.484570"><ele>1557.0</ele></trkpt>
<trkpt lat="44.991500" lon="6.484480"><ele>1557.0</ele></trkpt>
<trkpt lat="44.991530" lon="6.484430"><ele>1557.0</ele></trkpt>
<trkpt lat="44.991550" lon="6.484420"><ele>1558.0</ele></trkpt>
<trkpt lat="44.991600" lon="6.484310"><ele>1558.0</ele></trkpt>
<trkpt lat="44.991650" lon="6.484200"><ele>1558.0</ele></trkpt>
<trkpt lat="44.991710" lon="6.484040"><ele>1559.0</ele></trkpt>
<trkpt lat="44.991810" lon="6.483840"><ele>1559.0</ele></trkpt>
<trkpt lat="44.991850" lon="6.483750"><ele>1560.0</ele></trkpt>
<trkpt lat="44.991910" lon="6.483630"><ele>1561.0</ele></trkpt>
<trkpt lat="44.991980" lon="6.483520"><ele>1561.0</ele></trkpt>
<trkpt lat="44.992040" lon="6.483390"><ele>1562.0</ele></trkpt>
<trkpt lat="44.992050" lon="6.483380"><ele>1562.0</ele></trkpt>
<trkpt lat="44.992090" lon="6.483300"><ele>1562.0</ele></trkpt>
<trkpt lat="44.992140" lon="6.483170"><ele>1563.0</ele></trkpt>
<trkpt lat="44.992180" lon="6.483070"><ele>1563.0</ele></trkpt>
<trkpt lat="44.992220" lon="6.482940"><ele>1563.0</ele></trkpt>
<trkpt lat="44.992240" lon="6.482890"><ele>1563.0</ele></trkpt>
<trkpt lat="44.992300" lon="6.482690"><ele>1563.0</ele></trkpt>
<trkpt lat="44.992380" lon="6.482510"><ele>1563.0</ele></trkpt>
<trkpt lat="44.992430" lon="6.482380"><ele>1563.0</ele></trkpt>
<trkpt lat="44.992480" lon="6.482310"><ele>1562.0</ele></trkpt>
<trkpt lat="44.992490" lon="6.482290"><ele>1562.0</ele></trkpt>
<trkpt lat="44.992510" lon="6.482250"><ele>1562.0</ele></trkpt>
<trkpt lat="44.992550" lon="6.482200"><ele>1562.0</ele></trkpt>
<trkpt lat="44.992610" lon="6.482130"><ele>1562.0</ele></trkpt>
<trkpt lat="44.992620" lon="6.482110"><ele>1562.0</ele></trkpt>
<trkpt lat="44.992710" lon="6.482020"><ele>1562.0</ele></trkpt>
<trkpt lat="44.992800" lon="6.481930"><ele>1561.0</ele></trkpt>
<trkpt lat="44.992900" lon="6.481840"><ele>1561.0</ele></trkpt>
<trkpt lat="44.992970" lon="6.481770"><ele>1561.0</ele></trkpt>
<trkpt lat="44.993030" lon="6.481710"><ele>1561.0</ele></trkpt>
<trkpt lat="44.993080" lon="6.481650"><ele>1561.0</ele></trkpt>
<trkpt lat="44.993110" lon="6.481610"><ele>1560.0</ele></trkpt>
<trkpt lat="44.993160" lon="6.481510"><ele>1560.0</ele></trkpt>
<trkpt lat="44.993180" lon="6.481480"><ele>1560.0</ele></trkpt>
<trkpt lat="44.993210" lon="6.481430"><ele>1560.0</ele></trkpt>
<trkpt lat="44.993270" lon="6.481330"><ele>1560.0</ele></trkpt>
<trkpt lat="44.993320" lon="6.481270"><ele>1560.0</ele></trkpt>
<trkpt lat="44.993350" lon="6.481230"><ele>1560.0</ele></trkpt>
<trkpt lat="44.993390" lon="6.481200"><ele>1560.0</ele></trkpt>
<trkpt lat="44.993430" lon="6.481170"><ele>1560.0</ele></trkpt>
<trkpt lat="44.993470" lon="6.481140"><ele>1560.0</ele></trkpt>
<trkpt lat="44.993550" lon="6.481080"><ele>1560.0</ele></trkpt>
<trkpt lat="44.993610" lon="6.481040"><ele>1560.0</ele></trkpt>
<trkpt lat="44.993770" lon="6.480930"><ele>1560.0</ele></trkpt>
<trkpt lat="44.993780" lon="6.480930"><ele>1560.0</ele></trkpt>
<trkpt lat="44.993840" lon="6.480880"><ele>1560.0</ele></trkpt>
<trkpt lat="44.993920" lon="6.480820"><ele>1560.0</ele></trkpt>
<trkpt lat="44.994040" lon="6.480710"><ele>1560.0</ele></trkpt>
<trkpt lat="44.994230" lon="6.480540"><ele>1560.0</ele></trkpt>
<trkpt lat="44.994290" lon="6.480490"><ele>1560.0</ele></trkpt>
<trkpt lat="44.994390" lon="6.480410"><ele>1561.0</ele></trkpt>
<trkpt lat="44.994400" lon="6.480410"><ele>1561.0</ele></trkpt>
<trkpt lat="44.994470" lon="6.480360"><ele>1561.0</ele></trkpt>
<trkpt lat="44.994540" lon="6.480310"><ele>1561.0</ele></trkpt>
<trkpt lat="44.994550" lon="6.480300"><ele>1561.0</ele></trkpt>
<trkpt lat="44.994640" lon="6.480250"><ele>1561.0</ele></trkpt>
<trkpt lat="44.994750" lon="6.480190"><ele>1561.0</ele></trkpt>
<trkpt lat="44.994890" lon="6.480110"><ele>1561.0</ele></trkpt>
<trkpt lat="44.994920" lon="6.480100"><ele>1561.0</ele></trkpt>
<trkpt lat="44.995050" lon="6.480020"><ele>1561.0</ele></trkpt>
<trkpt lat="44.995120" lon="6.479980"><ele>1561.0</ele></trkpt>
<trkpt lat="44.995260" lon="6.479890"><ele>1561.0</ele></trkpt>
<trkpt lat="44.995340" lon="6.479840"><ele>1561.0</ele></trkpt>
<trkpt lat="44.995380" lon="6.479800"><ele>1561.0</ele></trkpt>
<trkpt lat="44.995430" lon="6.479770"><ele>1561.0</ele></trkpt>
<trkpt lat="44.995480" lon="6.479720"><ele>1561.0</ele></trkpt>
<trkpt lat="44.995530" lon="6.479670"><ele>1561.0</ele></trkpt>
<trkpt lat="44.995550" lon="6.479660"><ele>1561.0</ele></trkpt>
<trkpt lat="44.995650" lon="6.479540"><ele>1561.0</ele></trkpt>
<trkpt lat="44.995670" lon="6.479510"><ele>1561.0</ele></trkpt>
<trkpt lat="44.995700" lon="6.479470"><ele>1561.0</ele></trkpt>
<trkpt lat="44.995820" lon="6.479310"><ele>1561.0</ele></trkpt>
<trkpt lat="44.995830" lon="6.479290"><ele>1560.0</ele></trkpt>
<trkpt lat="44.995960" lon="6.479100"><ele>1560.0</ele></trkpt>
<trkpt lat="44.996100" lon="6.478900"><ele>1560.0</ele></trkpt>
<trkpt lat="44.996120" lon="6.478860"><ele>1560.0</ele></trkpt>
<trkpt lat="44.996150" lon="6.478820"><ele>1560.0</ele></trkpt>
<trkpt lat="44.996190" lon="6.478780"><ele>1560.0</ele></trkpt>
<trkpt lat="44.996210" lon="6.478760"><ele>1560.0</ele></trkpt>
<trkpt lat="44.996240" lon="6.478730"><ele>1560.0</ele></trkpt>
<trkpt lat="44.996270" lon="6.478710"><ele>1560.0</ele></trkpt>
<trkpt lat="44.996330" lon="6.478680"><ele>1560.0</ele></trkpt>
<trkpt lat="44.996370" lon="6.478660"><ele>1560.0</ele></trkpt>
<trkpt lat="44.996430" lon="6.478650"><ele>1560.0</ele></trkpt>
<trkpt lat="44.996470" lon="6.478640"><ele>1560.0</ele></trkpt>
<trkpt lat="44.996550" lon="6.478640"><ele>1560.0</ele></trkpt>
<trkpt lat="44.996690" lon="6.478620"><ele>1560.0</ele></trkpt>
<trkpt lat="44.996730" lon="6.478610"><ele>1560.0</ele></trkpt>
<trkpt lat="44.996860" lon="6.478590"><ele>1561.0</ele></trkpt>
<trkpt lat="44.997010" lon="6.478560"><ele>1561.0</ele></trkpt>
<trkpt lat="44.997050" lon="6.478540"><ele>1561.0</ele></trkpt>
<trkpt lat="44.997120" lon="6.478520"><ele>1562.0</ele></trkpt>
<trkpt lat="44.997180" lon="6.478500"><ele>1562.0</ele></trkpt>
<trkpt lat="44.997240" lon="6.478470"><ele>1562.0</ele></trkpt>
<trkpt lat="44.997280" lon="6.478440"><ele>1563.0</ele></trkpt>
<trkpt lat="44.997330" lon="6.478400"><ele>1563.0</ele></trkpt>
<trkpt lat="44.997380" lon="6.478360"><ele>1563.0</ele></trkpt>
<trkpt lat="44.997430" lon="6.478310"><ele>1563.0</ele></trkpt>
<trkpt lat="44.997520" lon="6.478210"><ele>1563.0</ele></trkpt>
<trkpt lat="44.997620" lon="6.478100"><ele>1564.0</ele></trkpt>
<trkpt lat="44.997680" lon="6.478030"><ele>1564.0</ele></trkpt>
<trkpt lat="44.997740" lon="6.477960"><ele>1565.0</ele></trkpt>
<trkpt lat="44.997780" lon="6.477930"><ele>1565.0</ele></trkpt>
<trkpt lat="44.997820" lon="6.477900"><ele>1565.0</ele></trkpt>
<trkpt lat="44.997850" lon="6.477870"><ele>1565.0</ele></trkpt>
<trkpt lat="44.997890" lon="6.477860"><ele>1565.0</ele></trkpt>
<trkpt lat="44.997940" lon="6.477840"><ele>1566.0</ele></trkpt>
<trkpt lat="44.998010" lon="6.477820"><ele>1566.0</ele></trkpt>
<trkpt lat="44.998080" lon="6.477810"><ele>1566.0</ele></trkpt>
<trkpt lat="44.998160" lon="6.477790"><ele>1566.0</ele></trkpt>
<trkpt lat="44.998230" lon="6.477780"><ele>1567.0</ele></trkpt>
<trkpt lat="44.998300" lon="6.477760"><ele>1567.0</ele></trkpt>
<trkpt lat="44.998350" lon="6.477750"><ele>1568.0</ele></trkpt>
<trkpt lat="44.998410" lon="6.477720"><ele>1568.0</ele></trkpt>
<trkpt lat="44.998460" lon="6.477700"><ele>1568.0</ele></trkpt>
<trkpt lat="44.998510" lon="6.477670"><ele>1569.0</ele></trkpt>
<trkpt lat="44.998520" lon="6.477660"><ele>1569.0</ele></trkpt>
<trkpt lat="44.998540" lon="6.477640"><ele>1569.0</ele></trkpt>
<trkpt lat="44.998590" lon="6.477610"><ele>1569.0</ele></trkpt>
<trkpt lat="44.998740" lon="6.477500"><ele>1570.0</ele></trkpt>
<trkpt lat="44.998760" lon="6.477480"><ele>1570.0</ele></trkpt>
<trkpt lat="44.998940" lon="6.477320"><ele>1571.0</ele></trkpt>
<trkpt lat="44.999050" lon="6.477240"><ele>1572.0</ele></trkpt>
<trkpt lat="44.999120" lon="6.477170"><ele>1573.0</ele></trkpt>
<trkpt lat="44.999210" lon="6.477120"><ele>1573.0</ele></trkpt>
<trkpt lat="44.999320" lon="6.477060"><ele>1574.0</ele></trkpt>
<trkpt lat="44.999460" lon="6.477000"><ele>1575.0</ele></trkpt>
<trkpt lat="44.999470" lon="6.476990"><ele>1575.0</ele></trkpt>
<trkpt lat="44.999590" lon="6.476950"><ele>1576.0</ele></trkpt>
<trkpt lat="44.999720" lon="6.476900"><ele>1577.0</ele></trkpt>
<trkpt lat="44.999780" lon="6.476880"><ele>1577.0</ele></trkpt>
<trkpt lat="44.999830" lon="6.476870"><ele>1578.0</ele></trkpt>
<trkpt lat="44.999890" lon="6.476860"><ele>1579.0</ele></trkpt>
<trkpt lat="44.999960" lon="6.476850"><ele>1580.0</ele></trkpt>
<trkpt lat="45.000090" lon="6.476840"><ele>1581.0</ele></trkpt>
<trkpt lat="45.000450" lon="6.476840"><ele>1584.0</ele></trkpt>
<trkpt lat="45.000510" lon="6.476840"><ele>1586.0</ele></trkpt>
<trkpt lat="45.000540" lon="6.476830"><ele>1587.0</ele></trkpt>
<trkpt lat="45.000580" lon="6.476830"><ele>1589.0</ele></trkpt>
<trkpt lat="45.000620" lon="6.476830"><ele>1590.0</ele></trkpt>
<trkpt lat="45.000720" lon="6.476820"><ele>1591.0</ele></trkpt>
<trkpt lat="45.000770" lon="6.476810"><ele>1592.0</ele></trkpt>
<trkpt lat="45.000810" lon="6.476800"><ele>1593.0</ele></trkpt>
<trkpt lat="45.000870" lon="6.476770"><ele>1594.0</ele></trkpt>
<trkpt lat="45.000920" lon="6.476750"><ele>1595.0</ele></trkpt>
<trkpt lat="45.000970" lon="6.476730"><ele>1596.0</ele></trkpt>
<trkpt lat="45.001010" lon="6.476700"><ele>1597.0</ele></trkpt>
<trkpt lat="45.001050" lon="6.476670"><ele>1597.0</ele></trkpt>
<trkpt lat="45.001060" lon="6.476660"><ele>1598.0</ele></trkpt>
<trkpt lat="45.001110" lon="6.476610"><ele>1599.0</ele></trkpt>
<trkpt lat="45.001160" lon="6.476560"><ele>1599.0</ele></trkpt>
<trkpt lat="45.001240" lon="6.476490"><ele>1600.0</ele></trkpt>
<trkpt lat="45.001350" lon="6.476370"><ele>1602.0</ele></trkpt>
<trkpt lat="45.001450" lon="6.476280"><ele>1603.0</ele></trkpt>
<trkpt lat="45.001550" lon="6.476180"><ele>1605.0</ele></trkpt>
<trkpt lat="45.001650" lon="6.476100"><ele>1606.0</ele></trkpt>
<trkpt lat="45.001730" lon="6.476040"><ele>1608.0</ele></trkpt>
<trkpt lat="45.001820" lon="6.475990"><ele>1608.0</ele></trkpt>
<trkpt lat="45.001840" lon="6.475970"><ele>1609.0</ele></trkpt>
<trkpt lat="45.001970" lon="6.475880"><ele>1610.0</ele></trkpt>
<trkpt lat="45.002150" lon="6.475780"><ele>1611.0</ele></trkpt>
<trkpt lat="45.002170" lon="6.475760"><ele>1611.0</ele></trkpt>
<trkpt lat="45.002400" lon="6.475620"><ele>1612.0</ele></trkpt>
<trkpt lat="45.002500" lon="6.475560"><ele>1613.0</ele></trkpt>
<trkpt lat="45.002600" lon="6.475490"><ele>1614.0</ele></trkpt>
<trkpt lat="45.002680" lon="6.475430"><ele>1615.0</ele></trkpt>
<trkpt lat="45.002740" lon="6.475380"><ele>1615.0</ele></trkpt>
<trkpt lat="45.002790" lon="6.475310"><ele>1616.0</ele></trkpt>
<trkpt lat="45.002850" lon="6.475240"><ele>1616.0</ele></trkpt>
<trkpt lat="45.002930" lon="6.475120"><ele>1617.0</ele></trkpt>
<trkpt lat="45.003030" lon="6.474970"><ele>1618.0</ele></trkpt>
<trkpt lat="45.003090" lon="6.474890"><ele>1618.0</ele></trkpt>
<trkpt lat="45.003150" lon="6.474820"><ele>1619.0</ele></trkpt>
<trkpt lat="45.003270" lon="6.474660"><ele>1619.0</ele></trkpt>
<trkpt lat="45.003380" lon="6.474550"><ele>1620.0</ele></trkpt>
<trkpt lat="45.003590" lon="6.474300"><ele>1621.0</ele></trkpt>
<trkpt lat="45.003620" lon="6.474270"><ele>1621.0</ele></trkpt>
<trkpt lat="45.003660" lon="6.474220"><ele>1622.0</ele></trkpt>
<trkpt lat="45.003760" lon="6.474110"><ele>1622.0</ele></trkpt>
<trkpt lat="45.003900" lon="6.473960"><ele>1622.0</ele></trkpt>
<trkpt lat="45.003970" lon="6.473890"><ele>1623.0</ele></trkpt>
<trkpt lat="45.004030" lon="6.473840"><ele>1623.0</ele></trkpt>
<trkpt lat="45.004060" lon="6.473810"><ele>1624.0</ele></trkpt>
<trkpt lat="45.004120" lon="6.473770"><ele>1624.0</ele></trkpt>
<trkpt lat="45.004190" lon="6.473730"><ele>1624.0</ele></trkpt>
<trkpt lat="45.004330" lon="6.473650"><ele>1625.0</ele></trkpt>
<trkpt lat="45.004360" lon="6.473640"><ele>1625.0</ele></trkpt>
<trkpt lat="45.004390" lon="6.473620"><ele>1625.0</ele></trkpt>
<trkpt lat="45.004470" lon="6.473560"><ele>1625.0</ele></trkpt>
<trkpt lat="45.004520" lon="6.473520"><ele>1626.0</ele></trkpt>
<trkpt lat="45.004540" lon="6.473500"><ele>1626.0</ele></trkpt>
<trkpt lat="45.004560" lon="6.473490"><ele>1626.0</ele></trkpt>
<trkpt lat="45.004600" lon="6.473450"><ele>1626.0</ele></trkpt>
<trkpt lat="45.004640" lon="6.473400"><ele>1626.0</ele></trkpt>
<trkpt lat="45.004670" lon="6.473370"><ele>1627.0</ele></trkpt>
<trkpt lat="45.004690" lon="6.473350"><ele>1627.0</ele></trkpt>
<trkpt lat="45.004710" lon="6.473320"><ele>1627.0</ele></trkpt>
<trkpt lat="45.004810" lon="6.473190"><ele>1627.0</ele></trkpt>
<trkpt lat="45.004820" lon="6.473180"><ele>1627.0</ele></trkpt>
<trkpt lat="45.004930" lon="6.473020"><ele>1628.0</ele></trkpt>
<trkpt lat="45.004940" lon="6.472990"><ele>1628.0</ele></trkpt>
<trkpt lat="45.005000" lon="6.472910"><ele>1628.0</ele></trkpt>
<trkpt lat="45.005070" lon="6.472810"><ele>1628.0</ele></trkpt>
<trkpt lat="45.005160" lon="6.472710"><ele>1629.0</ele></trkpt>
<trkpt lat="45.005190" lon="6.472680"><ele>1629.0</ele></trkpt>
<trkpt lat="45.005220" lon="6.472660"><ele>1629.0</ele></trkpt>
<trkpt lat="45.005260" lon="6.472630"><ele>1630.0</ele></trkpt>
<trkpt lat="45.005300" lon="6.472600"><ele>1630.0</ele></trkpt>
<trkpt lat="45.005350" lon="6.472590"><ele>1630.0</ele></trkpt>
<trkpt lat="45.005370" lon="6.472580"><ele>1630.0</ele></trkpt>
<trkpt lat="45.005390" lon="6.472580"><ele>1630.0</ele></trkpt>
<trkpt lat="45.005420" lon="6.472570"><ele>1630.0</ele></trkpt>
<trkpt lat="45.005450" lon="6.472570"><ele>1630.0</ele></trkpt>
<trkpt lat="45.005480" lon="6.472570"><ele>1631.0</ele></trkpt>
<trkpt lat="45.005530" lon="6.472580"><ele>1631.0</ele></trkpt>
<trkpt lat="45.005580" lon="6.472590"><ele>1631.0</ele></trkpt>
<trkpt lat="45.005710" lon="6.472610"><ele>1631.0</ele></trkpt>
<trkpt lat="45.005880" lon="6.472660"><ele>1632.0</ele></trkpt>
<trkpt lat="45.005950" lon="6.472670"><ele>1632.0</ele></trkpt>
<trkpt lat="45.006000" lon="6.472680"><ele>1632.0</ele></trkpt>
<trkpt lat="45.006060" lon="6.472690"><ele>1633.0</ele></trkpt>
<trkpt lat="45.006110" lon="6.472700"><ele>1633.0</ele></trkpt>
<trkpt lat="45.006160" lon="6.472710"><ele>1633.0</ele></trkpt>
<trkpt lat="45.006220" lon="6.472710"><ele>1633.0</ele></trkpt>
<trkpt lat="45.006300" lon="6.472710"><ele>1634.0</ele></trkpt>
<trkpt lat="45.006330" lon="6.472700"><ele>1634.0</ele></trkpt>
<trkpt lat="45.006390" lon="6.472700"><ele>1634.0</ele></trkpt>
<trkpt lat="45.006430" lon="6.472690"><ele>1635.0</ele></trkpt>
<trkpt lat="45.006890" lon="6.472530"><ele>1636.0</ele></trkpt>
<trkpt lat="45.007180" lon="6.472420"><ele>1637.0</ele></trkpt>
<trkpt lat="45.007290" lon="6.472350"><ele>1639.0</ele></trkpt>
<trkpt lat="45.007440" lon="6.472270"><ele>1640.0</ele></trkpt>
<trkpt lat="45.007530" lon="6.472230"><ele>1641.0</ele></trkpt>
<trkpt lat="45.007620" lon="6.472190"><ele>1642.0</ele></trkpt>
<trkpt lat="45.007680" lon="6.472180"><ele>1642.0</ele></trkpt>
<trkpt lat="45.007750" lon="6.472160"><ele>1643.0</ele></trkpt>
<trkpt lat="45.007820" lon="6.472150"><ele>1644.0</ele></trkpt>
<trkpt lat="45.007950" lon="6.472120"><ele>1644.0</ele></trkpt>
<trkpt lat="45.007990" lon="6.472100"><ele>1645.0</ele></trkpt>
<trkpt lat="45.008040" lon="6.472090"><ele>1645.0</ele></trkpt>
<trkpt lat="45.008090" lon="6.472060"><ele>1645.0</ele></trkpt>
<trkpt lat="45.008160" lon="6.472010"><ele>1646.0</ele></trkpt>
<trkpt lat="45.008220" lon="6.471960"><ele>1646.0</ele></trkpt>
<trkpt lat="45.008270" lon="6.471910"><ele>1646.0</ele></trkpt>
<trkpt lat="45.008330" lon="6.471840"><ele>1647.0</ele></trkpt>
<trkpt lat="45.008400" lon="6.471740"><ele>1647.0</ele></trkpt>
<trkpt lat="45.008490" lon="6.471610"><ele>1648.0</ele></trkpt>
<trkpt lat="45.008560" lon="6.471500"><ele>1648.0</ele></trkpt>
<trkpt lat="45.008590" lon="6.471440"><ele>1648.0</ele></trkpt>
<trkpt lat="45.008640" lon="6.471380"><ele>1649.0</ele></trkpt>
<trkpt lat="45.008720" lon="6.471280"><ele>1649.0</ele></trkpt>
<trkpt lat="45.008770" lon="6.471220"><ele>1649.0</ele></trkpt>
<trkpt lat="45.008820" lon="6.471190"><ele>1650.0</ele></trkpt>
<trkpt lat="45.008860" lon="6.471160"><ele>1650.0</ele></trkpt>
<trkpt lat="45.008980" lon="6.471090"><ele>1650.0</ele></trkpt>
<trkpt lat="45.009040" lon="6.471060"><ele>1651.0</ele></trkpt>
<trkpt lat="45.009160" lon="6.471000"><ele>1651.0</ele></trkpt>
<trkpt lat="45.009210" lon="6.470980"><ele>1651.0</ele></trkpt>
<trkpt lat="45.009300" lon="6.470930"><ele>1652.0</ele></trkpt>
<trkpt lat="45.009400" lon="6.470880"><ele>1652.0</ele></trkpt>
<trkpt lat="45.009510" lon="6.470800"><ele>1653.0</ele></trkpt>
<trkpt lat="45.009540" lon="6.470780"><ele>1653.0</ele></trkpt>
<trkpt lat="45.009670" lon="6.470690"><ele>1653.0</ele></trkpt>
<trkpt lat="45.009700" lon="6.470670"><ele>1654.0</ele></trkpt>
<trkpt lat="45.009750" lon="6.470640"><ele>1654.0</ele></trkpt>
<trkpt lat="45.009810" lon="6.470600"><ele>1655.0</ele></trkpt>
<trkpt lat="45.009990" lon="6.470510"><ele>1655.0</ele></trkpt>
<trkpt lat="45.010120" lon="6.470460"><ele>1656.0</ele></trkpt>
<trkpt lat="45.010210" lon="6.470420"><ele>1656.0</ele></trkpt>
<trkpt lat="45.010250" lon="6.470400"><ele>1657.0</ele></trkpt>
<trkpt lat="45.010380" lon="6.470340"><ele>1657.0</ele></trkpt>
<trkpt lat="45.010470" lon="6.470280"><ele>1658.0</ele></trkpt>
<trkpt lat="45.010590" lon="6.470200"><ele>1659.0</ele></trkpt>
<trkpt lat="45.010700" lon="6.470110"><ele>1659.0</ele></trkpt>
<trkpt lat="45.010840" lon="6.470000"><ele>1660.0</ele></trkpt>
<trkpt lat="45.011020" lon="6.469880"><ele>1661.0</ele></trkpt>
<trkpt lat="45.011120" lon="6.469800"><ele>1662.0</ele></trkpt>
<trkpt lat="45.011180" lon="6.469760"><ele>1662.0</ele></trkpt>
<trkpt lat="45.011220" lon="6.469730"><ele>1663.0</ele></trkpt>
<trkpt lat="45.011320" lon="6.469640"><ele>1663.0</ele></trkpt>
<trkpt lat="45.011440" lon="6.469520"><ele>1664.0</ele></trkpt>
<trkpt lat="45.011570" lon="6.469390"><ele>1665.0</ele></trkpt>
<trkpt lat="45.011800" lon="6.469160"><ele>1666.0</ele></trkpt>
<trkpt lat="45.012150" lon="6.468840"><ele>1667.0</ele></trkpt>
<trkpt lat="45.012220" lon="6.468760"><ele>1669.0</ele></trkpt>
<trkpt lat="45.012240" lon="6.468750"><ele>1669.0</ele></trkpt>
<trkpt lat="45.012310" lon="6.468670"><ele>1670.0</ele></trkpt>
<trkpt lat="45.012360" lon="6.468610"><ele>1671.0</ele></trkpt>
<trkpt lat="45.012380" lon="6.468590"><ele>1671.0</ele></trkpt>
<trkpt lat="45.012420" lon="6.468530"><ele>1672.0</ele></trkpt>
<trkpt lat="45.012460" lon="6.468470"><ele>1672.0</ele></trkpt>
<trkpt lat="45.012530" lon="6.468360"><ele>1673.0</ele></trkpt>
<trkpt lat="45.012620" lon="6.468190"><ele>1673.0</ele></trkpt>
<trkpt lat="45.012670" lon="6.468100"><ele>1674.0</ele></trkpt>
<trkpt lat="45.012730" lon="6.468020"><ele>1675.0</ele></trkpt>
<trkpt lat="45.012760" lon="6.467980"><ele>1675.0</ele></trkpt>
<trkpt lat="45.012820" lon="6.467910"><ele>1676.0</ele></trkpt>
<trkpt lat="45.012860" lon="6.467870"><ele>1676.0</ele></trkpt>
<trkpt lat="45.012870" lon="6.467860"><ele>1676.0</ele></trkpt>
<trkpt lat="45.012940" lon="6.467800"><ele>1677.0</ele></trkpt>
<trkpt lat="45.013020" lon="6.467730"><ele>1677.0</ele></trkpt>
<trkpt lat="45.013130" lon="6.467650"><ele>1678.0</ele></trkpt>
<trkpt lat="45.013170" lon="6.467630"><ele>1679.0</ele></trkpt>
<trkpt lat="45.013210" lon="6.467610"><ele>1679.0</ele></trkpt>
<trkpt lat="45.013290" lon="6.467560"><ele>1680.0</ele></trkpt>
<trkpt lat="45.013350" lon="6.467540"><ele>1680.0</ele></trkpt>
<trkpt lat="45.013410" lon="6.467520"><ele>1681.0</ele></trkpt>
<trkpt lat="45.013460" lon="6.467500"><ele>1681.0</ele></trkpt>
<trkpt lat="45.013510" lon="6.467480"><ele>1682.0</ele></trkpt>
<trkpt lat="45.013520" lon="6.467480"><ele>1682.0</ele></trkpt>
<trkpt lat="45.013590" lon="6.467460"><ele>1683.0</ele></trkpt>
<trkpt lat="45.013690" lon="6.467450"><ele>1683.0</ele></trkpt>
<trkpt lat="45.013850" lon="6.467420"><ele>1684.0</ele></trkpt>
<trkpt lat="45.013870" lon="6.467420"><ele>1684.0</ele></trkpt>
<trkpt lat="45.013920" lon="6.467410"><ele>1685.0</ele></trkpt>
<trkpt lat="45.014010" lon="6.467370"><ele>1686.0</ele></trkpt>
<trkpt lat="45.014170" lon="6.467290"><ele>1686.0</ele></trkpt>
<trkpt lat="45.014220" lon="6.467270"><ele>1687.0</ele></trkpt>
<trkpt lat="45.014330" lon="6.467190"><ele>1688.0</ele></trkpt>
<trkpt lat="45.014390" lon="6.467150"><ele>1689.0</ele></trkpt>
<trkpt lat="45.014460" lon="6.467100"><ele>1689.0</ele></trkpt>
<trkpt lat="45.014520" lon="6.467050"><ele>1689.0</ele></trkpt>
<trkpt lat="45.014580" lon="6.466990"><ele>1690.0</ele></trkpt>
<trkpt lat="45.014630" lon="6.466930"><ele>1690.0</ele></trkpt>
<trkpt lat="45.014670" lon="6.466900"><ele>1690.0</ele></trkpt>
<trkpt lat="45.014710" lon="6.466850"><ele>1690.0</ele></trkpt>
<trkpt lat="45.014770" lon="6.466780"><ele>1691.0</ele></trkpt>
<trkpt lat="45.014800" lon="6.466730"><ele>1691.0</ele></trkpt>
<trkpt lat="45.014940" lon="6.466510"><ele>1691.0</ele></trkpt>
<trkpt lat="45.015010" lon="6.466390"><ele>1691.0</ele></trkpt>
<trkpt lat="45.015040" lon="6.466350"><ele>1692.0</ele></trkpt>
<trkpt lat="45.015100" lon="6.466250"><ele>1692.0</ele></trkpt>
<trkpt lat="45.015160" lon="6.466160"><ele>1692.0</ele></trkpt>
<trkpt lat="45.015320" lon="6.465950"><ele>1692.0</ele></trkpt>
<trkpt lat="45.015470" lon="6.465760"><ele>1693.0</ele></trkpt>
<trkpt lat="45.015570" lon="6.465620"><ele>1693.0</ele></trkpt>
<trkpt lat="45.015610" lon="6.465580"><ele>1694.0</ele></trkpt>
<trkpt lat="45.015650" lon="6.465540"><ele>1694.0</ele></trkpt>
<trkpt lat="45.015680" lon="6.465500"><ele>1694.0</ele></trkpt>
<trkpt lat="45.015700" lon="6.465490"><ele>1694.0</ele></trkpt>
<trkpt lat="45.015720" lon="6.465480"><ele>1695.0</ele></trkpt>
<trkpt lat="45.015760" lon="6.465440"><ele>1695.0</ele></trkpt>
<trkpt lat="45.015820" lon="6.465410"><ele>1695.0</ele></trkpt>
<trkpt lat="45.015860" lon="6.465380"><ele>1696.0</ele></trkpt>
<trkpt lat="45.015910" lon="6.465360"><ele>1696.0</ele></trkpt>
<trkpt lat="45.016030" lon="6.465330"><ele>1697.0</ele></trkpt>
<trkpt lat="45.016130" lon="6.465310"><ele>1698.0</ele></trkpt>
<trkpt lat="45.016200" lon="6.465310"><ele>1699.0</ele></trkpt>
<trkpt lat="45.016290" lon="6.465310"><ele>1699.0</ele></trkpt>
<trkpt lat="45.016360" lon="6.465320"><ele>1700.0</ele></trkpt>
<trkpt lat="45.016440" lon="6.465340"><ele>1701.0</ele></trkpt>
<trkpt lat="45.016500" lon="6.465360"><ele>1702.0</ele></trkpt>
<trkpt lat="45.016540" lon="6.465380"><ele>1702.0</ele></trkpt>
<trkpt lat="45.016600" lon="6.465410"><ele>1703.0</ele></trkpt>
<trkpt lat="45.016670" lon="6.465440"><ele>1704.0</ele></trkpt>
<trkpt lat="45.016740" lon="6.465490"><ele>1705.0</ele></trkpt>
<trkpt lat="45.016800" lon="6.465520"><ele>1705.0</ele></trkpt>
<trkpt lat="45.016880" lon="6.465560"><ele>1706.0</ele></trkpt>
<trkpt lat="45.016910" lon="6.465570"><ele>1707.0</ele></trkpt>
<trkpt lat="45.016970" lon="6.465600"><ele>1707.0</ele></trkpt>
<trkpt lat="45.017080" lon="6.465630"><ele>1708.0</ele></trkpt>
<trkpt lat="45.017180" lon="6.465670"><ele>1709.0</ele></trkpt>
<trkpt lat="45.017230" lon="6.465690"><ele>1710.0</ele></trkpt>
<trkpt lat="45.017310" lon="6.465730"><ele>1711.0</ele></trkpt>
<trkpt lat="45.017420" lon="6.465790"><ele>1712.0</ele></trkpt>
<trkpt lat="45.017420" lon="6.465800"><ele>1712.0</ele></trkpt>
<trkpt lat="45.017540" lon="6.465880"><ele>1713.0</ele></trkpt>
<trkpt lat="45.017580" lon="6.465910"><ele>1713.0</ele></trkpt>
<trkpt lat="45.017650" lon="6.465950"><ele>1713.0</ele></trkpt>
<trkpt lat="45.017740" lon="6.466020"><ele>1713.0</ele></trkpt>
<trkpt lat="45.017820" lon="6.466070"><ele>1713.0</ele></trkpt>
<trkpt lat="45.017880" lon="6.466100"><ele>1713.0</ele></trkpt>
<trkpt lat="45.017910" lon="6.466100"><ele>1713.0</ele></trkpt>
<trkpt lat="45.017950" lon="6.466100"><ele>1713.0</ele></trkpt>
<trkpt lat="45.017970" lon="6.466100"><ele>1713.0</ele></trkpt>
<trkpt lat="45.018020" lon="6.466070"><ele>1713.0</ele></trkpt>
<trkpt lat="45.018060" lon="6.466040"><ele>1713.0</ele></trkpt>
<trkpt lat="45.018100" lon="6.466010"><ele>1713.0</ele></trkpt>
<trkpt lat="45.018110" lon="6.466000"><ele>1713.0</ele></trkpt>
<trkpt lat="45.018160" lon="6.465950"><ele>1713.0</ele></trkpt>
<trkpt lat="45.018250" lon="6.465870"><ele>1713.0</ele></trkpt>
<trkpt lat="45.018360" lon="6.465770"><ele>1713.0</ele></trkpt>
<trkpt lat="45.018440" lon="6.465690"><ele>1713.0</ele></trkpt>
<trkpt lat="45.018490" lon="6.465630"><ele>1713.0</ele></trkpt>
<trkpt lat="45.018520" lon="6.465580"><ele>1713.0</ele></trkpt>
<trkpt lat="45.018550" lon="6.465540"><ele>1713.0</ele></trkpt>
<trkpt lat="45.018570" lon="6.465510"><ele>1713.0</ele></trkpt>
<trkpt lat="45.018580" lon="6.465480"><ele>1713.0</ele></trkpt>
<trkpt lat="45.018590" lon="6.465430"><ele>1713.0</ele></trkpt>
<trkpt lat="45.018610" lon="6.465370"><ele>1713.0</ele></trkpt>
<trkpt lat="45.018620" lon="6.465320"><ele>1713.0</ele></trkpt>
<trkpt lat="45.018620" lon="6.465240"><ele>1713.0</ele></trkpt>
<trkpt lat="45.018620" lon="6.465170"><ele>1713.0</ele></trkpt>
<trkpt lat="45.018630" lon="6.464940"><ele>1713.0</ele></trkpt>
<trkpt lat="45.018670" lon="6.464650"><ele>1713.0</ele></trkpt>
<trkpt lat="45.018820" lon="6.464260"><ele>1714.0</ele></trkpt>
<trkpt lat="45.018980" lon="6.463980"><ele>1715.0</ele></trkpt>
<trkpt lat="45.019230" lon="6.463660"><ele>1717.0</ele></trkpt>
<trkpt lat="45.019480" lon="6.463450"><ele>1719.0</ele></trkpt>
<trkpt lat="45.019510" lon="6.463430"><ele>1721.0</ele></trkpt>
<trkpt lat="45.019630" lon="6.463300"><ele>1723.0</ele></trkpt>
<trkpt lat="45.019690" lon="6.463220"><ele>1724.0</ele></trkpt>
<trkpt lat="45.019730" lon="6.463170"><ele>1725.0</ele></trkpt>
<trkpt lat="45.019760" lon="6.463120"><ele>1726.0</ele></trkpt>
<trkpt lat="45.019770" lon="6.463100"><ele>1727.0</ele></trkpt>
<trkpt lat="45.019820" lon="6.463020"><ele>1727.0</ele></trkpt>
<trkpt lat="45.019890" lon="6.462900"><ele>1728.0</ele></trkpt>
<trkpt lat="45.019940" lon="6.462800"><ele>1729.0</ele></trkpt>
<trkpt lat="45.019990" lon="6.462670"><ele>1730.0</ele></trkpt>
<trkpt lat="45.020040" lon="6.462540"><ele>1730.0</ele></trkpt>
<trkpt lat="45.020060" lon="6.462500"><ele>1731.0</ele></trkpt>
<trkpt lat="45.020120" lon="6.462350"><ele>1731.0</ele></trkpt>
<trkpt lat="45.020240" lon="6.462060"><ele>1732.0</ele></trkpt>
<trkpt lat="45.020270" lon="6.461970"><ele>1732.0</ele></trkpt>
<trkpt lat="45.020300" lon="6.461890"><ele>1732.0</ele></trkpt>
<trkpt lat="45.020320" lon="6.461810"><ele>1733.0</ele></trkpt>
<trkpt lat="45.020350" lon="6.461660"><ele>1733.0</ele></trkpt>
<trkpt lat="45.020370" lon="6.461580"><ele>1733.0</ele></trkpt>
<trkpt lat="45.020400" lon="6.461460"><ele>1734.0</ele></trkpt>
<trkpt lat="45.020420" lon="6.461340"><ele>1734.0</ele></trkpt>
<trkpt lat="45.020430" lon="6.461310"><ele>1734.0</ele></trkpt>
<trkpt lat="45.020480" lon="6.461140"><ele>1734.0</ele></trkpt>
<trkpt lat="45.020490" lon="6.461100"><ele>1735.0</ele></trkpt>
<trkpt lat="45.020590" lon="6.460810"><ele>1735.0</ele></trkpt>
<trkpt lat="45.020640" lon="6.460640"><ele>1736.0</ele></trkpt>
<trkpt lat="45.020780" lon="6.460260"><ele>1736.0</ele></trkpt>
<trkpt lat="45.020920" lon="6.459870"><ele>1737.0</ele></trkpt>
<trkpt lat="45.020970" lon="6.459750"><ele>1738.0</ele></trkpt>
<trkpt lat="45.021020" lon="6.459620"><ele>1738.0</ele></trkpt>
<trkpt lat="45.021080" lon="6.459490"><ele>1739.0</ele></trkpt>
<trkpt lat="45.021150" lon="6.459350"><ele>1740.0</ele></trkpt>
<trkpt lat="45.021350" lon="6.459010"><ele>1740.0</ele></trkpt>
<trkpt lat="45.021490" lon="6.458740"><ele>1741.0</ele></trkpt>
<trkpt lat="45.021560" lon="6.458600"><ele>1742.0</ele></trkpt>
<trkpt lat="45.021650" lon="6.458420"><ele>1743.0</ele></trkpt>
<trkpt lat="45.021710" lon="6.458290"><ele>1744.0</ele></trkpt>
<trkpt lat="45.021780" lon="6.458110"><ele>1744.0</ele></trkpt>
<trkpt lat="45.021890" lon="6.457860"><ele>1745.0</ele></trkpt>
<trkpt lat="45.021970" lon="6.457690"><ele>1746.0</ele></trkpt>
<trkpt lat="45.022060" lon="6.457500"><ele>1747.0</ele></trkpt>
<trkpt lat="45.022130" lon="6.457360"><ele>1748.0</ele></trkpt>
<trkpt lat="45.022210" lon="6.457210"><ele>1748.0</ele></trkpt>
<trkpt lat="45.022320" lon="6.457050"><ele>1749.0</ele></trkpt>
<trkpt lat="45.022430" lon="6.456880"><ele>1750.0</ele></trkpt>
<trkpt lat="45.022510" lon="6.456790"><ele>1751.0</ele></trkpt>
<trkpt lat="45.022610" lon="6.456670"><ele>1752.0</ele></trkpt>
<trkpt lat="45.022720" lon="6.456550"><ele>1752.0</ele></trkpt>
<trkpt lat="45.022840" lon="6.456430"><ele>1753.0</ele></trkpt>
<trkpt lat="45.022970" lon="6.456310"><ele>1754.0</ele></trkpt>
<trkpt lat="45.023090" lon="6.456180"><ele>1755.0</ele></trkpt>
<trkpt lat="45.023160" lon="6.456090"><ele>1756.0</ele></trkpt>
<trkpt lat="45.023210" lon="6.456030"><ele>1756.0</ele></trkpt>
<trkpt lat="45.023320" lon="6.455830"><ele>1757.0</ele></trkpt>
<trkpt lat="45.023460" lon="6.455610"><ele>1757.0</ele></trkpt>
<trkpt lat="45.023600" lon="6.455410"><ele>1758.0</ele></trkpt>
<trkpt lat="45.023710" lon="6.455260"><ele>1759.0</ele></trkpt>
<trkpt lat="45.023730" lon="6.455230"><ele>1760.0</ele></trkpt>
<trkpt lat="45.023960" lon="6.454910"><ele>1760.0</ele></trkpt>
<trkpt lat="45.024110" lon="6.454690"><ele>1761.0</ele></trkpt>
<trkpt lat="45.024200" lon="6.454570"><ele>1762.0</ele></trkpt>
<trkpt lat="45.024200" lon="6.454560"><ele>1762.0</ele></trkpt>
<trkpt lat="45.024270" lon="6.454450"><ele>1763.0</ele></trkpt>
<trkpt lat="45.024320" lon="6.454360"><ele>1763.0</ele></trkpt>
<trkpt lat="45.024340" lon="6.454310"><ele>1764.0</ele></trkpt>
<trkpt lat="45.024410" lon="6.454160"><ele>1764.0</ele></trkpt>
<trkpt lat="45.024440" lon="6.454100"><ele>1764.0</ele></trkpt>
<trkpt lat="45.024530" lon="6.453880"><ele>1765.0</ele></trkpt>
<trkpt lat="45.024580" lon="6.453770"><ele>1765.0</ele></trkpt>
<trkpt lat="45.024690" lon="6.453530"><ele>1766.0</ele></trkpt>
<trkpt lat="45.024700" lon="6.453520"><ele>1766.0</ele></trkpt>
<trkpt lat="45.024790" lon="6.453320"><ele>1767.0</ele></trkpt>
<trkpt lat="45.024850" lon="6.453200"><ele>1767.0</ele></trkpt>
<trkpt lat="45.024900" lon="6.453080"><ele>1767.0</ele></trkpt>
<trkpt lat="45.024960" lon="6.452870"><ele>1768.0</ele></trkpt>
<trkpt lat="45.024970" lon="6.452860"><ele>1768.0</ele></trkpt>
<trkpt lat="45.025060" lon="6.452530"><ele>1769.0</ele></trkpt>
<trkpt lat="45.025120" lon="6.452300"><ele>1769.0</ele></trkpt>
<trkpt lat="45.025190" lon="6.452090"><ele>1770.0</ele></trkpt>
<trkpt lat="45.025280" lon="6.451870"><ele>1770.0</ele></trkpt>
<trkpt lat="45.025420" lon="6.451570"><ele>1771.0</ele></trkpt>
<trkpt lat="45.025480" lon="6.451450"><ele>1772.0</ele></trkpt>
<trkpt lat="45.025550" lon="6.451290"><ele>1773.0</ele></trkpt>
<trkpt lat="45.025660" lon="6.451070"><ele>1774.0</ele></trkpt>
<trkpt lat="45.025670" lon="6.451060"><ele>1775.0</ele></trkpt>
<trkpt lat="45.025770" lon="6.450870"><ele>1776.0</ele></trkpt>
<trkpt lat="45.025980" lon="6.450490"><ele>1777.0</ele></trkpt>
<trkpt lat="45.026140" lon="6.450230"><ele>1778.0</ele></trkpt>
<trkpt lat="45.026350" lon="6.449880"><ele>1780.0</ele></trkpt>
<trkpt lat="45.026370" lon="6.449850"><ele>1781.0</ele></trkpt>
<trkpt lat="45.026520" lon="6.449600"><ele>1783.0</ele></trkpt>
<trkpt lat="45.026760" lon="6.449250"><ele>1784.0</ele></trkpt>
<trkpt lat="45.026840" lon="6.449140"><ele>1786.0</ele></trkpt>
<trkpt lat="45.027150" lon="6.448710"><ele>1788.0</ele></trkpt>
<trkpt lat="45.027360" lon="6.448420"><ele>1790.0</ele></trkpt>
<trkpt lat="45.027430" lon="6.448320"><ele>1792.0</ele></trkpt>
<trkpt lat="45.027490" lon="6.448240"><ele>1793.0</ele></trkpt>
<trkpt lat="45.027630" lon="6.448060"><ele>1795.0</ele></trkpt>
<trkpt lat="45.027700" lon="6.447980"><ele>1796.0</ele></trkpt>
<trkpt lat="45.027750" lon="6.447930"><ele>1797.0</ele></trkpt>
<trkpt lat="45.027770" lon="6.447910"><ele>1798.0</ele></trkpt>
<trkpt lat="45.027830" lon="6.447850"><ele>1798.0</ele></trkpt>
<trkpt lat="45.027920" lon="6.447780"><ele>1799.0</ele></trkpt>
<trkpt lat="45.027940" lon="6.447760"><ele>1799.0</ele></trkpt>
<trkpt lat="45.028070" lon="6.447640"><ele>1800.0</ele></trkpt>
<trkpt lat="45.028120" lon="6.447600"><ele>1801.0</ele></trkpt>
<trkpt lat="45.028220" lon="6.447500"><ele>1801.0</ele></trkpt>
<trkpt lat="45.028320" lon="6.447410"><ele>1802.0</ele></trkpt>
<trkpt lat="45.028370" lon="6.447350"><ele>1803.0</ele></trkpt>
<trkpt lat="45.028410" lon="6.447310"><ele>1803.0</ele></trkpt>
<trkpt lat="45.028500" lon="6.447210"><ele>1804.0</ele></trkpt>
<trkpt lat="45.028510" lon="6.447190"><ele>1804.0</ele></trkpt>
<trkpt lat="45.028520" lon="6.447180"><ele>1804.0</ele></trkpt>
<trkpt lat="45.028600" lon="6.447090"><ele>1805.0</ele></trkpt>
<trkpt lat="45.028650" lon="6.447020"><ele>1805.0</ele></trkpt>
<trkpt lat="45.028660" lon="6.447010"><ele>1806.0</ele></trkpt>
<trkpt lat="45.028680" lon="6.446980"><ele>1806.0</ele></trkpt>
<trkpt lat="45.028750" lon="6.446860"><ele>1806.0</ele></trkpt>
<trkpt lat="45.028790" lon="6.446790"><ele>1807.0</ele></trkpt>
<trkpt lat="45.028830" lon="6.446710"><ele>1807.0</ele></trkpt>
<trkpt lat="45.028870" lon="6.446620"><ele>1808.0</ele></trkpt>
<trkpt lat="45.028910" lon="6.446520"><ele>1808.0</ele></trkpt>
<trkpt lat="45.028960" lon="6.446400"><ele>1809.0</ele></trkpt>
<trkpt lat="45.029010" lon="6.446280"><ele>1809.0</ele></trkpt>
<trkpt lat="45.029060" lon="6.446180"><ele>1810.0</ele></trkpt>
<trkpt lat="45.029060" lon="6.446170"><ele>1810.0</ele></trkpt>
<trkpt lat="45.029140" lon="6.446000"><ele>1811.0</ele></trkpt>
<trkpt lat="45.029210" lon="6.445830"><ele>1811.0</ele></trkpt>
<trkpt lat="45.029250" lon="6.445760"><ele>1811.0</ele></trkpt>
<trkpt lat="45.029280" lon="6.445710"><ele>1812.0</ele></trkpt>
<trkpt lat="45.029340" lon="6.445610"><ele>1812.0</ele></trkpt>
<trkpt lat="45.029380" lon="6.445550"><ele>1812.0</ele></trkpt>
<trkpt lat="45.029420" lon="6.445490"><ele>1813.0</ele></trkpt>
<trkpt lat="45.029660" lon="6.445160"><ele>1813.0</ele></trkpt>
<trkpt lat="45.029770" lon="6.445030"><ele>1814.0</ele></trkpt>
<trkpt lat="45.029780" lon="6.445000"><ele>1814.0</ele></trkpt>
<trkpt lat="45.029940" lon="6.444790"><ele>1815.0</ele></trkpt>
<trkpt lat="45.030080" lon="6.444590"><ele>1815.0</ele></trkpt>
<trkpt lat="45.030170" lon="6.444460"><ele>1816.0</ele></trkpt>
<trkpt lat="45.030180" lon="6.444460"><ele>1816.0</ele></trkpt>
<trkpt lat="45.030230" lon="6.444380"><ele>1817.0</ele></trkpt>
<trkpt lat="45.030270" lon="6.444300"><ele>1817.0</ele></trkpt>
<trkpt lat="45.030350" lon="6.444130"><ele>1818.0</ele></trkpt>
<trkpt lat="45.030560" lon="6.443590"><ele>1819.0</ele></trkpt>
<trkpt lat="45.030720" lon="6.443150"><ele>1821.0</ele></trkpt>
<trkpt lat="45.030830" lon="6.442860"><ele>1822.0</ele></trkpt>
<trkpt lat="45.030900" lon="6.442710"><ele>1824.0</ele></trkpt>
<trkpt lat="45.030950" lon="6.442580"><ele>1825.0</ele></trkpt>
<trkpt lat="45.031080" lon="6.442280"><ele>1826.0</ele></trkpt>
<trkpt lat="45.031210" lon="6.442010"><ele>1828.0</ele></trkpt>
<trkpt lat="45.031360" lon="6.441740"><ele>1829.0</ele></trkpt>
<trkpt lat="45.031500" lon="6.441470"><ele>1830.0</ele></trkpt>
<trkpt lat="45.031650" lon="6.441240"><ele>1831.0</ele></trkpt>
<trkpt lat="45.031880" lon="6.440930"><ele>1833.0</ele></trkpt>
<trkpt lat="45.032110" lon="6.440660"><ele>1834.0</ele></trkpt>
<trkpt lat="45.032340" lon="6.440390"><ele>1835.0</ele></trkpt>
<trkpt lat="45.032590" lon="6.440120"><ele>1837.0</ele></trkpt>
<trkpt lat="45.032650" lon="6.440050"><ele>1838.0</ele></trkpt>
<trkpt lat="45.032730" lon="6.439960"><ele>1839.0</ele></trkpt>
<trkpt lat="45.033110" lon="6.439540"><ele>1840.0</ele></trkpt>
<trkpt lat="45.033480" lon="6.439120"><ele>1842.0</ele></trkpt>
<trkpt lat="45.033850" lon="6.438720"><ele>1844.0</ele></trkpt>
<trkpt lat="45.034020" lon="6.438560"><ele>1845.0</ele></trkpt>
<trkpt lat="45.034140" lon="6.438440"><ele>1847.0</ele></trkpt>
<trkpt lat="45.034160" lon="6.438420"><ele>1848.0</ele></trkpt>
<trkpt lat="45.034430" lon="6.438170"><ele>1849.0</ele></trkpt>
<trkpt lat="45.035020" lon="6.437620"><ele>1852.0</ele></trkpt>
<trkpt lat="45.035220" lon="6.437440"><ele>1854.0</ele></trkpt>
<trkpt lat="45.035370" lon="6.437300"><ele>1856.0</ele></trkpt>
<trkpt lat="45.035410" lon="6.437270"><ele>1857.0</ele></trkpt>
<trkpt lat="45.035510" lon="6.437170"><ele>1858.0</ele></trkpt>
<trkpt lat="45.035620" lon="6.437060"><ele>1859.0</ele></trkpt>
<trkpt lat="45.035690" lon="6.436970"><ele>1860.0</ele></trkpt>
<trkpt lat="45.035800" lon="6.436830"><ele>1861.0</ele></trkpt>
<trkpt lat="45.035870" lon="6.436720"><ele>1862.0</ele></trkpt>
<trkpt lat="45.035920" lon="6.436650"><ele>1862.0</ele></trkpt>
<trkpt lat="45.035950" lon="6.436610"><ele>1862.0</ele></trkpt>
<trkpt lat="45.036030" lon="6.436460"><ele>1863.0</ele></trkpt>
<trkpt lat="45.036060" lon="6.436410"><ele>1863.0</ele></trkpt>
<trkpt lat="45.036200" lon="6.436140"><ele>1864.0</ele></trkpt>
<trkpt lat="45.036250" lon="6.436050"><ele>1864.0</ele></trkpt>
<trkpt lat="45.036370" lon="6.435820"><ele>1865.0</ele></trkpt>
<trkpt lat="45.036520" lon="6.435560"><ele>1865.0</ele></trkpt>
<trkpt lat="45.036680" lon="6.435310"><ele>1866.0</ele></trkpt>
<trkpt lat="45.036710" lon="6.435270"><ele>1867.0</ele></trkpt>
<trkpt lat="45.036850" lon="6.435070"><ele>1867.0</ele></trkpt>
<trkpt lat="45.036970" lon="6.434910"><ele>1868.0</ele></trkpt>
<trkpt lat="45.037020" lon="6.434840"><ele>1869.0</ele></trkpt>
<trkpt lat="45.037100" lon="6.434740"><ele>1869.0</ele></trkpt>
<trkpt lat="45.037200" lon="6.434630"><ele>1870.0</ele></trkpt>
<trkpt lat="45.037390" lon="6.434440"><ele>1871.0</ele></trkpt>
<trkpt lat="45.037540" lon="6.434290"><ele>1872.0</ele></trkpt>
<trkpt lat="45.037600" lon="6.434240"><ele>1872.0</ele></trkpt>
<trkpt lat="45.037670" lon="6.434150"><ele>1873.0</ele></trkpt>
<trkpt lat="45.037700" lon="6.434120"><ele>1873.0</ele></trkpt>
<trkpt lat="45.037730" lon="6.434090"><ele>1874.0</ele></trkpt>
<trkpt lat="45.037770" lon="6.434030"><ele>1874.0</ele></trkpt>
<trkpt lat="45.037830" lon="6.433940"><ele>1875.0</ele></trkpt>
<trkpt lat="45.037920" lon="6.433810"><ele>1875.0</ele></trkpt>
<trkpt lat="45.037960" lon="6.433760"><ele>1876.0</ele></trkpt>
<trkpt lat="45.038010" lon="6.433690"><ele>1876.0</ele></trkpt>
<trkpt lat="45.038090" lon="6.433590"><ele>1877.0</ele></trkpt>
<trkpt lat="45.038110" lon="6.433570"><ele>1877.0</ele></trkpt>
<trkpt lat="45.038240" lon="6.433440"><ele>1877.0</ele></trkpt>
<trkpt lat="45.038300" lon="6.433370"><ele>1878.0</ele></trkpt>
<trkpt lat="45.038530" lon="6.433140"><ele>1879.0</ele></trkpt>
<trkpt lat="45.038760" lon="6.432890"><ele>1880.0</ele></trkpt>
<trkpt lat="45.038820" lon="6.432830"><ele>1881.0</ele></trkpt>
<trkpt lat="45.039040" lon="6.432590"><ele>1882.0</ele></trkpt>
<trkpt lat="45.039100" lon="6.432510"><ele>1883.0</ele></trkpt>
<trkpt lat="45.039140" lon="6.432460"><ele>1884.0</ele></trkpt>
<trkpt lat="45.039210" lon="6.432350"><ele>1885.0</ele></trkpt>
<trkpt lat="45.039290" lon="6.432210"><ele>1886.0</ele></trkpt>
<trkpt lat="45.039350" lon="6.432070"><ele>1887.0</ele></trkpt>
<trkpt lat="45.039410" lon="6.431930"><ele>1887.0</ele></trkpt>
<trkpt lat="45.039420" lon="6.431910"><ele>1888.0</ele></trkpt>
<trkpt lat="45.039470" lon="6.431780"><ele>1889.0</ele></trkpt>
<trkpt lat="45.039530" lon="6.431630"><ele>1889.0</ele></trkpt>
<trkpt lat="45.039570" lon="6.431490"><ele>1890.0</ele></trkpt>
<trkpt lat="45.039620" lon="6.431330"><ele>1890.0</ele></trkpt>
<trkpt lat="45.039670" lon="6.431180"><ele>1890.0</ele></trkpt>
<trkpt lat="45.039690" lon="6.431070"><ele>1891.0</ele></trkpt>
<trkpt lat="45.039710" lon="6.430980"><ele>1891.0</ele></trkpt>
<trkpt lat="45.039800" lon="6.430560"><ele>1891.0</ele></trkpt>
<trkpt lat="45.039880" lon="6.430110"><ele>1892.0</ele></trkpt>
<trkpt lat="45.039950" lon="6.429810"><ele>1892.0</ele></trkpt>
<trkpt lat="45.039960" lon="6.429770"><ele>1893.0</ele></trkpt>
<trkpt lat="45.040020" lon="6.429570"><ele>1893.0</ele></trkpt>
<trkpt lat="45.040040" lon="6.429480"><ele>1893.0</ele></trkpt>
<trkpt lat="45.040110" lon="6.429250"><ele>1894.0</ele></trkpt>
<trkpt lat="45.040170" lon="6.429110"><ele>1894.0</ele></trkpt>
<trkpt lat="45.040200" lon="6.429010"><ele>1894.0</ele></trkpt>
<trkpt lat="45.040260" lon="6.428890"><ele>1895.0</ele></trkpt>
<trkpt lat="45.040320" lon="6.428750"><ele>1896.0</ele></trkpt>
<trkpt lat="45.040360" lon="6.428670"><ele>1896.0</ele></trkpt>
<trkpt lat="45.040450" lon="6.428490"><ele>1897.0</ele></trkpt>
<trkpt lat="45.040460" lon="6.428470"><ele>1898.0</ele></trkpt>
<trkpt lat="45.040560" lon="6.428280"><ele>1899.0</ele></trkpt>
<trkpt lat="45.040650" lon="6.428120"><ele>1900.0</ele></trkpt>
<trkpt lat="45.040790" lon="6.427950"><ele>1901.0</ele></trkpt>
<trkpt lat="45.040830" lon="6.427910"><ele>1902.0</ele></trkpt>
<trkpt lat="45.040910" lon="6.427810"><ele>1903.0</ele></trkpt>
<trkpt lat="45.040970" lon="6.427760"><ele>1903.0</ele></trkpt>
<trkpt lat="45.041080" lon="6.427630"><ele>1904.0</ele></trkpt>
<trkpt lat="45.041150" lon="6.427560"><ele>1905.0</ele></trkpt>
<trkpt lat="45.041220" lon="6.427500"><ele>1906.0</ele></trkpt>
<trkpt lat="45.041310" lon="6.427430"><ele>1907.0</ele></trkpt>
<trkpt lat="45.041430" lon="6.427360"><ele>1908.0</ele></trkpt>
<trkpt lat="45.041540" lon="6.427300"><ele>1909.0</ele></trkpt>
<trkpt lat="45.041570" lon="6.427280"><ele>1909.0</ele></trkpt>
<trkpt lat="45.041640" lon="6.427250"><ele>1910.0</ele></trkpt>
<trkpt lat="45.041690" lon="6.427220"><ele>1910.0</ele></trkpt>
<trkpt lat="45.041700" lon="6.427210"><ele>1910.0</ele></trkpt>
<trkpt lat="45.041740" lon="6.427180"><ele>1911.0</ele></trkpt>
<trkpt lat="45.041790" lon="6.427140"><ele>1911.0</ele></trkpt>
<trkpt lat="45.041830" lon="6.427110"><ele>1911.0</ele></trkpt>
<trkpt lat="45.041860" lon="6.427080"><ele>1912.0</ele></trkpt>
<trkpt lat="45.041870" lon="6.427070"><ele>1912.0</ele></trkpt>
<trkpt lat="45.041930" lon="6.427010"><ele>1912.0</ele></trkpt>
<trkpt lat="45.042010" lon="6.426940"><ele>1912.0</ele></trkpt>
<trkpt lat="45.042200" lon="6.426770"><ele>1913.0</ele></trkpt>
<trkpt lat="45.042250" lon="6.426720"><ele>1914.0</ele></trkpt>
<trkpt lat="45.042300" lon="6.426680"><ele>1914.0</ele></trkpt>
<trkpt lat="45.042370" lon="6.426610"><ele>1914.0</ele></trkpt>
<trkpt lat="45.042440" lon="6.426540"><ele>1915.0</ele></trkpt>
<trkpt lat="45.042490" lon="6.426470"><ele>1915.0</ele></trkpt>
<trkpt lat="45.042520" lon="6.426430"><ele>1916.0</ele></trkpt>
<trkpt lat="45.042550" lon="6.426390"><ele>1916.0</ele></trkpt>
<trkpt lat="45.042580" lon="6.426350"><ele>1916.0</ele></trkpt>
<trkpt lat="45.042600" lon="6.426310"><ele>1917.0</ele></trkpt>
<trkpt lat="45.042640" lon="6.426240"><ele>1917.0</ele></trkpt>
<trkpt lat="45.042650" lon="6.426220"><ele>1917.0</ele></trkpt>
<trkpt lat="45.042660" lon="6.426200"><ele>1917.0</ele></trkpt>
<trkpt lat="45.042670" lon="6.426150"><ele>1918.0</ele></trkpt>
<trkpt lat="45.042690" lon="6.426110"><ele>1918.0</ele></trkpt>
<trkpt lat="45.042700" lon="6.426070"><ele>1918.0</ele></trkpt>
<trkpt lat="45.042720" lon="6.425990"><ele>1918.0</ele></trkpt>
<trkpt lat="45.042770" lon="6.425760"><ele>1919.0</ele></trkpt>
<trkpt lat="45.042800" lon="6.425610"><ele>1919.0</ele></trkpt>
<trkpt lat="45.042830" lon="6.425500"><ele>1920.0</ele></trkpt>
<trkpt lat="45.042830" lon="6.425480"><ele>1920.0</ele></trkpt>
<trkpt lat="45.042850" lon="6.425390"><ele>1921.0</ele></trkpt>
<trkpt lat="45.042870" lon="6.425290"><ele>1921.0</ele></trkpt>
<trkpt lat="45.042890" lon="6.425190"><ele>1922.0</ele></trkpt>
<trkpt lat="45.042900" lon="6.425120"><ele>1922.0</ele></trkpt>
<trkpt lat="45.042920" lon="6.425010"><ele>1923.0</ele></trkpt>
<trkpt lat="45.042930" lon="6.424830"><ele>1923.0</ele></trkpt>
<trkpt lat="45.042950" lon="6.424680"><ele>1924.0</ele></trkpt>
<trkpt lat="45.042980" lon="6.424520"><ele>1925.0</ele></trkpt>
<trkpt lat="45.043010" lon="6.424360"><ele>1926.0</ele></trkpt>
<trkpt lat="45.043040" lon="6.424210"><ele>1926.0</ele></trkpt>
<trkpt lat="45.043050" lon="6.424160"><ele>1927.0</ele></trkpt>
<trkpt lat="45.043060" lon="6.424120"><ele>1927.0</ele></trkpt>
<trkpt lat="45.043070" lon="6.424040"><ele>1928.0</ele></trkpt>
<trkpt lat="45.043080" lon="6.423950"><ele>1928.0</ele></trkpt>
<trkpt lat="45.043090" lon="6.423860"><ele>1929.0</ele></trkpt>
<trkpt lat="45.043090" lon="6.423700"><ele>1930.0</ele></trkpt>
<trkpt lat="45.043100" lon="6.423510"><ele>1930.0</ele></trkpt>
<trkpt lat="45.043090" lon="6.423180"><ele>1931.0</ele></trkpt>
<trkpt lat="45.043090" lon="6.422720"><ele>1933.0</ele></trkpt>
<trkpt lat="45.043090" lon="6.422640"><ele>1934.0</ele></trkpt>
<trkpt lat="45.043100" lon="6.422380"><ele>1936.0</ele></trkpt>
<trkpt lat="45.043100" lon="6.422310"><ele>1937.0</ele></trkpt>
<trkpt lat="45.043100" lon="6.422150"><ele>1938.0</ele></trkpt>
<trkpt lat="45.043100" lon="6.422120"><ele>1938.0</ele></trkpt>
<trkpt lat="45.043090" lon="6.422020"><ele>1939.0</ele></trkpt>
<trkpt lat="45.043080" lon="6.421910"><ele>1940.0</ele></trkpt>
<trkpt lat="45.043070" lon="6.421880"><ele>1940.0</ele></trkpt>
<trkpt lat="45.043060" lon="6.421840"><ele>1941.0</ele></trkpt>
<trkpt lat="45.043040" lon="6.421770"><ele>1941.0</ele></trkpt>
<trkpt lat="45.043010" lon="6.421710"><ele>1941.0</ele></trkpt>
<trkpt lat="45.042990" lon="6.421680"><ele>1942.0</ele></trkpt>
<trkpt lat="45.042980" lon="6.421660"><ele>1942.0</ele></trkpt>
<trkpt lat="45.042970" lon="6.421650"><ele>1942.0</ele></trkpt>
<trkpt lat="45.042950" lon="6.421620"><ele>1943.0</ele></trkpt>
<trkpt lat="45.042920" lon="6.421600"><ele>1943.0</ele></trkpt>
<trkpt lat="45.042900" lon="6.421570"><ele>1943.0</ele></trkpt>
<trkpt lat="45.042870" lon="6.421550"><ele>1943.0</ele></trkpt>
<trkpt lat="45.042850" lon="6.421540"><ele>1944.0</ele></trkpt>
<trkpt lat="45.042830" lon="6.421530"><ele>1944.0</ele></trkpt>
<trkpt lat="45.042820" lon="6.421520"><ele>1944.0</ele></trkpt>
<trkpt lat="45.042800" lon="6.421520"><ele>1944.0</ele></trkpt>
<trkpt lat="45.042770" lon="6.421510"><ele>1944.0</ele></trkpt>
<trkpt lat="45.042720" lon="6.421500"><ele>1945.0</ele></trkpt>
<trkpt lat="45.042680" lon="6.421510"><ele>1945.0</ele></trkpt>
<trkpt lat="45.042650" lon="6.421510"><ele>1945.0</ele></trkpt>
<trkpt lat="45.042620" lon="6.421530"><ele>1945.0</ele></trkpt>
<trkpt lat="45.042600" lon="6.421540"><ele>1946.0</ele></trkpt>
<trkpt lat="45.042580" lon="6.421550"><ele>1946.0</ele></trkpt>
<trkpt lat="45.042530" lon="6.421610"><ele>1946.0</ele></trkpt>
<trkpt lat="45.042500" lon="6.421650"><ele>1947.0</ele></trkpt>
<trkpt lat="45.042470" lon="6.421690"><ele>1947.0</ele></trkpt>
<trkpt lat="45.042390" lon="6.421800"><ele>1947.0</ele></trkpt>
<trkpt lat="45.042370" lon="6.421830"><ele>1948.0</ele></trkpt>
<trkpt lat="45.042290" lon="6.421940"><ele>1948.0</ele></trkpt>
<trkpt lat="45.042240" lon="6.422000"><ele>1949.0</ele></trkpt>
<trkpt lat="45.042230" lon="6.422010"><ele>1949.0</ele></trkpt>
<trkpt lat="45.042190" lon="6.422060"><ele>1949.0</ele></trkpt>
<trkpt lat="45.042160" lon="6.422080"><ele>1949.0</ele></trkpt>
<trkpt lat="45.042130" lon="6.422100"><ele>1949.0</ele></trkpt>
<trkpt lat="45.042100" lon="6.422120"><ele>1950.0</ele></trkpt>
<trkpt lat="45.042080" lon="6.422120"><ele>1950.0</ele></trkpt>
<trkpt lat="45.042050" lon="6.422130"><ele>1950.0</ele></trkpt>
<trkpt lat="45.042000" lon="6.422130"><ele>1950.0</ele></trkpt>
<trkpt lat="45.041980" lon="6.422120"><ele>1950.0</ele></trkpt>
<trkpt lat="45.041950" lon="6.422110"><ele>1950.0</ele></trkpt>
<trkpt lat="45.041920" lon="6.422100"><ele>1950.0</ele></trkpt>
<trkpt lat="45.041910" lon="6.422090"><ele>1950.0</ele></trkpt>
<trkpt lat="45.041900" lon="6.422080"><ele>1951.0</ele></trkpt>
<trkpt lat="45.041870" lon="6.422050"><ele>1951.0</ele></trkpt>
<trkpt lat="45.041840" lon="6.422020"><ele>1951.0</ele></trkpt>
<trkpt lat="45.041810" lon="6.421970"><ele>1951.0</ele></trkpt>
<trkpt lat="45.041780" lon="6.421910"><ele>1951.0</ele></trkpt>
<trkpt lat="45.041740" lon="6.421800"><ele>1951.0</ele></trkpt>
<trkpt lat="45.041710" lon="6.421680"><ele>1952.0</ele></trkpt>
<trkpt lat="45.041640" lon="6.421430"><ele>1952.0</ele></trkpt>
<trkpt lat="45.041580" lon="6.421210"><ele>1952.0</ele></trkpt>
<trkpt lat="45.041540" lon="6.420980"><ele>1953.0</ele></trkpt>
<trkpt lat="45.041520" lon="6.420790"><ele>1953.0</ele></trkpt>
<trkpt lat="45.041500" lon="6.420590"><ele>1954.0</ele></trkpt>
<trkpt lat="45.041500" lon="6.420420"><ele>1954.0</ele></trkpt>
<trkpt lat="45.041500" lon="6.420260"><ele>1955.0</ele></trkpt>
<trkpt lat="45.041500" lon="6.420060"><ele>1955.0</ele></trkpt>
<trkpt lat="45.041510" lon="6.419880"><ele>1956.0</ele></trkpt>
<trkpt lat="45.041520" lon="6.419650"><ele>1956.0</ele></trkpt>
<trkpt lat="45.041530" lon="6.419470"><ele>1957.0</ele></trkpt>
<trkpt lat="45.041540" lon="6.419400"><ele>1957.0</ele></trkpt>
<trkpt lat="45.041540" lon="6.419380"><ele>1957.0</ele></trkpt>
<trkpt lat="45.041550" lon="6.419280"><ele>1958.0</ele></trkpt>
<trkpt lat="45.041570" lon="6.419150"><ele>1958.0</ele></trkpt>
<trkpt lat="45.041580" lon="6.419130"><ele>1958.0</ele></trkpt>
<trkpt lat="45.041600" lon="6.419030"><ele>1958.0</ele></trkpt>
<trkpt lat="45.041610" lon="6.418940"><ele>1959.0</ele></trkpt>
<trkpt lat="45.041620" lon="6.418910"><ele>1959.0</ele></trkpt>
<trkpt lat="45.041630" lon="6.418870"><ele>1959.0</ele></trkpt>
<trkpt lat="45.041650" lon="6.418790"><ele>1959.0</ele></trkpt>
<trkpt lat="45.041700" lon="6.418670"><ele>1959.0</ele></trkpt>
<trkpt lat="45.041770" lon="6.418500"><ele>1960.0</ele></trkpt>
<trkpt lat="45.041830" lon="6.418350"><ele>1960.0</ele></trkpt>
<trkpt lat="45.041890" lon="6.418240"><ele>1960.0</ele></trkpt>
<trkpt lat="45.041950" lon="6.418150"><ele>1961.0</ele></trkpt>
<trkpt lat="45.042000" lon="6.418070"><ele>1961.0</ele></trkpt>
<trkpt lat="45.042010" lon="6.418060"><ele>1961.0</ele></trkpt>
<trkpt lat="45.042160" lon="6.417910"><ele>1961.0</ele></trkpt>
<trkpt lat="45.042310" lon="6.417770"><ele>1961.0</ele></trkpt>
<trkpt lat="45.042400" lon="6.417670"><ele>1962.0</ele></trkpt>
<trkpt lat="45.042530" lon="6.417520"><ele>1962.0</ele></trkpt>
<trkpt lat="45.042620" lon="6.417420"><ele>1962.0</ele></trkpt>
<trkpt lat="45.042690" lon="6.417320"><ele>1962.0</ele></trkpt>
<trkpt lat="45.042740" lon="6.417240"><ele>1962.0</ele></trkpt>
<trkpt lat="45.042760" lon="6.417210"><ele>1962.0</ele></trkpt>
<trkpt lat="45.042780" lon="6.417170"><ele>1962.0</ele></trkpt>
<trkpt lat="45.042800" lon="6.417130"><ele>1962.0</ele></trkpt>
<trkpt lat="45.042810" lon="6.417090"><ele>1962.0</ele></trkpt>
<trkpt lat="45.042820" lon="6.417050"><ele>1962.0</ele></trkpt>
<trkpt lat="45.042830" lon="6.417010"><ele>1962.0</ele></trkpt>
<trkpt lat="45.042840" lon="6.416960"><ele>1962.0</ele></trkpt>
<trkpt lat="45.042840" lon="6.416920"><ele>1962.0</ele></trkpt>
<trkpt lat="45.042840" lon="6.416870"><ele>1962.0</ele></trkpt>
<trkpt lat="45.042840" lon="6.416830"><ele>1962.0</ele></trkpt>
<trkpt lat="45.042840" lon="6.416780"><ele>1962.0</ele></trkpt>
<trkpt lat="45.042830" lon="6.416720"><ele>1962.0</ele></trkpt>
<trkpt lat="45.042820" lon="6.416660"><ele>1962.0</ele></trkpt>
<trkpt lat="45.042800" lon="6.416590"><ele>1962.0</ele></trkpt>
<trkpt lat="45.042790" lon="6.416540"><ele>1962.0</ele></trkpt>
<trkpt lat="45.042720" lon="6.416370"><ele>1962.0</ele></trkpt>
<trkpt lat="45.042560" lon="6.415990"><ele>1962.0</ele></trkpt>
<trkpt lat="45.042460" lon="6.415770"><ele>1963.0</ele></trkpt>
<trkpt lat="45.042420" lon="6.415680"><ele>1964.0</ele></trkpt>
<trkpt lat="45.042330" lon="6.415480"><ele>1965.0</ele></trkpt>
<trkpt lat="45.042250" lon="6.415340"><ele>1967.0</ele></trkpt>
<trkpt lat="45.042230" lon="6.415310"><ele>1968.0</ele></trkpt>
<trkpt lat="45.042110" lon="6.415120"><ele>1969.0</ele></trkpt>
<trkpt lat="45.042020" lon="6.414980"><ele>1971.0</ele></trkpt>
<trkpt lat="45.042010" lon="6.414960"><ele>1972.0</ele></trkpt>
<trkpt lat="45.042000" lon="6.414950"><ele>1972.0</ele></trkpt>
<trkpt lat="45.041930" lon="6.414840"><ele>1973.0</ele></trkpt>
<trkpt lat="45.041890" lon="6.414800"><ele>1974.0</ele></trkpt>
<trkpt lat="45.041860" lon="6.414760"><ele>1975.0</ele></trkpt>
<trkpt lat="45.041760" lon="6.414650"><ele>1976.0</ele></trkpt>
<trkpt lat="45.041590" lon="6.414480"><ele>1977.0</ele></trkpt>
<trkpt lat="45.041460" lon="6.414350"><ele>1979.0</ele></trkpt>
<trkpt lat="45.041450" lon="6.414330"><ele>1980.0</ele></trkpt>
<trkpt lat="45.041440" lon="6.414320"><ele>1981.0</ele></trkpt>
<trkpt lat="45.041380" lon="6.414260"><ele>1982.0</ele></trkpt>
<trkpt lat="45.041310" lon="6.414210"><ele>1983.0</ele></trkpt>
<trkpt lat="45.041260" lon="6.414170"><ele>1983.0</ele></trkpt>
<trkpt lat="45.041180" lon="6.414120"><ele>1984.0</ele></trkpt>
<trkpt lat="45.041150" lon="6.414100"><ele>1984.0</ele></trkpt>
<trkpt lat="45.041130" lon="6.414090"><ele>1985.0</ele></trkpt>
<trkpt lat="45.041010" lon="6.414020"><ele>1985.0</ele></trkpt>
<trkpt lat="45.040970" lon="6.413990"><ele>1985.0</ele></trkpt>
<trkpt lat="45.040870" lon="6.413930"><ele>1986.0</ele></trkpt>
<trkpt lat="45.040770" lon="6.413860"><ele>1986.0</ele></trkpt>
<trkpt lat="45.040670" lon="6.413790"><ele>1986.0</ele></trkpt>
<trkpt lat="45.040660" lon="6.413780"><ele>1986.0</ele></trkpt>
<trkpt lat="45.040640" lon="6.413770"><ele>1987.0</ele></trkpt>
<trkpt lat="45.040580" lon="6.413720"><ele>1987.0</ele></trkpt>
<trkpt lat="45.040480" lon="6.413650"><ele>1987.0</ele></trkpt>
<trkpt lat="45.040470" lon="6.413630"><ele>1987.0</ele></trkpt>
<trkpt lat="45.040400" lon="6.413570"><ele>1987.0</ele></trkpt>
<trkpt lat="45.040350" lon="6.413520"><ele>1988.0</ele></trkpt>
<trkpt lat="45.040330" lon="6.413500"><ele>1988.0</ele></trkpt>
<trkpt lat="45.040260" lon="6.413430"><ele>1988.0</ele></trkpt>
<trkpt lat="45.040180" lon="6.413340"><ele>1988.0</ele></trkpt>
<trkpt lat="45.040090" lon="6.413220"><ele>1989.0</ele></trkpt>
<trkpt lat="45.040070" lon="6.413200"><ele>1989.0</ele></trkpt>
<trkpt lat="45.040060" lon="6.413180"><ele>1989.0</ele></trkpt>
<trkpt lat="45.039960" lon="6.413040"><ele>1989.0</ele></trkpt>
<trkpt lat="45.039950" lon="6.413020"><ele>1989.0</ele></trkpt>
<trkpt lat="45.039820" lon="6.412840"><ele>1990.0</ele></trkpt>
<trkpt lat="45.039570" lon="6.412470"><ele>1990.0</ele></trkpt>
<trkpt lat="45.039570" lon="6.412460"><ele>1991.0</ele></trkpt>
<trkpt lat="45.039450" lon="6.412280"><ele>1991.0</ele></trkpt>
<trkpt lat="45.039440" lon="6.412260"><ele>1992.0</ele></trkpt>
<trkpt lat="45.039430" lon="6.412250"><ele>1992.0</ele></trkpt>
<trkpt lat="45.039330" lon="6.412090"><ele>1992.0</ele></trkpt>
<trkpt lat="45.039280" lon="6.412010"><ele>1992.0</ele></trkpt>
<trkpt lat="45.039150" lon="6.411790"><ele>1993.0</ele></trkpt>
<trkpt lat="45.039100" lon="6.411680"><ele>1993.0</ele></trkpt>
<trkpt lat="45.039090" lon="6.411670"><ele>1993.0</ele></trkpt>
<trkpt lat="45.039040" lon="6.411570"><ele>1994.0</ele></trkpt>
<trkpt lat="45.038970" lon="6.411430"><ele>1994.0</ele></trkpt>
<trkpt lat="45.038900" lon="6.411260"><ele>1994.0</ele></trkpt>
<trkpt lat="45.038850" lon="6.411140"><ele>1995.0</ele></trkpt>
<trkpt lat="45.038820" lon="6.411080"><ele>1995.0</ele></trkpt>
<trkpt lat="45.038760" lon="6.410910"><ele>1995.0</ele></trkpt>
<trkpt lat="45.038750" lon="6.410900"><ele>1996.0</ele></trkpt>
<trkpt lat="45.038680" lon="6.410690"><ele>1996.0</ele></trkpt>
<trkpt lat="45.038640" lon="6.410530"><ele>1996.0</ele></trkpt>
<trkpt lat="45.038590" lon="6.410360"><ele>1997.0</ele></trkpt>
<trkpt lat="45.038560" lon="6.410230"><ele>1998.0</ele></trkpt>
<trkpt lat="45.038540" lon="6.410090"><ele>1999.0</ele></trkpt>
<trkpt lat="45.038530" lon="6.409980"><ele>2000.0</ele></trkpt>
<trkpt lat="45.038520" lon="6.409960"><ele>2001.0</ele></trkpt>
<trkpt lat="45.038520" lon="6.409850"><ele>2001.0</ele></trkpt>
<trkpt lat="45.038510" lon="6.409730"><ele>2002.0</ele></trkpt>
<trkpt lat="45.038520" lon="6.409610"><ele>2003.0</ele></trkpt>
<trkpt lat="45.038530" lon="6.409450"><ele>2004.0</ele></trkpt>
<trkpt lat="45.038540" lon="6.409330"><ele>2005.0</ele></trkpt>
<trkpt lat="45.038560" lon="6.409220"><ele>2006.0</ele></trkpt>
<trkpt lat="45.038590" lon="6.409090"><ele>2007.0</ele></trkpt>
<trkpt lat="45.038640" lon="6.408940"><ele>2008.0</ele></trkpt>
<trkpt lat="45.038670" lon="6.408840"><ele>2008.0</ele></trkpt>
<trkpt lat="45.038710" lon="6.408730"><ele>2009.0</ele></trkpt>
<trkpt lat="45.038780" lon="6.408530"><ele>2011.0</ele></trkpt>
<trkpt lat="45.038870" lon="6.408300"><ele>2012.0</ele></trkpt>
<trkpt lat="45.038910" lon="6.408200"><ele>2013.0</ele></trkpt>
<trkpt lat="45.039050" lon="6.407860"><ele>2014.0</ele></trkpt>
<trkpt lat="45.039110" lon="6.407720"><ele>2015.0</ele></trkpt>
<trkpt lat="45.039140" lon="6.407640"><ele>2016.0</ele></trkpt>
<trkpt lat="45.039320" lon="6.407200"><ele>2018.0</ele></trkpt>
<trkpt lat="45.039430" lon="6.406930"><ele>2019.0</ele></trkpt>
<trkpt lat="45.039500" lon="6.406730"><ele>2020.0</ele></trkpt>
<trkpt lat="45.039530" lon="6.406640"><ele>2021.0</ele></trkpt>
<trkpt lat="45.039550" lon="6.406550"><ele>2021.0</ele></trkpt>
<trkpt lat="45.039570" lon="6.406490"><ele>2022.0</ele></trkpt>
<trkpt lat="45.039580" lon="6.406420"><ele>2022.0</ele></trkpt>
<trkpt lat="45.039590" lon="6.406350"><ele>2023.0</ele></trkpt>
<trkpt lat="45.039610" lon="6.406270"><ele>2023.0</ele></trkpt>
<trkpt lat="45.039610" lon="6.406200"><ele>2023.0</ele></trkpt>
<trkpt lat="45.039610" lon="6.406110"><ele>2024.0</ele></trkpt>
<trkpt lat="45.039610" lon="6.406020"><ele>2024.0</ele></trkpt>
<trkpt lat="45.039600" lon="6.405910"><ele>2025.0</ele></trkpt>
<trkpt lat="45.039600" lon="6.405850"><ele>2025.0</ele></trkpt>
<trkpt lat="45.039590" lon="6.405780"><ele>2025.0</ele></trkpt>
<trkpt lat="45.039570" lon="6.405700"><ele>2026.0</ele></trkpt>
<trkpt lat="45.039540" lon="6.405590"><ele>2026.0</ele></trkpt>
<trkpt lat="45.039520" lon="6.405500"><ele>2026.0</ele></trkpt>
<trkpt lat="45.039490" lon="6.405440"><ele>2027.0</ele></trkpt>
<trkpt lat="45.039450" lon="6.405360"><ele>2027.0</ele></trkpt>
<trkpt lat="45.039420" lon="6.405290"><ele>2028.0</ele></trkpt>
<trkpt lat="45.039380" lon="6.405230"><ele>2028.0</ele></trkpt>
<trkpt lat="45.039320" lon="6.405160"><ele>2028.0</ele></trkpt>
<trkpt lat="45.039270" lon="6.405100"><ele>2029.0</ele></trkpt>
<trkpt lat="45.039180" lon="6.405020"><ele>2029.0</ele></trkpt>
<trkpt lat="45.038990" lon="6.404850"><ele>2030.0</ele></trkpt>
<trkpt lat="45.038870" lon="6.404750"><ele>2031.0</ele></trkpt>
<trkpt lat="45.038650" lon="6.404570"><ele>2032.0</ele></trkpt>
<trkpt lat="45.038560" lon="6.404500"><ele>2033.0</ele></trkpt>
<trkpt lat="45.038450" lon="6.404420"><ele>2034.0</ele></trkpt>
<trkpt lat="45.038400" lon="6.404390"><ele>2035.0</ele></trkpt>
<trkpt lat="45.038340" lon="6.404350"><ele>2036.0</ele></trkpt>
<trkpt lat="45.038290" lon="6.404340"><ele>2036.0</ele></trkpt>
<trkpt lat="45.038240" lon="6.404320"><ele>2037.0</ele></trkpt>
<trkpt lat="45.038200" lon="6.404300"><ele>2037.0</ele></trkpt>
<trkpt lat="45.038150" lon="6.404290"><ele>2037.0</ele></trkpt>
<trkpt lat="45.038110" lon="6.404280"><ele>2037.0</ele></trkpt>
<trkpt lat="45.038070" lon="6.404280"><ele>2038.0</ele></trkpt>
<trkpt lat="45.038020" lon="6.404280"><ele>2038.0</ele></trkpt>
<trkpt lat="45.037990" lon="6.404280"><ele>2038.0</ele></trkpt>
<trkpt lat="45.037930" lon="6.404280"><ele>2038.0</ele></trkpt>
<trkpt lat="45.037870" lon="6.404300"><ele>2038.0</ele></trkpt>
<trkpt lat="45.037790" lon="6.404330"><ele>2039.0</ele></trkpt>
<trkpt lat="45.037700" lon="6.404380"><ele>2039.0</ele></trkpt>
<trkpt lat="45.037610" lon="6.404440"><ele>2039.0</ele></trkpt>
<trkpt lat="45.037550" lon="6.404490"><ele>2039.0</ele></trkpt>
<trkpt lat="45.037470" lon="6.404560"><ele>2040.0</ele></trkpt>
<trkpt lat="45.037420" lon="6.404630"><ele>2040.0</ele></trkpt>
<trkpt lat="45.037400" lon="6.404660"><ele>2040.0</ele></trkpt>
<trkpt lat="45.037370" lon="6.404700"><ele>2040.0</ele></trkpt>
<trkpt lat="45.037320" lon="6.404800"><ele>2041.0</ele></trkpt>
<trkpt lat="45.037300" lon="6.404870"><ele>2041.0</ele></trkpt>
<trkpt lat="45.037260" lon="6.404970"><ele>2041.0</ele></trkpt>
<trkpt lat="45.037220" lon="6.405100"><ele>2041.0</ele></trkpt>
<trkpt lat="45.037190" lon="6.405180"><ele>2041.0</ele></trkpt>
<trkpt lat="45.037110" lon="6.405470"><ele>2042.0</ele></trkpt>
<trkpt lat="45.037070" lon="6.405590"><ele>2042.0</ele></trkpt>
<trkpt lat="45.037020" lon="6.405690"><ele>2043.0</ele></trkpt>
<trkpt lat="45.036980" lon="6.405760"><ele>2043.0</ele></trkpt>
<trkpt lat="45.036930" lon="6.405840"><ele>2043.0</ele></trkpt>
<trkpt lat="45.036870" lon="6.405900"><ele>2044.0</ele></trkpt>
<trkpt lat="45.036800" lon="6.405970"><ele>2044.0</ele></trkpt>
<trkpt lat="45.036740" lon="6.406020"><ele>2045.0</ele></trkpt>
<trkpt lat="45.036680" lon="6.406050"><ele>2045.0</ele></trkpt>
<trkpt lat="45.036630" lon="6.406070"><ele>2046.0</ele></trkpt>
<trkpt lat="45.036560" lon="6.406080"><ele>2046.0</ele></trkpt>
<trkpt lat="45.036490" lon="6.406080"><ele>2047.0</ele></trkpt>
<trkpt lat="45.036410" lon="6.406080"><ele>2047.0</ele></trkpt>
<trkpt lat="45.036340" lon="6.406070"><ele>2048.0</ele></trkpt>
<trkpt lat="45.036290" lon="6.406060"><ele>2048.0</ele></trkpt>
<trkpt lat="45.036230" lon="6.406040"><ele>2048.0</ele></trkpt>
<trkpt lat="45.036170" lon="6.406010"><ele>2049.0</ele></trkpt>
<trkpt lat="45.036120" lon="6.405970"><ele>2049.0</ele></trkpt>
<trkpt lat="45.036070" lon="6.405930"><ele>2050.0</ele></trkpt>
<trkpt lat="45.036030" lon="6.405890"><ele>2050.0</ele></trkpt>
<trkpt lat="45.035980" lon="6.405840"><ele>2051.0</ele></trkpt>
<trkpt lat="45.035940" lon="6.405800"><ele>2051.0</ele></trkpt>
<trkpt lat="45.035790" lon="6.405570"><ele>2052.0</ele></trkpt>
<trkpt lat="45.035730" lon="6.405480"><ele>2052.0</ele></trkpt>
<trkpt lat="45.035680" lon="6.405420"><ele>2053.0</ele></trkpt>
<trkpt lat="45.035650" lon="6.405380"><ele>2054.0</ele></trkpt>
<trkpt lat="45.035610" lon="6.405340"><ele>2054.0</ele></trkpt>
<trkpt lat="45.035580" lon="6.405310"><ele>2054.0</ele></trkpt>
<trkpt lat="45.035550" lon="6.405280"><ele>2055.0</ele></trkpt>
<trkpt lat="45.035500" lon="6.405250"><ele>2055.0</ele></trkpt>
<trkpt lat="45.035420" lon="6.405190"><ele>2056.0</ele></trkpt>
<trkpt lat="45.035420" lon="6.405190"><ele>2056.0</ele></trkpt>
<trkpt lat="45.035560" lon="6.404990"><ele>2056.0</ele></trkpt>
<trkpt lat="45.035690" lon="6.404880"><ele>2057.0</ele></trkpt>
<trkpt lat="45.036100" lon="6.404600"><ele>2058.0</ele></trkpt>
<trkpt lat="45.036280" lon="6.404460"><ele>2058.0</ele></trkpt>
<trkpt lat="45.036320" lon="6.404440"><ele>2059.0</ele></trkpt>
<trkpt lat="45.036440" lon="6.404340"><ele>2059.0</ele></trkpt>
<trkpt lat="45.036650" lon="6.404190"><ele>2060.0</ele></trkpt>
<trkpt lat="45.036680" lon="6.404160"><ele>2060.0</ele></trkpt>
<trkpt lat="45.036740" lon="6.404090"><ele>2061.0</ele></trkpt>
<trkpt lat="45.036810" lon="6.403990"><ele>2061.0</ele></trkpt>
<trkpt lat="45.036860" lon="6.403910"><ele>2061.0</ele></trkpt>
<trkpt lat="45.036930" lon="6.403790"><ele>2062.0</ele></trkpt>
<trkpt lat="45.037000" lon="6.403660"><ele>2062.0</ele></trkpt>
<trkpt lat="45.037110" lon="6.403430"><ele>2063.0</ele></trkpt>
<trkpt lat="45.037170" lon="6.403230"><ele>2064.0</ele></trkpt>
<trkpt lat="45.037200" lon="6.403140"><ele>2065.0</ele></trkpt>
<trkpt lat="45.037250" lon="6.403020"><ele>2065.0</ele></trkpt>
<trkpt lat="45.037300" lon="6.402930"><ele>2066.0</ele></trkpt>
<trkpt lat="45.037310" lon="6.402920"><ele>2067.0</ele></trkpt>
<trkpt lat="45.037380" lon="6.402860"><ele>2067.0</ele></trkpt>
<trkpt lat="45.037440" lon="6.402810"><ele>2067.0</ele></trkpt>
<trkpt lat="45.037450" lon="6.402800"><ele>2068.0</ele></trkpt>
<trkpt lat="45.037520" lon="6.402780"><ele>2068.0</ele></trkpt>
<trkpt lat="45.037580" lon="6.402770"><ele>2069.0</ele></trkpt>
<trkpt lat="45.037630" lon="6.402780"><ele>2069.0</ele></trkpt>
<trkpt lat="45.037660" lon="6.402780"><ele>2069.0</ele></trkpt>
<trkpt lat="45.037780" lon="6.402810"><ele>2070.0</ele></trkpt>
<trkpt lat="45.037930" lon="6.402850"><ele>2071.0</ele></trkpt>
<trkpt lat="45.037990" lon="6.402850"><ele>2071.0</ele></trkpt>
<trkpt lat="45.038020" lon="6.402850"><ele>2072.0</ele></trkpt>
<trkpt lat="45.038080" lon="6.402830"><ele>2072.0</ele></trkpt>
<trkpt lat="45.038120" lon="6.402790"><ele>2072.0</ele></trkpt>
<trkpt lat="45.038140" lon="6.402750"><ele>2073.0</ele></trkpt>
<trkpt lat="45.038160" lon="6.402710"><ele>2073.0</ele></trkpt>
<trkpt lat="45.038190" lon="6.402630"><ele>2073.0</ele></trkpt>
<trkpt lat="45.038220" lon="6.402520"><ele>2074.0</ele></trkpt>
<trkpt lat="45.038260" lon="6.402360"><ele>2074.0</ele></trkpt>
<trkpt lat="45.038280" lon="6.402280"><ele>2075.0</ele></trkpt>
<trkpt lat="45.038350" lon="6.402050"><ele>2076.0</ele></trkpt>
<trkpt lat="45.038380" lon="6.401920"><ele>2077.0</ele></trkpt>
<trkpt lat="45.038480" lon="6.401570"><ele>2078.0</ele></trkpt>
<trkpt lat="45.038500" lon="6.401470"><ele>2079.0</ele></trkpt>
<trkpt lat="45.038600" lon="6.401140"><ele>2081.0</ele></trkpt>
<trkpt lat="45.038610" lon="6.401100"><ele>2082.0</ele></trkpt>
<trkpt lat="45.038690" lon="6.400920"><ele>2083.0</ele></trkpt>
<trkpt lat="45.038720" lon="6.400900"><ele>2084.0</ele></trkpt>
<trkpt lat="45.038820" lon="6.400790"><ele>2085.0</ele></trkpt>
<trkpt lat="45.038860" lon="6.400750"><ele>2086.0</ele></trkpt>
<trkpt lat="45.038920" lon="6.400710"><ele>2087.0</ele></trkpt>
<trkpt lat="45.039030" lon="6.400680"><ele>2088.0</ele></trkpt>
<trkpt lat="45.039120" lon="6.400680"><ele>2089.0</ele></trkpt>
<trkpt lat="45.039210" lon="6.400690"><ele>2089.0</ele></trkpt>
<trkpt lat="45.039360" lon="6.400740"><ele>2090.0</ele></trkpt>
<trkpt lat="45.039750" lon="6.400940"><ele>2092.0</ele></trkpt>
<trkpt lat="45.040210" lon="6.401230"><ele>2095.0</ele></trkpt>
<trkpt lat="45.040220" lon="6.401230"><ele>2097.0</ele></trkpt>
<trkpt lat="45.040350" lon="6.401350"><ele>2099.0</ele></trkpt>
<trkpt lat="45.040460" lon="6.401470"><ele>2100.0</ele></trkpt>
<trkpt lat="45.040560" lon="6.401590"><ele>2102.0</ele></trkpt>
<trkpt lat="45.040580" lon="6.401600"><ele>2103.0</ele></trkpt>
<trkpt lat="45.040650" lon="6.401660"><ele>2103.0</ele></trkpt>
<trkpt lat="45.040670" lon="6.401660"><ele>2104.0</ele></trkpt>
<trkpt lat="45.040720" lon="6.401680"><ele>2105.0</ele></trkpt>
<trkpt lat="45.040730" lon="6.401680"><ele>2105.0</ele></trkpt>
<trkpt lat="45.040790" lon="6.401640"><ele>2106.0</ele></trkpt>
<trkpt lat="45.040830" lon="6.401600"><ele>2106.0</ele></trkpt>
<trkpt lat="45.040860" lon="6.401520"><ele>2107.0</ele></trkpt>
<trkpt lat="45.040870" lon="6.401440"><ele>2107.0</ele></trkpt>
<trkpt lat="45.040860" lon="6.401380"><ele>2108.0</ele></trkpt>
<trkpt lat="45.040850" lon="6.401330"><ele>2108.0</ele></trkpt>
<trkpt lat="45.040820" lon="6.401280"><ele>2108.0</ele></trkpt>
<trkpt lat="45.040800" lon="6.401240"><ele>2108.0</ele></trkpt>
<trkpt lat="45.040770" lon="6.401200"><ele>2109.0</ele></trkpt>
<trkpt lat="45.040680" lon="6.401150"><ele>2109.0</ele></trkpt>
<trkpt lat="45.040510" lon="6.401060"><ele>2109.0</ele></trkpt>
<trkpt lat="45.040450" lon="6.401030"><ele>2110.0</ele></trkpt>
<trkpt lat="45.040440" lon="6.401020"><ele>2110.0</ele></trkpt>
<trkpt lat="45.040360" lon="6.400960"><ele>2110.0</ele></trkpt>
<trkpt lat="45.040300" lon="6.400900"><ele>2110.0</ele></trkpt>
<trkpt lat="45.040180" lon="6.400760"><ele>2111.0</ele></trkpt>
<trkpt lat="45.040160" lon="6.400740"><ele>2111.0</ele></trkpt>
<trkpt lat="45.039880" lon="6.400380"><ele>2111.0</ele></trkpt>
<trkpt lat="45.039760" lon="6.400220"><ele>2112.0</ele></trkpt>
<trkpt lat="45.039540" lon="6.399930"><ele>2113.0</ele></trkpt>
<trkpt lat="45.039230" lon="6.399530"><ele>2114.0</ele></trkpt>
<trkpt lat="45.039160" lon="6.399430"><ele>2114.0</ele></trkpt>
<trkpt lat="45.039100" lon="6.399360"><ele>2115.0</ele></trkpt>
<trkpt lat="45.038970" lon="6.399190"><ele>2116.0</ele></trkpt>
<trkpt lat="45.038840" lon="6.399010"><ele>2117.0</ele></trkpt>
<trkpt lat="45.038790" lon="6.398960"><ele>2118.0</ele></trkpt>
<trkpt lat="45.038700" lon="6.398840"><ele>2119.0</ele></trkpt>
<trkpt lat="45.038590" lon="6.398690"><ele>2120.0</ele></trkpt>
<trkpt lat="45.038570" lon="6.398670"><ele>2120.0</ele></trkpt>
<trkpt lat="45.038430" lon="6.398510"><ele>2121.0</ele></trkpt>
<trkpt lat="45.038410" lon="6.398480"><ele>2122.0</ele></trkpt>
<trkpt lat="45.038320" lon="6.398420"><ele>2122.0</ele></trkpt>
<trkpt lat="45.038270" lon="6.398390"><ele>2123.0</ele></trkpt>
<trkpt lat="45.038230" lon="6.398360"><ele>2123.0</ele></trkpt>
<trkpt lat="45.038130" lon="6.398340"><ele>2124.0</ele></trkpt>
<trkpt lat="45.038100" lon="6.398340"><ele>2124.0</ele></trkpt>
<trkpt lat="45.037980" lon="6.398340"><ele>2125.0</ele></trkpt>
<trkpt lat="45.037920" lon="6.398350"><ele>2125.0</ele></trkpt>
<trkpt lat="45.037770" lon="6.398370"><ele>2126.0</ele></trkpt>
<trkpt lat="45.037740" lon="6.398360"><ele>2126.0</ele></trkpt>
<trkpt lat="45.037670" lon="6.398350"><ele>2127.0</ele></trkpt>
<trkpt lat="45.037580" lon="6.398320"><ele>2127.0</ele></trkpt>
<trkpt lat="45.037520" lon="6.398280"><ele>2127.0</ele></trkpt>
<trkpt lat="45.037470" lon="6.398240"><ele>2128.0</ele></trkpt>
<trkpt lat="45.037450" lon="6.398210"><ele>2128.0</ele></trkpt>
<trkpt lat="45.037420" lon="6.398160"><ele>2128.0</ele></trkpt>
<trkpt lat="45.037390" lon="6.398120"><ele>2128.0</ele></trkpt>
<trkpt lat="45.037340" lon="6.398000"><ele>2128.0</ele></trkpt>
<trkpt lat="45.037320" lon="6.397950"><ele>2128.0</ele></trkpt>
<trkpt lat="45.037300" lon="6.397860"><ele>2128.0</ele></trkpt>
<trkpt lat="45.037290" lon="6.397750"><ele>2128.0</ele></trkpt>
<trkpt lat="45.037290" lon="6.397700"><ele>2129.0</ele></trkpt>
<trkpt lat="45.037280" lon="6.397480"><ele>2129.0</ele></trkpt>
<trkpt lat="45.037300" lon="6.397060"><ele>2129.0</ele></trkpt>
<trkpt lat="45.037310" lon="6.396940"><ele>2129.0</ele></trkpt>
<trkpt lat="45.037320" lon="6.396740"><ele>2129.0</ele></trkpt>
<trkpt lat="45.037380" lon="6.396330"><ele>2130.0</ele></trkpt>
<trkpt lat="45.037420" lon="6.396200"><ele>2130.0</ele></trkpt>
<trkpt lat="45.037460" lon="6.396000"><ele>2131.0</ele></trkpt>
<trkpt lat="45.037540" lon="6.395770"><ele>2132.0</ele></trkpt>
<trkpt lat="45.037640" lon="6.395510"><ele>2134.0</ele></trkpt>
<trkpt lat="45.037850" lon="6.395040"><ele>2136.0</ele></trkpt>
<trkpt lat="45.037920" lon="6.394850"><ele>2138.0</ele></trkpt>
<trkpt lat="45.037950" lon="6.394780"><ele>2140.0</ele></trkpt>
<trkpt lat="45.037980" lon="6.394610"><ele>2142.0</ele></trkpt>
<trkpt lat="45.037980" lon="6.394590"><ele>2143.0</ele></trkpt>
<trkpt lat="45.038000" lon="6.394470"><ele>2144.0</ele></trkpt>
<trkpt lat="45.038010" lon="6.394360"><ele>2145.0</ele></trkpt>
<trkpt lat="45.038040" lon="6.394110"><ele>2147.0</ele></trkpt>
<trkpt lat="45.038050" lon="6.393940"><ele>2148.0</ele></trkpt>
<trkpt lat="45.038060" lon="6.393860"><ele>2149.0</ele></trkpt>
<trkpt lat="45.038070" lon="6.393630"><ele>2150.0</ele></trkpt>
<trkpt lat="45.038070" lon="6.393600"><ele>2151.0</ele></trkpt>
<trkpt lat="45.038070" lon="6.393520"><ele>2152.0</ele></trkpt>
<trkpt lat="45.038050" lon="6.393400"><ele>2153.0</ele></trkpt>
<trkpt lat="45.038040" lon="6.393350"><ele>2153.0</ele></trkpt>
<trkpt lat="45.038010" lon="6.393200"><ele>2154.0</ele></trkpt>
<trkpt lat="45.038020" lon="6.393100"><ele>2154.0</ele></trkpt>
<trkpt lat="45.038020" lon="6.393050"><ele>2155.0</ele></trkpt>
<trkpt lat="45.038040" lon="6.392970"><ele>2155.0</ele></trkpt>
<trkpt lat="45.038070" lon="6.392910"><ele>2156.0</ele></trkpt>
<trkpt lat="45.038090" lon="6.392890"><ele>2156.0</ele></trkpt>
<trkpt lat="45.038120" lon="6.392870"><ele>2156.0</ele></trkpt>
<trkpt lat="45.038160" lon="6.392850"><ele>2157.0</ele></trkpt>
<trkpt lat="45.038200" lon="6.392850"><ele>2157.0</ele></trkpt>
<trkpt lat="45.038240" lon="6.392880"><ele>2157.0</ele></trkpt>
<trkpt lat="45.038260" lon="6.392900"><ele>2157.0</ele></trkpt>
<trkpt lat="45.038270" lon="6.392920"><ele>2158.0</ele></trkpt>
<trkpt lat="45.038300" lon="6.392980"><ele>2158.0</ele></trkpt>
<trkpt lat="45.038310" lon="6.393060"><ele>2158.0</ele></trkpt>
<trkpt lat="45.038300" lon="6.393140"><ele>2159.0</ele></trkpt>
<trkpt lat="45.038300" lon="6.393210"><ele>2159.0</ele></trkpt>
<trkpt lat="45.038280" lon="6.393390"><ele>2160.0</ele></trkpt>
<trkpt lat="45.038270" lon="6.393480"><ele>2160.0</ele></trkpt>
<trkpt lat="45.038260" lon="6.393640"><ele>2161.0</ele></trkpt>
<trkpt lat="45.038280" lon="6.393840"><ele>2161.0</ele></trkpt>
<trkpt lat="45.038280" lon="6.393890"><ele>2162.0</ele></trkpt>
<trkpt lat="45.038310" lon="6.394150"><ele>2163.0</ele></trkpt>
<trkpt lat="45.038320" lon="6.394280"><ele>2164.0</ele></trkpt>
<trkpt lat="45.038330" lon="6.394400"><ele>2164.0</ele></trkpt>
<trkpt lat="45.038360" lon="6.394650"><ele>2165.0</ele></trkpt>
<trkpt lat="45.038370" lon="6.394790"><ele>2166.0</ele></trkpt>
<trkpt lat="45.038390" lon="6.394900"><ele>2167.0</ele></trkpt>
<trkpt lat="45.038410" lon="6.395030"><ele>2168.0</ele></trkpt>
<trkpt lat="45.038450" lon="6.395130"><ele>2169.0</ele></trkpt>
<trkpt lat="45.038450" lon="6.395140"><ele>2169.0</ele></trkpt>
<trkpt lat="45.038470" lon="6.395210"><ele>2170.0</ele></trkpt>
<trkpt lat="45.038540" lon="6.395360"><ele>2171.0</ele></trkpt>
<trkpt lat="45.038680" lon="6.395610"><ele>2172.0</ele></trkpt>
<trkpt lat="45.038900" lon="6.395930"><ele>2173.0</ele></trkpt>
<trkpt lat="45.038960" lon="6.396030"><ele>2175.0</ele></trkpt>
<trkpt lat="45.039010" lon="6.396120"><ele>2176.0</ele></trkpt>
<trkpt lat="45.039080" lon="6.396240"><ele>2177.0</ele></trkpt>
<trkpt lat="45.039130" lon="6.396320"><ele>2178.0</ele></trkpt>
<trkpt lat="45.039240" lon="6.396510"><ele>2179.0</ele></trkpt>
<trkpt lat="45.039260" lon="6.396540"><ele>2180.0</ele></trkpt>
<trkpt lat="45.039500" lon="6.396920"><ele>2181.0</ele></trkpt>
<trkpt lat="45.039740" lon="6.397300"><ele>2183.0</ele></trkpt>
<trkpt lat="45.039860" lon="6.397440"><ele>2185.0</ele></trkpt>
<trkpt lat="45.039860" lon="6.397450"><ele>2186.0</ele></trkpt>
<trkpt lat="45.039960" lon="6.397550"><ele>2188.0</ele></trkpt>
<trkpt lat="45.040010" lon="6.397590"><ele>2188.0</ele></trkpt>
<trkpt lat="45.040160" lon="6.397730"><ele>2190.0</ele></trkpt>
<trkpt lat="45.040370" lon="6.397920"><ele>2191.0</ele></trkpt>
<trkpt lat="45.040610" lon="6.398140"><ele>2193.0</ele></trkpt>
<trkpt lat="45.040780" lon="6.398290"><ele>2195.0</ele></trkpt>
<trkpt lat="45.040910" lon="6.398410"><ele>2197.0</ele></trkpt>
<trkpt lat="45.041070" lon="6.398550"><ele>2199.0</ele></trkpt>
<trkpt lat="45.041090" lon="6.398570"><ele>2200.0</ele></trkpt>
<trkpt lat="45.041280" lon="6.398730"><ele>2202.0</ele></trkpt>
<trkpt lat="45.041380" lon="6.398800"><ele>2204.0</ele></trkpt>
<trkpt lat="45.041410" lon="6.398820"><ele>2205.0</ele></trkpt>
<trkpt lat="45.041570" lon="6.398900"><ele>2206.0</ele></trkpt>
<trkpt lat="45.041740" lon="6.398990"><ele>2208.0</ele></trkpt>
<trkpt lat="45.041870" lon="6.399070"><ele>2210.0</ele></trkpt>
<trkpt lat="45.041880" lon="6.399080"><ele>2211.0</ele></trkpt>
<trkpt lat="45.041980" lon="6.399170"><ele>2212.0</ele></trkpt>
<trkpt lat="45.042020" lon="6.399230"><ele>2213.0</ele></trkpt>
<trkpt lat="45.042160" lon="6.399400"><ele>2215.0</ele></trkpt>
<trkpt lat="45.042180" lon="6.399420"><ele>2216.0</ele></trkpt>
<trkpt lat="45.042290" lon="6.399580"><ele>2216.0</ele></trkpt>
<trkpt lat="45.042420" lon="6.399750"><ele>2217.0</ele></trkpt>
<trkpt lat="45.042430" lon="6.399770"><ele>2217.0</ele></trkpt>
<trkpt lat="45.042540" lon="6.399940"><ele>2217.0</ele></trkpt>
<trkpt lat="45.042660" lon="6.400130"><ele>2217.0</ele></trkpt>
<trkpt lat="45.042690" lon="6.400180"><ele>2218.0</ele></trkpt>
<trkpt lat="45.042780" lon="6.400320"><ele>2218.0</ele></trkpt>
<trkpt lat="45.042890" lon="6.400520"><ele>2218.0</ele></trkpt>
<trkpt lat="45.042900" lon="6.400540"><ele>2218.0</ele></trkpt>
<trkpt lat="45.042990" lon="6.400730"><ele>2218.0</ele></trkpt>
<trkpt lat="45.043010" lon="6.400760"><ele>2218.0</ele></trkpt>
<trkpt lat="45.043090" lon="6.400950"><ele>2218.0</ele></trkpt>
<trkpt lat="45.043180" lon="6.401160"><ele>2218.0</ele></trkpt>
<trkpt lat="45.043210" lon="6.401230"><ele>2218.0</ele></trkpt>
<trkpt lat="45.043270" lon="6.401380"><ele>2218.0</ele></trkpt>
<trkpt lat="45.043370" lon="6.401590"><ele>2218.0</ele></trkpt>
<trkpt lat="45.043450" lon="6.401740"><ele>2219.0</ele></trkpt>
<trkpt lat="45.043490" lon="6.401780"><ele>2220.0</ele></trkpt>
<trkpt lat="45.043510" lon="6.401800"><ele>2221.0</ele></trkpt>
<trkpt lat="45.043570" lon="6.401840"><ele>2222.0</ele></trkpt>
<trkpt lat="45.043630" lon="6.401860"><ele>2223.0</ele></trkpt>
<trkpt lat="45.043660" lon="6.401860"><ele>2224.0</ele></trkpt>
<trkpt lat="45.043700" lon="6.401860"><ele>2224.0</ele></trkpt>
<trkpt lat="45.043770" lon="6.401850"><ele>2225.0</ele></trkpt>
<trkpt lat="45.043830" lon="6.401810"><ele>2226.0</ele></trkpt>
<trkpt lat="45.043890" lon="6.401770"><ele>2228.0</ele></trkpt>
<trkpt lat="45.043940" lon="6.401700"><ele>2229.0</ele></trkpt>
<trkpt lat="45.044000" lon="6.401590"><ele>2230.0</ele></trkpt>
<trkpt lat="45.044120" lon="6.401320"><ele>2232.0</ele></trkpt>
<trkpt lat="45.044160" lon="6.401220"><ele>2234.0</ele></trkpt>
<trkpt lat="45.044220" lon="6.401120"><ele>2236.0</ele></trkpt>
<trkpt lat="45.044270" lon="6.401050"><ele>2238.0</ele></trkpt>
<trkpt lat="45.044350" lon="6.400950"><ele>2240.0</ele></trkpt>
<trkpt lat="45.044360" lon="6.400950"><ele>2241.0</ele></trkpt>
<trkpt lat="45.044450" lon="6.400900"><ele>2243.0</ele></trkpt>
<trkpt lat="45.044530" lon="6.400880"><ele>2244.0</ele></trkpt>
<trkpt lat="45.044560" lon="6.400880"><ele>2245.0</ele></trkpt>
<trkpt lat="45.044770" lon="6.400860"><ele>2247.0</ele></trkpt>
<trkpt lat="45.044880" lon="6.400850"><ele>2249.0</ele></trkpt>
<trkpt lat="45.044890" lon="6.400850"><ele>2251.0</ele></trkpt>
<trkpt lat="45.044950" lon="6.400820"><ele>2252.0</ele></trkpt>
<trkpt lat="45.045000" lon="6.400780"><ele>2253.0</ele></trkpt>
<trkpt lat="45.045050" lon="6.400730"><ele>2253.0</ele></trkpt>
<trkpt lat="45.045090" lon="6.400700"><ele>2254.0</ele></trkpt>
<trkpt lat="45.045200" lon="6.400590"><ele>2255.0</ele></trkpt>
<trkpt lat="45.045340" lon="6.400440"><ele>2256.0</ele></trkpt>
<trkpt lat="45.045480" lon="6.400290"><ele>2257.0</ele></trkpt>
<trkpt lat="45.045630" lon="6.400140"><ele>2258.0</ele></trkpt>
<trkpt lat="45.045780" lon="6.400000"><ele>2259.0</ele></trkpt>
<trkpt lat="45.045820" lon="6.399960"><ele>2260.0</ele></trkpt>
<trkpt lat="45.045840" lon="6.399930"><ele>2260.0</ele></trkpt>
<trkpt lat="45.045920" lon="6.399840"><ele>2261.0</ele></trkpt>
<trkpt lat="45.046070" lon="6.399680"><ele>2262.0</ele></trkpt>
<trkpt lat="45.046070" lon="6.399670"><ele>2263.0</ele></trkpt>
<trkpt lat="45.046210" lon="6.399530"><ele>2263.0</ele></trkpt>
<trkpt lat="45.046240" lon="6.399500"><ele>2264.0</ele></trkpt>
<trkpt lat="45.046380" lon="6.399340"><ele>2265.0</ele></trkpt>
<trkpt lat="45.046510" lon="6.399200"><ele>2266.0</ele></trkpt>
<trkpt lat="45.046610" lon="6.399070"><ele>2267.0</ele></trkpt>
<trkpt lat="45.046630" lon="6.399050"><ele>2268.0</ele></trkpt>
<trkpt lat="45.046810" lon="6.398810"><ele>2270.0</ele></trkpt>
<trkpt lat="45.046960" lon="6.398590"><ele>2272.0</ele></trkpt>
<trkpt lat="45.047010" lon="6.398520"><ele>2274.0</ele></trkpt>
<trkpt lat="45.047120" lon="6.398350"><ele>2275.0</ele></trkpt>
<trkpt lat="45.047140" lon="6.398330"><ele>2276.0</ele></trkpt>
<trkpt lat="45.047340" lon="6.398000"><ele>2279.0</ele></trkpt>
<trkpt lat="45.047490" lon="6.397760"><ele>2281.0</ele></trkpt>
<trkpt lat="45.047610" lon="6.397560"><ele>2283.0</ele></trkpt>
<trkpt lat="45.047660" lon="6.397470"><ele>2285.0</ele></trkpt>
<trkpt lat="45.047730" lon="6.397370"><ele>2286.0</ele></trkpt>
<trkpt lat="45.047860" lon="6.397190"><ele>2288.0</ele></trkpt>
<trkpt lat="45.047910" lon="6.397120"><ele>2289.0</ele></trkpt>
<trkpt lat="45.047990" lon="6.397020"><ele>2290.0</ele></trkpt>
<trkpt lat="45.048120" lon="6.396840"><ele>2291.0</ele></trkpt>
<trkpt lat="45.048240" lon="6.396690"><ele>2293.0</ele></trkpt>
<trkpt lat="45.048250" lon="6.396670"><ele>2294.0</ele></trkpt>
<trkpt lat="45.048370" lon="6.396480"><ele>2295.0</ele></trkpt>
<trkpt lat="45.048430" lon="6.396390"><ele>2296.0</ele></trkpt>
<trkpt lat="45.048520" lon="6.396220"><ele>2297.0</ele></trkpt>
<trkpt lat="45.048570" lon="6.396060"><ele>2298.0</ele></trkpt>
<trkpt lat="45.048580" lon="6.396010"><ele>2299.0</ele></trkpt>
<trkpt lat="45.048630" lon="6.395830"><ele>2300.0</ele></trkpt>
<trkpt lat="45.048650" lon="6.395590"><ele>2301.0</ele></trkpt>
<trkpt lat="45.048670" lon="6.395320"><ele>2302.0</ele></trkpt>
<trkpt lat="45.048680" lon="6.395270"><ele>2303.0</ele></trkpt>
<trkpt lat="45.048690" lon="6.395130"><ele>2304.0</ele></trkpt>
<trkpt lat="45.048700" lon="6.395070"><ele>2304.0</ele></trkpt>
<trkpt lat="45.048700" lon="6.394980"><ele>2304.0</ele></trkpt>
<trkpt lat="45.048730" lon="6.394820"><ele>2305.0</ele></trkpt>
<trkpt lat="45.048780" lon="6.394690"><ele>2305.0</ele></trkpt>
<trkpt lat="45.048840" lon="6.394540"><ele>2306.0</ele></trkpt>
<trkpt lat="45.048930" lon="6.394400"><ele>2306.0</ele></trkpt>
<trkpt lat="45.049030" lon="6.394220"><ele>2306.0</ele></trkpt>
<trkpt lat="45.049050" lon="6.394200"><ele>2307.0</ele></trkpt>
<trkpt lat="45.049150" lon="6.394050"><ele>2307.0</ele></trkpt>
<trkpt lat="45.049240" lon="6.393960"><ele>2307.0</ele></trkpt>
<trkpt lat="45.049320" lon="6.393880"><ele>2308.0</ele></trkpt>
<trkpt lat="45.049430" lon="6.393810"><ele>2308.0</ele></trkpt>
<trkpt lat="45.049640" lon="6.393720"><ele>2309.0</ele></trkpt>
<trkpt lat="45.049660" lon="6.393710"><ele>2309.0</ele></trkpt>
<trkpt lat="45.049720" lon="6.393690"><ele>2309.0</ele></trkpt>
<trkpt lat="45.049930" lon="6.393570"><ele>2310.0</ele></trkpt>
<trkpt lat="45.049980" lon="6.393520"><ele>2310.0</ele></trkpt>
<trkpt lat="45.049990" lon="6.393510"><ele>2311.0</ele></trkpt>
<trkpt lat="45.050030" lon="6.393460"><ele>2311.0</ele></trkpt>
<trkpt lat="45.050070" lon="6.393380"><ele>2312.0</ele></trkpt>
<trkpt lat="45.050090" lon="6.393310"><ele>2312.0</ele></trkpt>
<trkpt lat="45.050110" lon="6.393230"><ele>2313.0</ele></trkpt>
<trkpt lat="45.050110" lon="6.393120"><ele>2314.0</ele></trkpt>
<trkpt lat="45.050100" lon="6.392970"><ele>2315.0</ele></trkpt>
<trkpt lat="45.050080" lon="6.392760"><ele>2316.0</ele></trkpt>
<trkpt lat="45.050050" lon="6.392520"><ele>2318.0</ele></trkpt>
<trkpt lat="45.050050" lon="6.392400"><ele>2319.0</ele></trkpt>
<trkpt lat="45.050060" lon="6.392290"><ele>2320.0</ele></trkpt>
<trkpt lat="45.050090" lon="6.392150"><ele>2321.0</ele></trkpt>
<trkpt lat="45.050130" lon="6.392060"><ele>2323.0</ele></trkpt>
<trkpt lat="45.050150" lon="6.392020"><ele>2323.0</ele></trkpt>
<trkpt lat="45.050250" lon="6.391880"><ele>2325.0</ele></trkpt>
<trkpt lat="45.050250" lon="6.391870"><ele>2326.0</ele></trkpt>
<trkpt lat="45.050660" lon="6.391440"><ele>2328.0</ele></trkpt>
<trkpt lat="45.050900" lon="6.391180"><ele>2331.0</ele></trkpt>
<trkpt lat="45.050970" lon="6.391100"><ele>2333.0</ele></trkpt>
<trkpt lat="45.051050" lon="6.390990"><ele>2335.0</ele></trkpt>
<trkpt lat="45.051150" lon="6.390820"><ele>2337.0</ele></trkpt>
<trkpt lat="45.051200" lon="6.390720"><ele>2339.0</ele></trkpt>
<trkpt lat="45.051300" lon="6.390530"><ele>2340.0</ele></trkpt>
<trkpt lat="45.051530" lon="6.390090"><ele>2343.0</ele></trkpt>
<trkpt lat="45.051630" lon="6.389890"><ele>2345.0</ele></trkpt>
<trkpt lat="45.051720" lon="6.389720"><ele>2347.0</ele></trkpt>
<trkpt lat="45.051730" lon="6.389690"><ele>2349.0</ele></trkpt>
<trkpt lat="45.051790" lon="6.389600"><ele>2350.0</ele></trkpt>
<trkpt lat="45.051840" lon="6.389530"><ele>2351.0</ele></trkpt>
<trkpt lat="45.051900" lon="6.389480"><ele>2352.0</ele></trkpt>
<trkpt lat="45.051960" lon="6.389470"><ele>2352.0</ele></trkpt>
<trkpt lat="45.052010" lon="6.389480"><ele>2352.0</ele></trkpt>
<trkpt lat="45.052060" lon="6.389490"><ele>2353.0</ele></trkpt>
<trkpt lat="45.052160" lon="6.389550"><ele>2353.0</ele></trkpt>
<trkpt lat="45.052260" lon="6.389630"><ele>2352.0</ele></trkpt>
<trkpt lat="45.052290" lon="6.389680"><ele>2352.0</ele></trkpt>
<trkpt lat="45.052340" lon="6.389750"><ele>2352.0</ele></trkpt>
<trkpt lat="45.052380" lon="6.389850"><ele>2352.0</ele></trkpt>
<trkpt lat="45.052410" lon="6.389950"><ele>2352.0</ele></trkpt>
<trkpt lat="45.052420" lon="6.389960"><ele>2351.0</ele></trkpt>
<trkpt lat="45.052430" lon="6.390050"><ele>2351.0</ele></trkpt>
<trkpt lat="45.052410" lon="6.390150"><ele>2351.0</ele></trkpt>
<trkpt lat="45.052390" lon="6.390200"><ele>2351.0</ele></trkpt>
<trkpt lat="45.052380" lon="6.390230"><ele>2351.0</ele></trkpt>
<trkpt lat="45.052320" lon="6.390330"><ele>2350.0</ele></trkpt>
<trkpt lat="45.052280" lon="6.390400"><ele>2350.0</ele></trkpt>
<trkpt lat="45.052260" lon="6.390420"><ele>2350.0</ele></trkpt>
<trkpt lat="45.052140" lon="6.390570"><ele>2350.0</ele></trkpt>
<trkpt lat="45.052120" lon="6.390600"><ele>2350.0</ele></trkpt>
<trkpt lat="45.052030" lon="6.390770"><ele>2349.0</ele></trkpt>
<trkpt lat="45.051970" lon="6.390930"><ele>2349.0</ele></trkpt>
<trkpt lat="45.051950" lon="6.391000"><ele>2349.0</ele></trkpt>
<trkpt lat="45.051920" lon="6.391080"><ele>2348.0</ele></trkpt>
<trkpt lat="45.051880" lon="6.391230"><ele>2348.0</ele></trkpt>
<trkpt lat="45.051820" lon="6.391460"><ele>2348.0</ele></trkpt>
<trkpt lat="45.051820" lon="6.391470"><ele>2348.0</ele></trkpt>
<trkpt lat="45.051750" lon="6.391710"><ele>2349.0</ele></trkpt>
<trkpt lat="45.051690" lon="6.391920"><ele>2350.0</ele></trkpt>
<trkpt lat="45.051690" lon="6.391940"><ele>2350.0</ele></trkpt>
<trkpt lat="45.051650" lon="6.392160"><ele>2351.0</ele></trkpt>
<trkpt lat="45.051640" lon="6.392190"><ele>2352.0</ele></trkpt>
<trkpt lat="45.051630" lon="6.392290"><ele>2352.0</ele></trkpt>
<trkpt lat="45.051640" lon="6.392400"><ele>2353.0</ele></trkpt>
<trkpt lat="45.051650" lon="6.392440"><ele>2353.0</ele></trkpt>
<trkpt lat="45.051670" lon="6.392490"><ele>2354.0</ele></trkpt>
<trkpt lat="45.051710" lon="6.392550"><ele>2354.0</ele></trkpt>
<trkpt lat="45.051750" lon="6.392610"><ele>2354.0</ele></trkpt>
<trkpt lat="45.051770" lon="6.392630"><ele>2355.0</ele></trkpt>
<trkpt lat="45.051800" lon="6.392660"><ele>2355.0</ele></trkpt>
<trkpt lat="45.051920" lon="6.392760"><ele>2356.0</ele></trkpt>
<trkpt lat="45.051930" lon="6.392770"><ele>2356.0</ele></trkpt>
<trkpt lat="45.052050" lon="6.392860"><ele>2356.0</ele></trkpt>
<trkpt lat="45.052080" lon="6.392890"><ele>2357.0</ele></trkpt>
<trkpt lat="45.052120" lon="6.392930"><ele>2357.0</ele></trkpt>
<trkpt lat="45.052180" lon="6.393010"><ele>2358.0</ele></trkpt>
<trkpt lat="45.052210" lon="6.393060"><ele>2358.0</ele></trkpt>
<trkpt lat="45.052240" lon="6.393120"><ele>2359.0</ele></trkpt>
<trkpt lat="45.052270" lon="6.393230"><ele>2359.0</ele></trkpt>
<trkpt lat="45.052280" lon="6.393290"><ele>2360.0</ele></trkpt>
<trkpt lat="45.052310" lon="6.393510"><ele>2360.0</ele></trkpt>
<trkpt lat="45.052320" lon="6.393540"><ele>2361.0</ele></trkpt>
<trkpt lat="45.052370" lon="6.393780"><ele>2362.0</ele></trkpt>
<trkpt lat="45.052430" lon="6.393920"><ele>2362.0</ele></trkpt>
<trkpt lat="45.052480" lon="6.393990"><ele>2363.0</ele></trkpt>
<trkpt lat="45.052510" lon="6.394040"><ele>2364.0</ele></trkpt>
<trkpt lat="45.052590" lon="6.394100"><ele>2364.0</ele></trkpt>
<trkpt lat="45.052620" lon="6.394130"><ele>2365.0</ele></trkpt>
<trkpt lat="45.052710" lon="6.394200"><ele>2365.0</ele></trkpt>
<trkpt lat="45.052780" lon="6.394260"><ele>2366.0</ele></trkpt>
<trkpt lat="45.052840" lon="6.394310"><ele>2367.0</ele></trkpt>
<trkpt lat="45.052900" lon="6.394380"><ele>2367.0</ele></trkpt>
<trkpt lat="45.052940" lon="6.394440"><ele>2368.0</ele></trkpt>
<trkpt lat="45.052970" lon="6.394540"><ele>2368.0</ele></trkpt>
<trkpt lat="45.052990" lon="6.394570"><ele>2369.0</ele></trkpt>
<trkpt lat="45.053040" lon="6.394780"><ele>2369.0</ele></trkpt>
<trkpt lat="45.053070" lon="6.394900"><ele>2370.0</ele></trkpt>
<trkpt lat="45.053100" lon="6.395020"><ele>2371.0</ele></trkpt>
<trkpt lat="45.053170" lon="6.395260"><ele>2371.0</ele></trkpt>
<trkpt lat="45.053230" lon="6.395490"><ele>2372.0</ele></trkpt>
<trkpt lat="45.053260" lon="6.395610"><ele>2373.0</ele></trkpt>
<trkpt lat="45.053280" lon="6.395740"><ele>2374.0</ele></trkpt>
<trkpt lat="45.053290" lon="6.395810"><ele>2375.0</ele></trkpt>
<trkpt lat="45.053320" lon="6.396000"><ele>2375.0</ele></trkpt>
<trkpt lat="45.053330" lon="6.396480"><ele>2377.0</ele></trkpt>
<trkpt lat="45.053330" lon="6.396500"><ele>2377.0</ele></trkpt>
<trkpt lat="45.053340" lon="6.396750"><ele>2378.0</ele></trkpt>
<trkpt lat="45.053340" lon="6.396760"><ele>2379.0</ele></trkpt>
<trkpt lat="45.053340" lon="6.397000"><ele>2380.0</ele></trkpt>
<trkpt lat="45.053340" lon="6.397060"><ele>2380.0</ele></trkpt>
<trkpt lat="45.053330" lon="6.397260"><ele>2381.0</ele></trkpt>
<trkpt lat="45.053330" lon="6.397510"><ele>2382.0</ele></trkpt>
<trkpt lat="45.053330" lon="6.397540"><ele>2382.0</ele></trkpt>
<trkpt lat="45.053310" lon="6.397770"><ele>2383.0</ele></trkpt>
<trkpt lat="45.053310" lon="6.397840"><ele>2384.0</ele></trkpt>
<trkpt lat="45.053300" lon="6.398020"><ele>2384.0</ele></trkpt>
<trkpt lat="45.053290" lon="6.398280"><ele>2385.0</ele></trkpt>
<trkpt lat="45.053280" lon="6.398310"><ele>2385.0</ele></trkpt>
<trkpt lat="45.053270" lon="6.398570"><ele>2385.0</ele></trkpt>
<trkpt lat="45.053240" lon="6.398780"><ele>2385.0</ele></trkpt>
<trkpt lat="45.053240" lon="6.398860"><ele>2385.0</ele></trkpt>
<trkpt lat="45.053210" lon="6.399030"><ele>2385.0</ele></trkpt>
<trkpt lat="45.053180" lon="6.399170"><ele>2385.0</ele></trkpt>
<trkpt lat="45.053110" lon="6.399460"><ele>2385.0</ele></trkpt>
<trkpt lat="45.053090" lon="6.399510"><ele>2385.0</ele></trkpt>
<trkpt lat="45.053020" lon="6.399740"><ele>2384.0</ele></trkpt>
<trkpt lat="45.053000" lon="6.399800"><ele>2384.0</ele></trkpt>
<trkpt lat="45.052960" lon="6.399940"><ele>2384.0</ele></trkpt>
<trkpt lat="45.052950" lon="6.399980"><ele>2384.0</ele></trkpt>
<trkpt lat="45.052920" lon="6.400200"><ele>2384.0</ele></trkpt>
<trkpt lat="45.052870" lon="6.400430"><ele>2384.0</ele></trkpt>
<trkpt lat="45.052870" lon="6.400470"><ele>2384.0</ele></trkpt>
<trkpt lat="45.052870" lon="6.400540"><ele>2384.0</ele></trkpt>
<trkpt lat="45.052880" lon="6.400640"><ele>2384.0</ele></trkpt>
<trkpt lat="45.052890" lon="6.400720"><ele>2385.0</ele></trkpt>
<trkpt lat="45.052940" lon="6.400920"><ele>2386.0</ele></trkpt>
<trkpt lat="45.052950" lon="6.400960"><ele>2387.0</ele></trkpt>
<trkpt lat="45.053050" lon="6.401440"><ele>2390.0</ele></trkpt>
<trkpt lat="45.053090" lon="6.401650"><ele>2392.0</ele></trkpt>
<trkpt lat="45.053100" lon="6.401700"><ele>2394.0</ele></trkpt>
<trkpt lat="45.053100" lon="6.401770"><ele>2396.0</ele></trkpt>
<trkpt lat="45.053100" lon="6.401950"><ele>2397.0</ele></trkpt>
<trkpt lat="45.053090" lon="6.402140"><ele>2399.0</ele></trkpt>
<trkpt lat="45.053090" lon="6.402210"><ele>2401.0</ele></trkpt>
<trkpt lat="45.053090" lon="6.402270"><ele>2402.0</ele></trkpt>
<trkpt lat="45.053130" lon="6.402430"><ele>2404.0</ele></trkpt>
<trkpt lat="45.053140" lon="6.402450"><ele>2405.0</ele></trkpt>
<trkpt lat="45.053190" lon="6.402530"><ele>2406.0</ele></trkpt>
<trkpt lat="45.053240" lon="6.402600"><ele>2407.0</ele></trkpt>
<trkpt lat="45.053270" lon="6.402610"><ele>2408.0</ele></trkpt>
<trkpt lat="45.053320" lon="6.402630"><ele>2409.0</ele></trkpt>
<trkpt lat="45.053450" lon="6.402610"><ele>2410.0</ele></trkpt>
<trkpt lat="45.053470" lon="6.402600"><ele>2411.0</ele></trkpt>
<trkpt lat="45.053580" lon="6.402560"><ele>2412.0</ele></trkpt>
<trkpt lat="45.053630" lon="6.402550"><ele>2413.0</ele></trkpt>
<trkpt lat="45.053680" lon="6.402540"><ele>2414.0</ele></trkpt>
<trkpt lat="45.053740" lon="6.402560"><ele>2414.0</ele></trkpt>
<trkpt lat="45.053800" lon="6.402590"><ele>2415.0</ele></trkpt>
<trkpt lat="45.053800" lon="6.402600"><ele>2416.0</ele></trkpt>
<trkpt lat="45.053850" lon="6.402670"><ele>2416.0</ele></trkpt>
<trkpt lat="45.053890" lon="6.402760"><ele>2417.0</ele></trkpt>
<trkpt lat="45.053900" lon="6.402800"><ele>2418.0</ele></trkpt>
<trkpt lat="45.053930" lon="6.402900"><ele>2418.0</ele></trkpt>
<trkpt lat="45.053930" lon="6.403050"><ele>2419.0</ele></trkpt>
<trkpt lat="45.053930" lon="6.403060"><ele>2420.0</ele></trkpt>
<trkpt lat="45.053930" lon="6.403200"><ele>2421.0</ele></trkpt>
<trkpt lat="45.053910" lon="6.403300"><ele>2421.0</ele></trkpt>
<trkpt lat="45.053860" lon="6.403530"><ele>2423.0</ele></trkpt>
<trkpt lat="45.053850" lon="6.403540"><ele>2423.0</ele></trkpt>
<trkpt lat="45.053810" lon="6.403770"><ele>2425.0</ele></trkpt>
<trkpt lat="45.053810" lon="6.403790"><ele>2426.0</ele></trkpt>
<trkpt lat="45.053790" lon="6.403960"><ele>2427.0</ele></trkpt>
<trkpt lat="45.053800" lon="6.404040"><ele>2427.0</ele></trkpt>
<trkpt lat="45.053820" lon="6.404210"><ele>2429.0</ele></trkpt>
<trkpt lat="45.053850" lon="6.404280"><ele>2430.0</ele></trkpt>
<trkpt lat="45.053930" lon="6.404510"><ele>2431.0</ele></trkpt>
<trkpt lat="45.053930" lon="6.404530"><ele>2432.0</ele></trkpt>
<trkpt lat="45.054010" lon="6.404740"><ele>2432.0</ele></trkpt>
<trkpt lat="45.054080" lon="6.404920"><ele>2433.0</ele></trkpt>
<trkpt lat="45.054100" lon="6.404960"><ele>2433.0</ele></trkpt>
<trkpt lat="45.054180" lon="6.405190"><ele>2433.0</ele></trkpt>
<trkpt lat="45.054260" lon="6.405390"><ele>2433.0</ele></trkpt>
<trkpt lat="45.054350" lon="6.405630"><ele>2433.0</ele></trkpt>
<trkpt lat="45.054400" lon="6.405750"><ele>2433.0</ele></trkpt>
<trkpt lat="45.054460" lon="6.405840"><ele>2433.0</ele></trkpt>
<trkpt lat="45.054560" lon="6.406020"><ele>2433.0</ele></trkpt>
<trkpt lat="45.054680" lon="6.406240"><ele>2433.0</ele></trkpt>
<trkpt lat="45.054820" lon="6.406490"><ele>2433.0</ele></trkpt>
<trkpt lat="45.054890" lon="6.406650"><ele>2433.0</ele></trkpt>
<trkpt lat="45.055080" lon="6.407100"><ele>2434.0</ele></trkpt>
<trkpt lat="45.055150" lon="6.407320"><ele>2435.0</ele></trkpt>
<trkpt lat="45.055210" lon="6.407480"><ele>2436.0</ele></trkpt>
<trkpt lat="45.055280" lon="6.407720"><ele>2437.0</ele></trkpt>
<trkpt lat="45.055290" lon="6.407780"><ele>2438.0</ele></trkpt>
<trkpt lat="45.055330" lon="6.407920"><ele>2438.0</ele></trkpt>
<trkpt lat="45.055360" lon="6.408060"><ele>2439.0</ele></trkpt>
<trkpt lat="45.055400" lon="6.408180"><ele>2440.0</ele></trkpt>
<trkpt lat="45.055430" lon="6.408250"><ele>2440.0</ele></trkpt>
<trkpt lat="45.055470" lon="6.408350"><ele>2441.0</ele></trkpt>
<trkpt lat="45.055540" lon="6.408460"><ele>2441.0</ele></trkpt>
<trkpt lat="45.055590" lon="6.408540"><ele>2442.0</ele></trkpt>
<trkpt lat="45.055660" lon="6.408600"><ele>2442.0</ele></trkpt>
<trkpt lat="45.055680" lon="6.408610"><ele>2443.0</ele></trkpt>
<trkpt lat="45.055740" lon="6.408640"><ele>2443.0</ele></trkpt>
<trkpt lat="45.055860" lon="6.408640"><ele>2443.0</ele></trkpt>
<trkpt lat="45.056000" lon="6.408640"><ele>2445.0</ele></trkpt>
<trkpt lat="45.056210" lon="6.408620"><ele>2446.0</ele></trkpt>
<trkpt lat="45.056220" lon="6.408620"><ele>2447.0</ele></trkpt>
<trkpt lat="45.056390" lon="6.408640"><ele>2449.0</ele></trkpt>
<trkpt lat="45.056420" lon="6.408640"><ele>2450.0</ele></trkpt>
<trkpt lat="45.056570" lon="6.408660"><ele>2452.0</ele></trkpt>
<trkpt lat="45.056580" lon="6.408670"><ele>2453.0</ele></trkpt>
<trkpt lat="45.056700" lon="6.408680"><ele>2454.0</ele></trkpt>
<trkpt lat="45.056750" lon="6.408670"><ele>2456.0</ele></trkpt>
<trkpt lat="45.056780" lon="6.408670"><ele>2456.0</ele></trkpt>
<trkpt lat="45.056830" lon="6.408640"><ele>2457.0</ele></trkpt>
<trkpt lat="45.056910" lon="6.408570"><ele>2458.0</ele></trkpt>
<trkpt lat="45.056930" lon="6.408560"><ele>2459.0</ele></trkpt>
<trkpt lat="45.056970" lon="6.408490"><ele>2460.0</ele></trkpt>
<trkpt lat="45.057030" lon="6.408370"><ele>2461.0</ele></trkpt>
<trkpt lat="45.057030" lon="6.408360"><ele>2462.0</ele></trkpt>
<trkpt lat="45.057080" lon="6.408250"><ele>2463.0</ele></trkpt>
<trkpt lat="45.057130" lon="6.408150"><ele>2464.0</ele></trkpt>
<trkpt lat="45.057190" lon="6.408080"><ele>2465.0</ele></trkpt>
<trkpt lat="45.057220" lon="6.408050"><ele>2466.0</ele></trkpt>
<trkpt lat="45.057260" lon="6.408010"><ele>2467.0</ele></trkpt>
<trkpt lat="45.057270" lon="6.408000"><ele>2467.0</ele></trkpt>
<trkpt lat="45.057340" lon="6.407960"><ele>2468.0</ele></trkpt>
<trkpt lat="45.057410" lon="6.407920"><ele>2469.0</ele></trkpt>
<trkpt lat="45.057430" lon="6.407910"><ele>2470.0</ele></trkpt>
<trkpt lat="45.057580" lon="6.407850"><ele>2471.0</ele></trkpt>
<trkpt lat="45.057610" lon="6.407840"><ele>2472.0</ele></trkpt>
<trkpt lat="45.057780" lon="6.407770"><ele>2473.0</ele></trkpt>
<trkpt lat="45.057790" lon="6.407770"><ele>2474.0</ele></trkpt>
<trkpt lat="45.057950" lon="6.407700"><ele>2475.0</ele></trkpt>
<trkpt lat="45.058080" lon="6.407640"><ele>2476.0</ele></trkpt>
<trkpt lat="45.058120" lon="6.407610"><ele>2477.0</ele></trkpt>
<trkpt lat="45.058210" lon="6.407560"><ele>2477.0</ele></trkpt>
<trkpt lat="45.058330" lon="6.407490"><ele>2478.0</ele></trkpt>
<trkpt lat="45.058460" lon="6.407440"><ele>2479.0</ele></trkpt>
<trkpt lat="45.058530" lon="6.407420"><ele>2480.0</ele></trkpt>
<trkpt lat="45.058630" lon="6.407380"><ele>2481.0</ele></trkpt>
<trkpt lat="45.058690" lon="6.407360"><ele>2482.0</ele></trkpt>
<trkpt lat="45.058810" lon="6.407330"><ele>2482.0</ele></trkpt>
<trkpt lat="45.058860" lon="6.407310"><ele>2483.0</ele></trkpt>
<trkpt lat="45.059000" lon="6.407260"><ele>2484.0</ele></trkpt>
<trkpt lat="45.059110" lon="6.407210"><ele>2485.0</ele></trkpt>
<trkpt lat="45.059290" lon="6.407120"><ele>2486.0</ele></trkpt>
<trkpt lat="45.059320" lon="6.407100"><ele>2487.0</ele></trkpt>
<trkpt lat="45.059420" lon="6.407060"><ele>2487.0</ele></trkpt>
<trkpt lat="45.059540" lon="6.407030"><ele>2488.0</ele></trkpt>
<trkpt lat="45.059720" lon="6.406990"><ele>2489.0</ele></trkpt>
<trkpt lat="45.059890" lon="6.406950"><ele>2489.0</ele></trkpt>
<trkpt lat="45.059970" lon="6.406950"><ele>2490.0</ele></trkpt>
<trkpt lat="45.060070" lon="6.406940"><ele>2490.0</ele></trkpt>
<trkpt lat="45.060190" lon="6.406970"><ele>2491.0</ele></trkpt>
<trkpt lat="45.060310" lon="6.407020"><ele>2491.0</ele></trkpt>
<trkpt lat="45.060460" lon="6.407070"><ele>2491.0</ele></trkpt>
<trkpt lat="45.060600" lon="6.407120"><ele>2492.0</ele></trkpt>
<trkpt lat="45.060710" lon="6.407170"><ele>2492.0</ele></trkpt>
<trkpt lat="45.060730" lon="6.407190"><ele>2493.0</ele></trkpt>
<trkpt lat="45.060780" lon="6.407230"><ele>2493.0</ele></trkpt>
<trkpt lat="45.060840" lon="6.407290"><ele>2493.0</ele></trkpt>
<trkpt lat="45.060900" lon="6.407380"><ele>2493.0</ele></trkpt>
<trkpt lat="45.060970" lon="6.407500"><ele>2494.0</ele></trkpt>
<trkpt lat="45.061010" lon="6.407590"><ele>2494.0</ele></trkpt>
<trkpt lat="45.061030" lon="6.407680"><ele>2494.0</ele></trkpt>
<trkpt lat="45.061040" lon="6.407770"><ele>2495.0</ele></trkpt>
<trkpt lat="45.061040" lon="6.407880"><ele>2495.0</ele></trkpt>
<trkpt lat="45.061030" lon="6.407990"><ele>2496.0</ele></trkpt>
<trkpt lat="45.061010" lon="6.408160"><ele>2496.0</ele></trkpt>
<trkpt lat="45.060990" lon="6.408310"><ele>2497.0</ele></trkpt>
<trkpt lat="45.060970" lon="6.408490"><ele>2498.0</ele></trkpt>
<trkpt lat="45.060950" lon="6.408620"><ele>2498.0</ele></trkpt>
<trkpt lat="45.060950" lon="6.408780"><ele>2499.0</ele></trkpt>
<trkpt lat="45.060940" lon="6.408980"><ele>2500.0</ele></trkpt>
<trkpt lat="45.060950" lon="6.409040"><ele>2501.0</ele></trkpt>
<trkpt lat="45.060940" lon="6.409280"><ele>2501.0</ele></trkpt>
<trkpt lat="45.060940" lon="6.409510"><ele>2502.0</ele></trkpt>
<trkpt lat="45.060940" lon="6.409680"><ele>2503.0</ele></trkpt>
<trkpt lat="45.060940" lon="6.409860"><ele>2504.0</ele></trkpt>
<trkpt lat="45.060910" lon="6.410010"><ele>2505.0</ele></trkpt>
<trkpt lat="45.060880" lon="6.410140"><ele>2506.0</ele></trkpt>
<trkpt lat="45.060870" lon="6.410170"><ele>2506.0</ele></trkpt>
<trkpt lat="45.060830" lon="6.410260"><ele>2507.0</ele></trkpt>
<trkpt lat="45.060770" lon="6.410390"><ele>2507.0</ele></trkpt>
<trkpt lat="45.060690" lon="6.410570"><ele>2508.0</ele></trkpt>
<trkpt lat="45.060670" lon="6.410600"><ele>2508.0</ele></trkpt>
<trkpt lat="45.060570" lon="6.410800"><ele>2509.0</ele></trkpt>
<trkpt lat="45.060460" lon="6.411010"><ele>2509.0</ele></trkpt>
<trkpt lat="45.060410" lon="6.411130"><ele>2510.0</ele></trkpt>
<trkpt lat="45.060360" lon="6.411220"><ele>2510.0</ele></trkpt>
<trkpt lat="45.060330" lon="6.411280"><ele>2511.0</ele></trkpt>
<trkpt lat="45.060290" lon="6.411400"><ele>2511.0</ele></trkpt>
<trkpt lat="45.060290" lon="6.411450"><ele>2511.0</ele></trkpt>
<trkpt lat="45.060280" lon="6.411510"><ele>2511.0</ele></trkpt>
<trkpt lat="45.060280" lon="6.411520"><ele>2512.0</ele></trkpt>
<trkpt lat="45.060300" lon="6.411590"><ele>2512.0</ele></trkpt>
<trkpt lat="45.060350" lon="6.411660"><ele>2512.0</ele></trkpt>
<trkpt lat="45.060360" lon="6.411660"><ele>2512.0</ele></trkpt>
<trkpt lat="45.060420" lon="6.411680"><ele>2512.0</ele></trkpt>
<trkpt lat="45.060480" lon="6.411680"><ele>2513.0</ele></trkpt>
<trkpt lat="45.060530" lon="6.411640"><ele>2513.0</ele></trkpt>
<trkpt lat="45.060540" lon="6.411640"><ele>2513.0</ele></trkpt>
<trkpt lat="45.060580" lon="6.411590"><ele>2513.0</ele></trkpt>
<trkpt lat="45.060620" lon="6.411490"><ele>2513.0</ele></trkpt>
<trkpt lat="45.060630" lon="6.411440"><ele>2513.0</ele></trkpt>
<trkpt lat="45.060650" lon="6.411350"><ele>2514.0</ele></trkpt>
<trkpt lat="45.060670" lon="6.411200"><ele>2514.0</ele></trkpt>
<trkpt lat="45.060670" lon="6.411190"><ele>2514.0</ele></trkpt>
<trkpt lat="45.060700" lon="6.411100"><ele>2514.0</ele></trkpt>
<trkpt lat="45.060740" lon="6.410950"><ele>2514.0</ele></trkpt>
<trkpt lat="45.060810" lon="6.410750"><ele>2515.0</ele></trkpt>
<trkpt lat="45.060820" lon="6.410730"><ele>2515.0</ele></trkpt>
<trkpt lat="45.060870" lon="6.410640"><ele>2515.0</ele></trkpt>
<trkpt lat="45.060930" lon="6.410530"><ele>2515.0</ele></trkpt>
<trkpt lat="45.060960" lon="6.410470"><ele>2515.0</ele></trkpt>
<trkpt lat="45.061040" lon="6.410330"><ele>2515.0</ele></trkpt>
<trkpt lat="45.061050" lon="6.410320"><ele>2515.0</ele></trkpt>
<trkpt lat="45.061240" lon="6.410000"><ele>2516.0</ele></trkpt>
<trkpt lat="45.061360" lon="6.409810"><ele>2516.0</ele></trkpt>
<trkpt lat="45.061390" lon="6.409740"><ele>2516.0</ele></trkpt>
<trkpt lat="45.061430" lon="6.409670"><ele>2516.0</ele></trkpt>
<trkpt lat="45.061460" lon="6.409590"><ele>2517.0</ele></trkpt>
<trkpt lat="45.061480" lon="6.409530"><ele>2517.0</ele></trkpt>
<trkpt lat="45.061490" lon="6.409510"><ele>2517.0</ele></trkpt>
<trkpt lat="45.061500" lon="6.409410"><ele>2517.0</ele></trkpt>
<trkpt lat="45.061500" lon="6.409290"><ele>2517.0</ele></trkpt>
<trkpt lat="45.061500" lon="6.409270"><ele>2517.0</ele></trkpt>
<trkpt lat="45.061490" lon="6.409150"><ele>2517.0</ele></trkpt>
<trkpt lat="45.061480" lon="6.409020"><ele>2517.0</ele></trkpt>
<trkpt lat="45.061480" lon="6.408910"><ele>2518.0</ele></trkpt>
<trkpt lat="45.061490" lon="6.408790"><ele>2518.0</ele></trkpt>
<trkpt lat="45.061490" lon="6.408770"><ele>2518.0</ele></trkpt>
<trkpt lat="45.061520" lon="6.408670"><ele>2519.0</ele></trkpt>
<trkpt lat="45.061570" lon="6.408550"><ele>2519.0</ele></trkpt>
<trkpt lat="45.061570" lon="6.408540"><ele>2519.0</ele></trkpt>
<trkpt lat="45.061640" lon="6.408420"><ele>2520.0</ele></trkpt>
<trkpt lat="45.061690" lon="6.408350"><ele>2520.0</ele></trkpt>
<trkpt lat="45.061720" lon="6.408320"><ele>2521.0</ele></trkpt>
<trkpt lat="45.061840" lon="6.408230"><ele>2521.0</ele></trkpt>
<trkpt lat="45.061850" lon="6.408230"><ele>2522.0</ele></trkpt>
<trkpt lat="45.062010" lon="6.408130"><ele>2522.0</ele></trkpt>
<trkpt lat="45.062180" lon="6.408040"><ele>2523.0</ele></trkpt>
<trkpt lat="45.062320" lon="6.407950"><ele>2524.0</ele></trkpt>
<trkpt lat="45.062340" lon="6.407920"><ele>2525.0</ele></trkpt>
<trkpt lat="45.062410" lon="6.407840"><ele>2526.0</ele></trkpt>
<trkpt lat="45.062460" lon="6.407740"><ele>2526.0</ele></trkpt>
<trkpt lat="45.062480" lon="6.407700"><ele>2527.0</ele></trkpt>
<trkpt lat="45.062510" lon="6.407540"><ele>2527.0</ele></trkpt>
<trkpt lat="45.062500" lon="6.407380"><ele>2528.0</ele></trkpt>
<trkpt lat="45.062460" lon="6.407280"><ele>2529.0</ele></trkpt>
<trkpt lat="45.062450" lon="6.407270"><ele>2529.0</ele></trkpt>
<trkpt lat="45.062390" lon="6.407190"><ele>2530.0</ele></trkpt>
<trkpt lat="45.062280" lon="6.407100"><ele>2530.0</ele></trkpt>
<trkpt lat="45.062160" lon="6.407020"><ele>2531.0</ele></trkpt>
<trkpt lat="45.061970" lon="6.406910"><ele>2531.0</ele></trkpt>
<trkpt lat="45.061870" lon="6.406820"><ele>2532.0</ele></trkpt>
<trkpt lat="45.061770" lon="6.406710"><ele>2533.0</ele></trkpt>
<trkpt lat="45.061670" lon="6.406590"><ele>2534.0</ele></trkpt>
<trkpt lat="45.061560" lon="6.406440"><ele>2534.0</ele></trkpt>
<trkpt lat="45.061540" lon="6.406400"><ele>2535.0</ele></trkpt>
<trkpt lat="45.061480" lon="6.406290"><ele>2535.0</ele></trkpt>
<trkpt lat="45.061450" lon="6.406180"><ele>2536.0</ele></trkpt>
<trkpt lat="45.061440" lon="6.406060"><ele>2536.0</ele></trkpt>
<trkpt lat="45.061460" lon="6.405970"><ele>2537.0</ele></trkpt>
<trkpt lat="45.061500" lon="6.405870"><ele>2537.0</ele></trkpt>
<trkpt lat="45.061540" lon="6.405810"><ele>2538.0</ele></trkpt>
<trkpt lat="45.061570" lon="6.405780"><ele>2538.0</ele></trkpt>
<trkpt lat="45.061600" lon="6.405750"><ele>2538.0</ele></trkpt>
<trkpt lat="45.061670" lon="6.405730"><ele>2539.0</ele></trkpt>
<trkpt lat="45.061730" lon="6.405740"><ele>2539.0</ele></trkpt>
<trkpt lat="45.061800" lon="6.405750"><ele>2539.0</ele></trkpt>
<trkpt lat="45.061870" lon="6.405810"><ele>2540.0</ele></trkpt>
<trkpt lat="45.061900" lon="6.405850"><ele>2540.0</ele></trkpt>
<trkpt lat="45.061960" lon="6.405950"><ele>2541.0</ele></trkpt>
<trkpt lat="45.062010" lon="6.406050"><ele>2541.0</ele></trkpt>
<trkpt lat="45.062080" lon="6.406190"><ele>2542.0</ele></trkpt>
<trkpt lat="45.062120" lon="6.406250"><ele>2543.0</ele></trkpt>
<trkpt lat="45.062190" lon="6.406390"><ele>2544.0</ele></trkpt>
<trkpt lat="45.062230" lon="6.406450"><ele>2544.0</ele></trkpt>
<trkpt lat="45.062270" lon="6.406510"><ele>2545.0</ele></trkpt>
<trkpt lat="45.062310" lon="6.406560"><ele>2546.0</ele></trkpt>
<trkpt lat="45.062370" lon="6.406600"><ele>2546.0</ele></trkpt>
<trkpt lat="45.062420" lon="6.406630"><ele>2547.0</ele></trkpt>
<trkpt lat="45.062530" lon="6.406710"><ele>2548.0</ele></trkpt>
<trkpt lat="45.062530" lon="6.406710"><ele>2548.0</ele></trkpt>
<trkpt lat="45.062580" lon="6.406770"><ele>2549.0</ele></trkpt>
<trkpt lat="45.062620" lon="6.406820"><ele>2549.0</ele></trkpt>
<trkpt lat="45.062680" lon="6.406870"><ele>2550.0</ele></trkpt>
<trkpt lat="45.062770" lon="6.406970"><ele>2550.0</ele></trkpt>
<trkpt lat="45.062810" lon="6.407030"><ele>2551.0</ele></trkpt>
<trkpt lat="45.062820" lon="6.407050"><ele>2552.0</ele></trkpt>
<trkpt lat="45.062870" lon="6.407130"><ele>2552.0</ele></trkpt>
<trkpt lat="45.062920" lon="6.407320"><ele>2553.0</ele></trkpt>
<trkpt lat="45.062940" lon="6.407420"><ele>2554.0</ele></trkpt>
<trkpt lat="45.062940" lon="6.407510"><ele>2554.0</ele></trkpt>
<trkpt lat="45.062940" lon="6.407520"><ele>2555.0</ele></trkpt>
<trkpt lat="45.062930" lon="6.407670"><ele>2556.0</ele></trkpt>
<trkpt lat="45.062930" lon="6.407760"><ele>2556.0</ele></trkpt>
<trkpt lat="45.062940" lon="6.407800"><ele>2557.0</ele></trkpt>
<trkpt lat="45.062950" lon="6.407960"><ele>2557.0</ele></trkpt>
<trkpt lat="45.062960" lon="6.408020"><ele>2558.0</ele></trkpt>
<trkpt lat="45.062960" lon="6.408090"><ele>2558.0</ele></trkpt>
<trkpt lat="45.062950" lon="6.408250"><ele>2558.0</ele></trkpt>
<trkpt lat="45.062950" lon="6.408270"><ele>2559.0</ele></trkpt>
<trkpt lat="45.062940" lon="6.408390"><ele>2559.0</ele></trkpt>
<trkpt lat="45.062920" lon="6.408480"><ele>2559.0</ele></trkpt>
<trkpt lat="45.062900" lon="6.408550"><ele>2560.0</ele></trkpt>
<trkpt lat="45.062870" lon="6.408600"><ele>2560.0</ele></trkpt>
<trkpt lat="45.062820" lon="6.408660"><ele>2560.0</ele></trkpt>
<trkpt lat="45.062790" lon="6.408700"><ele>2561.0</ele></trkpt>
<trkpt lat="45.062750" lon="6.408730"><ele>2561.0</ele></trkpt>
<trkpt lat="45.062660" lon="6.408850"><ele>2561.0</ele></trkpt>
<trkpt lat="45.062650" lon="6.408870"><ele>2561.0</ele></trkpt>
<trkpt lat="45.062590" lon="6.408960"><ele>2562.0</ele></trkpt>
<trkpt lat="45.062510" lon="6.409120"><ele>2562.0</ele></trkpt>
<trkpt lat="45.062440" lon="6.409280"><ele>2563.0</ele></trkpt>
<trkpt lat="45.062360" lon="6.409490"><ele>2563.0</ele></trkpt>
<trkpt lat="45.062350" lon="6.409500"><ele>2564.0</ele></trkpt>
<trkpt lat="45.062280" lon="6.409700"><ele>2564.0</ele></trkpt>
<trkpt lat="45.062270" lon="6.409730"><ele>2565.0</ele></trkpt>
<trkpt lat="45.062240" lon="6.409820"><ele>2565.0</ele></trkpt>
<trkpt lat="45.062230" lon="6.409890"><ele>2566.0</ele></trkpt>
<trkpt lat="45.062230" lon="6.409970"><ele>2566.0</ele></trkpt>
<trkpt lat="45.062220" lon="6.409980"><ele>2566.0</ele></trkpt>
<trkpt lat="45.062230" lon="6.410120"><ele>2567.0</ele></trkpt>
<trkpt lat="45.062230" lon="6.410220"><ele>2568.0</ele></trkpt>
<trkpt lat="45.062230" lon="6.410230"><ele>2568.0</ele></trkpt>
<trkpt lat="45.062230" lon="6.410330"><ele>2569.0</ele></trkpt>
<trkpt lat="45.062230" lon="6.410440"><ele>2570.0</ele></trkpt>
<trkpt lat="45.062230" lon="6.410480"><ele>2571.0</ele></trkpt>
<trkpt lat="45.062230" lon="6.410530"><ele>2571.0</ele></trkpt>
<trkpt lat="45.062240" lon="6.410660"><ele>2572.0</ele></trkpt>
<trkpt lat="45.062250" lon="6.410730"><ele>2573.0</ele></trkpt>
<trkpt lat="45.062250" lon="6.410800"><ele>2574.0</ele></trkpt>
<trkpt lat="45.062270" lon="6.410930"><ele>2575.0</ele></trkpt>
<trkpt lat="45.062280" lon="6.410980"><ele>2576.0</ele></trkpt>
<trkpt lat="45.062280" lon="6.411010"><ele>2576.0</ele></trkpt>
<trkpt lat="45.062290" lon="6.411060"><ele>2577.0</ele></trkpt>
<trkpt lat="45.062290" lon="6.411110"><ele>2577.0</ele></trkpt>
<trkpt lat="45.062300" lon="6.411190"><ele>2578.0</ele></trkpt>
<trkpt lat="45.062290" lon="6.411290"><ele>2579.0</ele></trkpt>
<trkpt lat="45.062270" lon="6.411350"><ele>2580.0</ele></trkpt>
<trkpt lat="45.062230" lon="6.411510"><ele>2581.0</ele></trkpt>
<trkpt lat="45.062230" lon="6.411520"><ele>2582.0</ele></trkpt>
<trkpt lat="45.062240" lon="6.411570"><ele>2582.0</ele></trkpt>
<trkpt lat="45.062240" lon="6.411580"><ele>2583.0</ele></trkpt>
<trkpt lat="45.062250" lon="6.411580"><ele>2583.0</ele></trkpt>
<trkpt lat="45.062250" lon="6.411590"><ele>2583.0</ele></trkpt>
<trkpt lat="45.062270" lon="6.411600"><ele>2584.0</ele></trkpt>
<trkpt lat="45.062310" lon="6.411590"><ele>2584.0</ele></trkpt>
<trkpt lat="45.062320" lon="6.411590"><ele>2585.0</ele></trkpt>
<trkpt lat="45.062340" lon="6.411540"><ele>2585.0</ele></trkpt>
<trkpt lat="45.062380" lon="6.411470"><ele>2586.0</ele></trkpt>
<trkpt lat="45.062410" lon="6.411350"><ele>2586.0</ele></trkpt>
<trkpt lat="45.062450" lon="6.411230"><ele>2587.0</ele></trkpt>
<trkpt lat="45.062450" lon="6.411220"><ele>2588.0</ele></trkpt>
<trkpt lat="45.062450" lon="6.411090"><ele>2589.0</ele></trkpt>
<trkpt lat="45.062450" lon="6.411000"><ele>2590.0</ele></trkpt>
<trkpt lat="45.062460" lon="6.410970"><ele>2591.0</ele></trkpt>
<trkpt lat="45.062460" lon="6.410950"><ele>2591.0</ele></trkpt>
<trkpt lat="45.062460" lon="6.410940"><ele>2592.0</ele></trkpt>
<trkpt lat="45.062480" lon="6.410910"><ele>2592.0</ele></trkpt>
<trkpt lat="45.062480" lon="6.410900"><ele>2592.0</ele></trkpt>
<trkpt lat="45.062490" lon="6.410900"><ele>2593.0</ele></trkpt>
<trkpt lat="45.062510" lon="6.410890"><ele>2593.0</ele></trkpt>
<trkpt lat="45.062520" lon="6.410890"><ele>2593.0</ele></trkpt>
<trkpt lat="45.062540" lon="6.410910"><ele>2593.0</ele></trkpt>
<trkpt lat="45.062550" lon="6.410910"><ele>2594.0</ele></trkpt>
<trkpt lat="45.062560" lon="6.410940"><ele>2594.0</ele></trkpt>
<trkpt lat="45.062570" lon="6.410990"><ele>2594.0</ele></trkpt>
<trkpt lat="45.062580" lon="6.411000"><ele>2594.0</ele></trkpt>
<trkpt lat="45.062590" lon="6.411060"><ele>2594.0</ele></trkpt>
<trkpt lat="45.062580" lon="6.411220"><ele>2595.0</ele></trkpt>
<trkpt lat="45.062570" lon="6.411240"><ele>2595.0</ele></trkpt>
<trkpt lat="45.062540" lon="6.411390"><ele>2596.0</ele></trkpt>
<trkpt lat="45.062520" lon="6.411480"><ele>2596.0</ele></trkpt>
<trkpt lat="45.062510" lon="6.411530"><ele>2597.0</ele></trkpt>
<trkpt lat="45.062490" lon="6.411600"><ele>2597.0</ele></trkpt>
<trkpt lat="45.062500" lon="6.411610"><ele>2597.0</ele></trkpt>
<trkpt lat="45.062520" lon="6.411660"><ele>2598.0</ele></trkpt>
<trkpt lat="45.062540" lon="6.411680"><ele>2598.0</ele></trkpt>
<trkpt lat="45.062550" lon="6.411690"><ele>2598.0</ele></trkpt>
<trkpt lat="45.062580" lon="6.411690"><ele>2598.0</ele></trkpt>
<trkpt lat="45.062620" lon="6.411640"><ele>2599.0</ele></trkpt>
<trkpt lat="45.062660" lon="6.411560"><ele>2599.0</ele></trkpt>
<trkpt lat="45.062710" lon="6.411410"><ele>2600.0</ele></trkpt>
<trkpt lat="45.062740" lon="6.411290"><ele>2600.0</ele></trkpt>
<trkpt lat="45.062740" lon="6.411280"><ele>2601.0</ele></trkpt>
<trkpt lat="45.062780" lon="6.411130"><ele>2601.0</ele></trkpt>
<trkpt lat="45.062790" lon="6.411040"><ele>2602.0</ele></trkpt>
<trkpt lat="45.062830" lon="6.410810"><ele>2603.0</ele></trkpt>
<trkpt lat="45.062830" lon="6.410790"><ele>2603.0</ele></trkpt>
<trkpt lat="45.062850" lon="6.410640"><ele>2604.0</ele></trkpt>
<trkpt lat="45.062870" lon="6.410550"><ele>2605.0</ele></trkpt>
<trkpt lat="45.062890" lon="6.410470"><ele>2605.0</ele></trkpt>
<trkpt lat="45.062950" lon="6.410320"><ele>2606.0</ele></trkpt>
<trkpt lat="45.062970" lon="6.410290"><ele>2606.0</ele></trkpt>
<trkpt lat="45.063060" lon="6.410190"><ele>2607.0</ele></trkpt>
<trkpt lat="45.063090" lon="6.410150"><ele>2608.0</ele></trkpt>
<trkpt lat="45.063190" lon="6.410050"><ele>2608.0</ele></trkpt>
<trkpt lat="45.063220" lon="6.409980"><ele>2609.0</ele></trkpt>
<trkpt lat="45.063250" lon="6.409920"><ele>2609.0</ele></trkpt>
<trkpt lat="45.063270" lon="6.409880"><ele>2609.0</ele></trkpt>
<trkpt lat="45.063300" lon="6.409780"><ele>2610.0</ele></trkpt>
<trkpt lat="45.063300" lon="6.409760"><ele>2610.0</ele></trkpt>
<trkpt lat="45.063330" lon="6.409620"><ele>2610.0</ele></trkpt>
<trkpt lat="45.063350" lon="6.409520"><ele>2611.0</ele></trkpt>
<trkpt lat="45.063360" lon="6.409490"><ele>2611.0</ele></trkpt>
<trkpt lat="45.063390" lon="6.409380"><ele>2611.0</ele></trkpt>
<trkpt lat="45.063430" lon="6.409290"><ele>2612.0</ele></trkpt>
<trkpt lat="45.063430" lon="6.409270"><ele>2612.0</ele></trkpt>
<trkpt lat="45.063490" lon="6.409190"><ele>2612.0</ele></trkpt>
<trkpt lat="45.063550" lon="6.409120"><ele>2612.0</ele></trkpt>
<trkpt lat="45.063560" lon="6.409110"><ele>2613.0</ele></trkpt>
<trkpt lat="45.063660" lon="6.408990"><ele>2613.0</ele></trkpt>
<trkpt lat="45.063700" lon="6.408950"><ele>2613.0</ele></trkpt>
<trkpt lat="45.063710" lon="6.408930"><ele>2614.0</ele></trkpt>
<trkpt lat="45.063740" lon="6.408870"><ele>2614.0</ele></trkpt>
<trkpt lat="45.063780" lon="6.408770"><ele>2614.0</ele></trkpt>
<trkpt lat="45.063790" lon="6.408740"><ele>2614.0</ele></trkpt>
<trkpt lat="45.063850" lon="6.408500"><ele>2615.0</ele></trkpt>
<trkpt lat="45.063880" lon="6.408380"><ele>2615.0</ele></trkpt>
<trkpt lat="45.063950" lon="6.408110"><ele>2616.0</ele></trkpt>
<trkpt lat="45.063970" lon="6.408020"><ele>2616.0</ele></trkpt>
<trkpt lat="45.063990" lon="6.407950"><ele>2617.0</ele></trkpt>
<trkpt lat="45.064040" lon="6.407840"><ele>2618.0</ele></trkpt>
<trkpt lat="45.064050" lon="6.407840"><ele>2618.0</ele></trkpt>
<trkpt lat="45.064080" lon="6.407830"><ele>2619.0</ele></trkpt>
<trkpt lat="45.064090" lon="6.407820"><ele>2619.0</ele></trkpt>
<trkpt lat="45.064120" lon="6.407840"><ele>2619.0</ele></trkpt>
<trkpt lat="45.064150" lon="6.407860"><ele>2620.0</ele></trkpt>
<trkpt lat="45.064170" lon="6.407900"><ele>2620.0</ele></trkpt>
<trkpt lat="45.064200" lon="6.407980"><ele>2621.0</ele></trkpt>
<trkpt lat="45.064200" lon="6.408080"><ele>2621.0</ele></trkpt>
<trkpt lat="45.064200" lon="6.408180"><ele>2622.0</ele></trkpt>
<trkpt lat="45.064190" lon="6.408350"><ele>2623.0</ele></trkpt>
<trkpt lat="45.064200" lon="6.408450"><ele>2624.0</ele></trkpt>
<trkpt lat="45.064230" lon="6.408560"><ele>2625.0</ele></trkpt>
<trkpt lat="45.064270" lon="6.408730"><ele>2626.0</ele></trkpt>
<trkpt lat="45.064310" lon="6.408830"><ele>2627.0</ele></trkpt>
<trkpt lat="45.064350" lon="6.408960"><ele>2628.0</ele></trkpt>
<trkpt lat="45.064360" lon="6.409020"><ele>2629.0</ele></trkpt>
<trkpt lat="45.064430" lon="6.409170"><ele>2630.0</ele></trkpt>
<trkpt lat="45.064430" lon="6.409180"><ele>2631.0</ele></trkpt>
<trkpt lat="45.064480" lon="6.409270"><ele>2632.0</ele></trkpt>
<trkpt lat="45.064490" lon="6.409280"><ele>2632.0</ele></trkpt>
<trkpt lat="45.064560" lon="6.409370"><ele>2633.0</ele></trkpt>
<trkpt lat="45.064580" lon="6.409390"><ele>2633.0</ele></trkpt>
<trkpt lat="45.064690" lon="6.409510"><ele>2634.0</ele></trkpt>
<trkpt lat="45.064700" lon="6.409520"><ele>2635.0</ele></trkpt>
<trkpt lat="45.064780" lon="6.409610"><ele>2636.0</ele></trkpt>
<trkpt lat="45.064790" lon="6.409620"><ele>2637.0</ele></trkpt>
<trkpt lat="45.064790" lon="6.409620"><ele>2637.0</ele></trkpt>
<trkpt lat="45.064830" lon="6.409690"><ele>2637.0</ele></trkpt>
<trkpt lat="45.064870" lon="6.409740"><ele>2638.0</ele></trkpt>
<trkpt lat="45.064950" lon="6.409890"><ele>2637.0</ele></trkpt>
<trkpt lat="45.064970" lon="6.409930"><ele>2636.0</ele></trkpt>
<trkpt lat="45.065050" lon="6.410090"><ele>2635.0</ele></trkpt>
<trkpt lat="45.065120" lon="6.410230"><ele>2634.0</ele></trkpt>
<trkpt lat="45.065160" lon="6.410300"><ele>2633.0</ele></trkpt>
<trkpt lat="45.065190" lon="6.410350"><ele>2632.0</ele></trkpt>
<trkpt lat="45.065260" lon="6.410480"><ele>2631.0</ele></trkpt>
<trkpt lat="45.065270" lon="6.410500"><ele>2630.0</ele></trkpt>
<trkpt lat="45.065310" lon="6.410610"><ele>2629.0</ele></trkpt>
<trkpt lat="45.065350" lon="6.410720"><ele>2628.0</ele></trkpt>
<trkpt lat="45.065370" lon="6.410750"><ele>2627.0</ele></trkpt>
<trkpt lat="45.065430" lon="6.410850"><ele>2626.0</ele></trkpt>
<trkpt lat="45.065480" lon="6.410900"><ele>2625.0</ele></trkpt>
<trkpt lat="45.065580" lon="6.410980"><ele>2624.0</ele></trkpt>
<trkpt lat="45.065640" lon="6.411010"><ele>2623.0</ele></trkpt>
<trkpt lat="45.065730" lon="6.411070"><ele>2621.0</ele></trkpt>
<trkpt lat="45.065810" lon="6.411110"><ele>2620.0</ele></trkpt>
<trkpt lat="45.065930" lon="6.411180"><ele>2619.0</ele></trkpt>
<trkpt lat="45.065970" lon="6.411210"><ele>2617.0</ele></trkpt>
<trkpt lat="45.066060" lon="6.411260"><ele>2616.0</ele></trkpt>
<trkpt lat="45.066120" lon="6.411320"><ele>2615.0</ele></trkpt>
<trkpt lat="45.066130" lon="6.411330"><ele>2614.0</ele></trkpt>
<trkpt lat="45.066150" lon="6.411380"><ele>2614.0</ele></trkpt>
<trkpt lat="45.066150" lon="6.411400"><ele>2613.0</ele></trkpt>
<trkpt lat="45.066150" lon="6.411440"><ele>2613.0</ele></trkpt>
<trkpt lat="45.066150" lon="6.411580"><ele>2612.0</ele></trkpt>
<trkpt lat="45.066140" lon="6.411640"><ele>2612.0</ele></trkpt>
<trkpt lat="45.066130" lon="6.411830"><ele>2611.0</ele></trkpt>
<trkpt lat="45.066130" lon="6.411870"><ele>2611.0</ele></trkpt>
<trkpt lat="45.066130" lon="6.411980"><ele>2610.0</ele></trkpt>
<trkpt lat="45.066120" lon="6.412090"><ele>2610.0</ele></trkpt>
<trkpt lat="45.066120" lon="6.412140"><ele>2610.0</ele></trkpt>
<trkpt lat="45.066100" lon="6.412280"><ele>2609.0</ele></trkpt>
<trkpt lat="45.066090" lon="6.412340"><ele>2609.0</ele></trkpt>
<trkpt lat="45.066070" lon="6.412450"><ele>2608.0</ele></trkpt>
<trkpt lat="45.066030" lon="6.412570"><ele>2608.0</ele></trkpt>
<trkpt lat="45.066020" lon="6.412610"><ele>2607.0</ele></trkpt>
<trkpt lat="45.065970" lon="6.412760"><ele>2607.0</ele></trkpt>
<trkpt lat="45.065950" lon="6.412800"><ele>2606.0</ele></trkpt>
<trkpt lat="45.065930" lon="6.412840"><ele>2606.0</ele></trkpt>
<trkpt lat="45.065890" lon="6.412930"><ele>2606.0</ele></trkpt>
<trkpt lat="45.065870" lon="6.412990"><ele>2605.0</ele></trkpt>
<trkpt lat="45.065870" lon="6.413030"><ele>2605.0</ele></trkpt>
<trkpt lat="45.065870" lon="6.413040"><ele>2605.0</ele></trkpt>
<trkpt lat="45.065880" lon="6.413060"><ele>2604.0</ele></trkpt>
<trkpt lat="45.065890" lon="6.413070"><ele>2604.0</ele></trkpt>
<trkpt lat="45.065890" lon="6.413080"><ele>2604.0</ele></trkpt>
<trkpt lat="45.065900" lon="6.413080"><ele>2604.0</ele></trkpt>
<trkpt lat="45.065930" lon="6.413080"><ele>2604.0</ele></trkpt>
<trkpt lat="45.065950" lon="6.413080"><ele>2604.0</ele></trkpt>
<trkpt lat="45.065970" lon="6.413060"><ele>2604.0</ele></trkpt>
<trkpt lat="45.066000" lon="6.413000"><ele>2604.0</ele></trkpt>
<trkpt lat="45.066020" lon="6.412970"><ele>2603.0</ele></trkpt>
<trkpt lat="45.066090" lon="6.412820"><ele>2603.0</ele></trkpt>
<trkpt lat="45.066110" lon="6.412790"><ele>2603.0</ele></trkpt>
<trkpt lat="45.066240" lon="6.412550"><ele>2602.0</ele></trkpt>
<trkpt lat="45.066320" lon="6.412400"><ele>2601.0</ele></trkpt>
<trkpt lat="45.066320" lon="6.412390"><ele>2601.0</ele></trkpt>
<trkpt lat="45.066390" lon="6.412230"><ele>2600.0</ele></trkpt>
<trkpt lat="45.066410" lon="6.412160"><ele>2599.0</ele></trkpt>
<trkpt lat="45.066470" lon="6.412010"><ele>2599.0</ele></trkpt>
<trkpt lat="45.066510" lon="6.411880"><ele>2598.0</ele></trkpt>
<trkpt lat="45.066560" lon="6.411780"><ele>2597.0</ele></trkpt>
<trkpt lat="45.066620" lon="6.411660"><ele>2597.0</ele></trkpt>
<trkpt lat="45.066680" lon="6.411570"><ele>2596.0</ele></trkpt>
<trkpt lat="45.066700" lon="6.411520"><ele>2596.0</ele></trkpt>
<trkpt lat="45.066710" lon="6.411500"><ele>2595.0</ele></trkpt>
<trkpt lat="45.066720" lon="6.411420"><ele>2595.0</ele></trkpt>
<trkpt lat="45.066710" lon="6.411340"><ele>2594.0</ele></trkpt>
<trkpt lat="45.066710" lon="6.411320"><ele>2594.0</ele></trkpt>
<trkpt lat="45.066700" lon="6.411280"><ele>2594.0</ele></trkpt>
<trkpt lat="45.066680" lon="6.411220"><ele>2594.0</ele></trkpt>
<trkpt lat="45.066600" lon="6.411080"><ele>2593.0</ele></trkpt>
<trkpt lat="45.066590" lon="6.411070"><ele>2593.0</ele></trkpt>
<trkpt lat="45.066500" lon="6.410910"><ele>2592.0</ele></trkpt>
<trkpt lat="45.066480" lon="6.410870"><ele>2592.0</ele></trkpt>
<trkpt lat="45.066410" lon="6.410740"><ele>2591.0</ele></trkpt>
<trkpt lat="45.066380" lon="6.410660"><ele>2591.0</ele></trkpt>
<trkpt lat="45.066380" lon="6.410630"><ele>2590.0</ele></trkpt>
<trkpt lat="45.066330" lon="6.410460"><ele>2590.0</ele></trkpt>
<trkpt lat="45.066320" lon="6.410420"><ele>2589.0</ele></trkpt>
<trkpt lat="45.066280" lon="6.410280"><ele>2589.0</ele></trkpt>
<trkpt lat="45.066240" lon="6.410190"><ele>2588.0</ele></trkpt>
<trkpt lat="45.066240" lon="6.410160"><ele>2587.0</ele></trkpt>
<trkpt lat="45.066230" lon="6.410130"><ele>2587.0</ele></trkpt>
<trkpt lat="45.066150" lon="6.409940"><ele>2585.0</ele></trkpt>
<trkpt lat="45.066150" lon="6.409930"><ele>2584.0</ele></trkpt>
<trkpt lat="45.066070" lon="6.409740"><ele>2583.0</ele></trkpt>
<trkpt lat="45.066070" lon="6.409730"><ele>2582.0</ele></trkpt>
<trkpt lat="45.066010" lon="6.409610"><ele>2581.0</ele></trkpt>
<trkpt lat="45.065990" lon="6.409520"><ele>2579.0</ele></trkpt>
<trkpt lat="45.065970" lon="6.409460"><ele>2578.0</ele></trkpt>
<trkpt lat="45.065940" lon="6.409330"><ele>2577.0</ele></trkpt>
<trkpt lat="45.065940" lon="6.409270"><ele>2576.0</ele></trkpt>
<trkpt lat="45.065940" lon="6.409240"><ele>2575.0</ele></trkpt>
<trkpt lat="45.065940" lon="6.409190"><ele>2574.0</ele></trkpt>
<trkpt lat="45.065950" lon="6.409150"><ele>2574.0</ele></trkpt>
<trkpt lat="45.065950" lon="6.409140"><ele>2573.0</ele></trkpt>
<trkpt lat="45.065970" lon="6.409120"><ele>2573.0</ele></trkpt>
<trkpt lat="45.066010" lon="6.409080"><ele>2572.0</ele></trkpt>
<trkpt lat="45.066040" lon="6.409070"><ele>2572.0</ele></trkpt>
<trkpt lat="45.066050" lon="6.409070"><ele>2571.0</ele></trkpt>
<trkpt lat="45.066080" lon="6.409090"><ele>2571.0</ele></trkpt>
<trkpt lat="45.066120" lon="6.409130"><ele>2570.0</ele></trkpt>
<trkpt lat="45.066150" lon="6.409200"><ele>2569.0</ele></trkpt>
<trkpt lat="45.066190" lon="6.409320"><ele>2568.0</ele></trkpt>
<trkpt lat="45.066240" lon="6.409420"><ele>2567.0</ele></trkpt>
<trkpt lat="45.066280" lon="6.409490"><ele>2566.0</ele></trkpt>
<trkpt lat="45.066290" lon="6.409500"><ele>2565.0</ele></trkpt>
<trkpt lat="45.066370" lon="6.409540"><ele>2564.0</ele></trkpt>
<trkpt lat="45.066440" lon="6.409550"><ele>2563.0</ele></trkpt>
<trkpt lat="45.066450" lon="6.409540"><ele>2562.0</ele></trkpt>
<trkpt lat="45.066500" lon="6.409520"><ele>2562.0</ele></trkpt>
<trkpt lat="45.066540" lon="6.409460"><ele>2561.0</ele></trkpt>
<trkpt lat="45.066590" lon="6.409390"><ele>2560.0</ele></trkpt>
<trkpt lat="45.066600" lon="6.409380"><ele>2559.0</ele></trkpt>
<trkpt lat="45.066660" lon="6.409240"><ele>2558.0</ele></trkpt>
<trkpt lat="45.066700" lon="6.409190"><ele>2557.0</ele></trkpt>
<trkpt lat="45.066740" lon="6.409160"><ele>2556.0</ele></trkpt>
<trkpt lat="45.066780" lon="6.409100"><ele>2556.0</ele></trkpt>
<trkpt lat="45.066860" lon="6.409060"><ele>2555.0</ele></trkpt>
<trkpt lat="45.066860" lon="6.409060"><ele>2555.0</ele></trkpt>
<trkpt lat="45.066890" lon="6.409160"><ele>2554.0</ele></trkpt>
<trkpt lat="45.066900" lon="6.409270"><ele>2554.0</ele></trkpt>
<trkpt lat="45.066910" lon="6.409300"><ele>2554.0</ele></trkpt>
<trkpt lat="45.066910" lon="6.409400"><ele>2553.0</ele></trkpt>
<trkpt lat="45.066920" lon="6.409560"><ele>2553.0</ele></trkpt>
<trkpt lat="45.066930" lon="6.409740"><ele>2553.0</ele></trkpt>
<trkpt lat="45.066960" lon="6.409920"><ele>2552.0</ele></trkpt>
<trkpt lat="45.067000" lon="6.410130"><ele>2551.0</ele></trkpt>
<trkpt lat="45.067020" lon="6.410280"><ele>2551.0</ele></trkpt>
<trkpt lat="45.067020" lon="6.410300"><ele>2550.0</ele></trkpt>
<trkpt lat="45.067030" lon="6.410410"><ele>2550.0</ele></trkpt>
<trkpt lat="45.067050" lon="6.410580"><ele>2549.0</ele></trkpt>
<trkpt lat="45.067070" lon="6.410680"><ele>2549.0</ele></trkpt>
<trkpt lat="45.067110" lon="6.410720"><ele>2548.0</ele></trkpt>
<trkpt lat="45.067140" lon="6.410750"><ele>2548.0</ele></trkpt>
<trkpt lat="45.067200" lon="6.410760"><ele>2548.0</ele></trkpt>
<trkpt lat="45.067230" lon="6.410740"><ele>2547.0</ele></trkpt>
<trkpt lat="45.067260" lon="6.410700"><ele>2547.0</ele></trkpt>
<trkpt lat="45.067280" lon="6.410640"><ele>2547.0</ele></trkpt>
<trkpt lat="45.067300" lon="6.410530"><ele>2546.0</ele></trkpt>
<trkpt lat="45.067300" lon="6.410440"><ele>2546.0</ele></trkpt>
<trkpt lat="45.067300" lon="6.410420"><ele>2546.0</ele></trkpt>
<trkpt lat="45.067290" lon="6.410330"><ele>2545.0</ele></trkpt>
<trkpt lat="45.067310" lon="6.410160"><ele>2544.0</ele></trkpt>
<trkpt lat="45.067330" lon="6.409970"><ele>2543.0</ele></trkpt>
<trkpt lat="45.067340" lon="6.409920"><ele>2542.0</ele></trkpt>
<trkpt lat="45.067360" lon="6.409820"><ele>2540.0</ele></trkpt>
<trkpt lat="45.067410" lon="6.409520"><ele>2538.0</ele></trkpt>
<trkpt lat="45.067430" lon="6.409430"><ele>2537.0</ele></trkpt>
<trkpt lat="45.067440" lon="6.409390"><ele>2535.0</ele></trkpt>
<trkpt lat="45.067470" lon="6.409250"><ele>2534.0</ele></trkpt>
<trkpt lat="45.067510" lon="6.409120"><ele>2532.0</ele></trkpt>
<trkpt lat="45.067550" lon="6.409020"><ele>2531.0</ele></trkpt>
<trkpt lat="45.067590" lon="6.408990"><ele>2529.0</ele></trkpt>
<trkpt lat="45.067610" lon="6.408970"><ele>2528.0</ele></trkpt>
<trkpt lat="45.067740" lon="6.408890"><ele>2527.0</ele></trkpt>
<trkpt lat="45.067750" lon="6.408880"><ele>2526.0</ele></trkpt>
<trkpt lat="45.067900" lon="6.408790"><ele>2524.0</ele></trkpt>
<trkpt lat="45.067920" lon="6.408780"><ele>2523.0</ele></trkpt>
<trkpt lat="45.068100" lon="6.408720"><ele>2521.0</ele></trkpt>
<trkpt lat="45.068160" lon="6.408700"><ele>2520.0</ele></trkpt>
<trkpt lat="45.068270" lon="6.408660"><ele>2518.0</ele></trkpt>
<trkpt lat="45.068360" lon="6.408660"><ele>2517.0</ele></trkpt>
<trkpt lat="45.068430" lon="6.408690"><ele>2516.0</ele></trkpt>
<trkpt lat="45.068440" lon="6.408700"><ele>2516.0</ele></trkpt>
<trkpt lat="45.068490" lon="6.408740"><ele>2515.0</ele></trkpt>
<trkpt lat="45.068530" lon="6.408810"><ele>2515.0</ele></trkpt>
<trkpt lat="45.068560" lon="6.408890"><ele>2515.0</ele></trkpt>
<trkpt lat="45.068570" lon="6.408970"><ele>2515.0</ele></trkpt>
<trkpt lat="45.068560" lon="6.409050"><ele>2515.0</ele></trkpt>
<trkpt lat="45.068540" lon="6.409130"><ele>2515.0</ele></trkpt>
<trkpt lat="45.068540" lon="6.409140"><ele>2515.0</ele></trkpt>
<trkpt lat="45.068510" lon="6.409190"><ele>2515.0</ele></trkpt>
<trkpt lat="45.068460" lon="6.409240"><ele>2515.0</ele></trkpt>
<trkpt lat="45.068410" lon="6.409270"><ele>2515.0</ele></trkpt>
<trkpt lat="45.068340" lon="6.409290"><ele>2515.0</ele></trkpt>
<trkpt lat="45.068290" lon="6.409290"><ele>2515.0</ele></trkpt>
<trkpt lat="45.068220" lon="6.409300"><ele>2515.0</ele></trkpt>
<trkpt lat="45.068210" lon="6.409300"><ele>2515.0</ele></trkpt>
<trkpt lat="45.068170" lon="6.409320"><ele>2515.0</ele></trkpt>
<trkpt lat="45.068130" lon="6.409360"><ele>2515.0</ele></trkpt>
<trkpt lat="45.068100" lon="6.409410"><ele>2515.0</ele></trkpt>
<trkpt lat="45.068070" lon="6.409450"><ele>2515.0</ele></trkpt>
<trkpt lat="45.068060" lon="6.409480"><ele>2515.0</ele></trkpt>
<trkpt lat="45.068030" lon="6.409600"><ele>2515.0</ele></trkpt>
<trkpt lat="45.068030" lon="6.409690"><ele>2515.0</ele></trkpt>
<trkpt lat="45.068030" lon="6.409750"><ele>2515.0</ele></trkpt>
<trkpt lat="45.068030" lon="6.410010"><ele>2515.0</ele></trkpt>
<trkpt lat="45.068010" lon="6.410260"><ele>2515.0</ele></trkpt>
<trkpt lat="45.068000" lon="6.410450"><ele>2515.0</ele></trkpt>
<trkpt lat="45.067990" lon="6.410510"><ele>2515.0</ele></trkpt>
<trkpt lat="45.067980" lon="6.410650"><ele>2515.0</ele></trkpt>
<trkpt lat="45.067960" lon="6.410740"><ele>2514.0</ele></trkpt>
<trkpt lat="45.067960" lon="6.410770"><ele>2513.0</ele></trkpt>
<trkpt lat="45.067960" lon="6.410780"><ele>2513.0</ele></trkpt>
<trkpt lat="45.067970" lon="6.410840"><ele>2512.0</ele></trkpt>
<trkpt lat="45.068000" lon="6.410890"><ele>2511.0</ele></trkpt>
<trkpt lat="45.068040" lon="6.410910"><ele>2511.0</ele></trkpt>
<trkpt lat="45.068050" lon="6.410920"><ele>2510.0</ele></trkpt>
<trkpt lat="45.068130" lon="6.410920"><ele>2510.0</ele></trkpt>
<trkpt lat="45.068170" lon="6.410900"><ele>2509.0</ele></trkpt>
<trkpt lat="45.068170" lon="6.410890"><ele>2508.0</ele></trkpt>
<trkpt lat="45.068190" lon="6.410840"><ele>2508.0</ele></trkpt>
<trkpt lat="45.068190" lon="6.410830"><ele>2507.0</ele></trkpt>
<trkpt lat="45.068190" lon="6.410750"><ele>2507.0</ele></trkpt>
<trkpt lat="45.068190" lon="6.410680"><ele>2506.0</ele></trkpt>
<trkpt lat="45.068190" lon="6.410590"><ele>2505.0</ele></trkpt>
<trkpt lat="45.068190" lon="6.410580"><ele>2505.0</ele></trkpt>
<trkpt lat="45.068200" lon="6.410510"><ele>2504.0</ele></trkpt>
<trkpt lat="45.068230" lon="6.410390"><ele>2503.0</ele></trkpt>
<trkpt lat="45.068250" lon="6.410350"><ele>2502.0</ele></trkpt>
<trkpt lat="45.068280" lon="6.410270"><ele>2502.0</ele></trkpt>
<trkpt lat="45.068360" lon="6.410190"><ele>2500.0</ele></trkpt>
<trkpt lat="45.068430" lon="6.410100"><ele>2499.0</ele></trkpt>
<trkpt lat="45.068520" lon="6.410040"><ele>2498.0</ele></trkpt>
<trkpt lat="45.068630" lon="6.410010"><ele>2496.0</ele></trkpt>
<trkpt lat="45.068750" lon="6.409980"><ele>2495.0</ele></trkpt>
<trkpt lat="45.068860" lon="6.409970"><ele>2493.0</ele></trkpt>
<trkpt lat="45.068940" lon="6.409930"><ele>2491.0</ele></trkpt>
<trkpt lat="45.069030" lon="6.409850"><ele>2490.0</ele></trkpt>
<trkpt lat="45.069040" lon="6.409850"><ele>2489.0</ele></trkpt>
<trkpt lat="45.069100" lon="6.409780"><ele>2488.0</ele></trkpt>
<trkpt lat="45.069170" lon="6.409770"><ele>2486.0</ele></trkpt>
<trkpt lat="45.069210" lon="6.409790"><ele>2486.0</ele></trkpt>
<trkpt lat="45.069240" lon="6.409830"><ele>2485.0</ele></trkpt>
<trkpt lat="45.069260" lon="6.409890"><ele>2484.0</ele></trkpt>
<trkpt lat="45.069270" lon="6.409960"><ele>2483.0</ele></trkpt>
<trkpt lat="45.069260" lon="6.410000"><ele>2483.0</ele></trkpt>
<trkpt lat="45.069260" lon="6.410050"><ele>2482.0</ele></trkpt>
<trkpt lat="45.069210" lon="6.410180"><ele>2481.0</ele></trkpt>
<trkpt lat="45.069200" lon="6.410240"><ele>2481.0</ele></trkpt>
<trkpt lat="45.069190" lon="6.410270"><ele>2480.0</ele></trkpt>
<trkpt lat="45.069180" lon="6.410370"><ele>2479.0</ele></trkpt>
<trkpt lat="45.069180" lon="6.410420"><ele>2479.0</ele></trkpt>
<trkpt lat="45.069200" lon="6.410490"><ele>2478.0</ele></trkpt>
<trkpt lat="45.069200" lon="6.410500"><ele>2478.0</ele></trkpt>
<trkpt lat="45.069250" lon="6.410580"><ele>2477.0</ele></trkpt>
<trkpt lat="45.069320" lon="6.410630"><ele>2476.0</ele></trkpt>
<trkpt lat="45.069440" lon="6.410720"><ele>2475.0</ele></trkpt>
<trkpt lat="45.069500" lon="6.410740"><ele>2474.0</ele></trkpt>
<trkpt lat="45.069670" lon="6.410820"><ele>2473.0</ele></trkpt>
<trkpt lat="45.069830" lon="6.410860"><ele>2471.0</ele></trkpt>
<trkpt lat="45.069850" lon="6.410860"><ele>2470.0</ele></trkpt>
<trkpt lat="45.070030" lon="6.410890"><ele>2468.0</ele></trkpt>
<trkpt lat="45.070160" lon="6.410910"><ele>2466.0</ele></trkpt>
<trkpt lat="45.070210" lon="6.410930"><ele>2465.0</ele></trkpt>
<trkpt lat="45.070280" lon="6.410970"><ele>2464.0</ele></trkpt>
<trkpt lat="45.070370" lon="6.411040"><ele>2463.0</ele></trkpt>
<trkpt lat="45.070430" lon="6.411080"><ele>2463.0</ele></trkpt>
<trkpt lat="45.070530" lon="6.411150"><ele>2462.0</ele></trkpt>
<trkpt lat="45.070650" lon="6.411230"><ele>2461.0</ele></trkpt>
<trkpt lat="45.070690" lon="6.411260"><ele>2461.0</ele></trkpt>
<trkpt lat="45.070850" lon="6.411370"><ele>2460.0</ele></trkpt>
<trkpt lat="45.070930" lon="6.411430"><ele>2459.0</ele></trkpt>
<trkpt lat="45.071000" lon="6.411480"><ele>2459.0</ele></trkpt>
<trkpt lat="45.071060" lon="6.411500"><ele>2458.0</ele></trkpt>
<trkpt lat="45.071070" lon="6.411500"><ele>2458.0</ele></trkpt>
<trkpt lat="45.071140" lon="6.411510"><ele>2458.0</ele></trkpt>
<trkpt lat="45.071250" lon="6.411520"><ele>2457.0</ele></trkpt>
<trkpt lat="45.071330" lon="6.411530"><ele>2457.0</ele></trkpt>
<trkpt lat="45.071430" lon="6.411540"><ele>2456.0</ele></trkpt>
<trkpt lat="45.071570" lon="6.411560"><ele>2456.0</ele></trkpt>
<trkpt lat="45.071610" lon="6.411560"><ele>2455.0</ele></trkpt>
<trkpt lat="45.071690" lon="6.411570"><ele>2455.0</ele></trkpt>
<trkpt lat="45.071840" lon="6.411590"><ele>2454.0</ele></trkpt>
<trkpt lat="45.071910" lon="6.411620"><ele>2454.0</ele></trkpt>
<trkpt lat="45.071960" lon="6.411650"><ele>2453.0</ele></trkpt>
<trkpt lat="45.071980" lon="6.411660"><ele>2453.0</ele></trkpt>
<trkpt lat="45.072040" lon="6.411710"><ele>2452.0</ele></trkpt>
<trkpt lat="45.072070" lon="6.411750"><ele>2452.0</ele></trkpt>
<trkpt lat="45.072100" lon="6.411790"><ele>2451.0</ele></trkpt>
<trkpt lat="45.072100" lon="6.411800"><ele>2451.0</ele></trkpt>
<trkpt lat="45.072120" lon="6.411840"><ele>2451.0</ele></trkpt>
<trkpt lat="45.072130" lon="6.411880"><ele>2451.0</ele></trkpt>
<trkpt lat="45.072140" lon="6.411940"><ele>2450.0</ele></trkpt>
<trkpt lat="45.072140" lon="6.412000"><ele>2450.0</ele></trkpt>
<trkpt lat="45.072130" lon="6.412040"><ele>2450.0</ele></trkpt>
<trkpt lat="45.072130" lon="6.412100"><ele>2450.0</ele></trkpt>
<trkpt lat="45.072100" lon="6.412270"><ele>2449.0</ele></trkpt>
<trkpt lat="45.072080" lon="6.412440"><ele>2448.0</ele></trkpt>
<trkpt lat="45.072070" lon="6.412540"><ele>2448.0</ele></trkpt>
<trkpt lat="45.072070" lon="6.412630"><ele>2447.0</ele></trkpt>
<trkpt lat="45.072070" lon="6.412700"><ele>2447.0</ele></trkpt>
<trkpt lat="45.072070" lon="6.412740"><ele>2446.0</ele></trkpt>
<trkpt lat="45.072090" lon="6.412810"><ele>2446.0</ele></trkpt>
<trkpt lat="45.072110" lon="6.412880"><ele>2446.0</ele></trkpt>
<trkpt lat="45.072150" lon="6.412960"><ele>2445.0</ele></trkpt>
<trkpt lat="45.072190" lon="6.412990"><ele>2445.0</ele></trkpt>
<trkpt lat="45.072220" lon="6.413010"><ele>2444.0</ele></trkpt>
<trkpt lat="45.072260" lon="6.413020"><ele>2444.0</ele></trkpt>
<trkpt lat="45.072290" lon="6.413020"><ele>2444.0</ele></trkpt>
<trkpt lat="45.072350" lon="6.413010"><ele>2443.0</ele></trkpt>
<trkpt lat="45.072430" lon="6.412990"><ele>2443.0</ele></trkpt>
<trkpt lat="45.072520" lon="6.412970"><ele>2442.0</ele></trkpt>
<trkpt lat="45.072610" lon="6.412940"><ele>2442.0</ele></trkpt>
<trkpt lat="45.072760" lon="6.412890"><ele>2441.0</ele></trkpt>
<trkpt lat="45.072780" lon="6.412890"><ele>2440.0</ele></trkpt>
<trkpt lat="45.072870" lon="6.412860"><ele>2440.0</ele></trkpt>
<trkpt lat="45.072960" lon="6.412860"><ele>2439.0</ele></trkpt>
<trkpt lat="45.073060" lon="6.412850"><ele>2438.0</ele></trkpt>
<trkpt lat="45.073220" lon="6.412850"><ele>2437.0</ele></trkpt>
<trkpt lat="45.073320" lon="6.412830"><ele>2437.0</ele></trkpt>
<trkpt lat="45.073430" lon="6.412800"><ele>2436.0</ele></trkpt>
<trkpt lat="45.073520" lon="6.412780"><ele>2435.0</ele></trkpt>
<trkpt lat="45.073590" lon="6.412770"><ele>2434.0</ele></trkpt>
<trkpt lat="45.073650" lon="6.412770"><ele>2433.0</ele></trkpt>
<trkpt lat="45.073670" lon="6.412780"><ele>2433.0</ele></trkpt>
<trkpt lat="45.073700" lon="6.412790"><ele>2432.0</ele></trkpt>
<trkpt lat="45.073780" lon="6.412830"><ele>2432.0</ele></trkpt>
<trkpt lat="45.073850" lon="6.412900"><ele>2431.0</ele></trkpt>
<trkpt lat="45.073910" lon="6.412990"><ele>2431.0</ele></trkpt>
<trkpt lat="45.073980" lon="6.413140"><ele>2430.0</ele></trkpt>
<trkpt lat="45.074020" lon="6.413210"><ele>2429.0</ele></trkpt>
<trkpt lat="45.074060" lon="6.413270"><ele>2429.0</ele></trkpt>
<trkpt lat="45.074090" lon="6.413300"><ele>2428.0</ele></trkpt>
<trkpt lat="45.074140" lon="6.413340"><ele>2428.0</ele></trkpt>
<trkpt lat="45.074190" lon="6.413360"><ele>2427.0</ele></trkpt>
<trkpt lat="45.074220" lon="6.413360"><ele>2427.0</ele></trkpt>
<trkpt lat="45.074230" lon="6.413360"><ele>2427.0</ele></trkpt>
<trkpt lat="45.074320" lon="6.413360"><ele>2426.0</ele></trkpt>
<trkpt lat="45.074470" lon="6.413340"><ele>2425.0</ele></trkpt>
<trkpt lat="45.074650" lon="6.413320"><ele>2424.0</ele></trkpt>
<trkpt lat="45.074860" lon="6.413280"><ele>2423.0</ele></trkpt>
<trkpt lat="45.074930" lon="6.413270"><ele>2422.0</ele></trkpt>
<trkpt lat="45.075040" lon="6.413230"><ele>2421.0</ele></trkpt>
<trkpt lat="45.075120" lon="6.413190"><ele>2420.0</ele></trkpt>
<trkpt lat="45.075370" lon="6.413010"><ele>2419.0</ele></trkpt>
<trkpt lat="45.075620" lon="6.412800"><ele>2417.0</ele></trkpt>
<trkpt lat="45.075830" lon="6.412640"><ele>2415.0</ele></trkpt>
<trkpt lat="45.075880" lon="6.412580"><ele>2414.0</ele></trkpt>
<trkpt lat="45.075900" lon="6.412560"><ele>2412.0</ele></trkpt>
<trkpt lat="45.075930" lon="6.412460"><ele>2412.0</ele></trkpt>
<trkpt lat="45.075950" lon="6.412390"><ele>2411.0</ele></trkpt>
<trkpt lat="45.075950" lon="6.412310"><ele>2410.0</ele></trkpt>
<trkpt lat="45.075950" lon="6.412220"><ele>2409.0</ele></trkpt>
<trkpt lat="45.075960" lon="6.412120"><ele>2409.0</ele></trkpt>
<trkpt lat="45.076010" lon="6.411970"><ele>2408.0</ele></trkpt>
<trkpt lat="45.076060" lon="6.411910"><ele>2407.0</ele></trkpt>
<trkpt lat="45.076100" lon="6.411880"><ele>2407.0</ele></trkpt>
<trkpt lat="45.076170" lon="6.411870"><ele>2406.0</ele></trkpt>
<trkpt lat="45.076220" lon="6.411880"><ele>2406.0</ele></trkpt>
<trkpt lat="45.076290" lon="6.411910"><ele>2405.0</ele></trkpt>
<trkpt lat="45.076330" lon="6.411940"><ele>2405.0</ele></trkpt>
<trkpt lat="45.076430" lon="6.412020"><ele>2404.0</ele></trkpt>
<trkpt lat="45.076580" lon="6.412130"><ele>2403.0</ele></trkpt>
<trkpt lat="45.076600" lon="6.412140"><ele>2402.0</ele></trkpt>
<trkpt lat="45.076800" lon="6.412310"><ele>2401.0</ele></trkpt>
<trkpt lat="45.077080" lon="6.412570"><ele>2399.0</ele></trkpt>
<trkpt lat="45.077190" lon="6.412680"><ele>2398.0</ele></trkpt>
<trkpt lat="45.077340" lon="6.412840"><ele>2396.0</ele></trkpt>
<trkpt lat="45.077410" lon="6.412930"><ele>2395.0</ele></trkpt>
<trkpt lat="45.077480" lon="6.413010"><ele>2394.0</ele></trkpt>
<trkpt lat="45.077510" lon="6.413050"><ele>2393.0</ele></trkpt>
<trkpt lat="45.077590" lon="6.413140"><ele>2392.0</ele></trkpt>
<trkpt lat="45.077640" lon="6.413180"><ele>2392.0</ele></trkpt>
<trkpt lat="45.077810" lon="6.413330"><ele>2391.0</ele></trkpt>
<trkpt lat="45.077960" lon="6.413460"><ele>2389.0</ele></trkpt>
<trkpt lat="45.078550" lon="6.413940"><ele>2387.0</ele></trkpt>
<trkpt lat="45.078680" lon="6.414070"><ele>2385.0</ele></trkpt>
<trkpt lat="45.078730" lon="6.414110"><ele>2383.0</ele></trkpt>
<trkpt lat="45.078750" lon="6.414130"><ele>2382.0</ele></trkpt>
<trkpt lat="45.078800" lon="6.414190"><ele>2381.0</ele></trkpt>
<trkpt lat="45.078850" lon="6.414260"><ele>2381.0</ele></trkpt>
<trkpt lat="45.078860" lon="6.414290"><ele>2380.0</ele></trkpt>
<trkpt lat="45.078900" lon="6.414360"><ele>2380.0</ele></trkpt>
<trkpt lat="45.078970" lon="6.414490"><ele>2379.0</ele></trkpt>
<trkpt lat="45.079010" lon="6.414550"><ele>2378.0</ele></trkpt>
<trkpt lat="45.079070" lon="6.414650"><ele>2378.0</ele></trkpt>
<trkpt lat="45.079130" lon="6.414810"><ele>2377.0</ele></trkpt>
<trkpt lat="45.079160" lon="6.414950"><ele>2376.0</ele></trkpt>
<trkpt lat="45.079190" lon="6.415100"><ele>2375.0</ele></trkpt>
<trkpt lat="45.079200" lon="6.415250"><ele>2374.0</ele></trkpt>
<trkpt lat="45.079220" lon="6.415370"><ele>2373.0</ele></trkpt>
<trkpt lat="45.079230" lon="6.415420"><ele>2373.0</ele></trkpt>
<trkpt lat="45.079240" lon="6.415460"><ele>2372.0</ele></trkpt>
<trkpt lat="45.079280" lon="6.415560"><ele>2371.0</ele></trkpt>
<trkpt lat="45.079360" lon="6.415720"><ele>2370.0</ele></trkpt>
<trkpt lat="45.079480" lon="6.415950"><ele>2369.0</ele></trkpt>
<trkpt lat="45.079540" lon="6.416060"><ele>2368.0</ele></trkpt>
<trkpt lat="45.079570" lon="6.416120"><ele>2367.0</ele></trkpt>
<trkpt lat="45.079600" lon="6.416160"><ele>2366.0</ele></trkpt>
<trkpt lat="45.079650" lon="6.416200"><ele>2366.0</ele></trkpt>
<trkpt lat="45.079680" lon="6.416230"><ele>2365.0</ele></trkpt>
<trkpt lat="45.079800" lon="6.416300"><ele>2364.0</ele></trkpt>
<trkpt lat="45.079830" lon="6.416320"><ele>2364.0</ele></trkpt>
<trkpt lat="45.080040" lon="6.416450"><ele>2363.0</ele></trkpt>
<trkpt lat="45.080220" lon="6.416570"><ele>2361.0</ele></trkpt>
<trkpt lat="45.080380" lon="6.416690"><ele>2360.0</ele></trkpt>
<trkpt lat="45.080470" lon="6.416800"><ele>2358.0</ele></trkpt>
<trkpt lat="45.080550" lon="6.416930"><ele>2357.0</ele></trkpt>
<trkpt lat="45.080650" lon="6.417130"><ele>2356.0</ele></trkpt>
<trkpt lat="45.080710" lon="6.417260"><ele>2355.0</ele></trkpt>
<trkpt lat="45.080740" lon="6.417390"><ele>2353.0</ele></trkpt>
<trkpt lat="45.080750" lon="6.417430"><ele>2353.0</ele></trkpt>
<trkpt lat="45.080760" lon="6.417510"><ele>2352.0</ele></trkpt>
<trkpt lat="45.080770" lon="6.417620"><ele>2351.0</ele></trkpt>
<trkpt lat="45.080810" lon="6.418430"><ele>2349.0</ele></trkpt>
<trkpt lat="45.080830" lon="6.419210"><ele>2346.0</ele></trkpt>
<trkpt lat="45.080830" lon="6.419230"><ele>2344.0</ele></trkpt>
<trkpt lat="45.080860" lon="6.419500"><ele>2342.0</ele></trkpt>
<trkpt lat="45.080910" lon="6.419710"><ele>2340.0</ele></trkpt>
<trkpt lat="45.080920" lon="6.419760"><ele>2339.0</ele></trkpt>
<trkpt lat="45.080950" lon="6.419950"><ele>2338.0</ele></trkpt>
<trkpt lat="45.080990" lon="6.420170"><ele>2336.0</ele></trkpt>
<trkpt lat="45.080990" lon="6.420200"><ele>2336.0</ele></trkpt>
<trkpt lat="45.081030" lon="6.420420"><ele>2335.0</ele></trkpt>
<trkpt lat="45.081050" lon="6.420580"><ele>2334.0</ele></trkpt>
<trkpt lat="45.081070" lon="6.420640"><ele>2333.0</ele></trkpt>
<trkpt lat="45.081070" lon="6.420740"><ele>2332.0</ele></trkpt>
<trkpt lat="45.081060" lon="6.420820"><ele>2332.0</ele></trkpt>
<trkpt lat="45.081050" lon="6.420950"><ele>2331.0</ele></trkpt>
<trkpt lat="45.081020" lon="6.421090"><ele>2330.0</ele></trkpt>
<trkpt lat="45.081020" lon="6.421100"><ele>2330.0</ele></trkpt>
<trkpt lat="45.080990" lon="6.421220"><ele>2329.0</ele></trkpt>
<trkpt lat="45.080970" lon="6.421340"><ele>2329.0</ele></trkpt>
<trkpt lat="45.080970" lon="6.421360"><ele>2328.0</ele></trkpt>
<trkpt lat="45.080950" lon="6.421470"><ele>2328.0</ele></trkpt>
<trkpt lat="45.080940" lon="6.421560"><ele>2327.0</ele></trkpt>
<trkpt lat="45.080880" lon="6.421830"><ele>2326.0</ele></trkpt>
<trkpt lat="45.080880" lon="6.421840"><ele>2326.0</ele></trkpt>
<trkpt lat="45.080850" lon="6.421950"><ele>2325.0</ele></trkpt>
<trkpt lat="45.080810" lon="6.422060"><ele>2324.0</ele></trkpt>
<trkpt lat="45.080810" lon="6.422070"><ele>2324.0</ele></trkpt>
<trkpt lat="45.080750" lon="6.422230"><ele>2323.0</ele></trkpt>
<trkpt lat="45.080700" lon="6.422330"><ele>2322.0</ele></trkpt>
<trkpt lat="45.080620" lon="6.422550"><ele>2321.0</ele></trkpt>
<trkpt lat="45.080520" lon="6.422940"><ele>2320.0</ele></trkpt>
<trkpt lat="45.080460" lon="6.423230"><ele>2318.0</ele></trkpt>
<trkpt lat="45.080420" lon="6.423380"><ele>2316.0</ele></trkpt>
<trkpt lat="45.080410" lon="6.423470"><ele>2315.0</ele></trkpt>
<trkpt lat="45.080390" lon="6.423580"><ele>2314.0</ele></trkpt>
<trkpt lat="45.080380" lon="6.423720"><ele>2313.0</ele></trkpt>
<trkpt lat="45.080380" lon="6.423750"><ele>2312.0</ele></trkpt>
<trkpt lat="45.080370" lon="6.423780"><ele>2312.0</ele></trkpt>
<trkpt lat="45.080360" lon="6.423820"><ele>2311.0</ele></trkpt>
<trkpt lat="45.080350" lon="6.423840"><ele>2311.0</ele></trkpt>
<trkpt lat="45.080340" lon="6.423870"><ele>2310.0</ele></trkpt>
<trkpt lat="45.080330" lon="6.423890"><ele>2310.0</ele></trkpt>
<trkpt lat="45.080320" lon="6.423900"><ele>2310.0</ele></trkpt>
<trkpt lat="45.080310" lon="6.423910"><ele>2310.0</ele></trkpt>
<trkpt lat="45.080300" lon="6.423920"><ele>2310.0</ele></trkpt>
<trkpt lat="45.080280" lon="6.423920"><ele>2309.0</ele></trkpt>
<trkpt lat="45.080270" lon="6.423920"><ele>2309.0</ele></trkpt>
<trkpt lat="45.080250" lon="6.423920"><ele>2309.0</ele></trkpt>
<trkpt lat="45.080240" lon="6.423910"><ele>2309.0</ele></trkpt>
<trkpt lat="45.080220" lon="6.423900"><ele>2309.0</ele></trkpt>
<trkpt lat="45.080210" lon="6.423890"><ele>2309.0</ele></trkpt>
<trkpt lat="45.080200" lon="6.423880"><ele>2309.0</ele></trkpt>
<trkpt lat="45.080180" lon="6.423860"><ele>2308.0</ele></trkpt>
<trkpt lat="45.080170" lon="6.423840"><ele>2308.0</ele></trkpt>
<trkpt lat="45.080160" lon="6.423810"><ele>2308.0</ele></trkpt>
<trkpt lat="45.080160" lon="6.423790"><ele>2308.0</ele></trkpt>
<trkpt lat="45.080160" lon="6.423780"><ele>2308.0</ele></trkpt>
<trkpt lat="45.080150" lon="6.423770"><ele>2308.0</ele></trkpt>
<trkpt lat="45.080150" lon="6.423750"><ele>2308.0</ele></trkpt>
<trkpt lat="45.080150" lon="6.423710"><ele>2307.0</ele></trkpt>
<trkpt lat="45.080160" lon="6.423670"><ele>2307.0</ele></trkpt>
<trkpt lat="45.080230" lon="6.423420"><ele>2307.0</ele></trkpt>
<trkpt lat="45.080250" lon="6.423290"><ele>2306.0</ele></trkpt>
<trkpt lat="45.080260" lon="6.423170"><ele>2306.0</ele></trkpt>
<trkpt lat="45.080250" lon="6.423040"><ele>2305.0</ele></trkpt>
<trkpt lat="45.080210" lon="6.422890"><ele>2305.0</ele></trkpt>
<trkpt lat="45.080150" lon="6.422770"><ele>2304.0</ele></trkpt>
<trkpt lat="45.080050" lon="6.422630"><ele>2303.0</ele></trkpt>
<trkpt lat="45.080020" lon="6.422600"><ele>2303.0</ele></trkpt>
<trkpt lat="45.079990" lon="6.422540"><ele>2302.0</ele></trkpt>
<trkpt lat="45.079960" lon="6.422460"><ele>2302.0</ele></trkpt>
<trkpt lat="45.079950" lon="6.422420"><ele>2302.0</ele></trkpt>
<trkpt lat="45.079950" lon="6.422360"><ele>2301.0</ele></trkpt>
<trkpt lat="45.079940" lon="6.422290"><ele>2301.0</ele></trkpt>
<trkpt lat="45.079940" lon="6.422170"><ele>2301.0</ele></trkpt>
<trkpt lat="45.079940" lon="6.422120"><ele>2300.0</ele></trkpt>
<trkpt lat="45.079910" lon="6.422030"><ele>2300.0</ele></trkpt>
<trkpt lat="45.079860" lon="6.421940"><ele>2300.0</ele></trkpt>
<trkpt lat="45.079810" lon="6.421880"><ele>2299.0</ele></trkpt>
<trkpt lat="45.079760" lon="6.421840"><ele>2299.0</ele></trkpt>
<trkpt lat="45.079710" lon="6.421840"><ele>2299.0</ele></trkpt>
<trkpt lat="45.079670" lon="6.421850"><ele>2298.0</ele></trkpt>
<trkpt lat="45.079640" lon="6.421870"><ele>2298.0</ele></trkpt>
<trkpt lat="45.079610" lon="6.421890"><ele>2298.0</ele></trkpt>
<trkpt lat="45.079520" lon="6.421990"><ele>2297.0</ele></trkpt>
<trkpt lat="45.079280" lon="6.422310"><ele>2296.0</ele></trkpt>
<trkpt lat="45.079160" lon="6.422490"><ele>2295.0</ele></trkpt>
<trkpt lat="45.079050" lon="6.422640"><ele>2294.0</ele></trkpt>
<trkpt lat="45.078980" lon="6.422760"><ele>2293.0</ele></trkpt>
<trkpt lat="45.078930" lon="6.422880"><ele>2292.0</ele></trkpt>
<trkpt lat="45.078910" lon="6.423010"><ele>2291.0</ele></trkpt>
<trkpt lat="45.078890" lon="6.423110"><ele>2290.0</ele></trkpt>
<trkpt lat="45.078860" lon="6.423320"><ele>2289.0</ele></trkpt>
<trkpt lat="45.078850" lon="6.423420"><ele>2288.0</ele></trkpt>
<trkpt lat="45.078840" lon="6.423470"><ele>2288.0</ele></trkpt>
<trkpt lat="45.078820" lon="6.423670"><ele>2287.0</ele></trkpt>
<trkpt lat="45.078820" lon="6.423680"><ele>2287.0</ele></trkpt>
<trkpt lat="45.078800" lon="6.423750"><ele>2286.0</ele></trkpt>
<trkpt lat="45.078770" lon="6.423820"><ele>2286.0</ele></trkpt>
<trkpt lat="45.078730" lon="6.423890"><ele>2285.0</ele></trkpt>
<trkpt lat="45.078720" lon="6.423910"><ele>2285.0</ele></trkpt>
<trkpt lat="45.078570" lon="6.424100"><ele>2284.0</ele></trkpt>
<trkpt lat="45.078320" lon="6.424440"><ele>2282.0</ele></trkpt>
<trkpt lat="45.078240" lon="6.424520"><ele>2281.0</ele></trkpt>
<trkpt lat="45.078190" lon="6.424560"><ele>2279.0</ele></trkpt>
<trkpt lat="45.078030" lon="6.424650"><ele>2278.0</ele></trkpt>
<trkpt lat="45.077980" lon="6.424670"><ele>2277.0</ele></trkpt>
<trkpt lat="45.077950" lon="6.424690"><ele>2276.0</ele></trkpt>
<trkpt lat="45.077920" lon="6.424740"><ele>2275.0</ele></trkpt>
<trkpt lat="45.077900" lon="6.424800"><ele>2275.0</ele></trkpt>
<trkpt lat="45.077890" lon="6.424830"><ele>2274.0</ele></trkpt>
<trkpt lat="45.077870" lon="6.424890"><ele>2274.0</ele></trkpt>
<trkpt lat="45.077860" lon="6.424900"><ele>2273.0</ele></trkpt>
<trkpt lat="45.077870" lon="6.425000"><ele>2273.0</ele></trkpt>
<trkpt lat="45.077880" lon="6.425060"><ele>2272.0</ele></trkpt>
<trkpt lat="45.077890" lon="6.425070"><ele>2272.0</ele></trkpt>
<trkpt lat="45.077910" lon="6.425130"><ele>2271.0</ele></trkpt>
<trkpt lat="45.077980" lon="6.425240"><ele>2271.0</ele></trkpt>
<trkpt lat="45.078000" lon="6.425260"><ele>2270.0</ele></trkpt>
<trkpt lat="45.078210" lon="6.425470"><ele>2269.0</ele></trkpt>
<trkpt lat="45.078450" lon="6.425700"><ele>2267.0</ele></trkpt>
<trkpt lat="45.078570" lon="6.425810"><ele>2265.0</ele></trkpt>
<trkpt lat="45.079040" lon="6.426240"><ele>2262.0</ele></trkpt>
<trkpt lat="45.079250" lon="6.426410"><ele>2259.0</ele></trkpt>
<trkpt lat="45.079400" lon="6.426550"><ele>2257.0</ele></trkpt>
<trkpt lat="45.079410" lon="6.426560"><ele>2255.0</ele></trkpt>
<trkpt lat="45.079530" lon="6.426650"><ele>2254.0</ele></trkpt>
<trkpt lat="45.079560" lon="6.426670"><ele>2252.0</ele></trkpt>
<trkpt lat="45.079590" lon="6.426680"><ele>2252.0</ele></trkpt>
<trkpt lat="45.079620" lon="6.426700"><ele>2251.0</ele></trkpt>
<trkpt lat="45.079670" lon="6.426700"><ele>2250.0</ele></trkpt>
<trkpt lat="45.079740" lon="6.426690"><ele>2250.0</ele></trkpt>
<trkpt lat="45.079860" lon="6.426670"><ele>2249.0</ele></trkpt>
<trkpt lat="45.079970" lon="6.426640"><ele>2248.0</ele></trkpt>
<trkpt lat="45.080090" lon="6.426610"><ele>2247.0</ele></trkpt>
<trkpt lat="45.080100" lon="6.426600"><ele>2246.0</ele></trkpt>
<trkpt lat="45.080220" lon="6.426570"><ele>2245.0</ele></trkpt>
<trkpt lat="45.080270" lon="6.426550"><ele>2244.0</ele></trkpt>
<trkpt lat="45.080320" lon="6.426520"><ele>2244.0</ele></trkpt>
<trkpt lat="45.080380" lon="6.426470"><ele>2243.0</ele></trkpt>
<trkpt lat="45.080430" lon="6.426410"><ele>2242.0</ele></trkpt>
<trkpt lat="45.080490" lon="6.426340"><ele>2242.0</ele></trkpt>
<trkpt lat="45.080530" lon="6.426260"><ele>2241.0</ele></trkpt>
<trkpt lat="45.080580" lon="6.426190"><ele>2240.0</ele></trkpt>
<trkpt lat="45.080640" lon="6.426080"><ele>2240.0</ele></trkpt>
<trkpt lat="45.080660" lon="6.426060"><ele>2239.0</ele></trkpt>
<trkpt lat="45.080710" lon="6.426000"><ele>2238.0</ele></trkpt>
<trkpt lat="45.080750" lon="6.425970"><ele>2238.0</ele></trkpt>
<trkpt lat="45.080790" lon="6.425940"><ele>2237.0</ele></trkpt>
<trkpt lat="45.080820" lon="6.425920"><ele>2237.0</ele></trkpt>
<trkpt lat="45.080850" lon="6.425910"><ele>2236.0</ele></trkpt>
<trkpt lat="45.080880" lon="6.425900"><ele>2236.0</ele></trkpt>
<trkpt lat="45.080920" lon="6.425900"><ele>2236.0</ele></trkpt>
<trkpt lat="45.080960" lon="6.425910"><ele>2235.0</ele></trkpt>
<trkpt lat="45.081040" lon="6.425940"><ele>2235.0</ele></trkpt>
<trkpt lat="45.081090" lon="6.425970"><ele>2234.0</ele></trkpt>
<trkpt lat="45.081180" lon="6.426030"><ele>2233.0</ele></trkpt>
<trkpt lat="45.081260" lon="6.426080"><ele>2233.0</ele></trkpt>
<trkpt lat="45.081420" lon="6.426190"><ele>2232.0</ele></trkpt>
<trkpt lat="45.081580" lon="6.426300"><ele>2230.0</ele></trkpt>
<trkpt lat="45.081600" lon="6.426320"><ele>2229.0</ele></trkpt>
<trkpt lat="45.082040" lon="6.426580"><ele>2227.0</ele></trkpt>
<trkpt lat="45.082320" lon="6.426740"><ele>2224.0</ele></trkpt>
<trkpt lat="45.082560" lon="6.426850"><ele>2222.0</ele></trkpt>
<trkpt lat="45.082580" lon="6.426860"><ele>2220.0</ele></trkpt>
<trkpt lat="45.083000" lon="6.427060"><ele>2217.0</ele></trkpt>
<trkpt lat="45.083090" lon="6.427090"><ele>2215.0</ele></trkpt>
<trkpt lat="45.083210" lon="6.427140"><ele>2213.0</ele></trkpt>
<trkpt lat="45.083310" lon="6.427190"><ele>2211.0</ele></trkpt>
<trkpt lat="45.083400" lon="6.427240"><ele>2210.0</ele></trkpt>
<trkpt lat="45.083470" lon="6.427300"><ele>2208.0</ele></trkpt>
<trkpt lat="45.083540" lon="6.427380"><ele>2207.0</ele></trkpt>
<trkpt lat="45.083570" lon="6.427430"><ele>2206.0</ele></trkpt>
<trkpt lat="45.083600" lon="6.427470"><ele>2205.0</ele></trkpt>
<trkpt lat="45.083690" lon="6.427590"><ele>2204.0</ele></trkpt>
<trkpt lat="45.083700" lon="6.427600"><ele>2204.0</ele></trkpt>
<trkpt lat="45.083770" lon="6.427670"><ele>2203.0</ele></trkpt>
<trkpt lat="45.083850" lon="6.427740"><ele>2202.0</ele></trkpt>
<trkpt lat="45.083890" lon="6.427760"><ele>2201.0</ele></trkpt>
<trkpt lat="45.084040" lon="6.427840"><ele>2200.0</ele></trkpt>
<trkpt lat="45.084180" lon="6.427920"><ele>2199.0</ele></trkpt>
<trkpt lat="45.084260" lon="6.427990"><ele>2198.0</ele></trkpt>
<trkpt lat="45.084340" lon="6.428130"><ele>2197.0</ele></trkpt>
<trkpt lat="45.084510" lon="6.428500"><ele>2195.0</ele></trkpt>
<trkpt lat="45.084590" lon="6.428650"><ele>2193.0</ele></trkpt>
<trkpt lat="45.084680" lon="6.428810"><ele>2191.0</ele></trkpt>
<trkpt lat="45.084810" lon="6.429010"><ele>2189.0</ele></trkpt>
<trkpt lat="45.084900" lon="6.429190"><ele>2187.0</ele></trkpt>
<trkpt lat="45.084940" lon="6.429290"><ele>2186.0</ele></trkpt>
<trkpt lat="45.084950" lon="6.429330"><ele>2185.0</ele></trkpt>
<trkpt lat="45.084990" lon="6.429490"><ele>2184.0</ele></trkpt>
<trkpt lat="45.085030" lon="6.429670"><ele>2183.0</ele></trkpt>
<trkpt lat="45.085100" lon="6.429780"><ele>2182.0</ele></trkpt>
<trkpt lat="45.085180" lon="6.429850"><ele>2181.0</ele></trkpt>
<trkpt lat="45.085260" lon="6.429900"><ele>2180.0</ele></trkpt>
<trkpt lat="45.085360" lon="6.429960"><ele>2179.0</ele></trkpt>
<trkpt lat="45.085430" lon="6.429970"><ele>2178.0</ele></trkpt>
<trkpt lat="45.085510" lon="6.429980"><ele>2177.0</ele></trkpt>
<trkpt lat="45.085840" lon="6.429940"><ele>2176.0</ele></trkpt>
<trkpt lat="45.085970" lon="6.429910"><ele>2174.0</ele></trkpt>
<trkpt lat="45.086030" lon="6.429890"><ele>2173.0</ele></trkpt>
<trkpt lat="45.086100" lon="6.429830"><ele>2173.0</ele></trkpt>
<trkpt lat="45.086130" lon="6.429810"><ele>2172.0</ele></trkpt>
<trkpt lat="45.086170" lon="6.429770"><ele>2171.0</ele></trkpt>
<trkpt lat="45.086280" lon="6.429660"><ele>2170.0</ele></trkpt>
<trkpt lat="45.086280" lon="6.429650"><ele>2170.0</ele></trkpt>
<trkpt lat="45.086370" lon="6.429540"><ele>2169.0</ele></trkpt>
<trkpt lat="45.086470" lon="6.429390"><ele>2168.0</ele></trkpt>
<trkpt lat="45.086520" lon="6.429350"><ele>2167.0</ele></trkpt>
<trkpt lat="45.086580" lon="6.429340"><ele>2167.0</ele></trkpt>
<trkpt lat="45.086640" lon="6.429370"><ele>2166.0</ele></trkpt>
<trkpt lat="45.086670" lon="6.429420"><ele>2166.0</ele></trkpt>
<trkpt lat="45.086690" lon="6.429470"><ele>2165.0</ele></trkpt>
<trkpt lat="45.086690" lon="6.429480"><ele>2165.0</ele></trkpt>
<trkpt lat="45.086690" lon="6.429540"><ele>2164.0</ele></trkpt>
<trkpt lat="45.086690" lon="6.429550"><ele>2164.0</ele></trkpt>
<trkpt lat="45.086660" lon="6.429610"><ele>2164.0</ele></trkpt>
<trkpt lat="45.086610" lon="6.429670"><ele>2163.0</ele></trkpt>
<trkpt lat="45.086600" lon="6.429680"><ele>2163.0</ele></trkpt>
<trkpt lat="45.086490" lon="6.429770"><ele>2162.0</ele></trkpt>
<trkpt lat="45.086450" lon="6.429810"><ele>2162.0</ele></trkpt>
<trkpt lat="45.086360" lon="6.429870"><ele>2161.0</ele></trkpt>
<trkpt lat="45.086290" lon="6.429940"><ele>2161.0</ele></trkpt>
<trkpt lat="45.086250" lon="6.429980"><ele>2160.0</ele></trkpt>
<trkpt lat="45.086170" lon="6.430120"><ele>2159.0</ele></trkpt>
<trkpt lat="45.086060" lon="6.430320"><ele>2158.0</ele></trkpt>
<trkpt lat="45.086050" lon="6.430340"><ele>2157.0</ele></trkpt>
<trkpt lat="45.085840" lon="6.430750"><ele>2156.0</ele></trkpt>
<trkpt lat="45.085780" lon="6.430970"><ele>2154.0</ele></trkpt>
<trkpt lat="45.085770" lon="6.431020"><ele>2153.0</ele></trkpt>
<trkpt lat="45.085750" lon="6.431250"><ele>2152.0</ele></trkpt>
<trkpt lat="45.085730" lon="6.431390"><ele>2151.0</ele></trkpt>
<trkpt lat="45.085710" lon="6.431670"><ele>2149.0</ele></trkpt>
<trkpt lat="45.085700" lon="6.431880"><ele>2148.0</ele></trkpt>
<trkpt lat="45.085710" lon="6.432050"><ele>2146.0</ele></trkpt>
<trkpt lat="45.085740" lon="6.432190"><ele>2145.0</ele></trkpt>
<trkpt lat="45.085780" lon="6.432310"><ele>2144.0</ele></trkpt>
<trkpt lat="45.085850" lon="6.432400"><ele>2142.0</ele></trkpt>
<trkpt lat="45.085920" lon="6.432480"><ele>2141.0</ele></trkpt>
<trkpt lat="45.085990" lon="6.432500"><ele>2140.0</ele></trkpt>
<trkpt lat="45.086070" lon="6.432480"><ele>2139.0</ele></trkpt>
<trkpt lat="45.086230" lon="6.432380"><ele>2138.0</ele></trkpt>
<trkpt lat="45.086440" lon="6.432220"><ele>2136.0</ele></trkpt>
<trkpt lat="45.086580" lon="6.432120"><ele>2134.0</ele></trkpt>
<trkpt lat="45.086680" lon="6.432000"><ele>2133.0</ele></trkpt>
<trkpt lat="45.086790" lon="6.431840"><ele>2131.0</ele></trkpt>
<trkpt lat="45.086820" lon="6.431720"><ele>2130.0</ele></trkpt>
<trkpt lat="45.086840" lon="6.431630"><ele>2129.0</ele></trkpt>
<trkpt lat="45.086860" lon="6.431520"><ele>2128.0</ele></trkpt>
<trkpt lat="45.086870" lon="6.431400"><ele>2128.0</ele></trkpt>
<trkpt lat="45.086880" lon="6.431280"><ele>2127.0</ele></trkpt>
<trkpt lat="45.086880" lon="6.431080"><ele>2126.0</ele></trkpt>
<trkpt lat="45.086880" lon="6.430950"><ele>2126.0</ele></trkpt>
<trkpt lat="45.086870" lon="6.430820"><ele>2125.0</ele></trkpt>
<trkpt lat="45.086860" lon="6.430680"><ele>2124.0</ele></trkpt>
<trkpt lat="45.086850" lon="6.430580"><ele>2124.0</ele></trkpt>
<trkpt lat="45.086850" lon="6.430500"><ele>2123.0</ele></trkpt>
<trkpt lat="45.086850" lon="6.430490"><ele>2123.0</ele></trkpt>
<trkpt lat="45.086880" lon="6.430450"><ele>2122.0</ele></trkpt>
<trkpt lat="45.086910" lon="6.430400"><ele>2122.0</ele></trkpt>
<trkpt lat="45.086980" lon="6.430370"><ele>2122.0</ele></trkpt>
<trkpt lat="45.087030" lon="6.430360"><ele>2121.0</ele></trkpt>
<trkpt lat="45.087170" lon="6.430340"><ele>2121.0</ele></trkpt>
<trkpt lat="45.087200" lon="6.430330"><ele>2120.0</ele></trkpt>
<trkpt lat="45.087440" lon="6.430280"><ele>2119.0</ele></trkpt>
<trkpt lat="45.087610" lon="6.430230"><ele>2118.0</ele></trkpt>
<trkpt lat="45.087740" lon="6.430190"><ele>2117.0</ele></trkpt>
<trkpt lat="45.087810" lon="6.430180"><ele>2116.0</ele></trkpt>
<trkpt lat="45.087880" lon="6.430190"><ele>2115.0</ele></trkpt>
<trkpt lat="45.087930" lon="6.430190"><ele>2114.0</ele></trkpt>
<trkpt lat="45.088000" lon="6.430200"><ele>2113.0</ele></trkpt>
<trkpt lat="45.088160" lon="6.430220"><ele>2111.0</ele></trkpt>
<trkpt lat="45.088270" lon="6.430220"><ele>2110.0</ele></trkpt>
<trkpt lat="45.088390" lon="6.430200"><ele>2108.0</ele></trkpt>
<trkpt lat="45.088500" lon="6.430170"><ele>2107.0</ele></trkpt>
<trkpt lat="45.088610" lon="6.430150"><ele>2105.0</ele></trkpt>
<trkpt lat="45.088720" lon="6.430140"><ele>2104.0</ele></trkpt>
<trkpt lat="45.088820" lon="6.430160"><ele>2102.0</ele></trkpt>
<trkpt lat="45.088950" lon="6.430210"><ele>2101.0</ele></trkpt>
<trkpt lat="45.088970" lon="6.430220"><ele>2099.0</ele></trkpt>
<trkpt lat="45.089110" lon="6.430250"><ele>2098.0</ele></trkpt>
<trkpt lat="45.089120" lon="6.430250"><ele>2097.0</ele></trkpt>
<trkpt lat="45.089180" lon="6.430270"><ele>2096.0</ele></trkpt>
<trkpt lat="45.089240" lon="6.430300"><ele>2095.0</ele></trkpt>
<trkpt lat="45.089280" lon="6.430330"><ele>2094.0</ele></trkpt>
<trkpt lat="45.089340" lon="6.430360"><ele>2093.0</ele></trkpt>
<trkpt lat="45.089420" lon="6.430380"><ele>2092.0</ele></trkpt>
<trkpt lat="45.089470" lon="6.430400"><ele>2092.0</ele></trkpt>
<trkpt lat="45.089480" lon="6.430400"><ele>2091.0</ele></trkpt>
<trkpt lat="45.089560" lon="6.430400"><ele>2091.0</ele></trkpt>
<trkpt lat="45.089650" lon="6.430370"><ele>2090.0</ele></trkpt>
<trkpt lat="45.089790" lon="6.430320"><ele>2089.0</ele></trkpt>
<trkpt lat="45.089820" lon="6.430320"><ele>2089.0</ele></trkpt>
<trkpt lat="45.089930" lon="6.430290"><ele>2088.0</ele></trkpt>
<trkpt lat="45.090000" lon="6.430280"><ele>2087.0</ele></trkpt>
<trkpt lat="45.090070" lon="6.430260"><ele>2087.0</ele></trkpt>
<trkpt lat="45.090170" lon="6.430210"><ele>2086.0</ele></trkpt>
<trkpt lat="45.090220" lon="6.430180"><ele>2086.0</ele></trkpt>
<trkpt lat="45.090340" lon="6.430100"><ele>2085.0</ele></trkpt>
<trkpt lat="45.090410" lon="6.430040"><ele>2084.0</ele></trkpt>
<trkpt lat="45.090460" lon="6.429990"><ele>2084.0</ele></trkpt>
<trkpt lat="45.090490" lon="6.429980"><ele>2083.0</ele></trkpt>
<trkpt lat="45.090510" lon="6.429970"><ele>2083.0</ele></trkpt>
<trkpt lat="45.090540" lon="6.429960"><ele>2083.0</ele></trkpt>
<trkpt lat="45.090560" lon="6.429960"><ele>2082.0</ele></trkpt>
<trkpt lat="45.090580" lon="6.429980"><ele>2082.0</ele></trkpt>
<trkpt lat="45.090600" lon="6.430000"><ele>2082.0</ele></trkpt>
<trkpt lat="45.090610" lon="6.430020"><ele>2082.0</ele></trkpt>
<trkpt lat="45.090620" lon="6.430050"><ele>2082.0</ele></trkpt>
<trkpt lat="45.090620" lon="6.430070"><ele>2081.0</ele></trkpt>
<trkpt lat="45.090620" lon="6.430080"><ele>2081.0</ele></trkpt>
<trkpt lat="45.090620" lon="6.430110"><ele>2081.0</ele></trkpt>
<trkpt lat="45.090610" lon="6.430140"><ele>2081.0</ele></trkpt>
<trkpt lat="45.090590" lon="6.430180"><ele>2081.0</ele></trkpt>
<trkpt lat="45.090550" lon="6.430220"><ele>2081.0</ele></trkpt>
<trkpt lat="45.090470" lon="6.430290"><ele>2080.0</ele></trkpt>
<trkpt lat="45.090350" lon="6.430380"><ele>2080.0</ele></trkpt>
<trkpt lat="45.090240" lon="6.430480"><ele>2079.0</ele></trkpt>
<trkpt lat="45.090200" lon="6.430520"><ele>2078.0</ele></trkpt>
<trkpt lat="45.090060" lon="6.430650"><ele>2077.0</ele></trkpt>
<trkpt lat="45.089930" lon="6.430730"><ele>2077.0</ele></trkpt>
<trkpt lat="45.089880" lon="6.430750"><ele>2076.0</ele></trkpt>
<trkpt lat="45.089640" lon="6.430830"><ele>2075.0</ele></trkpt>
<trkpt lat="45.089550" lon="6.430910"><ele>2074.0</ele></trkpt>
<trkpt lat="45.089540" lon="6.430920"><ele>2073.0</ele></trkpt>
<trkpt lat="45.089400" lon="6.431050"><ele>2072.0</ele></trkpt>
<trkpt lat="45.089270" lon="6.431130"><ele>2071.0</ele></trkpt>
<trkpt lat="45.089230" lon="6.431150"><ele>2070.0</ele></trkpt>
<trkpt lat="45.089160" lon="6.431180"><ele>2070.0</ele></trkpt>
<trkpt lat="45.089060" lon="6.431190"><ele>2069.0</ele></trkpt>
<trkpt lat="45.089050" lon="6.431190"><ele>2068.0</ele></trkpt>
<trkpt lat="45.088880" lon="6.431170"><ele>2068.0</ele></trkpt>
<trkpt lat="45.088870" lon="6.431170"><ele>2067.0</ele></trkpt>
<trkpt lat="45.088770" lon="6.431180"><ele>2066.0</ele></trkpt>
<trkpt lat="45.088720" lon="6.431210"><ele>2066.0</ele></trkpt>
<trkpt lat="45.088720" lon="6.431220"><ele>2065.0</ele></trkpt>
<trkpt lat="45.088710" lon="6.431230"><ele>2065.0</ele></trkpt>
<trkpt lat="45.088700" lon="6.431270"><ele>2065.0</ele></trkpt>
<trkpt lat="45.088710" lon="6.431350"><ele>2065.0</ele></trkpt>
<trkpt lat="45.088720" lon="6.431350"><ele>2064.0</ele></trkpt>
<trkpt lat="45.088760" lon="6.431380"><ele>2064.0</ele></trkpt>
<trkpt lat="45.088800" lon="6.431380"><ele>2064.0</ele></trkpt>
<trkpt lat="45.088940" lon="6.431360"><ele>2063.0</ele></trkpt>
<trkpt lat="45.089060" lon="6.431350"><ele>2062.0</ele></trkpt>
<trkpt lat="45.089200" lon="6.431360"><ele>2062.0</ele></trkpt>
<trkpt lat="45.089320" lon="6.431340"><ele>2061.0</ele></trkpt>
<trkpt lat="45.089340" lon="6.431330"><ele>2060.0</ele></trkpt>
<trkpt lat="45.089440" lon="6.431290"><ele>2059.0</ele></trkpt>
<trkpt lat="45.089510" lon="6.431250"><ele>2059.0</ele></trkpt>
<trkpt lat="45.089610" lon="6.431190"><ele>2058.0</ele></trkpt>
<trkpt lat="45.089680" lon="6.431160"><ele>2057.0</ele></trkpt>
<trkpt lat="45.089760" lon="6.431100"><ele>2056.0</ele></trkpt>
<trkpt lat="45.089860" lon="6.431040"><ele>2056.0</ele></trkpt>
<trkpt lat="45.089920" lon="6.431020"><ele>2055.0</ele></trkpt>
<trkpt lat="45.089920" lon="6.431030"><ele>2054.0</ele></trkpt>
<trkpt lat="45.089950" lon="6.431040"><ele>2054.0</ele></trkpt>
<trkpt lat="45.089970" lon="6.431070"><ele>2054.0</ele></trkpt>
<trkpt lat="45.089980" lon="6.431120"><ele>2053.0</ele></trkpt>
<trkpt lat="45.089970" lon="6.431170"><ele>2053.0</ele></trkpt>
<trkpt lat="45.089940" lon="6.431210"><ele>2053.0</ele></trkpt>
<trkpt lat="45.089850" lon="6.431260"><ele>2052.0</ele></trkpt>
<trkpt lat="45.089680" lon="6.431350"><ele>2051.0</ele></trkpt>
<trkpt lat="45.089550" lon="6.431450"><ele>2050.0</ele></trkpt>
<trkpt lat="45.089390" lon="6.431560"><ele>2049.0</ele></trkpt>
<trkpt lat="45.089360" lon="6.431580"><ele>2048.0</ele></trkpt>
<trkpt lat="45.089250" lon="6.431640"><ele>2047.0</ele></trkpt>
<trkpt lat="45.089190" lon="6.431680"><ele>2046.0</ele></trkpt>
<trkpt lat="45.089050" lon="6.431760"><ele>2045.0</ele></trkpt>
<trkpt lat="45.088940" lon="6.431840"><ele>2044.0</ele></trkpt>
<trkpt lat="45.088870" lon="6.431910"><ele>2043.0</ele></trkpt>
<trkpt lat="45.088770" lon="6.432000"><ele>2042.0</ele></trkpt>
<trkpt lat="45.088680" lon="6.432120"><ele>2041.0</ele></trkpt>
<trkpt lat="45.088580" lon="6.432210"><ele>2040.0</ele></trkpt>
<trkpt lat="45.088450" lon="6.432310"><ele>2039.0</ele></trkpt>
<trkpt lat="45.088370" lon="6.432360"><ele>2037.0</ele></trkpt>
<trkpt lat="45.088350" lon="6.432390"><ele>2037.0</ele></trkpt>
<trkpt lat="45.088280" lon="6.432450"><ele>2036.0</ele></trkpt>
<trkpt lat="45.088230" lon="6.432520"><ele>2035.0</ele></trkpt>
<trkpt lat="45.088200" lon="6.432600"><ele>2034.0</ele></trkpt>
<trkpt lat="45.088180" lon="6.432750"><ele>2033.0</ele></trkpt>
<trkpt lat="45.088150" lon="6.432910"><ele>2032.0</ele></trkpt>
<trkpt lat="45.088110" lon="6.433060"><ele>2031.0</ele></trkpt>
<trkpt lat="45.088060" lon="6.433220"><ele>2030.0</ele></trkpt>
<trkpt lat="45.087990" lon="6.433360"><ele>2029.0</ele></trkpt>
<trkpt lat="45.087920" lon="6.433450"><ele>2028.0</ele></trkpt>
<trkpt lat="45.087810" lon="6.433560"><ele>2027.0</ele></trkpt>
<trkpt lat="45.087660" lon="6.433680"><ele>2025.0</ele></trkpt>
<trkpt lat="45.087470" lon="6.433830"><ele>2023.0</ele></trkpt>
<trkpt lat="45.087450" lon="6.433840"><ele>2022.0</ele></trkpt>
<trkpt lat="45.087320" lon="6.433970"><ele>2021.0</ele></trkpt>
<trkpt lat="45.087170" lon="6.434100"><ele>2019.0</ele></trkpt>
<trkpt lat="45.087150" lon="6.434130"><ele>2018.0</ele></trkpt>
<trkpt lat="45.086960" lon="6.434320"><ele>2016.0</ele></trkpt>
<trkpt lat="45.086850" lon="6.434450"><ele>2015.0</ele></trkpt>
<trkpt lat="45.086770" lon="6.434550"><ele>2013.0</ele></trkpt>
<trkpt lat="45.086690" lon="6.434730"><ele>2012.0</ele></trkpt>
<trkpt lat="45.086580" lon="6.434880"><ele>2010.0</ele></trkpt>
<trkpt lat="45.086520" lon="6.434980"><ele>2009.0</ele></trkpt>
<trkpt lat="45.086460" lon="6.435090"><ele>2008.0</ele></trkpt>
<trkpt lat="45.086310" lon="6.435300"><ele>2006.0</ele></trkpt>
<trkpt lat="45.086180" lon="6.435490"><ele>2004.0</ele></trkpt>
<trkpt lat="45.086110" lon="6.435630"><ele>2003.0</ele></trkpt>
<trkpt lat="45.086060" lon="6.435780"><ele>2001.0</ele></trkpt>
<trkpt lat="45.086000" lon="6.435970"><ele>2000.0</ele></trkpt>
<trkpt lat="45.086000" lon="6.435990"><ele>1999.0</ele></trkpt>
<trkpt lat="45.085950" lon="6.436120"><ele>1997.0</ele></trkpt>
<trkpt lat="45.085900" lon="6.436250"><ele>1996.0</ele></trkpt>
<trkpt lat="45.085820" lon="6.436430"><ele>1995.0</ele></trkpt>
<trkpt lat="45.085810" lon="6.436450"><ele>1994.0</ele></trkpt>
<trkpt lat="45.085760" lon="6.436580"><ele>1993.0</ele></trkpt>
<trkpt lat="45.085740" lon="6.436660"><ele>1992.0</ele></trkpt>
<trkpt lat="45.085720" lon="6.436720"><ele>1992.0</ele></trkpt>
<trkpt lat="45.085700" lon="6.436900"><ele>1991.0</ele></trkpt>
<trkpt lat="45.085700" lon="6.436990"><ele>1990.0</ele></trkpt>
<trkpt lat="45.085740" lon="6.437080"><ele>1990.0</ele></trkpt>
<trkpt lat="45.085760" lon="6.437110"><ele>1989.0</ele></trkpt>
<trkpt lat="45.085850" lon="6.437240"><ele>1989.0</ele></trkpt>
<trkpt lat="45.085880" lon="6.437290"><ele>1989.0</ele></trkpt>
<trkpt lat="45.085940" lon="6.437360"><ele>1988.0</ele></trkpt>
<trkpt lat="45.086020" lon="6.437420"><ele>1988.0</ele></trkpt>
<trkpt lat="45.086080" lon="6.437420"><ele>1987.0</ele></trkpt>
<trkpt lat="45.086140" lon="6.437400"><ele>1987.0</ele></trkpt>
<trkpt lat="45.086220" lon="6.437360"><ele>1987.0</ele></trkpt>
<trkpt lat="45.086280" lon="6.437310"><ele>1986.0</ele></trkpt>
<trkpt lat="45.086340" lon="6.437270"><ele>1986.0</ele></trkpt>
<trkpt lat="45.086430" lon="6.437170"><ele>1985.0</ele></trkpt>
<trkpt lat="45.086520" lon="6.437080"><ele>1985.0</ele></trkpt>
<trkpt lat="45.086570" lon="6.437020"><ele>1984.0</ele></trkpt>
<trkpt lat="45.087000" lon="6.436550"><ele>1983.0</ele></trkpt>
<trkpt lat="45.087130" lon="6.436430"><ele>1982.0</ele></trkpt>
<trkpt lat="45.087150" lon="6.436410"><ele>1981.0</ele></trkpt>
<trkpt lat="45.087300" lon="6.436260"><ele>1980.0</ele></trkpt>
<trkpt lat="45.087320" lon="6.436230"><ele>1979.0</ele></trkpt>
<trkpt lat="45.087450" lon="6.436090"><ele>1979.0</ele></trkpt>
<trkpt lat="45.087580" lon="6.435950"><ele>1978.0</ele></trkpt>
<trkpt lat="45.087590" lon="6.435940"><ele>1977.0</ele></trkpt>
<trkpt lat="45.087750" lon="6.435850"><ele>1976.0</ele></trkpt>
<trkpt lat="45.087810" lon="6.435810"><ele>1976.0</ele></trkpt>
<trkpt lat="45.087920" lon="6.435740"><ele>1975.0</ele></trkpt>
<trkpt lat="45.088090" lon="6.435650"><ele>1974.0</ele></trkpt>
<trkpt lat="45.088160" lon="6.435610"><ele>1974.0</ele></trkpt>
<trkpt lat="45.088330" lon="6.435540"><ele>1973.0</ele></trkpt>
<trkpt lat="45.088420" lon="6.435510"><ele>1972.0</ele></trkpt>
<trkpt lat="45.088510" lon="6.435490"><ele>1971.0</ele></trkpt>
<trkpt lat="45.088600" lon="6.435470"><ele>1971.0</ele></trkpt>
<trkpt lat="45.088740" lon="6.435450"><ele>1970.0</ele></trkpt>
<trkpt lat="45.088780" lon="6.435440"><ele>1970.0</ele></trkpt>
<trkpt lat="45.088800" lon="6.435430"><ele>1969.0</ele></trkpt>
<trkpt lat="45.088970" lon="6.435390"><ele>1969.0</ele></trkpt>
<trkpt lat="45.089190" lon="6.435330"><ele>1968.0</ele></trkpt>
<trkpt lat="45.089310" lon="6.435310"><ele>1968.0</ele></trkpt>
<trkpt lat="45.089400" lon="6.435290"><ele>1967.0</ele></trkpt>
<trkpt lat="45.089490" lon="6.435280"><ele>1967.0</ele></trkpt>
<trkpt lat="45.089550" lon="6.435280"><ele>1967.0</ele></trkpt>
<trkpt lat="45.089630" lon="6.435280"><ele>1966.0</ele></trkpt>
<trkpt lat="45.089690" lon="6.435280"><ele>1966.0</ele></trkpt>
<trkpt lat="45.089760" lon="6.435300"><ele>1966.0</ele></trkpt>
<trkpt lat="45.089850" lon="6.435320"><ele>1965.0</ele></trkpt>
<trkpt lat="45.089950" lon="6.435350"><ele>1965.0</ele></trkpt>
<trkpt lat="45.090140" lon="6.435380"><ele>1964.0</ele></trkpt>
<trkpt lat="45.090200" lon="6.435380"><ele>1964.0</ele></trkpt>
<trkpt lat="45.090280" lon="6.435380"><ele>1964.0</ele></trkpt>
<trkpt lat="45.090380" lon="6.435360"><ele>1963.0</ele></trkpt>
<trkpt lat="45.090560" lon="6.435310"><ele>1963.0</ele></trkpt>
<trkpt lat="45.090580" lon="6.435300"><ele>1962.0</ele></trkpt>
<trkpt lat="45.090700" lon="6.435260"><ele>1962.0</ele></trkpt>
<trkpt lat="45.090730" lon="6.435240"><ele>1962.0</ele></trkpt>
<trkpt lat="45.090810" lon="6.435210"><ele>1961.0</ele></trkpt>
<trkpt lat="45.090900" lon="6.435160"><ele>1961.0</ele></trkpt>
<trkpt lat="45.090930" lon="6.435140"><ele>1961.0</ele></trkpt>
<trkpt lat="45.091050" lon="6.435070"><ele>1960.0</ele></trkpt>
<trkpt lat="45.091070" lon="6.435060"><ele>1960.0</ele></trkpt>
<trkpt lat="45.091130" lon="6.435010"><ele>1960.0</ele></trkpt>
<trkpt lat="45.091180" lon="6.434950"><ele>1959.0</ele></trkpt>
<trkpt lat="45.091230" lon="6.434850"><ele>1959.0</ele></trkpt>
<trkpt lat="45.091290" lon="6.434700"><ele>1959.0</ele></trkpt>
<trkpt lat="45.091290" lon="6.434680"><ele>1958.0</ele></trkpt>
<trkpt lat="45.091340" lon="6.434520"><ele>1958.0</ele></trkpt>
<trkpt lat="45.091350" lon="6.434440"><ele>1958.0</ele></trkpt>
<trkpt lat="45.091370" lon="6.434350"><ele>1958.0</ele></trkpt>
<trkpt lat="45.091390" lon="6.434210"><ele>1957.0</ele></trkpt>
<trkpt lat="45.091390" lon="6.434190"><ele>1957.0</ele></trkpt>
<trkpt lat="45.091410" lon="6.434080"><ele>1957.0</ele></trkpt>
<trkpt lat="45.091470" lon="6.433920"><ele>1956.0</ele></trkpt>
<trkpt lat="45.091550" lon="6.433780"><ele>1956.0</ele></trkpt>
<trkpt lat="45.091630" lon="6.433660"><ele>1955.0</ele></trkpt>
<trkpt lat="45.091700" lon="6.433530"><ele>1955.0</ele></trkpt>
<trkpt lat="45.091760" lon="6.433390"><ele>1955.0</ele></trkpt>
<trkpt lat="45.091780" lon="6.433340"><ele>1954.0</ele></trkpt>
<trkpt lat="45.091820" lon="6.433250"><ele>1954.0</ele></trkpt>
<trkpt lat="45.091870" lon="6.433120"><ele>1954.0</ele></trkpt>
<trkpt lat="45.091890" lon="6.433080"><ele>1954.0</ele></trkpt>
<trkpt lat="45.091970" lon="6.432930"><ele>1953.0</ele></trkpt>
<trkpt lat="45.092110" lon="6.432780"><ele>1953.0</ele></trkpt>
<trkpt lat="45.092280" lon="6.432640"><ele>1953.0</ele></trkpt>
<trkpt lat="45.092460" lon="6.432540"><ele>1952.0</ele></trkpt>
<trkpt lat="45.092580" lon="6.432480"><ele>1952.0</ele></trkpt>
<trkpt lat="45.092640" lon="6.432450"><ele>1951.0</ele></trkpt>
<trkpt lat="45.092820" lon="6.432380"><ele>1951.0</ele></trkpt>
<trkpt lat="45.092870" lon="6.432350"><ele>1951.0</ele></trkpt>
<trkpt lat="45.092940" lon="6.432290"><ele>1950.0</ele></trkpt>
<trkpt lat="45.092970" lon="6.432250"><ele>1950.0</ele></trkpt>
<trkpt lat="45.092990" lon="6.432240"><ele>1950.0</ele></trkpt>
<trkpt lat="45.093030" lon="6.432170"><ele>1950.0</ele></trkpt>
<trkpt lat="45.093090" lon="6.432050"><ele>1950.0</ele></trkpt>
<trkpt lat="45.093140" lon="6.431970"><ele>1949.0</ele></trkpt>
<trkpt lat="45.093190" lon="6.431900"><ele>1949.0</ele></trkpt>
<trkpt lat="45.093270" lon="6.431820"><ele>1949.0</ele></trkpt>
<trkpt lat="45.093330" lon="6.431770"><ele>1948.0</ele></trkpt>
<trkpt lat="45.093390" lon="6.431740"><ele>1948.0</ele></trkpt>
<trkpt lat="45.093420" lon="6.431720"><ele>1948.0</ele></trkpt>
<trkpt lat="45.093500" lon="6.431690"><ele>1947.0</ele></trkpt>
<trkpt lat="45.093600" lon="6.431630"><ele>1947.0</ele></trkpt>
<trkpt lat="45.093710" lon="6.431560"><ele>1946.0</ele></trkpt>
<trkpt lat="45.093970" lon="6.431350"><ele>1946.0</ele></trkpt>
<trkpt lat="45.093990" lon="6.431340"><ele>1945.0</ele></trkpt>
<trkpt lat="45.094190" lon="6.431190"><ele>1944.0</ele></trkpt>
<trkpt lat="45.094350" lon="6.431080"><ele>1944.0</ele></trkpt>
<trkpt lat="45.094460" lon="6.430980"><ele>1943.0</ele></trkpt>
<trkpt lat="45.094600" lon="6.430860"><ele>1942.0</ele></trkpt>
<trkpt lat="45.094620" lon="6.430840"><ele>1941.0</ele></trkpt>
<trkpt lat="45.094690" lon="6.430750"><ele>1941.0</ele></trkpt>
<trkpt lat="45.094760" lon="6.430680"><ele>1940.0</ele></trkpt>
<trkpt lat="45.094800" lon="6.430640"><ele>1940.0</ele></trkpt>
<trkpt lat="45.094900" lon="6.430570"><ele>1939.0</ele></trkpt>
<trkpt lat="45.094920" lon="6.430560"><ele>1938.0</ele></trkpt>
<trkpt lat="45.095040" lon="6.430530"><ele>1938.0</ele></trkpt>
<trkpt lat="45.095090" lon="6.430530"><ele>1937.0</ele></trkpt>
<trkpt lat="45.095160" lon="6.430530"><ele>1936.0</ele></trkpt>
<trkpt lat="45.095220" lon="6.430540"><ele>1936.0</ele></trkpt>
<trkpt lat="45.095270" lon="6.430550"><ele>1935.0</ele></trkpt>
<trkpt lat="45.095340" lon="6.430560"><ele>1935.0</ele></trkpt>
<trkpt lat="45.095430" lon="6.430560"><ele>1934.0</ele></trkpt>
<trkpt lat="45.095490" lon="6.430550"><ele>1933.0</ele></trkpt>
<trkpt lat="45.095630" lon="6.430520"><ele>1933.0</ele></trkpt>
<trkpt lat="45.095740" lon="6.430520"><ele>1932.0</ele></trkpt>
<trkpt lat="45.095810" lon="6.430520"><ele>1931.0</ele></trkpt>
<trkpt lat="45.095900" lon="6.430530"><ele>1930.0</ele></trkpt>
<trkpt lat="45.096120" lon="6.430540"><ele>1929.0</ele></trkpt>
<trkpt lat="45.096390" lon="6.430560"><ele>1928.0</ele></trkpt>
<trkpt lat="45.096530" lon="6.430560"><ele>1926.0</ele></trkpt>
<trkpt lat="45.096660" lon="6.430550"><ele>1925.0</ele></trkpt>
<trkpt lat="45.096710" lon="6.430540"><ele>1924.0</ele></trkpt>
<trkpt lat="45.096730" lon="6.430540"><ele>1923.0</ele></trkpt>
<trkpt lat="45.096800" lon="6.430510"><ele>1922.0</ele></trkpt>
<trkpt lat="45.096900" lon="6.430450"><ele>1921.0</ele></trkpt>
<trkpt lat="45.097070" lon="6.430290"><ele>1920.0</ele></trkpt>
<trkpt lat="45.097150" lon="6.430210"><ele>1919.0</ele></trkpt>
<trkpt lat="45.097300" lon="6.430090"><ele>1917.0</ele></trkpt>
<trkpt lat="45.097340" lon="6.430070"><ele>1916.0</ele></trkpt>
<trkpt lat="45.097490" lon="6.430010"><ele>1915.0</ele></trkpt>
<trkpt lat="45.097850" lon="6.429880"><ele>1913.0</ele></trkpt>
<trkpt lat="45.097860" lon="6.429880"><ele>1912.0</ele></trkpt>
<trkpt lat="45.098040" lon="6.429830"><ele>1910.0</ele></trkpt>
<trkpt lat="45.098140" lon="6.429810"><ele>1909.0</ele></trkpt>
<trkpt lat="45.098220" lon="6.429790"><ele>1908.0</ele></trkpt>
<trkpt lat="45.098310" lon="6.429770"><ele>1907.0</ele></trkpt>
<trkpt lat="45.098510" lon="6.429710"><ele>1906.0</ele></trkpt>
<trkpt lat="45.098650" lon="6.429640"><ele>1904.0</ele></trkpt>
<trkpt lat="45.098770" lon="6.429560"><ele>1903.0</ele></trkpt>
<trkpt lat="45.098880" lon="6.429440"><ele>1902.0</ele></trkpt>
<trkpt lat="45.098910" lon="6.429420"><ele>1901.0</ele></trkpt>
<trkpt lat="45.098980" lon="6.429310"><ele>1900.0</ele></trkpt>
<trkpt lat="45.099000" lon="6.429250"><ele>1899.0</ele></trkpt>
<trkpt lat="45.099050" lon="6.429160"><ele>1899.0</ele></trkpt>
<trkpt lat="45.099150" lon="6.429040"><ele>1898.0</ele></trkpt>
<trkpt lat="45.099280" lon="6.428960"><ele>1897.0</ele></trkpt>
<trkpt lat="45.099430" lon="6.428930"><ele>1896.0</ele></trkpt>
<trkpt lat="45.099540" lon="6.428950"><ele>1894.0</ele></trkpt>
<trkpt lat="45.099690" lon="6.428950"><ele>1893.0</ele></trkpt>
<trkpt lat="45.099740" lon="6.428960"><ele>1892.0</ele></trkpt>
<trkpt lat="45.099810" lon="6.428950"><ele>1892.0</ele></trkpt>
<trkpt lat="45.099920" lon="6.428910"><ele>1891.0</ele></trkpt>
<trkpt lat="45.100000" lon="6.428890"><ele>1890.0</ele></trkpt>
<trkpt lat="45.100120" lon="6.428870"><ele>1889.0</ele></trkpt>
<trkpt lat="45.100170" lon="6.428870"><ele>1888.0</ele></trkpt>
<trkpt lat="45.100190" lon="6.428870"><ele>1888.0</ele></trkpt>
<trkpt lat="45.100260" lon="6.428880"><ele>1887.0</ele></trkpt>
<trkpt lat="45.100400" lon="6.428990"><ele>1887.0</ele></trkpt>
<trkpt lat="45.100560" lon="6.429160"><ele>1886.0</ele></trkpt>
<trkpt lat="45.100620" lon="6.429240"><ele>1885.0</ele></trkpt>
<trkpt lat="45.100690" lon="6.429330"><ele>1884.0</ele></trkpt>
<trkpt lat="45.100760" lon="6.429430"><ele>1883.0</ele></trkpt>
<trkpt lat="45.100850" lon="6.429570"><ele>1882.0</ele></trkpt>
<trkpt lat="45.100890" lon="6.429600"><ele>1882.0</ele></trkpt>
<trkpt lat="45.100900" lon="6.429610"><ele>1881.0</ele></trkpt>
<trkpt lat="45.100940" lon="6.429630"><ele>1881.0</ele></trkpt>
<trkpt lat="45.101000" lon="6.429660"><ele>1880.0</ele></trkpt>
<trkpt lat="45.101090" lon="6.429660"><ele>1880.0</ele></trkpt>
<trkpt lat="45.101220" lon="6.429640"><ele>1879.0</ele></trkpt>
<trkpt lat="45.101340" lon="6.429600"><ele>1878.0</ele></trkpt>
<trkpt lat="45.101410" lon="6.429570"><ele>1877.0</ele></trkpt>
<trkpt lat="45.101450" lon="6.429550"><ele>1877.0</ele></trkpt>
<trkpt lat="45.101530" lon="6.429500"><ele>1876.0</ele></trkpt>
<trkpt lat="45.101620" lon="6.429420"><ele>1875.0</ele></trkpt>
<trkpt lat="45.101700" lon="6.429340"><ele>1874.0</ele></trkpt>
<trkpt lat="45.101850" lon="6.429190"><ele>1873.0</ele></trkpt>
<trkpt lat="45.102000" lon="6.429090"><ele>1871.0</ele></trkpt>
<trkpt lat="45.102040" lon="6.429080"><ele>1870.0</ele></trkpt>
<trkpt lat="45.102210" lon="6.429040"><ele>1869.0</ele></trkpt>
<trkpt lat="45.102320" lon="6.429010"><ele>1867.0</ele></trkpt>
<trkpt lat="45.102460" lon="6.428900"><ele>1866.0</ele></trkpt>
<trkpt lat="45.102580" lon="6.428750"><ele>1864.0</ele></trkpt>
<trkpt lat="45.102660" lon="6.428600"><ele>1863.0</ele></trkpt>
<trkpt lat="45.102770" lon="6.428400"><ele>1861.0</ele></trkpt>
<trkpt lat="45.102850" lon="6.428230"><ele>1860.0</ele></trkpt>
<trkpt lat="45.102960" lon="6.428070"><ele>1858.0</ele></trkpt>
<trkpt lat="45.103040" lon="6.427970"><ele>1857.0</ele></trkpt>
<trkpt lat="45.103120" lon="6.427920"><ele>1856.0</ele></trkpt>
<trkpt lat="45.103340" lon="6.427790"><ele>1854.0</ele></trkpt>
<trkpt lat="45.103630" lon="6.427650"><ele>1852.0</ele></trkpt>
<trkpt lat="45.103860" lon="6.427540"><ele>1850.0</ele></trkpt>
<trkpt lat="45.104010" lon="6.427480"><ele>1848.0</ele></trkpt>
<trkpt lat="45.104050" lon="6.427450"><ele>1847.0</ele></trkpt>
<trkpt lat="45.104120" lon="6.427390"><ele>1846.0</ele></trkpt>
<trkpt lat="45.104140" lon="6.427380"><ele>1845.0</ele></trkpt>
<trkpt lat="45.104170" lon="6.427340"><ele>1844.0</ele></trkpt>
<trkpt lat="45.104200" lon="6.427300"><ele>1844.0</ele></trkpt>
<trkpt lat="45.104250" lon="6.427150"><ele>1843.0</ele></trkpt>
<trkpt lat="45.104280" lon="6.427060"><ele>1842.0</ele></trkpt>
<trkpt lat="45.104340" lon="6.426910"><ele>1841.0</ele></trkpt>
<trkpt lat="45.104410" lon="6.426810"><ele>1840.0</ele></trkpt>
<trkpt lat="45.104540" lon="6.426670"><ele>1839.0</ele></trkpt>
<trkpt lat="45.104590" lon="6.426630"><ele>1838.0</ele></trkpt>
<trkpt lat="45.104750" lon="6.426500"><ele>1837.0</ele></trkpt>
<trkpt lat="45.104760" lon="6.426490"><ele>1837.0</ele></trkpt>
<trkpt lat="45.105060" lon="6.426220"><ele>1835.0</ele></trkpt>
<trkpt lat="45.105370" lon="6.425970"><ele>1833.0</ele></trkpt>
<trkpt lat="45.105490" lon="6.425880"><ele>1831.0</ele></trkpt>
<trkpt lat="45.105520" lon="6.425860"><ele>1830.0</ele></trkpt>
<trkpt lat="45.105700" lon="6.425740"><ele>1828.0</ele></trkpt>
<trkpt lat="45.105850" lon="6.425660"><ele>1827.0</ele></trkpt>
<trkpt lat="45.106010" lon="6.425600"><ele>1825.0</ele></trkpt>
<trkpt lat="45.106030" lon="6.425590"><ele>1824.0</ele></trkpt>
<trkpt lat="45.106380" lon="6.425470"><ele>1823.0</ele></trkpt>
<trkpt lat="45.106560" lon="6.425430"><ele>1821.0</ele></trkpt>
<trkpt lat="45.106640" lon="6.425400"><ele>1820.0</ele></trkpt>
<trkpt lat="45.106730" lon="6.425390"><ele>1819.0</ele></trkpt>
<trkpt lat="45.106790" lon="6.425380"><ele>1818.0</ele></trkpt>
<trkpt lat="45.106890" lon="6.425370"><ele>1818.0</ele></trkpt>
<trkpt lat="45.107060" lon="6.425370"><ele>1817.0</ele></trkpt>
<trkpt lat="45.107260" lon="6.425410"><ele>1816.0</ele></trkpt>
<trkpt lat="45.107450" lon="6.425470"><ele>1814.0</ele></trkpt>
<trkpt lat="45.107540" lon="6.425500"><ele>1813.0</ele></trkpt>
<trkpt lat="45.107620" lon="6.425530"><ele>1813.0</ele></trkpt>
<trkpt lat="45.108500" lon="6.425790"><ele>1810.0</ele></trkpt>
<trkpt lat="45.108540" lon="6.425800"><ele>1808.0</ele></trkpt>
<trkpt lat="45.108680" lon="6.425850"><ele>1806.0</ele></trkpt>
<trkpt lat="45.108740" lon="6.425870"><ele>1805.0</ele></trkpt>
<trkpt lat="45.108920" lon="6.425950"><ele>1804.0</ele></trkpt>
<trkpt lat="45.109110" lon="6.426030"><ele>1803.0</ele></trkpt>
<trkpt lat="45.109210" lon="6.426060"><ele>1802.0</ele></trkpt>
<trkpt lat="45.109240" lon="6.426050"><ele>1801.0</ele></trkpt>
<trkpt lat="45.109290" lon="6.426060"><ele>1801.0</ele></trkpt>
<trkpt lat="45.109370" lon="6.426020"><ele>1800.0</ele></trkpt>
<trkpt lat="45.109380" lon="6.426010"><ele>1800.0</ele></trkpt>
<trkpt lat="45.109500" lon="6.425910"><ele>1799.0</ele></trkpt>
<trkpt lat="45.109640" lon="6.425730"><ele>1798.0</ele></trkpt>
<trkpt lat="45.109770" lon="6.425540"><ele>1798.0</ele></trkpt>
<trkpt lat="45.109880" lon="6.425370"><ele>1797.0</ele></trkpt>
<trkpt lat="45.109900" lon="6.425340"><ele>1796.0</ele></trkpt>
<trkpt lat="45.109980" lon="6.425250"><ele>1795.0</ele></trkpt>
<trkpt lat="45.110050" lon="6.425190"><ele>1795.0</ele></trkpt>
<trkpt lat="45.110090" lon="6.425160"><ele>1794.0</ele></trkpt>
<trkpt lat="45.110230" lon="6.425060"><ele>1793.0</ele></trkpt>
<trkpt lat="45.110370" lon="6.424970"><ele>1792.0</ele></trkpt>
<trkpt lat="45.110540" lon="6.424870"><ele>1791.0</ele></trkpt>
<trkpt lat="45.110910" lon="6.424630"><ele>1789.0</ele></trkpt>
<trkpt lat="45.111110" lon="6.424490"><ele>1787.0</ele></trkpt>
<trkpt lat="45.111220" lon="6.424410"><ele>1785.0</ele></trkpt>
<trkpt lat="45.111330" lon="6.424370"><ele>1784.0</ele></trkpt>
<trkpt lat="45.111360" lon="6.424370"><ele>1783.0</ele></trkpt>
<trkpt lat="45.111440" lon="6.424360"><ele>1782.0</ele></trkpt>
<trkpt lat="45.111540" lon="6.424360"><ele>1781.0</ele></trkpt>
<trkpt lat="45.111710" lon="6.424350"><ele>1780.0</ele></trkpt>
<trkpt lat="45.111970" lon="6.424350"><ele>1779.0</ele></trkpt>
<trkpt lat="45.112320" lon="6.424360"><ele>1776.0</ele></trkpt>
<trkpt lat="45.112490" lon="6.424330"><ele>1775.0</ele></trkpt>
<trkpt lat="45.112610" lon="6.424270"><ele>1773.0</ele></trkpt>
<trkpt lat="45.112670" lon="6.424210"><ele>1772.0</ele></trkpt>
<trkpt lat="45.112890" lon="6.423960"><ele>1770.0</ele></trkpt>
<trkpt lat="45.112970" lon="6.423870"><ele>1768.0</ele></trkpt>
<trkpt lat="45.113050" lon="6.423790"><ele>1767.0</ele></trkpt>
<trkpt lat="45.113260" lon="6.423740"><ele>1766.0</ele></trkpt>
<trkpt lat="45.113390" lon="6.423720"><ele>1764.0</ele></trkpt>
<trkpt lat="45.113500" lon="6.423690"><ele>1763.0</ele></trkpt>
<trkpt lat="45.113740" lon="6.423660"><ele>1762.0</ele></trkpt>
<trkpt lat="45.113810" lon="6.423650"><ele>1760.0</ele></trkpt>
<trkpt lat="45.113990" lon="6.423640"><ele>1759.0</ele></trkpt>
<trkpt lat="45.114040" lon="6.423640"><ele>1758.0</ele></trkpt>
<trkpt lat="45.114300" lon="6.423600"><ele>1756.0</ele></trkpt>
<trkpt lat="45.114490" lon="6.423570"><ele>1754.0</ele></trkpt>
<trkpt lat="45.114600" lon="6.423560"><ele>1753.0</ele></trkpt>
<trkpt lat="45.114660" lon="6.423540"><ele>1751.0</ele></trkpt>
<trkpt lat="45.114770" lon="6.423490"><ele>1750.0</ele></trkpt>
<trkpt lat="45.114870" lon="6.423430"><ele>1749.0</ele></trkpt>
<trkpt lat="45.115040" lon="6.423220"><ele>1747.0</ele></trkpt>
<trkpt lat="45.115130" lon="6.423070"><ele>1746.0</ele></trkpt>
<trkpt lat="45.115200" lon="6.422950"><ele>1744.0</ele></trkpt>
<trkpt lat="45.115240" lon="6.422850"><ele>1743.0</ele></trkpt>
<trkpt lat="45.115270" lon="6.422770"><ele>1742.0</ele></trkpt>
<trkpt lat="45.115340" lon="6.422580"><ele>1741.0</ele></trkpt>
<trkpt lat="45.115400" lon="6.422380"><ele>1740.0</ele></trkpt>
<trkpt lat="45.115450" lon="6.422240"><ele>1738.0</ele></trkpt>
<trkpt lat="45.115470" lon="6.422190"><ele>1738.0</ele></trkpt>
<trkpt lat="45.115510" lon="6.422060"><ele>1737.0</ele></trkpt>
<trkpt lat="45.115590" lon="6.421880"><ele>1736.0</ele></trkpt>
<trkpt lat="45.115670" lon="6.421750"><ele>1734.0</ele></trkpt>
<trkpt lat="45.115760" lon="6.421610"><ele>1733.0</ele></trkpt>
<trkpt lat="45.115910" lon="6.421450"><ele>1732.0</ele></trkpt>
<trkpt lat="45.116040" lon="6.421350"><ele>1731.0</ele></trkpt>
<trkpt lat="45.116200" lon="6.421240"><ele>1729.0</ele></trkpt>
<trkpt lat="45.116420" lon="6.421120"><ele>1728.0</ele></trkpt>
<trkpt lat="45.116520" lon="6.421080"><ele>1726.0</ele></trkpt>
<trkpt lat="45.116590" lon="6.421040"><ele>1725.0</ele></trkpt>
<trkpt lat="45.116770" lon="6.420850"><ele>1723.0</ele></trkpt>
<trkpt lat="45.116910" lon="6.420690"><ele>1722.0</ele></trkpt>
<trkpt lat="45.117000" lon="6.420610"><ele>1721.0</ele></trkpt>
<trkpt lat="45.117130" lon="6.420430"><ele>1721.0</ele></trkpt>
<trkpt lat="45.117210" lon="6.420360"><ele>1720.0</ele></trkpt>
<trkpt lat="45.117300" lon="6.420260"><ele>1720.0</ele></trkpt>
<trkpt lat="45.117430" lon="6.420140"><ele>1719.0</ele></trkpt>
<trkpt lat="45.117620" lon="6.419960"><ele>1719.0</ele></trkpt>
<trkpt lat="45.117790" lon="6.419800"><ele>1718.0</ele></trkpt>
<trkpt lat="45.117880" lon="6.419690"><ele>1718.0</ele></trkpt>
<trkpt lat="45.117930" lon="6.419620"><ele>1717.0</ele></trkpt>
<trkpt lat="45.118010" lon="6.419520"><ele>1717.0</ele></trkpt>
<trkpt lat="45.118210" lon="6.419170"><ele>1717.0</ele></trkpt>
<trkpt lat="45.118520" lon="6.418640"><ele>1714.0</ele></trkpt>
<trkpt lat="45.118670" lon="6.418390"><ele>1712.0</ele></trkpt>
<trkpt lat="45.118790" lon="6.418220"><ele>1710.0</ele></trkpt>
<trkpt lat="45.118860" lon="6.418120"><ele>1708.0</ele></trkpt>
<trkpt lat="45.118930" lon="6.418050"><ele>1706.0</ele></trkpt>
<trkpt lat="45.119000" lon="6.418020"><ele>1705.0</ele></trkpt>
<trkpt lat="45.119080" lon="6.418000"><ele>1704.0</ele></trkpt>
<trkpt lat="45.119250" lon="6.417980"><ele>1702.0</ele></trkpt>
<trkpt lat="45.119410" lon="6.417990"><ele>1701.0</ele></trkpt>
<trkpt lat="45.119760" lon="6.417970"><ele>1698.0</ele></trkpt>
<trkpt lat="45.119950" lon="6.417950"><ele>1696.0</ele></trkpt>
<trkpt lat="45.120130" lon="6.417940"><ele>1694.0</ele></trkpt>
<trkpt lat="45.120250" lon="6.417930"><ele>1692.0</ele></trkpt>
<trkpt lat="45.120440" lon="6.417930"><ele>1691.0</ele></trkpt>
<trkpt lat="45.120670" lon="6.417920"><ele>1689.0</ele></trkpt>
<trkpt lat="45.120690" lon="6.417910"><ele>1687.0</ele></trkpt>
<trkpt lat="45.121080" lon="6.417910"><ele>1685.0</ele></trkpt>
<trkpt lat="45.121420" lon="6.417890"><ele>1683.0</ele></trkpt>
<trkpt lat="45.121790" lon="6.417870"><ele>1680.0</ele></trkpt>
<trkpt lat="45.122000" lon="6.417870"><ele>1678.0</ele></trkpt>
<trkpt lat="45.122160" lon="6.417880"><ele>1676.0</ele></trkpt>
<trkpt lat="45.122260" lon="6.417900"><ele>1674.0</ele></trkpt>
<trkpt lat="45.122300" lon="6.417920"><ele>1673.0</ele></trkpt>
<trkpt lat="45.122370" lon="6.417940"><ele>1672.0</ele></trkpt>
<trkpt lat="45.122750" lon="6.418160"><ele>1671.0</ele></trkpt>
<trkpt lat="45.122890" lon="6.418240"><ele>1669.0</ele></trkpt>
<trkpt lat="45.123220" lon="6.418440"><ele>1667.0</ele></trkpt>
<trkpt lat="45.123240" lon="6.418450"><ele>1666.0</ele></trkpt>
<trkpt lat="45.123500" lon="6.418600"><ele>1665.0</ele></trkpt>
<trkpt lat="45.123510" lon="6.418610"><ele>1663.0</ele></trkpt>
<trkpt lat="45.123690" lon="6.418730"><ele>1662.0</ele></trkpt>
<trkpt lat="45.123820" lon="6.418850"><ele>1661.0</ele></trkpt>
<trkpt lat="45.123910" lon="6.418940"><ele>1660.0</ele></trkpt>
<trkpt lat="45.123970" lon="6.418980"><ele>1659.0</ele></trkpt>
<trkpt lat="45.124020" lon="6.418960"><ele>1658.0</ele></trkpt>
<trkpt lat="45.124080" lon="6.418870"><ele>1658.0</ele></trkpt>
<trkpt lat="45.124090" lon="6.418860"><ele>1657.0</ele></trkpt>
<trkpt lat="45.124090" lon="6.418820"><ele>1657.0</ele></trkpt>
<trkpt lat="45.124080" lon="6.418780"><ele>1657.0</ele></trkpt>
<trkpt lat="45.124070" lon="6.418750"><ele>1656.0</ele></trkpt>
<trkpt lat="45.124020" lon="6.418630"><ele>1656.0</ele></trkpt>
<trkpt lat="45.123980" lon="6.418560"><ele>1655.0</ele></trkpt>
<trkpt lat="45.123920" lon="6.418430"><ele>1655.0</ele></trkpt>
<trkpt lat="45.123890" lon="6.418320"><ele>1654.0</ele></trkpt>
<trkpt lat="45.123860" lon="6.418220"><ele>1654.0</ele></trkpt>
<trkpt lat="45.123840" lon="6.418110"><ele>1653.0</ele></trkpt>
<trkpt lat="45.123800" lon="6.417980"><ele>1652.0</ele></trkpt>
<trkpt lat="45.123760" lon="6.417840"><ele>1652.0</ele></trkpt>
<trkpt lat="45.123740" lon="6.417810"><ele>1651.0</ele></trkpt>
<trkpt lat="45.123740" lon="6.417720"><ele>1651.0</ele></trkpt>
<trkpt lat="45.123750" lon="6.417650"><ele>1650.0</ele></trkpt>
<trkpt lat="45.123770" lon="6.417610"><ele>1650.0</ele></trkpt>
<trkpt lat="45.123780" lon="6.417610"><ele>1649.0</ele></trkpt>
<trkpt lat="45.123780" lon="6.417600"><ele>1649.0</ele></trkpt>
<trkpt lat="45.123820" lon="6.417580"><ele>1649.0</ele></trkpt>
<trkpt lat="45.123870" lon="6.417590"><ele>1649.0</ele></trkpt>
<trkpt lat="45.123940" lon="6.417620"><ele>1648.0</ele></trkpt>
<trkpt lat="45.124040" lon="6.417700"><ele>1648.0</ele></trkpt>
<trkpt lat="45.124150" lon="6.417810"><ele>1647.0</ele></trkpt>
<trkpt lat="45.124260" lon="6.417890"><ele>1646.0</ele></trkpt>
<trkpt lat="45.124280" lon="6.417900"><ele>1646.0</ele></trkpt>
<trkpt lat="45.124440" lon="6.418000"><ele>1645.0</ele></trkpt>
<trkpt lat="45.124510" lon="6.418080"><ele>1644.0</ele></trkpt>
<trkpt lat="45.124580" lon="6.418150"><ele>1643.0</ele></trkpt>
<trkpt lat="45.124780" lon="6.418440"><ele>1642.0</ele></trkpt>
<trkpt lat="45.124890" lon="6.418580"><ele>1641.0</ele></trkpt>
<trkpt lat="45.124960" lon="6.418640"><ele>1640.0</ele></trkpt>
<trkpt lat="45.124970" lon="6.418640"><ele>1639.0</ele></trkpt>
<trkpt lat="45.125060" lon="6.418690"><ele>1639.0</ele></trkpt>
<trkpt lat="45.125150" lon="6.418700"><ele>1638.0</ele></trkpt>
<trkpt lat="45.125160" lon="6.418710"><ele>1637.0</ele></trkpt>
<trkpt lat="45.125280" lon="6.418700"><ele>1637.0</ele></trkpt>
<trkpt lat="45.125390" lon="6.418690"><ele>1636.0</ele></trkpt>
<trkpt lat="45.125690" lon="6.418680"><ele>1635.0</ele></trkpt>
<trkpt lat="45.126080" lon="6.418670"><ele>1633.0</ele></trkpt>
<trkpt lat="45.126260" lon="6.418670"><ele>1632.0</ele></trkpt>
<trkpt lat="45.126520" lon="6.418650"><ele>1630.0</ele></trkpt>
<trkpt lat="45.126550" lon="6.418650"><ele>1629.0</ele></trkpt>
<trkpt lat="45.126910" lon="6.418620"><ele>1627.0</ele></trkpt>
<trkpt lat="45.127000" lon="6.418610"><ele>1625.0</ele></trkpt>
<trkpt lat="45.127550" lon="6.418520"><ele>1623.0</ele></trkpt>
<trkpt lat="45.127650" lon="6.418510"><ele>1621.0</ele></trkpt>
<trkpt lat="45.127970" lon="6.418450"><ele>1620.0</ele></trkpt>
<trkpt lat="45.128170" lon="6.418430"><ele>1618.0</ele></trkpt>
<trkpt lat="45.128310" lon="6.418410"><ele>1617.0</ele></trkpt>
<trkpt lat="45.128350" lon="6.418400"><ele>1616.0</ele></trkpt>
<trkpt lat="45.128650" lon="6.418360"><ele>1615.0</ele></trkpt>
<trkpt lat="45.128900" lon="6.418340"><ele>1614.0</ele></trkpt>
<trkpt lat="45.129250" lon="6.418340"><ele>1612.0</ele></trkpt>
<trkpt lat="45.129790" lon="6.418330"><ele>1610.0</ele></trkpt>
<trkpt lat="45.130140" lon="6.418320"><ele>1609.0</ele></trkpt>
<trkpt lat="45.130150" lon="6.418320"><ele>1607.0</ele></trkpt>
<trkpt lat="45.130350" lon="6.418330"><ele>1606.0</ele></trkpt>
<trkpt lat="45.130680" lon="6.418370"><ele>1605.0</ele></trkpt>
<trkpt lat="45.131180" lon="6.418480"><ele>1604.0</ele></trkpt>
<trkpt lat="45.131930" lon="6.418620"><ele>1602.0</ele></trkpt>
<trkpt lat="45.132140" lon="6.418660"><ele>1601.0</ele></trkpt>
<trkpt lat="45.132290" lon="6.418710"><ele>1599.0</ele></trkpt>
<trkpt lat="45.132800" lon="6.418860"><ele>1598.0</ele></trkpt>
<trkpt lat="45.133390" lon="6.419030"><ele>1596.0</ele></trkpt>
<trkpt lat="45.133700" lon="6.419120"><ele>1595.0</ele></trkpt>
<trkpt lat="45.133840" lon="6.419160"><ele>1594.0</ele></trkpt>
<trkpt lat="45.133870" lon="6.419170"><ele>1593.0</ele></trkpt>
<trkpt lat="45.134050" lon="6.419220"><ele>1592.0</ele></trkpt>
<trkpt lat="45.134340" lon="6.419310"><ele>1592.0</ele></trkpt>
<trkpt lat="45.134750" lon="6.419430"><ele>1591.0</ele></trkpt>
<trkpt lat="45.134940" lon="6.419490"><ele>1591.0</ele></trkpt>
<trkpt lat="45.135210" lon="6.419570"><ele>1591.0</ele></trkpt>
<trkpt lat="45.135410" lon="6.419630"><ele>1590.0</ele></trkpt>
<trkpt lat="45.135560" lon="6.419680"><ele>1590.0</ele></trkpt>
<trkpt lat="45.135740" lon="6.419730"><ele>1590.0</ele></trkpt>
<trkpt lat="45.135790" lon="6.419750"><ele>1590.0</ele></trkpt>
<trkpt lat="45.135810" lon="6.419750"><ele>1589.0</ele></trkpt>
<trkpt lat="45.136040" lon="6.419790"><ele>1589.0</ele></trkpt>
<trkpt lat="45.136350" lon="6.419840"><ele>1589.0</ele></trkpt>
<trkpt lat="45.136680" lon="6.419860"><ele>1589.0</ele></trkpt>
<trkpt lat="45.136800" lon="6.419860"><ele>1589.0</ele></trkpt>
<trkpt lat="45.136830" lon="6.419850"><ele>1588.0</ele></trkpt>
<trkpt lat="45.136890" lon="6.419830"><ele>1588.0</ele></trkpt>
<trkpt lat="45.136960" lon="6.419790"><ele>1588.0</ele></trkpt>
<trkpt lat="45.137040" lon="6.419670"><ele>1588.0</ele></trkpt>
<trkpt lat="45.137130" lon="6.419540"><ele>1588.0</ele></trkpt>
<trkpt lat="45.137160" lon="6.419500"><ele>1588.0</ele></trkpt>
<trkpt lat="45.137220" lon="6.419460"><ele>1588.0</ele></trkpt>
<trkpt lat="45.137250" lon="6.419450"><ele>1588.0</ele></trkpt>
<trkpt lat="45.137280" lon="6.419440"><ele>1588.0</ele></trkpt>
<trkpt lat="45.137340" lon="6.419450"><ele>1587.0</ele></trkpt>
<trkpt lat="45.137490" lon="6.419520"><ele>1587.0</ele></trkpt>
<trkpt lat="45.137560" lon="6.419550"><ele>1587.0</ele></trkpt>
<trkpt lat="45.137740" lon="6.419610"><ele>1587.0</ele></trkpt>
<trkpt lat="45.137750" lon="6.419620"><ele>1587.0</ele></trkpt>
<trkpt lat="45.137910" lon="6.419670"><ele>1587.0</ele></trkpt>
<trkpt lat="45.138080" lon="6.419740"><ele>1586.0</ele></trkpt>
<trkpt lat="45.138410" lon="6.419840"><ele>1586.0</ele></trkpt>
<trkpt lat="45.138440" lon="6.419850"><ele>1585.0</ele></trkpt>
<trkpt lat="45.138650" lon="6.419910"><ele>1585.0</ele></trkpt>
<trkpt lat="45.138820" lon="6.419930"><ele>1585.0</ele></trkpt>
<trkpt lat="45.138920" lon="6.419930"><ele>1584.0</ele></trkpt>
<trkpt lat="45.139080" lon="6.419920"><ele>1584.0</ele></trkpt>
<trkpt lat="45.139240" lon="6.419900"><ele>1584.0</ele></trkpt>
<trkpt lat="45.139590" lon="6.419880"><ele>1583.0</ele></trkpt>
<trkpt lat="45.140030" lon="6.419870"><ele>1581.0</ele></trkpt>
<trkpt lat="45.140340" lon="6.419840"><ele>1579.0</ele></trkpt>
<trkpt lat="45.140410" lon="6.419840"><ele>1578.0</ele></trkpt>
<trkpt lat="45.140460" lon="6.419840"><ele>1577.0</ele></trkpt>
<trkpt lat="45.140980" lon="6.419800"><ele>1576.0</ele></trkpt>
<trkpt lat="45.141340" lon="6.419790"><ele>1574.0</ele></trkpt>
<trkpt lat="45.141620" lon="6.419780"><ele>1573.0</ele></trkpt>
<trkpt lat="45.141840" lon="6.419770"><ele>1572.0</ele></trkpt>
<trkpt lat="45.142110" lon="6.419760"><ele>1571.0</ele></trkpt>
<trkpt lat="45.142550" lon="6.419770"><ele>1571.0</ele></trkpt>
<trkpt lat="45.143070" lon="6.419780"><ele>1570.0</ele></trkpt>
<trkpt lat="45.143160" lon="6.419780"><ele>1569.0</ele></trkpt>
<trkpt lat="45.143550" lon="6.419780"><ele>1568.0</ele></trkpt>
<trkpt lat="45.143860" lon="6.419800"><ele>1567.0</ele></trkpt>
<trkpt lat="45.143880" lon="6.419800"><ele>1566.0</ele></trkpt>
<trkpt lat="45.143920" lon="6.419800"><ele>1566.0</ele></trkpt>
<trkpt lat="45.144260" lon="6.419820"><ele>1565.0</ele></trkpt>
<trkpt lat="45.144410" lon="6.419820"><ele>1565.0</ele></trkpt>
<trkpt lat="45.144630" lon="6.419820"><ele>1564.0</ele></trkpt>
<trkpt lat="45.144700" lon="6.419830"><ele>1564.0</ele></trkpt>
<trkpt lat="45.144810" lon="6.419840"><ele>1563.0</ele></trkpt>
<trkpt lat="45.145100" lon="6.419900"><ele>1563.0</ele></trkpt>
<trkpt lat="45.145130" lon="6.419900"><ele>1562.0</ele></trkpt>
<trkpt lat="45.145520" lon="6.420000"><ele>1562.0</ele></trkpt>
<trkpt lat="45.145960" lon="6.420100"><ele>1561.0</ele></trkpt>
<trkpt lat="45.146310" lon="6.420180"><ele>1561.0</ele></trkpt>
<trkpt lat="45.146410" lon="6.420200"><ele>1561.0</ele></trkpt>
<trkpt lat="45.146750" lon="6.420280"><ele>1560.0</ele></trkpt>
<trkpt lat="45.146910" lon="6.420290"><ele>1560.0</ele></trkpt>
<trkpt lat="45.147260" lon="6.420290"><ele>1560.0</ele></trkpt>
<trkpt lat="45.147400" lon="6.420280"><ele>1560.0</ele></trkpt>
<trkpt lat="45.147550" lon="6.420290"><ele>1560.0</ele></trkpt>
<trkpt lat="45.147730" lon="6.420310"><ele>1560.0</ele></trkpt>
<trkpt lat="45.147780" lon="6.420320"><ele>1560.0</ele></trkpt>
<trkpt lat="45.148030" lon="6.420420"><ele>1560.0</ele></trkpt>
<trkpt lat="45.148410" lon="6.420570"><ele>1560.0</ele></trkpt>
<trkpt lat="45.148450" lon="6.420580"><ele>1560.0</ele></trkpt>
<trkpt lat="45.148480" lon="6.420590"><ele>1560.0</ele></trkpt>
<trkpt lat="45.148530" lon="6.420580"><ele>1560.0</ele></trkpt>
<trkpt lat="45.148680" lon="6.420550"><ele>1560.0</ele></trkpt>
<trkpt lat="45.148760" lon="6.420540"><ele>1559.0</ele></trkpt>
<trkpt lat="45.148890" lon="6.420520"><ele>1559.0</ele></trkpt>
<trkpt lat="45.149120" lon="6.420500"><ele>1558.0</ele></trkpt>
<trkpt lat="45.149190" lon="6.420500"><ele>1558.0</ele></trkpt>
<trkpt lat="45.149310" lon="6.420540"><ele>1557.0</ele></trkpt>
<trkpt lat="45.149420" lon="6.420560"><ele>1557.0</ele></trkpt>
<trkpt lat="45.149570" lon="6.420550"><ele>1556.0</ele></trkpt>
<trkpt lat="45.149580" lon="6.420550"><ele>1556.0</ele></trkpt>
<trkpt lat="45.149670" lon="6.420540"><ele>1555.0</ele></trkpt>
<trkpt lat="45.149760" lon="6.420520"><ele>1555.0</ele></trkpt>
<trkpt lat="45.149840" lon="6.420480"><ele>1554.0</ele></trkpt>
<trkpt lat="45.149930" lon="6.420460"><ele>1554.0</ele></trkpt>
<trkpt lat="45.149960" lon="6.420460"><ele>1553.0</ele></trkpt>
<trkpt lat="45.150110" lon="6.420440"><ele>1553.0</ele></trkpt>
<trkpt lat="45.150170" lon="6.420450"><ele>1552.0</ele></trkpt>
<trkpt lat="45.150360" lon="6.420470"><ele>1552.0</ele></trkpt>
<trkpt lat="45.150530" lon="6.420490"><ele>1551.0</ele></trkpt>
<trkpt lat="45.150660" lon="6.420500"><ele>1550.0</ele></trkpt>
<trkpt lat="45.150670" lon="6.420500"><ele>1550.0</ele></trkpt>
<trkpt lat="45.150690" lon="6.420510"><ele>1549.0</ele></trkpt>
<trkpt lat="45.150770" lon="6.420500"><ele>1549.0</ele></trkpt>
<trkpt lat="45.150850" lon="6.420490"><ele>1548.0</ele></trkpt>
<trkpt lat="45.150920" lon="6.420450"><ele>1547.0</ele></trkpt>
<trkpt lat="45.151000" lon="6.420390"><ele>1547.0</ele></trkpt>
<trkpt lat="45.151090" lon="6.420330"><ele>1546.0</ele></trkpt>
<trkpt lat="45.151170" lon="6.420270"><ele>1545.0</ele></trkpt>
<trkpt lat="45.151480" lon="6.420210"><ele>1544.0</ele></trkpt>
<trkpt lat="45.151510" lon="6.420210"><ele>1543.0</ele></trkpt>
<trkpt lat="45.151530" lon="6.420210"><ele>1542.0</ele></trkpt>
<trkpt lat="45.151550" lon="6.420210"><ele>1542.0</ele></trkpt>
<trkpt lat="45.151800" lon="6.420330"><ele>1541.0</ele></trkpt>
<trkpt lat="45.151850" lon="6.420360"><ele>1540.0</ele></trkpt>
<trkpt lat="45.152390" lon="6.420630"><ele>1538.0</ele></trkpt>
<trkpt lat="45.152460" lon="6.420680"><ele>1536.0</ele></trkpt>
<trkpt lat="45.152570" lon="6.420750"><ele>1535.0</ele></trkpt>
<trkpt lat="45.152680" lon="6.420780"><ele>1533.0</ele></trkpt>
<trkpt lat="45.152780" lon="6.420790"><ele>1532.0</ele></trkpt>
<trkpt lat="45.152840" lon="6.420770"><ele>1531.0</ele></trkpt>
<trkpt lat="45.152990" lon="6.420720"><ele>1530.0</ele></trkpt>
<trkpt lat="45.153190" lon="6.420700"><ele>1528.0</ele></trkpt>
<trkpt lat="45.153340" lon="6.420690"><ele>1527.0</ele></trkpt>
<trkpt lat="45.153500" lon="6.420690"><ele>1525.0</ele></trkpt>
<trkpt lat="45.153600" lon="6.420700"><ele>1524.0</ele></trkpt>
<trkpt lat="45.153810" lon="6.420730"><ele>1522.0</ele></trkpt>
<trkpt lat="45.154120" lon="6.420790"><ele>1520.0</ele></trkpt>
<trkpt lat="45.154300" lon="6.420810"><ele>1518.0</ele></trkpt>
<trkpt lat="45.154310" lon="6.420810"><ele>1517.0</ele></trkpt>
<trkpt lat="45.154350" lon="6.420810"><ele>1516.0</ele></trkpt>
<trkpt lat="45.154430" lon="6.420810"><ele>1515.0</ele></trkpt>
<trkpt lat="45.154720" lon="6.420790"><ele>1514.0</ele></trkpt>
<trkpt lat="45.154820" lon="6.420780"><ele>1512.0</ele></trkpt>
<trkpt lat="45.155060" lon="6.420740"><ele>1511.0</ele></trkpt>
<trkpt lat="45.155380" lon="6.420700"><ele>1508.0</ele></trkpt>
<trkpt lat="45.155620" lon="6.420680"><ele>1506.0</ele></trkpt>
<trkpt lat="45.155760" lon="6.420670"><ele>1504.0</ele></trkpt>
<trkpt lat="45.155970" lon="6.420710"><ele>1502.0</ele></trkpt>
<trkpt lat="45.156160" lon="6.420750"><ele>1500.0</ele></trkpt>
<trkpt lat="45.156470" lon="6.420820"><ele>1498.0</ele></trkpt>
<trkpt lat="45.156650" lon="6.420860"><ele>1496.0</ele></trkpt>
<trkpt lat="45.156850" lon="6.420910"><ele>1494.0</ele></trkpt>
<trkpt lat="45.157160" lon="6.420980"><ele>1491.0</ele></trkpt>
<trkpt lat="45.157210" lon="6.420990"><ele>1489.0</ele></trkpt>
<trkpt lat="45.157360" lon="6.421020"><ele>1487.0</ele></trkpt>
<trkpt lat="45.157550" lon="6.421060"><ele>1485.0</ele></trkpt>
<trkpt lat="45.157880" lon="6.421120"><ele>1483.0</ele></trkpt>
<trkpt lat="45.157910" lon="6.421130"><ele>1481.0</ele></trkpt>
<trkpt lat="45.158230" lon="6.421210"><ele>1479.0</ele></trkpt>
<trkpt lat="45.158460" lon="6.421270"><ele>1477.0</ele></trkpt>
<trkpt lat="45.158520" lon="6.421290"><ele>1475.0</ele></trkpt>
<trkpt lat="45.158810" lon="6.421350"><ele>1473.0</ele></trkpt>
<trkpt lat="45.159150" lon="6.421430"><ele>1471.0</ele></trkpt>
<trkpt lat="45.159300" lon="6.421450"><ele>1469.0</ele></trkpt>
<trkpt lat="45.159620" lon="6.421530"><ele>1466.0</ele></trkpt>
<trkpt lat="45.159730" lon="6.421540"><ele>1464.0</ele></trkpt>
<trkpt lat="45.159780" lon="6.421540"><ele>1463.0</ele></trkpt>
<trkpt lat="45.159840" lon="6.421540"><ele>1462.0</ele></trkpt>
<trkpt lat="45.159950" lon="6.421530"><ele>1461.0</ele></trkpt>
<trkpt lat="45.159960" lon="6.421530"><ele>1460.0</ele></trkpt>
<trkpt lat="45.160080" lon="6.421550"><ele>1459.0</ele></trkpt>
<trkpt lat="45.160080" lon="6.421590"><ele>1459.0</ele></trkpt>
<trkpt lat="45.160090" lon="6.421610"><ele>1458.0</ele></trkpt>
<trkpt lat="45.160100" lon="6.421630"><ele>1458.0</ele></trkpt>
<trkpt lat="45.160110" lon="6.421640"><ele>1458.0</ele></trkpt>
<trkpt lat="45.160130" lon="6.421650"><ele>1458.0</ele></trkpt>
<trkpt lat="45.160150" lon="6.421660"><ele>1457.0</ele></trkpt>
<trkpt lat="45.160160" lon="6.421660"><ele>1457.0</ele></trkpt>
<trkpt lat="45.160180" lon="6.421650"><ele>1457.0</ele></trkpt>
<trkpt lat="45.160200" lon="6.421640"><ele>1457.0</ele></trkpt>
<trkpt lat="45.160270" lon="6.421690"><ele>1457.0</ele></trkpt>
<trkpt lat="45.160410" lon="6.421740"><ele>1457.0</ele></trkpt>
<trkpt lat="45.160480" lon="6.421750"><ele>1457.0</ele></trkpt>
<trkpt lat="45.160550" lon="6.421770"><ele>1456.0</ele></trkpt>
<trkpt lat="45.160630" lon="6.421790"><ele>1456.0</ele></trkpt>
<trkpt lat="45.160880" lon="6.421840"><ele>1456.0</ele></trkpt>
<trkpt lat="45.161100" lon="6.421880"><ele>1456.0</ele></trkpt>
<trkpt lat="45.161510" lon="6.421920"><ele>1455.0</ele></trkpt>
<trkpt lat="45.161920" lon="6.421980"><ele>1454.0</ele></trkpt>
<trkpt lat="45.161980" lon="6.422030"><ele>1453.0</ele></trkpt>
<trkpt lat="45.162160" lon="6.422100"><ele>1453.0</ele></trkpt>
<trkpt lat="45.162420" lon="6.422200"><ele>1451.0</ele></trkpt>
<trkpt lat="45.162590" lon="6.422270"><ele>1450.0</ele></trkpt>
<trkpt lat="45.162750" lon="6.422350"><ele>1449.0</ele></trkpt>
<trkpt lat="45.162920" lon="6.422420"><ele>1448.0</ele></trkpt>
<trkpt lat="45.163020" lon="6.422470"><ele>1447.0</ele></trkpt>
<trkpt lat="45.163060" lon="6.422490"><ele>1446.0</ele></trkpt>
<trkpt lat="45.163330" lon="6.422550"><ele>1445.0</ele></trkpt>
<trkpt lat="45.163430" lon="6.422560"><ele>1444.0</ele></trkpt>
<trkpt lat="45.163630" lon="6.422650"><ele>1443.0</ele></trkpt>
<trkpt lat="45.163710" lon="6.422690"><ele>1442.0</ele></trkpt>
<trkpt lat="45.163780" lon="6.422740"><ele>1441.0</ele></trkpt>
<trkpt lat="45.163870" lon="6.422800"><ele>1441.0</ele></trkpt>
<trkpt lat="45.163900" lon="6.422830"><ele>1440.0</ele></trkpt>
<trkpt lat="45.163920" lon="6.422870"><ele>1439.0</ele></trkpt>
<trkpt lat="45.163930" lon="6.422890"><ele>1439.0</ele></trkpt>
<trkpt lat="45.163960" lon="6.422980"><ele>1439.0</ele></trkpt>
<trkpt lat="45.163990" lon="6.423080"><ele>1438.0</ele></trkpt>
<trkpt lat="45.164000" lon="6.423110"><ele>1438.0</ele></trkpt>
<trkpt lat="45.163990" lon="6.423300"><ele>1437.0</ele></trkpt>
<trkpt lat="45.163970" lon="6.423430"><ele>1436.0</ele></trkpt>
<trkpt lat="45.163940" lon="6.423560"><ele>1435.0</ele></trkpt>
<trkpt lat="45.163900" lon="6.423670"><ele>1435.0</ele></trkpt>
<trkpt lat="45.163830" lon="6.423900"><ele>1434.0</ele></trkpt>
<trkpt lat="45.163820" lon="6.423940"><ele>1433.0</ele></trkpt>
<trkpt lat="45.163820" lon="6.424020"><ele>1432.0</ele></trkpt>
<trkpt lat="45.163820" lon="6.424060"><ele>1432.0</ele></trkpt>
<trkpt lat="45.163830" lon="6.424130"><ele>1431.0</ele></trkpt>
<trkpt lat="45.163850" lon="6.424160"><ele>1431.0</ele></trkpt>
<trkpt lat="45.163860" lon="6.424180"><ele>1431.0</ele></trkpt>
<trkpt lat="45.163860" lon="6.424180"><ele>1430.0</ele></trkpt>
<trkpt lat="45.163900" lon="6.424240"><ele>1430.0</ele></trkpt>
<trkpt lat="45.163960" lon="6.424310"><ele>1430.0</ele></trkpt>
<trkpt lat="45.163970" lon="6.424320"><ele>1429.0</ele></trkpt>
<trkpt lat="45.164010" lon="6.424380"><ele>1429.0</ele></trkpt>
<trkpt lat="45.164040" lon="6.424430"><ele>1429.0</ele></trkpt>
<trkpt lat="45.164070" lon="6.424470"><ele>1428.0</ele></trkpt>
<trkpt lat="45.164110" lon="6.424570"><ele>1428.0</ele></trkpt>
<trkpt lat="45.164140" lon="6.424550"><ele>1427.0</ele></trkpt>
<trkpt lat="45.164150" lon="6.424540"><ele>1427.0</ele></trkpt>
<trkpt lat="45.164170" lon="6.424540"><ele>1427.0</ele></trkpt>
<trkpt lat="45.164190" lon="6.424550"><ele>1426.0</ele></trkpt>
<trkpt lat="45.164200" lon="6.424560"><ele>1426.0</ele></trkpt>
<trkpt lat="45.164210" lon="6.424570"><ele>1426.0</ele></trkpt>
<trkpt lat="45.164220" lon="6.424590"><ele>1426.0</ele></trkpt>
<trkpt lat="45.164230" lon="6.424620"><ele>1426.0</ele></trkpt>
<trkpt lat="45.164230" lon="6.424660"><ele>1426.0</ele></trkpt>
<trkpt lat="45.164300" lon="6.424710"><ele>1425.0</ele></trkpt>
<trkpt lat="45.164400" lon="6.424790"><ele>1425.0</ele></trkpt>
<trkpt lat="45.164460" lon="6.424850"><ele>1424.0</ele></trkpt>
<trkpt lat="45.164570" lon="6.424960"><ele>1424.0</ele></trkpt>
<trkpt lat="45.164620" lon="6.425050"><ele>1423.0</ele></trkpt>
<trkpt lat="45.164660" lon="6.425140"><ele>1423.0</ele></trkpt>
<trkpt lat="45.164700" lon="6.425260"><ele>1423.0</ele></trkpt>
<trkpt lat="45.164740" lon="6.425420"><ele>1422.0</ele></trkpt>
<trkpt lat="45.164780" lon="6.425580"><ele>1422.0</ele></trkpt>
<trkpt lat="45.164830" lon="6.425750"><ele>1421.0</ele></trkpt>
<trkpt lat="45.164880" lon="6.425880"><ele>1420.0</ele></trkpt>
<trkpt lat="45.164930" lon="6.425980"><ele>1420.0</ele></trkpt>
<trkpt lat="45.165010" lon="6.426120"><ele>1419.0</ele></trkpt>
<trkpt lat="45.165070" lon="6.426210"><ele>1419.0</ele></trkpt>
<trkpt lat="45.165180" lon="6.426360"><ele>1418.0</ele></trkpt>
<trkpt lat="45.165290" lon="6.426520"><ele>1418.0</ele></trkpt>
<trkpt lat="45.165360" lon="6.426600"><ele>1417.0</ele></trkpt>
<trkpt lat="45.165400" lon="6.426660"><ele>1416.0</ele></trkpt>
<trkpt lat="45.165500" lon="6.426790"><ele>1416.0</ele></trkpt>
<trkpt lat="45.165540" lon="6.426850"><ele>1415.0</ele></trkpt>
<trkpt lat="45.165540" lon="6.426850"><ele>1415.0</ele></trkpt>
<trkpt lat="45.165610" lon="6.426970"><ele>1415.0</ele></trkpt>
<trkpt lat="45.165710" lon="6.427180"><ele>1414.0</ele></trkpt>
<trkpt lat="45.165770" lon="6.427290"><ele>1414.0</ele></trkpt>
<trkpt lat="45.165830" lon="6.427410"><ele>1413.0</ele></trkpt>
<trkpt lat="45.165830" lon="6.427410"><ele>1413.0</ele></trkpt>
<trkpt lat="45.165810" lon="6.427520"><ele>1412.0</ele></trkpt>
<trkpt lat="45.165750" lon="6.427750"><ele>1412.0</ele></trkpt>
<trkpt lat="45.165670" lon="6.428020"><ele>1411.0</ele></trkpt>
<trkpt lat="45.165630" lon="6.428180"><ele>1410.0</ele></trkpt>
<trkpt lat="45.165540" lon="6.428500"><ele>1410.0</ele></trkpt>
<trkpt lat="45.165530" lon="6.428590"><ele>1409.0</ele></trkpt>
<trkpt lat="45.165530" lon="6.428670"><ele>1408.0</ele></trkpt>
<trkpt lat="45.165530" lon="6.428760"><ele>1408.0</ele></trkpt>
<trkpt lat="45.165540" lon="6.428860"><ele>1407.0</ele></trkpt>
<trkpt lat="45.165610" lon="6.429440"><ele>1406.0</ele></trkpt>
<trkpt lat="45.165550" lon="6.429700"><ele>1406.0</ele></trkpt>
<trkpt lat="45.165510" lon="6.430010"><ele>1406.0</ele></trkpt>
<trkpt lat="45.165420" lon="6.430650"><ele>1406.0</ele></trkpt>
<trkpt lat="45.165400" lon="6.430820"><ele>1406.0</ele></trkpt>
<trkpt lat="45.165370" lon="6.431010"><ele>1406.0</ele></trkpt>
<trkpt lat="45.165370" lon="6.431010"><ele>1406.0</ele></trkpt>
<trkpt lat="45.165350" lon="6.431120"><ele>1406.0</ele></trkpt>
<trkpt lat="45.165320" lon="6.431250"><ele>1406.0</ele></trkpt>
<trkpt lat="45.165260" lon="6.431430"><ele>1406.0</ele></trkpt>
<trkpt lat="45.165260" lon="6.431440"><ele>1406.0</ele></trkpt>
<trkpt lat="45.165250" lon="6.431480"><ele>1406.0</ele></trkpt>
<trkpt lat="45.165210" lon="6.431610"><ele>1406.0</ele></trkpt>
<trkpt lat="45.165180" lon="6.431720"><ele>1406.0</ele></trkpt>
<trkpt lat="45.165170" lon="6.431770"><ele>1406.0</ele></trkpt>
<trkpt lat="45.165170" lon="6.431770"><ele>1406.0</ele></trkpt>
<trkpt lat="45.165150" lon="6.431760"><ele>1406.0</ele></trkpt>
<trkpt lat="45.165130" lon="6.431760"><ele>1406.0</ele></trkpt>
<trkpt lat="45.165110" lon="6.431770"><ele>1406.0</ele></trkpt>
<trkpt lat="45.165100" lon="6.431790"><ele>1406.0</ele></trkpt>
<trkpt lat="45.165090" lon="6.431820"><ele>1406.0</ele></trkpt>
<trkpt lat="45.165080" lon="6.431870"><ele>1407.0</ele></trkpt>
<trkpt lat="45.165080" lon="6.431900"><ele>1407.0</ele></trkpt>
<trkpt lat="45.165090" lon="6.431940"><ele>1407.0</ele></trkpt>
<trkpt lat="45.165100" lon="6.431960"><ele>1407.0</ele></trkpt>
<trkpt lat="45.165110" lon="6.431970"><ele>1407.0</ele></trkpt>
<trkpt lat="45.165120" lon="6.431970"><ele>1407.0</ele></trkpt>
<trkpt lat="45.165140" lon="6.431980"><ele>1407.0</ele></trkpt>
<trkpt lat="45.165170" lon="6.431980"><ele>1407.0</ele></trkpt>
<trkpt lat="45.165180" lon="6.431970"><ele>1407.0</ele></trkpt>
<trkpt lat="45.165210" lon="6.431930"><ele>1407.0</ele></trkpt>
<trkpt lat="45.165390" lon="6.432140"><ele>1408.0</ele></trkpt>
<trkpt lat="45.165470" lon="6.432210"><ele>1408.0</ele></trkpt>
<trkpt lat="45.165560" lon="6.432270"><ele>1409.0</ele></trkpt>
<trkpt lat="45.165630" lon="6.432310"><ele>1409.0</ele></trkpt>
<trkpt lat="45.165730" lon="6.432370"><ele>1410.0</ele></trkpt>
<trkpt lat="45.165930" lon="6.432500"><ele>1410.0</ele></trkpt>
<trkpt lat="45.165940" lon="6.432510"><ele>1411.0</ele></trkpt>
<trkpt lat="45.166030" lon="6.432560"><ele>1411.0</ele></trkpt>
<trkpt lat="45.166130" lon="6.432600"><ele>1412.0</ele></trkpt>
<trkpt lat="45.166290" lon="6.432700"><ele>1413.0</ele></trkpt>
<trkpt lat="45.166580" lon="6.432900"><ele>1413.0</ele></trkpt>
<trkpt lat="45.166600" lon="6.432920"><ele>1414.0</ele></trkpt>
<trkpt lat="45.166630" lon="6.432950"><ele>1415.0</ele></trkpt>
<trkpt lat="45.166680" lon="6.433000"><ele>1415.0</ele></trkpt>
<trkpt lat="45.166710" lon="6.433040"><ele>1416.0</ele></trkpt>
<trkpt lat="45.166770" lon="6.433150"><ele>1417.0</ele></trkpt>
<trkpt lat="45.166840" lon="6.433350"><ele>1418.0</ele></trkpt>
<trkpt lat="45.166910" lon="6.433540"><ele>1419.0</ele></trkpt>
<trkpt lat="45.166950" lon="6.433630"><ele>1420.0</ele></trkpt>
<trkpt lat="45.167020" lon="6.433740"><ele>1421.0</ele></trkpt>
<trkpt lat="45.167070" lon="6.433810"><ele>1422.0</ele></trkpt>
<trkpt lat="45.167140" lon="6.433880"><ele>1423.0</ele></trkpt>
<trkpt lat="45.167170" lon="6.433900"><ele>1424.0</ele></trkpt>
<trkpt lat="45.167280" lon="6.433990"><ele>1424.0</ele></trkpt>
<trkpt lat="45.167550" lon="6.434210"><ele>1426.0</ele></trkpt>
<trkpt lat="45.167720" lon="6.434340"><ele>1428.0</ele></trkpt>
<trkpt lat="45.167820" lon="6.434390"><ele>1430.0</ele></trkpt>
<trkpt lat="45.167990" lon="6.434450"><ele>1431.0</ele></trkpt>
<trkpt lat="45.168120" lon="6.434460"><ele>1432.0</ele></trkpt>
<trkpt lat="45.168210" lon="6.434450"><ele>1433.0</ele></trkpt>
<trkpt lat="45.168340" lon="6.434430"><ele>1434.0</ele></trkpt>
<trkpt lat="45.168460" lon="6.434390"><ele>1434.0</ele></trkpt>
<trkpt lat="45.168560" lon="6.434390"><ele>1435.0</ele></trkpt>
<trkpt lat="45.168690" lon="6.434400"><ele>1435.0</ele></trkpt>
<trkpt lat="45.168780" lon="6.434440"><ele>1435.0</ele></trkpt>
<trkpt lat="45.168860" lon="6.434480"><ele>1435.0</ele></trkpt>
<trkpt lat="45.169030" lon="6.434570"><ele>1436.0</ele></trkpt>
<trkpt lat="45.169160" lon="6.434640"><ele>1436.0</ele></trkpt>
<trkpt lat="45.169190" lon="6.434660"><ele>1436.0</ele></trkpt>
<trkpt lat="45.169310" lon="6.434730"><ele>1436.0</ele></trkpt>
<trkpt lat="45.169420" lon="6.434760"><ele>1436.0</ele></trkpt>
<trkpt lat="45.169540" lon="6.434760"><ele>1437.0</ele></trkpt>
<trkpt lat="45.169630" lon="6.434740"><ele>1437.0</ele></trkpt>
<trkpt lat="45.169710" lon="6.434710"><ele>1437.0</ele></trkpt>
<trkpt lat="45.169810" lon="6.434630"><ele>1437.0</ele></trkpt>
<trkpt lat="45.169950" lon="6.434490"><ele>1438.0</ele></trkpt>
<trkpt lat="45.170090" lon="6.434350"><ele>1438.0</ele></trkpt>
<trkpt lat="45.170100" lon="6.434340"><ele>1439.0</ele></trkpt>
<trkpt lat="45.170130" lon="6.434310"><ele>1439.0</ele></trkpt>
<trkpt lat="45.170250" lon="6.434200"><ele>1440.0</ele></trkpt>
<trkpt lat="45.170260" lon="6.434190"><ele>1440.0</ele></trkpt>
<trkpt lat="45.170320" lon="6.434140"><ele>1441.0</ele></trkpt>
<trkpt lat="45.170370" lon="6.434120"><ele>1441.0</ele></trkpt>
<trkpt lat="45.170450" lon="6.434100"><ele>1441.0</ele></trkpt>
<trkpt lat="45.170560" lon="6.434090"><ele>1442.0</ele></trkpt>
<trkpt lat="45.170670" lon="6.434100"><ele>1443.0</ele></trkpt>
<trkpt lat="45.170860" lon="6.434110"><ele>1443.0</ele></trkpt>
<trkpt lat="45.171010" lon="6.434110"><ele>1444.0</ele></trkpt>
<trkpt lat="45.171030" lon="6.434110"><ele>1445.0</ele></trkpt>
<trkpt lat="45.171090" lon="6.434110"><ele>1445.0</ele></trkpt>
<trkpt lat="45.171170" lon="6.434090"><ele>1446.0</ele></trkpt>
<trkpt lat="45.171240" lon="6.434060"><ele>1446.0</ele></trkpt>
<trkpt lat="45.171380" lon="6.434000"><ele>1447.0</ele></trkpt>
<trkpt lat="45.171420" lon="6.433980"><ele>1448.0</ele></trkpt>
<trkpt lat="45.171550" lon="6.433920"><ele>1448.0</ele></trkpt>
<trkpt lat="45.171650" lon="6.433900"><ele>1449.0</ele></trkpt>
<trkpt lat="45.171900" lon="6.433860"><ele>1450.0</ele></trkpt>
<trkpt lat="45.172170" lon="6.433840"><ele>1451.0</ele></trkpt>
<trkpt lat="45.172340" lon="6.433810"><ele>1452.0</ele></trkpt>
<trkpt lat="45.172430" lon="6.433790"><ele>1453.0</ele></trkpt>
<trkpt lat="45.172500" lon="6.433750"><ele>1453.0</ele></trkpt>
<trkpt lat="45.172550" lon="6.433670"><ele>1454.0</ele></trkpt>
<trkpt lat="45.172640" lon="6.433560"><ele>1455.0</ele></trkpt>
<trkpt lat="45.172780" lon="6.433340"><ele>1455.0</ele></trkpt>
<trkpt lat="45.172870" lon="6.433200"><ele>1456.0</ele></trkpt>
<trkpt lat="45.172960" lon="6.433080"><ele>1457.0</ele></trkpt>
<trkpt lat="45.173010" lon="6.433030"><ele>1458.0</ele></trkpt>
<trkpt lat="45.173030" lon="6.433010"><ele>1458.0</ele></trkpt>
<trkpt lat="45.173130" lon="6.432940"><ele>1458.0</ele></trkpt>
<trkpt lat="45.173170" lon="6.432910"><ele>1459.0</ele></trkpt>
<trkpt lat="45.173380" lon="6.432800"><ele>1460.0</ele></trkpt>
<trkpt lat="45.173550" lon="6.432740"><ele>1460.0</ele></trkpt>
<trkpt lat="45.173650" lon="6.432740"><ele>1461.0</ele></trkpt>
<trkpt lat="45.173690" lon="6.432740"><ele>1462.0</ele></trkpt>
<trkpt lat="45.173830" lon="6.432760"><ele>1462.0</ele></trkpt>
<trkpt lat="45.174150" lon="6.432840"><ele>1463.0</ele></trkpt>
<trkpt lat="45.174180" lon="6.432850"><ele>1464.0</ele></trkpt>
<trkpt lat="45.174360" lon="6.432900"><ele>1465.0</ele></trkpt>
<trkpt lat="45.174390" lon="6.432910"><ele>1465.0</ele></trkpt>
<trkpt lat="45.174400" lon="6.432910"><ele>1466.0</ele></trkpt>
<trkpt lat="45.174460" lon="6.432930"><ele>1466.0</ele></trkpt>
<trkpt lat="45.174540" lon="6.432940"><ele>1467.0</ele></trkpt>
<trkpt lat="45.174840" lon="6.433000"><ele>1467.0</ele></trkpt>
<trkpt lat="45.175120" lon="6.433070"><ele>1468.0</ele></trkpt>
<trkpt lat="45.175250" lon="6.433110"><ele>1469.0</ele></trkpt>
<trkpt lat="45.175360" lon="6.433170"><ele>1470.0</ele></trkpt>
<trkpt lat="45.175410" lon="6.433210"><ele>1471.0</ele></trkpt>
<trkpt lat="45.175490" lon="6.433290"><ele>1471.0</ele></trkpt>
<trkpt lat="45.175650" lon="6.433470"><ele>1472.0</ele></trkpt>
<trkpt lat="45.175830" lon="6.433690"><ele>1472.0</ele></trkpt>
<trkpt lat="45.175830" lon="6.433700"><ele>1473.0</ele></trkpt>
<trkpt lat="45.175890" lon="6.433750"><ele>1473.0</ele></trkpt>
<trkpt lat="45.175950" lon="6.433820"><ele>1474.0</ele></trkpt>
<trkpt lat="45.176080" lon="6.433910"><ele>1474.0</ele></trkpt>
<trkpt lat="45.176250" lon="6.433980"><ele>1475.0</ele></trkpt>
<trkpt lat="45.176310" lon="6.434010"><ele>1475.0</ele></trkpt>
<trkpt lat="45.176420" lon="6.434050"><ele>1475.0</ele></trkpt>
<trkpt lat="45.176550" lon="6.434110"><ele>1476.0</ele></trkpt>
<trkpt lat="45.176650" lon="6.434160"><ele>1476.0</ele></trkpt>
<trkpt lat="45.176660" lon="6.434160"><ele>1477.0</ele></trkpt>
<trkpt lat="45.176670" lon="6.434180"><ele>1477.0</ele></trkpt>
<trkpt lat="45.176700" lon="6.434240"><ele>1477.0</ele></trkpt>
<trkpt lat="45.176700" lon="6.434250"><ele>1477.0</ele></trkpt>
<trkpt lat="45.176710" lon="6.434340"><ele>1478.0</ele></trkpt>
<trkpt lat="45.176720" lon="6.434510"><ele>1478.0</ele></trkpt>
<trkpt lat="45.176740" lon="6.434900"><ele>1480.0</ele></trkpt>
<trkpt lat="45.176750" lon="6.434950"><ele>1481.0</ele></trkpt>
<trkpt lat="45.176780" lon="6.435490"><ele>1483.0</ele></trkpt>
<trkpt lat="45.176810" lon="6.435730"><ele>1485.0</ele></trkpt>
<trkpt lat="45.176850" lon="6.436020"><ele>1487.0</ele></trkpt>
<trkpt lat="45.176970" lon="6.436720"><ele>1490.0</ele></trkpt>
<trkpt lat="45.177030" lon="6.437020"><ele>1493.0</ele></trkpt>
<trkpt lat="45.177070" lon="6.437170"><ele>1496.0</ele></trkpt>
<trkpt lat="45.177090" lon="6.437260"><ele>1498.0</ele></trkpt>
<trkpt lat="45.177130" lon="6.437370"><ele>1499.0</ele></trkpt>
<trkpt lat="45.177190" lon="6.437480"><ele>1500.0</ele></trkpt>
<trkpt lat="45.177260" lon="6.437600"><ele>1502.0</ele></trkpt>
<trkpt lat="45.177300" lon="6.437660"><ele>1502.0</ele></trkpt>
<trkpt lat="45.177370" lon="6.437770"><ele>1503.0</ele></trkpt>
<trkpt lat="45.177550" lon="6.438020"><ele>1505.0</ele></trkpt>
<trkpt lat="45.177560" lon="6.438020"><ele>1506.0</ele></trkpt>
<trkpt lat="45.177640" lon="6.438130"><ele>1507.0</ele></trkpt>
<trkpt lat="45.177940" lon="6.438520"><ele>1509.0</ele></trkpt>
<trkpt lat="45.177950" lon="6.438540"><ele>1510.0</ele></trkpt>
<trkpt lat="45.178120" lon="6.438780"><ele>1512.0</ele></trkpt>
<trkpt lat="45.178240" lon="6.438930"><ele>1513.0</ele></trkpt>
<trkpt lat="45.178350" lon="6.439050"><ele>1514.0</ele></trkpt>
<trkpt lat="45.178350" lon="6.439060"><ele>1515.0</ele></trkpt>
<trkpt lat="45.178450" lon="6.439140"><ele>1516.0</ele></trkpt>
<trkpt lat="45.178590" lon="6.439190"><ele>1516.0</ele></trkpt>
<trkpt lat="45.178680" lon="6.439210"><ele>1517.0</ele></trkpt>
<trkpt lat="45.178690" lon="6.439210"><ele>1517.0</ele></trkpt>
<trkpt lat="45.178850" lon="6.439240"><ele>1517.0</ele></trkpt>
<trkpt lat="45.178860" lon="6.439240"><ele>1518.0</ele></trkpt>
<trkpt lat="45.179040" lon="6.439270"><ele>1518.0</ele></trkpt>
<trkpt lat="45.179150" lon="6.439290"><ele>1518.0</ele></trkpt>
<trkpt lat="45.179390" lon="6.439340"><ele>1518.0</ele></trkpt>
<trkpt lat="45.179400" lon="6.439340"><ele>1519.0</ele></trkpt>
<trkpt lat="45.179570" lon="6.439330"><ele>1519.0</ele></trkpt>
<trkpt lat="45.179580" lon="6.439320"><ele>1519.0</ele></trkpt>
<trkpt lat="45.179760" lon="6.439310"><ele>1519.0</ele></trkpt>
<trkpt lat="45.179790" lon="6.439310"><ele>1520.0</ele></trkpt>
<trkpt lat="45.179920" lon="6.439290"><ele>1520.0</ele></trkpt>
<trkpt lat="45.179980" lon="6.439290"><ele>1520.0</ele></trkpt>
<trkpt lat="45.180020" lon="6.439290"><ele>1520.0</ele></trkpt>
<trkpt lat="45.180100" lon="6.439310"><ele>1520.0</ele></trkpt>
<trkpt lat="45.180180" lon="6.439340"><ele>1521.0</ele></trkpt>
<trkpt lat="45.180270" lon="6.439420"><ele>1521.0</ele></trkpt>
<trkpt lat="45.180270" lon="6.439430"><ele>1521.0</ele></trkpt>
<trkpt lat="45.180280" lon="6.439430"><ele>1521.0</ele></trkpt>
<trkpt lat="45.180370" lon="6.439520"><ele>1521.0</ele></trkpt>
<trkpt lat="45.180450" lon="6.439620"><ele>1522.0</ele></trkpt>
<trkpt lat="45.180550" lon="6.439670"><ele>1522.0</ele></trkpt>
<trkpt lat="45.180680" lon="6.439660"><ele>1522.0</ele></trkpt>
<trkpt lat="45.180760" lon="6.439630"><ele>1522.0</ele></trkpt>
<trkpt lat="45.180930" lon="6.439560"><ele>1523.0</ele></trkpt>
<trkpt lat="45.181220" lon="6.439440"><ele>1523.0</ele></trkpt>
<trkpt lat="45.181620" lon="6.439270"><ele>1524.0</ele></trkpt>
<trkpt lat="45.182140" lon="6.439050"><ele>1525.0</ele></trkpt>
<trkpt lat="45.182450" lon="6.438920"><ele>1525.0</ele></trkpt>
<trkpt lat="45.182630" lon="6.438890"><ele>1525.0</ele></trkpt>
<trkpt lat="45.182660" lon="6.438900"><ele>1525.0</ele></trkpt>
<trkpt lat="45.182890" lon="6.438950"><ele>1525.0</ele></trkpt>
<trkpt lat="45.183120" lon="6.439000"><ele>1524.0</ele></trkpt>
<trkpt lat="45.183260" lon="6.439000"><ele>1524.0</ele></trkpt>
<trkpt lat="45.183370" lon="6.438950"><ele>1523.0</ele></trkpt>
<trkpt lat="45.183380" lon="6.438940"><ele>1523.0</ele></trkpt>
<trkpt lat="45.183540" lon="6.438800"><ele>1523.0</ele></trkpt>
<trkpt lat="45.183710" lon="6.438590"><ele>1522.0</ele></trkpt>
<trkpt lat="45.183830" lon="6.438490"><ele>1521.0</ele></trkpt>
<trkpt lat="45.184050" lon="6.438420"><ele>1522.0</ele></trkpt>
<trkpt lat="45.184360" lon="6.438350"><ele>1522.0</ele></trkpt>
<trkpt lat="45.184620" lon="6.438340"><ele>1523.0</ele></trkpt>
<trkpt lat="45.184900" lon="6.438400"><ele>1525.0</ele></trkpt>
<trkpt lat="45.185130" lon="6.438470"><ele>1526.0</ele></trkpt>
<trkpt lat="45.185200" lon="6.438520"><ele>1527.0</ele></trkpt>
<trkpt lat="45.185300" lon="6.438570"><ele>1528.0</ele></trkpt>
<trkpt lat="45.185360" lon="6.438630"><ele>1529.0</ele></trkpt>
<trkpt lat="45.185420" lon="6.438680"><ele>1529.0</ele></trkpt>
<trkpt lat="45.185530" lon="6.438770"><ele>1530.0</ele></trkpt>
<trkpt lat="45.185660" lon="6.438890"><ele>1531.0</ele></trkpt>
<trkpt lat="45.185730" lon="6.438950"><ele>1531.0</ele></trkpt>
<trkpt lat="45.185730" lon="6.438960"><ele>1532.0</ele></trkpt>
<trkpt lat="45.185820" lon="6.439010"><ele>1532.0</ele></trkpt>
<trkpt lat="45.185890" lon="6.439050"><ele>1532.0</ele></trkpt>
<trkpt lat="45.185960" lon="6.439100"><ele>1532.0</ele></trkpt>
<trkpt lat="45.186330" lon="6.439280"><ele>1532.0</ele></trkpt>
<trkpt lat="45.186510" lon="6.439360"><ele>1531.0</ele></trkpt>
<trkpt lat="45.186560" lon="6.439370"><ele>1531.0</ele></trkpt>
<trkpt lat="45.186670" lon="6.439390"><ele>1531.0</ele></trkpt>
<trkpt lat="45.186710" lon="6.439390"><ele>1531.0</ele></trkpt>
<trkpt lat="45.187000" lon="6.439410"><ele>1531.0</ele></trkpt>
<trkpt lat="45.187030" lon="6.439420"><ele>1530.0</ele></trkpt>
<trkpt lat="45.187210" lon="6.439450"><ele>1530.0</ele></trkpt>
<trkpt lat="45.187270" lon="6.439460"><ele>1530.0</ele></trkpt>
<trkpt lat="45.187390" lon="6.439500"><ele>1530.0</ele></trkpt>
<trkpt lat="45.187560" lon="6.439560"><ele>1530.0</ele></trkpt>
<trkpt lat="45.187660" lon="6.439590"><ele>1531.0</ele></trkpt>
<trkpt lat="45.187910" lon="6.439670"><ele>1531.0</ele></trkpt>
<trkpt lat="45.188260" lon="6.439790"><ele>1533.0</ele></trkpt>
<trkpt lat="45.188350" lon="6.439820"><ele>1534.0</ele></trkpt>
<trkpt lat="45.188440" lon="6.439850"><ele>1535.0</ele></trkpt>
<trkpt lat="45.188610" lon="6.439910"><ele>1536.0</ele></trkpt>
<trkpt lat="45.188650" lon="6.439920"><ele>1537.0</ele></trkpt>
<trkpt lat="45.188780" lon="6.439990"><ele>1538.0</ele></trkpt>
<trkpt lat="45.188810" lon="6.440000"><ele>1538.0</ele></trkpt>
<trkpt lat="45.189010" lon="6.440180"><ele>1539.0</ele></trkpt>
<trkpt lat="45.189330" lon="6.440450"><ele>1541.0</ele></trkpt>
<trkpt lat="45.189410" lon="6.440490"><ele>1541.0</ele></trkpt>
<trkpt lat="45.189440" lon="6.440520"><ele>1542.0</ele></trkpt>
<trkpt lat="45.189580" lon="6.440550"><ele>1542.0</ele></trkpt>
<trkpt lat="45.189650" lon="6.440570"><ele>1541.0</ele></trkpt>
<trkpt lat="45.189830" lon="6.440610"><ele>1541.0</ele></trkpt>
<trkpt lat="45.189940" lon="6.440590"><ele>1540.0</ele></trkpt>
<trkpt lat="45.190050" lon="6.440580"><ele>1539.0</ele></trkpt>
<trkpt lat="45.190120" lon="6.440560"><ele>1538.0</ele></trkpt>
<trkpt lat="45.190220" lon="6.440520"><ele>1537.0</ele></trkpt>
<trkpt lat="45.190440" lon="6.440490"><ele>1536.0</ele></trkpt>
<trkpt lat="45.190470" lon="6.440480"><ele>1535.0</ele></trkpt>
<trkpt lat="45.190650" lon="6.440470"><ele>1534.0</ele></trkpt>
<trkpt lat="45.190720" lon="6.440460"><ele>1533.0</ele></trkpt>
<trkpt lat="45.190920" lon="6.440460"><ele>1532.0</ele></trkpt>
<trkpt lat="45.191010" lon="6.440470"><ele>1531.0</ele></trkpt>
<trkpt lat="45.191050" lon="6.440480"><ele>1530.0</ele></trkpt>
<trkpt lat="45.191180" lon="6.440530"><ele>1529.0</ele></trkpt>
<trkpt lat="45.191310" lon="6.440570"><ele>1529.0</ele></trkpt>
<trkpt lat="45.191500" lon="6.440640"><ele>1530.0</ele></trkpt>
<trkpt lat="45.191710" lon="6.440660"><ele>1531.0</ele></trkpt>
<trkpt lat="45.191750" lon="6.440670"><ele>1532.0</ele></trkpt>
<trkpt lat="45.191890" lon="6.440680"><ele>1533.0</ele></trkpt>
<trkpt lat="45.192000" lon="6.440680"><ele>1534.0</ele></trkpt>
<trkpt lat="45.192070" lon="6.440700"><ele>1535.0</ele></trkpt>
<trkpt lat="45.192260" lon="6.440750"><ele>1536.0</ele></trkpt>
<trkpt lat="45.192450" lon="6.440830"><ele>1538.0</ele></trkpt>
<trkpt lat="45.192590" lon="6.440920"><ele>1540.0</ele></trkpt>
<trkpt lat="45.192690" lon="6.441030"><ele>1541.0</ele></trkpt>
<trkpt lat="45.192720" lon="6.441080"><ele>1542.0</ele></trkpt>
<trkpt lat="45.192790" lon="6.441170"><ele>1543.0</ele></trkpt>
<trkpt lat="45.192860" lon="6.441240"><ele>1544.0</ele></trkpt>
<trkpt lat="45.192950" lon="6.441340"><ele>1545.0</ele></trkpt>
<trkpt lat="45.193110" lon="6.441470"><ele>1545.0</ele></trkpt>
<trkpt lat="45.193250" lon="6.441560"><ele>1545.0</ele></trkpt>
<trkpt lat="45.193410" lon="6.441620"><ele>1545.0</ele></trkpt>
<trkpt lat="45.193510" lon="6.441670"><ele>1545.0</ele></trkpt>
<trkpt lat="45.193640" lon="6.441730"><ele>1545.0</ele></trkpt>
<trkpt lat="45.193680" lon="6.441750"><ele>1545.0</ele></trkpt>
<trkpt lat="45.193850" lon="6.441830"><ele>1544.0</ele></trkpt>
<trkpt lat="45.193910" lon="6.441860"><ele>1544.0</ele></trkpt>
<trkpt lat="45.194070" lon="6.441890"><ele>1544.0</ele></trkpt>
<trkpt lat="45.194260" lon="6.441910"><ele>1543.0</ele></trkpt>
<trkpt lat="45.194740" lon="6.441910"><ele>1543.0</ele></trkpt>
<trkpt lat="45.194920" lon="6.441920"><ele>1543.0</ele></trkpt>
<trkpt lat="45.195030" lon="6.441950"><ele>1543.0</ele></trkpt>
<trkpt lat="45.195140" lon="6.441990"><ele>1543.0</ele></trkpt>
<trkpt lat="45.195260" lon="6.442050"><ele>1543.0</ele></trkpt>
<trkpt lat="45.195400" lon="6.442130"><ele>1544.0</ele></trkpt>
<trkpt lat="45.195440" lon="6.442160"><ele>1544.0</ele></trkpt>
<trkpt lat="45.195520" lon="6.442220"><ele>1545.0</ele></trkpt>
<trkpt lat="45.195600" lon="6.442270"><ele>1545.0</ele></trkpt>
<trkpt lat="45.195620" lon="6.442290"><ele>1545.0</ele></trkpt>
<trkpt lat="45.195750" lon="6.442330"><ele>1546.0</ele></trkpt>
<trkpt lat="45.195940" lon="6.442400"><ele>1547.0</ele></trkpt>
<trkpt lat="45.196130" lon="6.442440"><ele>1547.0</ele></trkpt>
<trkpt lat="45.196280" lon="6.442460"><ele>1548.0</ele></trkpt>
<trkpt lat="45.196300" lon="6.442460"><ele>1549.0</ele></trkpt>
<trkpt lat="45.196400" lon="6.442450"><ele>1549.0</ele></trkpt>
<trkpt lat="45.196480" lon="6.442440"><ele>1550.0</ele></trkpt>
<trkpt lat="45.196530" lon="6.442440"><ele>1550.0</ele></trkpt>
<trkpt lat="45.196680" lon="6.442430"><ele>1550.0</ele></trkpt>
<trkpt lat="45.196800" lon="6.442430"><ele>1550.0</ele></trkpt>
<trkpt lat="45.196990" lon="6.442460"><ele>1550.0</ele></trkpt>
<trkpt lat="45.197150" lon="6.442510"><ele>1550.0</ele></trkpt>
<trkpt lat="45.197340" lon="6.442580"><ele>1550.0</ele></trkpt>
<trkpt lat="45.197500" lon="6.442610"><ele>1550.0</ele></trkpt>
<trkpt lat="45.197550" lon="6.442620"><ele>1550.0</ele></trkpt>
<trkpt lat="45.197590" lon="6.442620"><ele>1550.0</ele></trkpt>
<trkpt lat="45.197670" lon="6.442630"><ele>1550.0</ele></trkpt>
<trkpt lat="45.197730" lon="6.442630"><ele>1550.0</ele></trkpt>
<trkpt lat="45.197760" lon="6.442630"><ele>1550.0</ele></trkpt>
<trkpt lat="45.197840" lon="6.442630"><ele>1550.0</ele></trkpt>
<trkpt lat="45.197910" lon="6.442630"><ele>1550.0</ele></trkpt>
<trkpt lat="45.198080" lon="6.442650"><ele>1550.0</ele></trkpt>
<trkpt lat="45.198220" lon="6.442690"><ele>1550.0</ele></trkpt>
<trkpt lat="45.198260" lon="6.442710"><ele>1550.0</ele></trkpt>
<trkpt lat="45.198440" lon="6.442800"><ele>1551.0</ele></trkpt>
<trkpt lat="45.198840" lon="6.443010"><ele>1551.0</ele></trkpt>
<trkpt lat="45.199120" lon="6.443170"><ele>1551.0</ele></trkpt>
<trkpt lat="45.199270" lon="6.443240"><ele>1551.0</ele></trkpt>
<trkpt lat="45.199440" lon="6.443320"><ele>1551.0</ele></trkpt>
<trkpt lat="45.199590" lon="6.443380"><ele>1551.0</ele></trkpt>
<trkpt lat="45.199790" lon="6.443470"><ele>1551.0</ele></trkpt>
<trkpt lat="45.199810" lon="6.443490"><ele>1551.0</ele></trkpt>
<trkpt lat="45.199960" lon="6.443550"><ele>1551.0</ele></trkpt>
<trkpt lat="45.200130" lon="6.443620"><ele>1551.0</ele></trkpt>
<trkpt lat="45.200300" lon="6.443690"><ele>1551.0</ele></trkpt>
<trkpt lat="45.200310" lon="6.443700"><ele>1551.0</ele></trkpt>
<trkpt lat="45.200470" lon="6.443770"><ele>1550.0</ele></trkpt>
<trkpt lat="45.200650" lon="6.443850"><ele>1550.0</ele></trkpt>
<trkpt lat="45.200830" lon="6.443940"><ele>1549.0</ele></trkpt>
<trkpt lat="45.201010" lon="6.444020"><ele>1549.0</ele></trkpt>
<trkpt lat="45.201120" lon="6.444050"><ele>1548.0</ele></trkpt>
<trkpt lat="45.201160" lon="6.444040"><ele>1548.0</ele></trkpt>
<trkpt lat="45.201210" lon="6.444030"><ele>1548.0</ele></trkpt>
<trkpt lat="45.201320" lon="6.443960"><ele>1547.0</ele></trkpt>
<trkpt lat="45.201330" lon="6.443950"><ele>1547.0</ele></trkpt>
<trkpt lat="45.201400" lon="6.443910"><ele>1547.0</ele></trkpt>
<trkpt lat="45.201470" lon="6.443900"><ele>1547.0</ele></trkpt>
<trkpt lat="45.201500" lon="6.443910"><ele>1547.0</ele></trkpt>
<trkpt lat="45.201540" lon="6.443920"><ele>1546.0</ele></trkpt>
<trkpt lat="45.201680" lon="6.443980"><ele>1546.0</ele></trkpt>
<trkpt lat="45.201790" lon="6.444030"><ele>1546.0</ele></trkpt>
<trkpt lat="45.201850" lon="6.444050"><ele>1546.0</ele></trkpt>
<trkpt lat="45.201980" lon="6.444090"><ele>1547.0</ele></trkpt>
<trkpt lat="45.202020" lon="6.444110"><ele>1547.0</ele></trkpt>
<trkpt lat="45.202450" lon="6.444250"><ele>1548.0</ele></trkpt>
<trkpt lat="45.202610" lon="6.444380"><ele>1549.0</ele></trkpt>
<trkpt lat="45.202690" lon="6.444510"><ele>1550.0</ele></trkpt>
<trkpt lat="45.202700" lon="6.444550"><ele>1551.0</ele></trkpt>
<trkpt lat="45.202710" lon="6.444610"><ele>1551.0</ele></trkpt>
<trkpt lat="45.202710" lon="6.444680"><ele>1552.0</ele></trkpt>
<trkpt lat="45.202690" lon="6.444740"><ele>1552.0</ele></trkpt>
<trkpt lat="45.202660" lon="6.444820"><ele>1553.0</ele></trkpt>
<trkpt lat="45.202640" lon="6.444850"><ele>1553.0</ele></trkpt>
<trkpt lat="45.202620" lon="6.444870"><ele>1553.0</ele></trkpt>
<trkpt lat="45.202560" lon="6.444910"><ele>1554.0</ele></trkpt>
<trkpt lat="45.202500" lon="6.444950"><ele>1554.0</ele></trkpt>
<trkpt lat="45.202400" lon="6.445010"><ele>1554.0</ele></trkpt>
<trkpt lat="45.201910" lon="6.445330"><ele>1556.0</ele></trkpt>
<trkpt lat="45.201890" lon="6.445340"><ele>1557.0</ele></trkpt>
<trkpt lat="45.201750" lon="6.445370"><ele>1557.0</ele></trkpt>
<trkpt lat="45.201730" lon="6.445370"><ele>1558.0</ele></trkpt>
<trkpt lat="45.201570" lon="6.445350"><ele>1558.0</ele></trkpt>
<trkpt lat="45.201460" lon="6.445320"><ele>1558.0</ele></trkpt>
<trkpt lat="45.201380" lon="6.445310"><ele>1559.0</ele></trkpt>
<trkpt lat="45.201350" lon="6.445320"><ele>1559.0</ele></trkpt>
<trkpt lat="45.201310" lon="6.445370"><ele>1559.0</ele></trkpt>
<trkpt lat="45.201230" lon="6.445450"><ele>1559.0</ele></trkpt>
<trkpt lat="45.201170" lon="6.445530"><ele>1559.0</ele></trkpt>
<trkpt lat="45.201090" lon="6.445610"><ele>1559.0</ele></trkpt>
<trkpt lat="45.201080" lon="6.445620"><ele>1559.0</ele></trkpt>
<trkpt lat="45.201030" lon="6.445650"><ele>1559.0</ele></trkpt>
<trkpt lat="45.200970" lon="6.445640"><ele>1559.0</ele></trkpt>
<trkpt lat="45.200920" lon="6.445600"><ele>1560.0</ele></trkpt>
<trkpt lat="45.200810" lon="6.445520"><ele>1560.0</ele></trkpt>
<trkpt lat="45.200770" lon="6.445470"><ele>1560.0</ele></trkpt>
<trkpt lat="45.200650" lon="6.445340"><ele>1560.0</ele></trkpt>
<trkpt lat="45.200550" lon="6.445300"><ele>1560.0</ele></trkpt>
<trkpt lat="45.200350" lon="6.445240"><ele>1560.0</ele></trkpt>
<trkpt lat="45.200270" lon="6.445220"><ele>1560.0</ele></trkpt>
<trkpt lat="45.200110" lon="6.445200"><ele>1560.0</ele></trkpt>
<trkpt lat="45.200090" lon="6.445190"><ele>1559.0</ele></trkpt>
<trkpt lat="45.200020" lon="6.445190"><ele>1559.0</ele></trkpt>
<trkpt lat="45.199960" lon="6.445200"><ele>1559.0</ele></trkpt>
<trkpt lat="45.199910" lon="6.445230"><ele>1558.0</ele></trkpt>
<trkpt lat="45.199900" lon="6.445240"><ele>1558.0</ele></trkpt>
<trkpt lat="45.199840" lon="6.445320"><ele>1557.0</ele></trkpt>
<trkpt lat="45.199760" lon="6.445510"><ele>1556.0</ele></trkpt>
<trkpt lat="45.199670" lon="6.445700"><ele>1555.0</ele></trkpt>
<trkpt lat="45.199610" lon="6.445860"><ele>1554.0</ele></trkpt>
<trkpt lat="45.199600" lon="6.445880"><ele>1553.0</ele></trkpt>
<trkpt lat="45.199550" lon="6.445970"><ele>1553.0</ele></trkpt>
<trkpt lat="45.199500" lon="6.446020"><ele>1552.0</ele></trkpt>
<trkpt lat="45.199480" lon="6.446030"><ele>1551.0</ele></trkpt>
<trkpt lat="45.199420" lon="6.446030"><ele>1551.0</ele></trkpt>
<trkpt lat="45.199370" lon="6.446010"><ele>1550.0</ele></trkpt>
<trkpt lat="45.199300" lon="6.445980"><ele>1550.0</ele></trkpt>
<trkpt lat="45.199250" lon="6.445970"><ele>1549.0</ele></trkpt>
<trkpt lat="45.199140" lon="6.445890"><ele>1548.0</ele></trkpt>
<trkpt lat="45.199000" lon="6.445810"><ele>1548.0</ele></trkpt>
<trkpt lat="45.198800" lon="6.445670"><ele>1546.0</ele></trkpt>
<trkpt lat="45.198690" lon="6.445620"><ele>1545.0</ele></trkpt>
<trkpt lat="45.198600" lon="6.445600"><ele>1545.0</ele></trkpt>
<trkpt lat="45.198530" lon="6.445590"><ele>1544.0</ele></trkpt>
<trkpt lat="45.198440" lon="6.445610"><ele>1544.0</ele></trkpt>
<trkpt lat="45.198290" lon="6.445650"><ele>1544.0</ele></trkpt>
<trkpt lat="45.198280" lon="6.445650"><ele>1543.0</ele></trkpt>
<trkpt lat="45.198020" lon="6.445740"><ele>1543.0</ele></trkpt>
<trkpt lat="45.197880" lon="6.445780"><ele>1543.0</ele></trkpt>
<trkpt lat="45.197730" lon="6.445800"><ele>1543.0</ele></trkpt>
<trkpt lat="45.197520" lon="6.445810"><ele>1542.0</ele></trkpt>
<trkpt lat="45.197330" lon="6.445790"><ele>1542.0</ele></trkpt>
<trkpt lat="45.197210" lon="6.445780"><ele>1542.0</ele></trkpt>
<trkpt lat="45.197190" lon="6.445780"><ele>1542.0</ele></trkpt>
<trkpt lat="45.197060" lon="6.445780"><ele>1542.0</ele></trkpt>
<trkpt lat="45.197030" lon="6.445790"><ele>1542.0</ele></trkpt>
<trkpt lat="45.196980" lon="6.445800"><ele>1542.0</ele></trkpt>
<trkpt lat="45.196930" lon="6.445820"><ele>1541.0</ele></trkpt>
<trkpt lat="45.196740" lon="6.445920"><ele>1540.0</ele></trkpt>
<trkpt lat="45.196620" lon="6.445990"><ele>1538.0</ele></trkpt>
<trkpt lat="45.196530" lon="6.446050"><ele>1537.0</ele></trkpt>
<trkpt lat="45.196440" lon="6.446100"><ele>1535.0</ele></trkpt>
<trkpt lat="45.196320" lon="6.446190"><ele>1533.0</ele></trkpt>
<trkpt lat="45.196260" lon="6.446280"><ele>1531.0</ele></trkpt>
<trkpt lat="45.196230" lon="6.446320"><ele>1530.0</ele></trkpt>
<trkpt lat="45.196160" lon="6.446420"><ele>1528.0</ele></trkpt>
<trkpt lat="45.196110" lon="6.446520"><ele>1527.0</ele></trkpt>
<trkpt lat="45.196070" lon="6.446600"><ele>1525.0</ele></trkpt>
<trkpt lat="45.195990" lon="6.446750"><ele>1524.0</ele></trkpt>
<trkpt lat="45.195910" lon="6.446870"><ele>1522.0</ele></trkpt>
<trkpt lat="45.195800" lon="6.446980"><ele>1520.0</ele></trkpt>
<trkpt lat="45.195740" lon="6.447030"><ele>1518.0</ele></trkpt>
<trkpt lat="45.195730" lon="6.447040"><ele>1517.0</ele></trkpt>
<trkpt lat="45.195600" lon="6.447130"><ele>1515.0</ele></trkpt>
<trkpt lat="45.195560" lon="6.447150"><ele>1514.0</ele></trkpt>
<trkpt lat="45.195510" lon="6.447180"><ele>1513.0</ele></trkpt>
<trkpt lat="45.195400" lon="6.447260"><ele>1512.0</ele></trkpt>
<trkpt lat="45.195390" lon="6.447270"><ele>1511.0</ele></trkpt>
<trkpt lat="45.195290" lon="6.447390"><ele>1510.0</ele></trkpt>
<trkpt lat="45.195210" lon="6.447510"><ele>1509.0</ele></trkpt>
<trkpt lat="45.195130" lon="6.447630"><ele>1507.0</ele></trkpt>
<trkpt lat="45.195070" lon="6.447780"><ele>1506.0</ele></trkpt>
<trkpt lat="45.195050" lon="6.447830"><ele>1505.0</ele></trkpt>
<trkpt lat="45.195020" lon="6.447920"><ele>1504.0</ele></trkpt>
<trkpt lat="45.195010" lon="6.448010"><ele>1503.0</ele></trkpt>
<trkpt lat="45.195010" lon="6.448080"><ele>1503.0</ele></trkpt>
<trkpt lat="45.195010" lon="6.448190"><ele>1502.0</ele></trkpt>
<trkpt lat="45.195010" lon="6.448330"><ele>1501.0</ele></trkpt>
<trkpt lat="45.195030" lon="6.448660"><ele>1500.0</ele></trkpt>
<trkpt lat="45.195030" lon="6.448740"><ele>1498.0</ele></trkpt>
<trkpt lat="45.195020" lon="6.448830"><ele>1497.0</ele></trkpt>
<trkpt lat="45.195020" lon="6.448920"><ele>1497.0</ele></trkpt>
<trkpt lat="45.195010" lon="6.449010"><ele>1496.0</ele></trkpt>
<trkpt lat="45.194990" lon="6.449070"><ele>1495.0</ele></trkpt>
<trkpt lat="45.194980" lon="6.449120"><ele>1494.0</ele></trkpt>
<trkpt lat="45.194970" lon="6.449170"><ele>1494.0</ele></trkpt>
<trkpt lat="45.194940" lon="6.449250"><ele>1493.0</ele></trkpt>
<trkpt lat="45.194930" lon="6.449290"><ele>1493.0</ele></trkpt>
<trkpt lat="45.194890" lon="6.449370"><ele>1492.0</ele></trkpt>
<trkpt lat="45.194870" lon="6.449410"><ele>1492.0</ele></trkpt>
<trkpt lat="45.194220" lon="6.450630"><ele>1489.0</ele></trkpt>
<trkpt lat="45.194110" lon="6.450830"><ele>1487.0</ele></trkpt>
<trkpt lat="45.193920" lon="6.451170"><ele>1485.0</ele></trkpt>
<trkpt lat="45.193880" lon="6.451260"><ele>1483.0</ele></trkpt>
<trkpt lat="45.193790" lon="6.451420"><ele>1482.0</ele></trkpt>
<trkpt lat="45.193780" lon="6.451440"><ele>1481.0</ele></trkpt>
<trkpt lat="45.193750" lon="6.451510"><ele>1481.0</ele></trkpt>
<trkpt lat="45.193690" lon="6.451640"><ele>1481.0</ele></trkpt>
<trkpt lat="45.193620" lon="6.451870"><ele>1481.0</ele></trkpt>
<trkpt lat="45.193620" lon="6.451890"><ele>1481.0</ele></trkpt>
<trkpt lat="45.193580" lon="6.452020"><ele>1481.0</ele></trkpt>
<trkpt lat="45.193540" lon="6.452210"><ele>1482.0</ele></trkpt>
<trkpt lat="45.193520" lon="6.452300"><ele>1482.0</ele></trkpt>
<trkpt lat="45.193510" lon="6.452380"><ele>1483.0</ele></trkpt>
<trkpt lat="45.193500" lon="6.452460"><ele>1483.0</ele></trkpt>
<trkpt lat="45.193510" lon="6.452540"><ele>1483.0</ele></trkpt>
<trkpt lat="45.193510" lon="6.452660"><ele>1484.0</ele></trkpt>
<trkpt lat="45.193540" lon="6.452830"><ele>1484.0</ele></trkpt>
<trkpt lat="45.193550" lon="6.452880"><ele>1485.0</ele></trkpt>
<trkpt lat="45.193560" lon="6.452910"><ele>1485.0</ele></trkpt>
<trkpt lat="45.193590" lon="6.452980"><ele>1485.0</ele></trkpt>
<trkpt lat="45.193620" lon="6.453050"><ele>1486.0</ele></trkpt>
<trkpt lat="45.193660" lon="6.453110"><ele>1486.0</ele></trkpt>
<trkpt lat="45.193680" lon="6.453140"><ele>1486.0</ele></trkpt>
<trkpt lat="45.193710" lon="6.453180"><ele>1486.0</ele></trkpt>
<trkpt lat="45.193740" lon="6.453220"><ele>1487.0</ele></trkpt>
<trkpt lat="45.193770" lon="6.453270"><ele>1487.0</ele></trkpt>
<trkpt lat="45.193770" lon="6.453280"><ele>1487.0</ele></trkpt>
<trkpt lat="45.193800" lon="6.453320"><ele>1487.0</ele></trkpt>
<trkpt lat="45.193830" lon="6.453380"><ele>1488.0</ele></trkpt>
<trkpt lat="45.193850" lon="6.453430"><ele>1488.0</ele></trkpt>
<trkpt lat="45.193870" lon="6.453490"><ele>1488.0</ele></trkpt>
<trkpt lat="45.193870" lon="6.453500"><ele>1488.0</ele></trkpt>
<trkpt lat="45.193880" lon="6.453570"><ele>1488.0</ele></trkpt>
<trkpt lat="45.193900" lon="6.453640"><ele>1489.0</ele></trkpt>
<trkpt lat="45.193920" lon="6.453710"><ele>1489.0</ele></trkpt>
<trkpt lat="45.193930" lon="6.453730"><ele>1489.0</ele></trkpt>
<trkpt lat="45.193950" lon="6.453780"><ele>1489.0</ele></trkpt>
<trkpt lat="45.193980" lon="6.453850"><ele>1489.0</ele></trkpt>
<trkpt lat="45.194040" lon="6.453980"><ele>1488.0</ele></trkpt>
<trkpt lat="45.194130" lon="6.454100"><ele>1488.0</ele></trkpt>
<trkpt lat="45.194150" lon="6.454130"><ele>1487.0</ele></trkpt>
<trkpt lat="45.194170" lon="6.454160"><ele>1486.0</ele></trkpt>
<trkpt lat="45.194210" lon="6.454220"><ele>1486.0</ele></trkpt>
<trkpt lat="45.194260" lon="6.454280"><ele>1485.0</ele></trkpt>
<trkpt lat="45.194280" lon="6.454310"><ele>1485.0</ele></trkpt>
<trkpt lat="45.194300" lon="6.454340"><ele>1484.0</ele></trkpt>
<trkpt lat="45.194330" lon="6.454410"><ele>1484.0</ele></trkpt>
<trkpt lat="45.194370" lon="6.454480"><ele>1483.0</ele></trkpt>
<trkpt lat="45.194380" lon="6.454520"><ele>1483.0</ele></trkpt>
<trkpt lat="45.194400" lon="6.454570"><ele>1482.0</ele></trkpt>
<trkpt lat="45.194430" lon="6.454650"><ele>1482.0</ele></trkpt>
<trkpt lat="45.194460" lon="6.454730"><ele>1481.0</ele></trkpt>
<trkpt lat="45.194470" lon="6.454740"><ele>1481.0</ele></trkpt>
<trkpt lat="45.194480" lon="6.454810"><ele>1480.0</ele></trkpt>
<trkpt lat="45.194510" lon="6.454900"><ele>1480.0</ele></trkpt>
<trkpt lat="45.194530" lon="6.454990"><ele>1479.0</ele></trkpt>
<trkpt lat="45.194590" lon="6.455320"><ele>1478.0</ele></trkpt>
<trkpt lat="45.194590" lon="6.455390"><ele>1477.0</ele></trkpt>
<trkpt lat="45.194600" lon="6.455470"><ele>1476.0</ele></trkpt>
<trkpt lat="45.194600" lon="6.455510"><ele>1476.0</ele></trkpt>
<trkpt lat="45.194590" lon="6.455590"><ele>1475.0</ele></trkpt>
<trkpt lat="45.194570" lon="6.455670"><ele>1474.0</ele></trkpt>
<trkpt lat="45.194550" lon="6.455750"><ele>1474.0</ele></trkpt>
<trkpt lat="45.194520" lon="6.455870"><ele>1473.0</ele></trkpt>
<trkpt lat="45.194510" lon="6.455940"><ele>1472.0</ele></trkpt>
<trkpt lat="45.194500" lon="6.456000"><ele>1472.0</ele></trkpt>
<trkpt lat="45.194500" lon="6.456050"><ele>1471.0</ele></trkpt>
<trkpt lat="45.194500" lon="6.456120"><ele>1471.0</ele></trkpt>
<trkpt lat="45.194510" lon="6.456190"><ele>1470.0</ele></trkpt>
<trkpt lat="45.194520" lon="6.456220"><ele>1470.0</ele></trkpt>
<trkpt lat="45.194530" lon="6.456260"><ele>1469.0</ele></trkpt>
<trkpt lat="45.194560" lon="6.456340"><ele>1468.0</ele></trkpt>
<trkpt lat="45.194610" lon="6.456440"><ele>1468.0</ele></trkpt>
<trkpt lat="45.194640" lon="6.456490"><ele>1467.0</ele></trkpt>
<trkpt lat="45.194690" lon="6.456620"><ele>1466.0</ele></trkpt>
<trkpt lat="45.194720" lon="6.456680"><ele>1465.0</ele></trkpt>
<trkpt lat="45.194760" lon="6.456820"><ele>1464.0</ele></trkpt>
<trkpt lat="45.194770" lon="6.456920"><ele>1463.0</ele></trkpt>
<trkpt lat="45.194780" lon="6.457020"><ele>1463.0</ele></trkpt>
<trkpt lat="45.194780" lon="6.457090"><ele>1462.0</ele></trkpt>
<trkpt lat="45.194780" lon="6.457150"><ele>1461.0</ele></trkpt>
<trkpt lat="45.194750" lon="6.457370"><ele>1460.0</ele></trkpt>
<trkpt lat="45.194730" lon="6.457500"><ele>1459.0</ele></trkpt>
<trkpt lat="45.194700" lon="6.457610"><ele>1458.0</ele></trkpt>
<trkpt lat="45.194670" lon="6.457740"><ele>1456.0</ele></trkpt>
<trkpt lat="45.194660" lon="6.457810"><ele>1455.0</ele></trkpt>
<trkpt lat="45.194640" lon="6.457900"><ele>1455.0</ele></trkpt>
<trkpt lat="45.194640" lon="6.457970"><ele>1454.0</ele></trkpt>
<trkpt lat="45.194640" lon="6.457990"><ele>1453.0</ele></trkpt>
<trkpt lat="45.194650" lon="6.458030"><ele>1453.0</ele></trkpt>
<trkpt lat="45.194670" lon="6.458080"><ele>1452.0</ele></trkpt>
<trkpt lat="45.194720" lon="6.458150"><ele>1451.0</ele></trkpt>
<trkpt lat="45.194800" lon="6.458160"><ele>1451.0</ele></trkpt>
<trkpt lat="45.194930" lon="6.458180"><ele>1450.0</ele></trkpt>
<trkpt lat="45.195070" lon="6.458170"><ele>1448.0</ele></trkpt>
<trkpt lat="45.195080" lon="6.458170"><ele>1448.0</ele></trkpt>
<trkpt lat="45.195240" lon="6.458170"><ele>1447.0</ele></trkpt>
<trkpt lat="45.195290" lon="6.458180"><ele>1446.0</ele></trkpt>
<trkpt lat="45.195340" lon="6.458190"><ele>1445.0</ele></trkpt>
<trkpt lat="45.195390" lon="6.458210"><ele>1445.0</ele></trkpt>
<trkpt lat="45.195480" lon="6.458240"><ele>1444.0</ele></trkpt>
<trkpt lat="45.195520" lon="6.458250"><ele>1443.0</ele></trkpt>
<trkpt lat="45.195570" lon="6.458250"><ele>1443.0</ele></trkpt>
<trkpt lat="45.195610" lon="6.458250"><ele>1442.0</ele></trkpt>
<trkpt lat="45.195660" lon="6.458240"><ele>1442.0</ele></trkpt>
<trkpt lat="45.195710" lon="6.458240"><ele>1441.0</ele></trkpt>
<trkpt lat="45.195760" lon="6.458250"><ele>1441.0</ele></trkpt>
<trkpt lat="45.195790" lon="6.458260"><ele>1441.0</ele></trkpt>
<trkpt lat="45.195810" lon="6.458260"><ele>1440.0</ele></trkpt>
<trkpt lat="45.195850" lon="6.458300"><ele>1440.0</ele></trkpt>
<trkpt lat="45.195880" lon="6.458330"><ele>1440.0</ele></trkpt>
<trkpt lat="45.195920" lon="6.458370"><ele>1439.0</ele></trkpt>
<trkpt lat="45.195940" lon="6.458400"><ele>1439.0</ele></trkpt>
<trkpt lat="45.195950" lon="6.458410"><ele>1439.0</ele></trkpt>
<trkpt lat="45.195980" lon="6.458460"><ele>1438.0</ele></trkpt>
<trkpt lat="45.196010" lon="6.458520"><ele>1438.0</ele></trkpt>
<trkpt lat="45.196040" lon="6.458560"><ele>1438.0</ele></trkpt>
<trkpt lat="45.196080" lon="6.458600"><ele>1437.0</ele></trkpt>
<trkpt lat="45.196110" lon="6.458640"><ele>1437.0</ele></trkpt>
<trkpt lat="45.196150" lon="6.458680"><ele>1436.0</ele></trkpt>
<trkpt lat="45.196190" lon="6.458720"><ele>1436.0</ele></trkpt>
<trkpt lat="45.196240" lon="6.458750"><ele>1436.0</ele></trkpt>
<trkpt lat="45.196280" lon="6.458780"><ele>1435.0</ele></trkpt>
<trkpt lat="45.196320" lon="6.458810"><ele>1435.0</ele></trkpt>
<trkpt lat="45.196350" lon="6.458820"><ele>1434.0</ele></trkpt>
<trkpt lat="45.196370" lon="6.458840"><ele>1434.0</ele></trkpt>
<trkpt lat="45.196520" lon="6.458920"><ele>1433.0</ele></trkpt>
<trkpt lat="45.196580" lon="6.458940"><ele>1433.0</ele></trkpt>
<trkpt lat="45.196710" lon="6.458990"><ele>1432.0</ele></trkpt>
<trkpt lat="45.196810" lon="6.459020"><ele>1431.0</ele></trkpt>
<trkpt lat="45.196890" lon="6.459030"><ele>1431.0</ele></trkpt>
<trkpt lat="45.196940" lon="6.459040"><ele>1430.0</ele></trkpt>
<trkpt lat="45.197090" lon="6.459050"><ele>1430.0</ele></trkpt>
<trkpt lat="45.197230" lon="6.459070"><ele>1429.0</ele></trkpt>
<trkpt lat="45.197360" lon="6.459080"><ele>1428.0</ele></trkpt>
<trkpt lat="45.197530" lon="6.459080"><ele>1427.0</ele></trkpt>
<trkpt lat="45.197650" lon="6.459090"><ele>1427.0</ele></trkpt>
<trkpt lat="45.197710" lon="6.459120"><ele>1426.0</ele></trkpt>
<trkpt lat="45.197780" lon="6.459160"><ele>1425.0</ele></trkpt>
<trkpt lat="45.197900" lon="6.459250"><ele>1425.0</ele></trkpt>
<trkpt lat="45.198040" lon="6.459380"><ele>1424.0</ele></trkpt>
<trkpt lat="45.198330" lon="6.459620"><ele>1423.0</ele></trkpt>
<trkpt lat="45.198360" lon="6.459650"><ele>1422.0</ele></trkpt>
<trkpt lat="45.198480" lon="6.459760"><ele>1421.0</ele></trkpt>
<trkpt lat="45.198630" lon="6.459900"><ele>1420.0</ele></trkpt>
<trkpt lat="45.198630" lon="6.459910"><ele>1419.0</ele></trkpt>
<trkpt lat="45.198720" lon="6.460010"><ele>1418.0</ele></trkpt>
<trkpt lat="45.198930" lon="6.460260"><ele>1417.0</ele></trkpt>
<trkpt lat="45.199020" lon="6.460410"><ele>1415.0</ele></trkpt>
<trkpt lat="45.199080" lon="6.460560"><ele>1414.0</ele></trkpt>
<trkpt lat="45.199110" lon="6.460640"><ele>1413.0</ele></trkpt>
<trkpt lat="45.199140" lon="6.460730"><ele>1412.0</ele></trkpt>
<trkpt lat="45.199250" lon="6.461120"><ele>1411.0</ele></trkpt>
<trkpt lat="45.199270" lon="6.461220"><ele>1409.0</ele></trkpt>
<trkpt lat="45.199310" lon="6.461360"><ele>1408.0</ele></trkpt>
<trkpt lat="45.199360" lon="6.461610"><ele>1407.0</ele></trkpt>
<trkpt lat="45.199370" lon="6.461680"><ele>1406.0</ele></trkpt>
<trkpt lat="45.199370" lon="6.461730"><ele>1405.0</ele></trkpt>
<trkpt lat="45.199360" lon="6.461770"><ele>1405.0</ele></trkpt>
<trkpt lat="45.199350" lon="6.461820"><ele>1404.0</ele></trkpt>
<trkpt lat="45.199330" lon="6.461860"><ele>1404.0</ele></trkpt>
<trkpt lat="45.199300" lon="6.461900"><ele>1404.0</ele></trkpt>
<trkpt lat="45.199280" lon="6.461920"><ele>1403.0</ele></trkpt>
<trkpt lat="45.199130" lon="6.462070"><ele>1403.0</ele></trkpt>
<trkpt lat="45.199060" lon="6.462170"><ele>1402.0</ele></trkpt>
<trkpt lat="45.199050" lon="6.462180"><ele>1402.0</ele></trkpt>
<trkpt lat="45.198910" lon="6.462440"><ele>1401.0</ele></trkpt>
<trkpt lat="45.198830" lon="6.462590"><ele>1400.0</ele></trkpt>
<trkpt lat="45.198760" lon="6.462740"><ele>1400.0</ele></trkpt>
<trkpt lat="45.198740" lon="6.462790"><ele>1399.0</ele></trkpt>
<trkpt lat="45.198730" lon="6.462820"><ele>1398.0</ele></trkpt>
<trkpt lat="45.198680" lon="6.462980"><ele>1398.0</ele></trkpt>
<trkpt lat="45.198630" lon="6.463200"><ele>1397.0</ele></trkpt>
<trkpt lat="45.198610" lon="6.463260"><ele>1397.0</ele></trkpt>
<trkpt lat="45.198520" lon="6.463560"><ele>1396.0</ele></trkpt>
<trkpt lat="45.198450" lon="6.463720"><ele>1395.0</ele></trkpt>
<trkpt lat="45.198400" lon="6.463860"><ele>1394.0</ele></trkpt>
<trkpt lat="45.198350" lon="6.463980"><ele>1393.0</ele></trkpt>
<trkpt lat="45.198250" lon="6.464190"><ele>1392.0</ele></trkpt>
<trkpt lat="45.198220" lon="6.464230"><ele>1391.0</ele></trkpt>
<trkpt lat="45.198190" lon="6.464260"><ele>1390.0</ele></trkpt>
<trkpt lat="45.198160" lon="6.464280"><ele>1389.0</ele></trkpt>
<trkpt lat="45.198120" lon="6.464300"><ele>1389.0</ele></trkpt>
<trkpt lat="45.198090" lon="6.464310"><ele>1388.0</ele></trkpt>
<trkpt lat="45.198050" lon="6.464300"><ele>1388.0</ele></trkpt>
<trkpt lat="45.197980" lon="6.464290"><ele>1387.0</ele></trkpt>
<trkpt lat="45.197870" lon="6.464270"><ele>1386.0</ele></trkpt>
<trkpt lat="45.197760" lon="6.464260"><ele>1385.0</ele></trkpt>
<trkpt lat="45.197710" lon="6.464260"><ele>1384.0</ele></trkpt>
<trkpt lat="45.197600" lon="6.464280"><ele>1384.0</ele></trkpt>
<trkpt lat="45.197550" lon="6.464290"><ele>1383.0</ele></trkpt>
<trkpt lat="45.197390" lon="6.464350"><ele>1381.0</ele></trkpt>
<trkpt lat="45.197240" lon="6.464420"><ele>1380.0</ele></trkpt>
<trkpt lat="45.197230" lon="6.464420"><ele>1379.0</ele></trkpt>
<trkpt lat="45.197180" lon="6.464450"><ele>1378.0</ele></trkpt>
<trkpt lat="45.197080" lon="6.464500"><ele>1377.0</ele></trkpt>
<trkpt lat="45.197040" lon="6.464530"><ele>1376.0</ele></trkpt>
<trkpt lat="45.197000" lon="6.464570"><ele>1376.0</ele></trkpt>
<trkpt lat="45.196960" lon="6.464610"><ele>1375.0</ele></trkpt>
<trkpt lat="45.196920" lon="6.464660"><ele>1374.0</ele></trkpt>
<trkpt lat="45.196890" lon="6.464710"><ele>1374.0</ele></trkpt>
<trkpt lat="45.196870" lon="6.464760"><ele>1373.0</ele></trkpt>
<trkpt lat="45.196850" lon="6.464820"><ele>1373.0</ele></trkpt>
<trkpt lat="45.196840" lon="6.464880"><ele>1372.0</ele></trkpt>
<trkpt lat="45.196820" lon="6.465010"><ele>1371.0</ele></trkpt>
<trkpt lat="45.196810" lon="6.465130"><ele>1371.0</ele></trkpt>
<trkpt lat="45.196790" lon="6.465280"><ele>1370.0</ele></trkpt>
<trkpt lat="45.196780" lon="6.465380"><ele>1369.0</ele></trkpt>
<trkpt lat="45.196750" lon="6.465630"><ele>1368.0</ele></trkpt>
<trkpt lat="45.196750" lon="6.465670"><ele>1368.0</ele></trkpt>
<trkpt lat="45.196710" lon="6.465890"><ele>1367.0</ele></trkpt>
<trkpt lat="45.196700" lon="6.465960"><ele>1366.0</ele></trkpt>
<trkpt lat="45.196700" lon="6.465970"><ele>1365.0</ele></trkpt>
<trkpt lat="45.196680" lon="6.466030"><ele>1365.0</ele></trkpt>
<trkpt lat="45.196660" lon="6.466090"><ele>1364.0</ele></trkpt>
<trkpt lat="45.196640" lon="6.466120"><ele>1364.0</ele></trkpt>
<trkpt lat="45.196630" lon="6.466150"><ele>1363.0</ele></trkpt>
<trkpt lat="45.196590" lon="6.466200"><ele>1363.0</ele></trkpt>
<trkpt lat="45.196550" lon="6.466260"><ele>1363.0</ele></trkpt>
<trkpt lat="45.196500" lon="6.466310"><ele>1362.0</ele></trkpt>
<trkpt lat="45.196460" lon="6.466360"><ele>1362.0</ele></trkpt>
<trkpt lat="45.196430" lon="6.466390"><ele>1361.0</ele></trkpt>
<trkpt lat="45.196370" lon="6.466450"><ele>1361.0</ele></trkpt>
<trkpt lat="45.196330" lon="6.466490"><ele>1360.0</ele></trkpt>
<trkpt lat="45.196280" lon="6.466530"><ele>1360.0</ele></trkpt>
<trkpt lat="45.196230" lon="6.466570"><ele>1359.0</ele></trkpt>
<trkpt lat="45.196200" lon="6.466590"><ele>1359.0</ele></trkpt>
<trkpt lat="45.196180" lon="6.466610"><ele>1358.0</ele></trkpt>
<trkpt lat="45.196140" lon="6.466640"><ele>1358.0</ele></trkpt>
<trkpt lat="45.196090" lon="6.466670"><ele>1357.0</ele></trkpt>
<trkpt lat="45.196040" lon="6.466700"><ele>1357.0</ele></trkpt>
<trkpt lat="45.195990" lon="6.466730"><ele>1357.0</ele></trkpt>
<trkpt lat="45.195940" lon="6.466760"><ele>1356.0</ele></trkpt>
<trkpt lat="45.195870" lon="6.466790"><ele>1356.0</ele></trkpt>
<trkpt lat="45.195840" lon="6.466800"><ele>1355.0</ele></trkpt>
<trkpt lat="45.195790" lon="6.466830"><ele>1355.0</ele></trkpt>
<trkpt lat="45.195720" lon="6.466860"><ele>1354.0</ele></trkpt>
<trkpt lat="45.195700" lon="6.466870"><ele>1354.0</ele></trkpt>
<trkpt lat="45.195660" lon="6.466890"><ele>1354.0</ele></trkpt>
<trkpt lat="45.195620" lon="6.466910"><ele>1353.0</ele></trkpt>
<trkpt lat="45.195580" lon="6.466940"><ele>1353.0</ele></trkpt>
<trkpt lat="45.195540" lon="6.466970"><ele>1353.0</ele></trkpt>
<trkpt lat="45.195510" lon="6.467010"><ele>1353.0</ele></trkpt>
<trkpt lat="45.195490" lon="6.467040"><ele>1352.0</ele></trkpt>
<trkpt lat="45.195470" lon="6.467080"><ele>1352.0</ele></trkpt>
<trkpt lat="45.195460" lon="6.467120"><ele>1352.0</ele></trkpt>
<trkpt lat="45.195440" lon="6.467150"><ele>1352.0</ele></trkpt>
<trkpt lat="45.195430" lon="6.467200"><ele>1352.0</ele></trkpt>
<trkpt lat="45.195420" lon="6.467240"><ele>1351.0</ele></trkpt>
<trkpt lat="45.195410" lon="6.467280"><ele>1351.0</ele></trkpt>
<trkpt lat="45.195400" lon="6.467330"><ele>1351.0</ele></trkpt>
<trkpt lat="45.195380" lon="6.467380"><ele>1351.0</ele></trkpt>
<trkpt lat="45.195380" lon="6.467400"><ele>1351.0</ele></trkpt>
<trkpt lat="45.195370" lon="6.467420"><ele>1351.0</ele></trkpt>
<trkpt lat="45.195360" lon="6.467450"><ele>1350.0</ele></trkpt>
<trkpt lat="45.195340" lon="6.467490"><ele>1350.0</ele></trkpt>
<trkpt lat="45.195320" lon="6.467520"><ele>1350.0</ele></trkpt>
<trkpt lat="45.195300" lon="6.467550"><ele>1350.0</ele></trkpt>
<trkpt lat="45.195270" lon="6.467570"><ele>1350.0</ele></trkpt>
<trkpt lat="45.195230" lon="6.467600"><ele>1350.0</ele></trkpt>
<trkpt lat="45.195190" lon="6.467620"><ele>1349.0</ele></trkpt>
<trkpt lat="45.195150" lon="6.467630"><ele>1349.0</ele></trkpt>
<trkpt lat="45.195050" lon="6.467660"><ele>1349.0</ele></trkpt>
<trkpt lat="45.195010" lon="6.467670"><ele>1348.0</ele></trkpt>
<trkpt lat="45.194960" lon="6.467690"><ele>1348.0</ele></trkpt>
<trkpt lat="45.194890" lon="6.467720"><ele>1348.0</ele></trkpt>
<trkpt lat="45.194780" lon="6.467790"><ele>1347.0</ele></trkpt>
<trkpt lat="45.194750" lon="6.467810"><ele>1347.0</ele></trkpt>
<trkpt lat="45.194680" lon="6.467860"><ele>1346.0</ele></trkpt>
<trkpt lat="45.194620" lon="6.467900"><ele>1346.0</ele></trkpt>
<trkpt lat="45.194570" lon="6.467940"><ele>1346.0</ele></trkpt>
<trkpt lat="45.194530" lon="6.467970"><ele>1345.0</ele></trkpt>
<trkpt lat="45.194480" lon="6.467990"><ele>1345.0</ele></trkpt>
<trkpt lat="45.194450" lon="6.468010"><ele>1345.0</ele></trkpt>
<trkpt lat="45.194410" lon="6.468020"><ele>1344.0</ele></trkpt>
<trkpt lat="45.194340" lon="6.468030"><ele>1344.0</ele></trkpt>
<trkpt lat="45.194270" lon="6.468040"><ele>1344.0</ele></trkpt>
<trkpt lat="45.194220" lon="6.468040"><ele>1344.0</ele></trkpt>
<trkpt lat="45.194170" lon="6.468040"><ele>1343.0</ele></trkpt>
<trkpt lat="45.194120" lon="6.468050"><ele>1343.0</ele></trkpt>
<trkpt lat="45.194070" lon="6.468050"><ele>1343.0</ele></trkpt>
<trkpt lat="45.194020" lon="6.468050"><ele>1343.0</ele></trkpt>
<trkpt lat="45.193950" lon="6.468050"><ele>1342.0</ele></trkpt>
<trkpt lat="45.193820" lon="6.468050"><ele>1342.0</ele></trkpt>
<trkpt lat="45.193740" lon="6.468050"><ele>1342.0</ele></trkpt>
<trkpt lat="45.193710" lon="6.468050"><ele>1341.0</ele></trkpt>
<trkpt lat="45.193670" lon="6.468050"><ele>1341.0</ele></trkpt>
<trkpt lat="45.193640" lon="6.468050"><ele>1341.0</ele></trkpt>
<trkpt lat="45.193600" lon="6.468050"><ele>1341.0</ele></trkpt>
<trkpt lat="45.193570" lon="6.468050"><ele>1340.0</ele></trkpt>
<trkpt lat="45.193540" lon="6.468050"><ele>1340.0</ele></trkpt>
<trkpt lat="45.193500" lon="6.468050"><ele>1340.0</ele></trkpt>
<trkpt lat="45.193470" lon="6.468050"><ele>1340.0</ele></trkpt>
<trkpt lat="45.193430" lon="6.468050"><ele>1340.0</ele></trkpt>
<trkpt lat="45.193400" lon="6.468050"><ele>1340.0</ele></trkpt>
<trkpt lat="45.193370" lon="6.468060"><ele>1340.0</ele></trkpt>
<trkpt lat="45.193350" lon="6.468070"><ele>1339.0</ele></trkpt>
<trkpt lat="45.193340" lon="6.468070"><ele>1339.0</ele></trkpt>
<trkpt lat="45.193320" lon="6.468090"><ele>1339.0</ele></trkpt>
<trkpt lat="45.193300" lon="6.468120"><ele>1339.0</ele></trkpt>
<trkpt lat="45.193290" lon="6.468150"><ele>1339.0</ele></trkpt>
<trkpt lat="45.193290" lon="6.468180"><ele>1339.0</ele></trkpt>
<trkpt lat="45.193290" lon="6.468210"><ele>1339.0</ele></trkpt>
<trkpt lat="45.193300" lon="6.468240"><ele>1339.0</ele></trkpt>
<trkpt lat="45.193310" lon="6.468270"><ele>1339.0</ele></trkpt>
<trkpt lat="45.193330" lon="6.468290"><ele>1338.0</ele></trkpt>
<trkpt lat="45.193340" lon="6.468300"><ele>1338.0</ele></trkpt>
<trkpt lat="45.193360" lon="6.468310"><ele>1338.0</ele></trkpt>
<trkpt lat="45.193400" lon="6.468300"><ele>1338.0</ele></trkpt>
<trkpt lat="45.193430" lon="6.468300"><ele>1338.0</ele></trkpt>
<trkpt lat="45.193550" lon="6.468250"><ele>1338.0</ele></trkpt>
<trkpt lat="45.193660" lon="6.468220"><ele>1337.0</ele></trkpt>
<trkpt lat="45.193720" lon="6.468220"><ele>1337.0</ele></trkpt>
<trkpt lat="45.193790" lon="6.468230"><ele>1337.0</ele></trkpt>
<trkpt lat="45.193830" lon="6.468240"><ele>1337.0</ele></trkpt>
<trkpt lat="45.193950" lon="6.468290"><ele>1336.0</ele></trkpt>
<trkpt lat="45.194100" lon="6.468380"><ele>1336.0</ele></trkpt>
<trkpt lat="45.194150" lon="6.468420"><ele>1335.0</ele></trkpt>
<trkpt lat="45.194190" lon="6.468470"><ele>1335.0</ele></trkpt>
<trkpt lat="45.194320" lon="6.468620"><ele>1334.0</ele></trkpt>
<trkpt lat="45.194360" lon="6.468680"><ele>1333.0</ele></trkpt>
<trkpt lat="45.194390" lon="6.468720"><ele>1333.0</ele></trkpt>
<trkpt lat="45.194430" lon="6.468770"><ele>1333.0</ele></trkpt>
<trkpt lat="45.194470" lon="6.468810"><ele>1332.0</ele></trkpt>
<trkpt lat="45.194490" lon="6.468850"><ele>1332.0</ele></trkpt>
<trkpt lat="45.194500" lon="6.468860"><ele>1332.0</ele></trkpt>
<trkpt lat="45.194540" lon="6.468900"><ele>1331.0</ele></trkpt>
<trkpt lat="45.194570" lon="6.468930"><ele>1331.0</ele></trkpt>
<trkpt lat="45.194590" lon="6.468950"><ele>1331.0</ele></trkpt>
<trkpt lat="45.194610" lon="6.468960"><ele>1331.0</ele></trkpt>
<trkpt lat="45.194620" lon="6.468970"><ele>1330.0</ele></trkpt>
<trkpt lat="45.194650" lon="6.468980"><ele>1330.0</ele></trkpt>
<trkpt lat="45.194690" lon="6.468990"><ele>1330.0</ele></trkpt>
<trkpt lat="45.194750" lon="6.468990"><ele>1330.0</ele></trkpt>
<trkpt lat="45.194820" lon="6.468960"><ele>1329.0</ele></trkpt>
<trkpt lat="45.194820" lon="6.468950"><ele>1329.0</ele></trkpt>
<trkpt lat="45.194850" lon="6.468930"><ele>1329.0</ele></trkpt>
<trkpt lat="45.194920" lon="6.468850"><ele>1329.0</ele></trkpt>
<trkpt lat="45.194960" lon="6.468810"><ele>1328.0</ele></trkpt>
<trkpt lat="45.195010" lon="6.468760"><ele>1328.0</ele></trkpt>
<trkpt lat="45.195090" lon="6.468680"><ele>1327.0</ele></trkpt>
<trkpt lat="45.195170" lon="6.468630"><ele>1327.0</ele></trkpt>
<trkpt lat="45.195280" lon="6.468550"><ele>1326.0</ele></trkpt>
<trkpt lat="45.195460" lon="6.468410"><ele>1326.0</ele></trkpt>
<trkpt lat="45.195510" lon="6.468360"><ele>1325.0</ele></trkpt>
<trkpt lat="45.195610" lon="6.468250"><ele>1324.0</ele></trkpt>
<trkpt lat="45.195660" lon="6.468200"><ele>1324.0</ele></trkpt>
<trkpt lat="45.195760" lon="6.468080"><ele>1323.0</ele></trkpt>
<trkpt lat="45.195810" lon="6.468020"><ele>1322.0</ele></trkpt>
<trkpt lat="45.195870" lon="6.467970"><ele>1322.0</ele></trkpt>
<trkpt lat="45.195930" lon="6.467920"><ele>1322.0</ele></trkpt>
<trkpt lat="45.195990" lon="6.467880"><ele>1321.0</ele></trkpt>
<trkpt lat="45.196030" lon="6.467860"><ele>1321.0</ele></trkpt>
<trkpt lat="45.196090" lon="6.467820"><ele>1320.0</ele></trkpt>
<trkpt lat="45.196120" lon="6.467810"><ele>1320.0</ele></trkpt>
<trkpt lat="45.196190" lon="6.467760"><ele>1320.0</ele></trkpt>
<trkpt lat="45.196310" lon="6.467700"><ele>1319.0</ele></trkpt>
<trkpt lat="45.196420" lon="6.467630"><ele>1319.0</ele></trkpt>
<trkpt lat="45.196550" lon="6.467550"><ele>1318.0</ele></trkpt>
<trkpt lat="45.196590" lon="6.467530"><ele>1318.0</ele></trkpt>
<trkpt lat="45.196690" lon="6.467450"><ele>1317.0</ele></trkpt>
<trkpt lat="45.196780" lon="6.467380"><ele>1317.0</ele></trkpt>
<trkpt lat="45.196860" lon="6.467290"><ele>1316.0</ele></trkpt>
<trkpt lat="45.196890" lon="6.467240"><ele>1316.0</ele></trkpt>
<trkpt lat="45.196960" lon="6.467150"><ele>1315.0</ele></trkpt>
<trkpt lat="45.196980" lon="6.467100"><ele>1315.0</ele></trkpt>
<trkpt lat="45.197010" lon="6.467050"><ele>1314.0</ele></trkpt>
<trkpt lat="45.197040" lon="6.467010"><ele>1314.0</ele></trkpt>
<trkpt lat="45.197060" lon="6.466970"><ele>1314.0</ele></trkpt>
<trkpt lat="45.197090" lon="6.466930"><ele>1313.0</ele></trkpt>
<trkpt lat="45.197120" lon="6.466900"><ele>1313.0</ele></trkpt>
<trkpt lat="45.197150" lon="6.466880"><ele>1313.0</ele></trkpt>
<trkpt lat="45.197180" lon="6.466880"><ele>1312.0</ele></trkpt>
<trkpt lat="45.197220" lon="6.466880"><ele>1312.0</ele></trkpt>
<trkpt lat="45.197250" lon="6.466900"><ele>1312.0</ele></trkpt>
<trkpt lat="45.197260" lon="6.466930"><ele>1311.0</ele></trkpt>
<trkpt lat="45.197270" lon="6.466960"><ele>1311.0</ele></trkpt>
<trkpt lat="45.197280" lon="6.467000"><ele>1311.0</ele></trkpt>
<trkpt lat="45.197280" lon="6.467040"><ele>1311.0</ele></trkpt>
<trkpt lat="45.197280" lon="6.467070"><ele>1310.0</ele></trkpt>
<trkpt lat="45.197270" lon="6.467090"><ele>1310.0</ele></trkpt>
<trkpt lat="45.197260" lon="6.467120"><ele>1310.0</ele></trkpt>
<trkpt lat="45.197250" lon="6.467140"><ele>1310.0</ele></trkpt>
<trkpt lat="45.197230" lon="6.467170"><ele>1309.0</ele></trkpt>
<trkpt lat="45.197210" lon="6.467190"><ele>1309.0</ele></trkpt>
<trkpt lat="45.197170" lon="6.467230"><ele>1309.0</ele></trkpt>
<trkpt lat="45.197130" lon="6.467260"><ele>1308.0</ele></trkpt>
<trkpt lat="45.197100" lon="6.467310"><ele>1308.0</ele></trkpt>
<trkpt lat="45.197080" lon="6.467340"><ele>1308.0</ele></trkpt>
<trkpt lat="45.197060" lon="6.467380"><ele>1307.0</ele></trkpt>
<trkpt lat="45.197020" lon="6.467460"><ele>1307.0</ele></trkpt>
<trkpt lat="45.196980" lon="6.467530"><ele>1306.0</ele></trkpt>
<trkpt lat="45.196950" lon="6.467580"><ele>1306.0</ele></trkpt>
<trkpt lat="45.196920" lon="6.467630"><ele>1305.0</ele></trkpt>
<trkpt lat="45.196900" lon="6.467670"><ele>1305.0</ele></trkpt>
<trkpt lat="45.196880" lon="6.467700"><ele>1305.0</ele></trkpt>
<trkpt lat="45.196850" lon="6.467730"><ele>1304.0</ele></trkpt>
<trkpt lat="45.196810" lon="6.467780"><ele>1304.0</ele></trkpt>
<trkpt lat="45.196780" lon="6.467820"><ele>1303.0</ele></trkpt>
<trkpt lat="45.196750" lon="6.467850"><ele>1303.0</ele></trkpt>
<trkpt lat="45.196690" lon="6.467910"><ele>1302.0</ele></trkpt>
<trkpt lat="45.196630" lon="6.467970"><ele>1302.0</ele></trkpt>
<trkpt lat="45.196360" lon="6.468280"><ele>1300.0</ele></trkpt>
<trkpt lat="45.196300" lon="6.468340"><ele>1299.0</ele></trkpt>
<trkpt lat="45.196260" lon="6.468370"><ele>1298.0</ele></trkpt>
<trkpt lat="45.196230" lon="6.468380"><ele>1297.0</ele></trkpt>
<trkpt lat="45.196200" lon="6.468390"><ele>1297.0</ele></trkpt>
<trkpt lat="45.196170" lon="6.468390"><ele>1296.0</ele></trkpt>
<trkpt lat="45.196130" lon="6.468390"><ele>1296.0</ele></trkpt>
<trkpt lat="45.196090" lon="6.468380"><ele>1295.0</ele></trkpt>
<trkpt lat="45.196050" lon="6.468370"><ele>1295.0</ele></trkpt>
<trkpt lat="45.195990" lon="6.468370"><ele>1295.0</ele></trkpt>
<trkpt lat="45.195980" lon="6.468380"><ele>1294.0</ele></trkpt>
<trkpt lat="45.195960" lon="6.468380"><ele>1294.0</ele></trkpt>
<trkpt lat="45.195950" lon="6.468390"><ele>1294.0</ele></trkpt>
<trkpt lat="45.195940" lon="6.468410"><ele>1294.0</ele></trkpt>
<trkpt lat="45.195930" lon="6.468430"><ele>1294.0</ele></trkpt>
<trkpt lat="45.195920" lon="6.468450"><ele>1293.0</ele></trkpt>
<trkpt lat="45.195920" lon="6.468480"><ele>1293.0</ele></trkpt>
<trkpt lat="45.195910" lon="6.468500"><ele>1293.0</ele></trkpt>
<trkpt lat="45.195910" lon="6.468550"><ele>1293.0</ele></trkpt>
<trkpt lat="45.195920" lon="6.468590"><ele>1293.0</ele></trkpt>
<trkpt lat="45.195930" lon="6.468620"><ele>1293.0</ele></trkpt>
<trkpt lat="45.195940" lon="6.468660"><ele>1292.0</ele></trkpt>
<trkpt lat="45.195950" lon="6.468690"><ele>1292.0</ele></trkpt>
<trkpt lat="45.195970" lon="6.468720"><ele>1292.0</ele></trkpt>
<trkpt lat="45.195980" lon="6.468730"><ele>1292.0</ele></trkpt>
<trkpt lat="45.196000" lon="6.468750"><ele>1292.0</ele></trkpt>
<trkpt lat="45.196010" lon="6.468750"><ele>1291.0</ele></trkpt>
<trkpt lat="45.196020" lon="6.468760"><ele>1291.0</ele></trkpt>
<trkpt lat="45.196050" lon="6.468760"><ele>1291.0</ele></trkpt>
<trkpt lat="45.196080" lon="6.468770"><ele>1291.0</ele></trkpt>
<trkpt lat="45.196100" lon="6.468760"><ele>1291.0</ele></trkpt>
<trkpt lat="45.196120" lon="6.468750"><ele>1291.0</ele></trkpt>
<trkpt lat="45.196130" lon="6.468730"><ele>1290.0</ele></trkpt>
<trkpt lat="45.196140" lon="6.468720"><ele>1290.0</ele></trkpt>
<trkpt lat="45.196170" lon="6.468690"><ele>1290.0</ele></trkpt>
<trkpt lat="45.196200" lon="6.468660"><ele>1290.0</ele></trkpt>
<trkpt lat="45.196230" lon="6.468630"><ele>1290.0</ele></trkpt>
<trkpt lat="45.196260" lon="6.468600"><ele>1289.0</ele></trkpt>
<trkpt lat="45.196290" lon="6.468570"><ele>1289.0</ele></trkpt>
<trkpt lat="45.196320" lon="6.468550"><ele>1289.0</ele></trkpt>
<trkpt lat="45.196330" lon="6.468540"><ele>1289.0</ele></trkpt>
<trkpt lat="45.196380" lon="6.468520"><ele>1288.0</ele></trkpt>
<trkpt lat="45.196480" lon="6.468460"><ele>1288.0</ele></trkpt>
<trkpt lat="45.196530" lon="6.468440"><ele>1287.0</ele></trkpt>
<trkpt lat="45.196560" lon="6.468430"><ele>1287.0</ele></trkpt>
<trkpt lat="45.196600" lon="6.468410"><ele>1287.0</ele></trkpt>
<trkpt lat="45.196640" lon="6.468400"><ele>1286.0</ele></trkpt>
<trkpt lat="45.196680" lon="6.468390"><ele>1286.0</ele></trkpt>
<trkpt lat="45.196700" lon="6.468380"><ele>1286.0</ele></trkpt>
<trkpt lat="45.196730" lon="6.468380"><ele>1286.0</ele></trkpt>
<trkpt lat="45.196770" lon="6.468370"><ele>1285.0</ele></trkpt>
<trkpt lat="45.196860" lon="6.468360"><ele>1285.0</ele></trkpt>
<trkpt lat="45.197110" lon="6.468350"><ele>1284.0</ele></trkpt>
<trkpt lat="45.197150" lon="6.468350"><ele>1283.0</ele></trkpt>
<trkpt lat="45.197180" lon="6.468340"><ele>1283.0</ele></trkpt>
<trkpt lat="45.197220" lon="6.468330"><ele>1282.0</ele></trkpt>
<trkpt lat="45.197260" lon="6.468320"><ele>1282.0</ele></trkpt>
<trkpt lat="45.197300" lon="6.468300"><ele>1282.0</ele></trkpt>
<trkpt lat="45.197320" lon="6.468290"><ele>1281.0</ele></trkpt>
<trkpt lat="45.197360" lon="6.468260"><ele>1281.0</ele></trkpt>
<trkpt lat="45.197390" lon="6.468230"><ele>1281.0</ele></trkpt>
<trkpt lat="45.197420" lon="6.468200"><ele>1281.0</ele></trkpt>
<trkpt lat="45.197440" lon="6.468160"><ele>1280.0</ele></trkpt>
<trkpt lat="45.197470" lon="6.468120"><ele>1280.0</ele></trkpt>
<trkpt lat="45.198010" lon="6.467350"><ele>1279.0</ele></trkpt>
<trkpt lat="45.198030" lon="6.467330"><ele>1278.0</ele></trkpt>
<trkpt lat="45.198040" lon="6.467310"><ele>1277.0</ele></trkpt>
<trkpt lat="45.198150" lon="6.467210"><ele>1276.0</ele></trkpt>
<trkpt lat="45.198210" lon="6.467160"><ele>1276.0</ele></trkpt>
<trkpt lat="45.198270" lon="6.467120"><ele>1275.0</ele></trkpt>
<trkpt lat="45.198330" lon="6.467070"><ele>1275.0</ele></trkpt>
<trkpt lat="45.198380" lon="6.467040"><ele>1275.0</ele></trkpt>
<trkpt lat="45.198410" lon="6.467020"><ele>1274.0</ele></trkpt>
<trkpt lat="45.198450" lon="6.467000"><ele>1274.0</ele></trkpt>
<trkpt lat="45.198490" lon="6.466990"><ele>1274.0</ele></trkpt>
<trkpt lat="45.198530" lon="6.466980"><ele>1274.0</ele></trkpt>
<trkpt lat="45.198560" lon="6.466970"><ele>1273.0</ele></trkpt>
<trkpt lat="45.198600" lon="6.466970"><ele>1273.0</ele></trkpt>
<trkpt lat="45.198640" lon="6.466970"><ele>1273.0</ele></trkpt>
<trkpt lat="45.198670" lon="6.466970"><ele>1273.0</ele></trkpt>
<trkpt lat="45.198710" lon="6.466980"><ele>1272.0</ele></trkpt>
<trkpt lat="45.198750" lon="6.466990"><ele>1272.0</ele></trkpt>
<trkpt lat="45.198790" lon="6.466990"><ele>1272.0</ele></trkpt>
<trkpt lat="45.198830" lon="6.467000"><ele>1272.0</ele></trkpt>
<trkpt lat="45.198860" lon="6.467010"><ele>1271.0</ele></trkpt>
<trkpt lat="45.198900" lon="6.467010"><ele>1271.0</ele></trkpt>
<trkpt lat="45.198940" lon="6.467010"><ele>1271.0</ele></trkpt>
<trkpt lat="45.198980" lon="6.467010"><ele>1271.0</ele></trkpt>
<trkpt lat="45.199010" lon="6.467010"><ele>1270.0</ele></trkpt>
<trkpt lat="45.199020" lon="6.467010"><ele>1270.0</ele></trkpt>
<trkpt lat="45.199060" lon="6.467000"><ele>1270.0</ele></trkpt>
<trkpt lat="45.199100" lon="6.466990"><ele>1270.0</ele></trkpt>
<trkpt lat="45.199130" lon="6.466970"><ele>1269.0</ele></trkpt>
<trkpt lat="45.199150" lon="6.466960"><ele>1269.0</ele></trkpt>
<trkpt lat="45.199170" lon="6.466950"><ele>1269.0</ele></trkpt>
<trkpt lat="45.199190" lon="6.466940"><ele>1269.0</ele></trkpt>
<trkpt lat="45.199200" lon="6.466930"><ele>1269.0</ele></trkpt>
<trkpt lat="45.199240" lon="6.466910"><ele>1268.0</ele></trkpt>
<trkpt lat="45.199270" lon="6.466900"><ele>1268.0</ele></trkpt>
<trkpt lat="45.199310" lon="6.466880"><ele>1268.0</ele></trkpt>
<trkpt lat="45.199350" lon="6.466860"><ele>1268.0</ele></trkpt>
<trkpt lat="45.199380" lon="6.466840"><ele>1268.0</ele></trkpt>
<trkpt lat="45.199420" lon="6.466850"><ele>1267.0</ele></trkpt>
<trkpt lat="45.199460" lon="6.466870"><ele>1267.0</ele></trkpt>
<trkpt lat="45.199490" lon="6.466900"><ele>1267.0</ele></trkpt>
<trkpt lat="45.199510" lon="6.466940"><ele>1266.0</ele></trkpt>
<trkpt lat="45.199520" lon="6.466980"><ele>1266.0</ele></trkpt>
<trkpt lat="45.199530" lon="6.467020"><ele>1266.0</ele></trkpt>
<trkpt lat="45.199530" lon="6.467070"><ele>1266.0</ele></trkpt>
<trkpt lat="45.199510" lon="6.467120"><ele>1265.0</ele></trkpt>
<trkpt lat="45.199480" lon="6.467160"><ele>1265.0</ele></trkpt>
<trkpt lat="45.199450" lon="6.467180"><ele>1265.0</ele></trkpt>
<trkpt lat="45.199420" lon="6.467190"><ele>1265.0</ele></trkpt>
<trkpt lat="45.199240" lon="6.467220"><ele>1264.0</ele></trkpt>
<trkpt lat="45.199200" lon="6.467230"><ele>1264.0</ele></trkpt>
<trkpt lat="45.199140" lon="6.467240"><ele>1263.0</ele></trkpt>
<trkpt lat="45.199090" lon="6.467250"><ele>1263.0</ele></trkpt>
<trkpt lat="45.199060" lon="6.467260"><ele>1262.0</ele></trkpt>
<trkpt lat="45.198980" lon="6.467270"><ele>1262.0</ele></trkpt>
<trkpt lat="45.198820" lon="6.467310"><ele>1261.0</ele></trkpt>
<trkpt lat="45.198770" lon="6.467320"><ele>1261.0</ele></trkpt>
<trkpt lat="45.198710" lon="6.467330"><ele>1260.0</ele></trkpt>
<trkpt lat="45.198640" lon="6.467350"><ele>1260.0</ele></trkpt>
<trkpt lat="45.198580" lon="6.467370"><ele>1259.0</ele></trkpt>
<trkpt lat="45.198530" lon="6.467400"><ele>1259.0</ele></trkpt>
<trkpt lat="45.198490" lon="6.467420"><ele>1258.0</ele></trkpt>
<trkpt lat="45.198450" lon="6.467460"><ele>1258.0</ele></trkpt>
<trkpt lat="45.198440" lon="6.467470"><ele>1258.0</ele></trkpt>
<trkpt lat="45.198390" lon="6.467520"><ele>1257.0</ele></trkpt>
<trkpt lat="45.198360" lon="6.467580"><ele>1257.0</ele></trkpt>
<trkpt lat="45.198320" lon="6.467630"><ele>1257.0</ele></trkpt>
<trkpt lat="45.198310" lon="6.467630"><ele>1256.0</ele></trkpt>
<trkpt lat="45.198260" lon="6.467710"><ele>1256.0</ele></trkpt>
<trkpt lat="45.198220" lon="6.467790"><ele>1256.0</ele></trkpt>
<trkpt lat="45.198170" lon="6.467890"><ele>1255.0</ele></trkpt>
<trkpt lat="45.198140" lon="6.467970"><ele>1255.0</ele></trkpt>
<trkpt lat="45.198110" lon="6.468050"><ele>1254.0</ele></trkpt>
<trkpt lat="45.198040" lon="6.468210"><ele>1254.0</ele></trkpt>
<trkpt lat="45.198010" lon="6.468280"><ele>1253.0</ele></trkpt>
<trkpt lat="45.197860" lon="6.468730"><ele>1252.0</ele></trkpt>
<trkpt lat="45.197840" lon="6.468780"><ele>1251.0</ele></trkpt>
<trkpt lat="45.197790" lon="6.468960"><ele>1250.0</ele></trkpt>
<trkpt lat="45.197770" lon="6.469030"><ele>1249.0</ele></trkpt>
<trkpt lat="45.197690" lon="6.469280"><ele>1248.0</ele></trkpt>
<trkpt lat="45.197680" lon="6.469310"><ele>1248.0</ele></trkpt>
<trkpt lat="45.197680" lon="6.469350"><ele>1247.0</ele></trkpt>
<trkpt lat="45.197670" lon="6.469380"><ele>1247.0</ele></trkpt>
<trkpt lat="45.197680" lon="6.469430"><ele>1247.0</ele></trkpt>
<trkpt lat="45.197680" lon="6.469460"><ele>1246.0</ele></trkpt>
<trkpt lat="45.197690" lon="6.469510"><ele>1246.0</ele></trkpt>
<trkpt lat="45.197710" lon="6.469550"><ele>1246.0</ele></trkpt>
<trkpt lat="45.197730" lon="6.469570"><ele>1246.0</ele></trkpt>
<trkpt lat="45.197740" lon="6.469580"><ele>1245.0</ele></trkpt>
<trkpt lat="45.197760" lon="6.469590"><ele>1245.0</ele></trkpt>
<trkpt lat="45.197790" lon="6.469600"><ele>1245.0</ele></trkpt>
<trkpt lat="45.197800" lon="6.469600"><ele>1245.0</ele></trkpt>
<trkpt lat="45.197820" lon="6.469600"><ele>1245.0</ele></trkpt>
<trkpt lat="45.197840" lon="6.469590"><ele>1245.0</ele></trkpt>
<trkpt lat="45.197860" lon="6.469580"><ele>1245.0</ele></trkpt>
<trkpt lat="45.197880" lon="6.469560"><ele>1245.0</ele></trkpt>
<trkpt lat="45.197900" lon="6.469540"><ele>1244.0</ele></trkpt>
<trkpt lat="45.197910" lon="6.469510"><ele>1244.0</ele></trkpt>
<trkpt lat="45.197910" lon="6.469490"><ele>1244.0</ele></trkpt>
<trkpt lat="45.197920" lon="6.469460"><ele>1244.0</ele></trkpt>
<trkpt lat="45.197920" lon="6.469400"><ele>1244.0</ele></trkpt>
<trkpt lat="45.197920" lon="6.469340"><ele>1244.0</ele></trkpt>
<trkpt lat="45.197920" lon="6.469250"><ele>1244.0</ele></trkpt>
<trkpt lat="45.197930" lon="6.469140"><ele>1243.0</ele></trkpt>
<trkpt lat="45.197940" lon="6.469070"><ele>1243.0</ele></trkpt>
<trkpt lat="45.197940" lon="6.469050"><ele>1243.0</ele></trkpt>
<trkpt lat="45.197950" lon="6.469020"><ele>1243.0</ele></trkpt>
<trkpt lat="45.197950" lon="6.468980"><ele>1242.0</ele></trkpt>
<trkpt lat="45.197970" lon="6.468910"><ele>1242.0</ele></trkpt>
<trkpt lat="45.197990" lon="6.468850"><ele>1242.0</ele></trkpt>
<trkpt lat="45.198040" lon="6.468730"><ele>1242.0</ele></trkpt>
<trkpt lat="45.198120" lon="6.468590"><ele>1241.0</ele></trkpt>
<trkpt lat="45.198180" lon="6.468460"><ele>1241.0</ele></trkpt>
<trkpt lat="45.198240" lon="6.468330"><ele>1240.0</ele></trkpt>
<trkpt lat="45.198290" lon="6.468240"><ele>1240.0</ele></trkpt>
<trkpt lat="45.198310" lon="6.468200"><ele>1239.0</ele></trkpt>
<trkpt lat="45.198330" lon="6.468170"><ele>1239.0</ele></trkpt>
<trkpt lat="45.198340" lon="6.468160"><ele>1239.0</ele></trkpt>
<trkpt lat="45.198360" lon="6.468140"><ele>1238.0</ele></trkpt>
<trkpt lat="45.198370" lon="6.468130"><ele>1238.0</ele></trkpt>
<trkpt lat="45.198410" lon="6.468090"><ele>1238.0</ele></trkpt>
<trkpt lat="45.198430" lon="6.468070"><ele>1238.0</ele></trkpt>
<trkpt lat="45.198450" lon="6.468060"><ele>1238.0</ele></trkpt>
<trkpt lat="45.198460" lon="6.468050"><ele>1238.0</ele></trkpt>
<trkpt lat="45.198480" lon="6.468040"><ele>1237.0</ele></trkpt>
<trkpt lat="45.198510" lon="6.468030"><ele>1237.0</ele></trkpt>
<trkpt lat="45.198530" lon="6.468020"><ele>1237.0</ele></trkpt>
<trkpt lat="45.198560" lon="6.468020"><ele>1237.0</ele></trkpt>
<trkpt lat="45.198600" lon="6.468020"><ele>1237.0</ele></trkpt>
<trkpt lat="45.198640" lon="6.468020"><ele>1237.0</ele></trkpt>
<trkpt lat="45.198670" lon="6.468030"><ele>1236.0</ele></trkpt>
<trkpt lat="45.198700" lon="6.468040"><ele>1236.0</ele></trkpt>
<trkpt lat="45.198720" lon="6.468040"><ele>1236.0</ele></trkpt>
<trkpt lat="45.198760" lon="6.468060"><ele>1236.0</ele></trkpt>
<trkpt lat="45.198800" lon="6.468080"><ele>1235.0</ele></trkpt>
<trkpt lat="45.198840" lon="6.468100"><ele>1235.0</ele></trkpt>
<trkpt lat="45.198870" lon="6.468120"><ele>1235.0</ele></trkpt>
<trkpt lat="45.198910" lon="6.468130"><ele>1234.0</ele></trkpt>
<trkpt lat="45.198950" lon="6.468150"><ele>1234.0</ele></trkpt>
<trkpt lat="45.198990" lon="6.468160"><ele>1233.0</ele></trkpt>
<trkpt lat="45.199030" lon="6.468170"><ele>1233.0</ele></trkpt>
<trkpt lat="45.199060" lon="6.468180"><ele>1233.0</ele></trkpt>
<trkpt lat="45.199100" lon="6.468180"><ele>1232.0</ele></trkpt>
<trkpt lat="45.199140" lon="6.468180"><ele>1232.0</ele></trkpt>
<trkpt lat="45.199160" lon="6.468170"><ele>1232.0</ele></trkpt>
<trkpt lat="45.199180" lon="6.468170"><ele>1231.0</ele></trkpt>
<trkpt lat="45.199210" lon="6.468160"><ele>1231.0</ele></trkpt>
<trkpt lat="45.199230" lon="6.468150"><ele>1231.0</ele></trkpt>
<trkpt lat="45.199250" lon="6.468140"><ele>1231.0</ele></trkpt>
<trkpt lat="45.199260" lon="6.468130"><ele>1231.0</ele></trkpt>
<trkpt lat="45.199290" lon="6.468110"><ele>1230.0</ele></trkpt>
<trkpt lat="45.199310" lon="6.468090"><ele>1230.0</ele></trkpt>
<trkpt lat="45.199330" lon="6.468070"><ele>1230.0</ele></trkpt>
<trkpt lat="45.199390" lon="6.468020"><ele>1230.0</ele></trkpt>
<trkpt lat="45.199450" lon="6.467950"><ele>1229.0</ele></trkpt>
<trkpt lat="45.199480" lon="6.467930"><ele>1229.0</ele></trkpt>
<trkpt lat="45.199490" lon="6.467910"><ele>1228.0</ele></trkpt>
<trkpt lat="45.199530" lon="6.467890"><ele>1228.0</ele></trkpt>
<trkpt lat="45.199560" lon="6.467870"><ele>1228.0</ele></trkpt>
<trkpt lat="45.199590" lon="6.467860"><ele>1227.0</ele></trkpt>
<trkpt lat="45.199630" lon="6.467840"><ele>1227.0</ele></trkpt>
<trkpt lat="45.199660" lon="6.467830"><ele>1227.0</ele></trkpt>
<trkpt lat="45.199700" lon="6.467810"><ele>1226.0</ele></trkpt>
<trkpt lat="45.199740" lon="6.467800"><ele>1226.0</ele></trkpt>
<trkpt lat="45.199770" lon="6.467780"><ele>1226.0</ele></trkpt>
<trkpt lat="45.199810" lon="6.467770"><ele>1225.0</ele></trkpt>
<trkpt lat="45.199820" lon="6.467760"><ele>1225.0</ele></trkpt>
<trkpt lat="45.199840" lon="6.467750"><ele>1225.0</ele></trkpt>
<trkpt lat="45.199880" lon="6.467740"><ele>1224.0</ele></trkpt>
<trkpt lat="45.199920" lon="6.467720"><ele>1224.0</ele></trkpt>
<trkpt lat="45.199950" lon="6.467710"><ele>1224.0</ele></trkpt>
<trkpt lat="45.199990" lon="6.467690"><ele>1223.0</ele></trkpt>
<trkpt lat="45.200030" lon="6.467680"><ele>1223.0</ele></trkpt>
<trkpt lat="45.200060" lon="6.467660"><ele>1223.0</ele></trkpt>
<trkpt lat="45.200100" lon="6.467640"><ele>1222.0</ele></trkpt>
<trkpt lat="45.200140" lon="6.467630"><ele>1222.0</ele></trkpt>
<trkpt lat="45.200160" lon="6.467610"><ele>1222.0</ele></trkpt>
<trkpt lat="45.200170" lon="6.467610"><ele>1221.0</ele></trkpt>
<trkpt lat="45.200210" lon="6.467590"><ele>1221.0</ele></trkpt>
<trkpt lat="45.200250" lon="6.467580"><ele>1221.0</ele></trkpt>
<trkpt lat="45.200280" lon="6.467570"><ele>1221.0</ele></trkpt>
<trkpt lat="45.200320" lon="6.467550"><ele>1220.0</ele></trkpt>
<trkpt lat="45.200330" lon="6.467550"><ele>1220.0</ele></trkpt>
<trkpt lat="45.200360" lon="6.467540"><ele>1220.0</ele></trkpt>
<trkpt lat="45.200400" lon="6.467540"><ele>1220.0</ele></trkpt>
<trkpt lat="45.200440" lon="6.467530"><ele>1219.0</ele></trkpt>
<trkpt lat="45.200480" lon="6.467530"><ele>1219.0</ele></trkpt>
<trkpt lat="45.200560" lon="6.467520"><ele>1219.0</ele></trkpt>
<trkpt lat="45.200600" lon="6.467520"><ele>1219.0</ele></trkpt>
<trkpt lat="45.200640" lon="6.467520"><ele>1219.0</ele></trkpt>
<trkpt lat="45.200680" lon="6.467520"><ele>1218.0</ele></trkpt>
<trkpt lat="45.200720" lon="6.467520"><ele>1218.0</ele></trkpt>
<trkpt lat="45.200760" lon="6.467510"><ele>1218.0</ele></trkpt>
<trkpt lat="45.200790" lon="6.467510"><ele>1218.0</ele></trkpt>
<trkpt lat="45.200800" lon="6.467500"><ele>1218.0</ele></trkpt>
<trkpt lat="45.200830" lon="6.467490"><ele>1218.0</ele></trkpt>
<trkpt lat="45.200870" lon="6.467470"><ele>1218.0</ele></trkpt>
<trkpt lat="45.200880" lon="6.467460"><ele>1218.0</ele></trkpt>
<trkpt lat="45.200910" lon="6.467430"><ele>1217.0</ele></trkpt>
<trkpt lat="45.200990" lon="6.467350"><ele>1217.0</ele></trkpt>
<trkpt lat="45.201120" lon="6.467210"><ele>1217.0</ele></trkpt>
<trkpt lat="45.201200" lon="6.467130"><ele>1217.0</ele></trkpt>
<trkpt lat="45.201270" lon="6.467060"><ele>1216.0</ele></trkpt>
<trkpt lat="45.201300" lon="6.467020"><ele>1216.0</ele></trkpt>
<trkpt lat="45.201360" lon="6.466960"><ele>1216.0</ele></trkpt>
<trkpt lat="45.201410" lon="6.466900"><ele>1215.0</ele></trkpt>
<trkpt lat="45.201420" lon="6.466890"><ele>1215.0</ele></trkpt>
<trkpt lat="45.201480" lon="6.466790"><ele>1215.0</ele></trkpt>
<trkpt lat="45.201520" lon="6.466710"><ele>1215.0</ele></trkpt>
<trkpt lat="45.201540" lon="6.466670"><ele>1215.0</ele></trkpt>
<trkpt lat="45.201600" lon="6.466570"><ele>1214.0</ele></trkpt>
<trkpt lat="45.201630" lon="6.466500"><ele>1214.0</ele></trkpt>
<trkpt lat="45.201660" lon="6.466450"><ele>1214.0</ele></trkpt>
<trkpt lat="45.201700" lon="6.466320"><ele>1214.0</ele></trkpt>
<trkpt lat="45.201740" lon="6.466150"><ele>1213.0</ele></trkpt>
<trkpt lat="45.201750" lon="6.466030"><ele>1213.0</ele></trkpt>
<trkpt lat="45.201750" lon="6.465970"><ele>1212.0</ele></trkpt>
<trkpt lat="45.201820" lon="6.465530"><ele>1210.0</ele></trkpt>
<trkpt lat="45.201820" lon="6.465500"><ele>1209.0</ele></trkpt>
<trkpt lat="45.201870" lon="6.465280"><ele>1208.0</ele></trkpt>
<trkpt lat="45.201880" lon="6.465240"><ele>1207.0</ele></trkpt>
<trkpt lat="45.201910" lon="6.465150"><ele>1206.0</ele></trkpt>
<trkpt lat="45.201950" lon="6.465060"><ele>1205.0</ele></trkpt>
<trkpt lat="45.202000" lon="6.464960"><ele>1204.0</ele></trkpt>
<trkpt lat="45.202060" lon="6.464850"><ele>1203.0</ele></trkpt>
<trkpt lat="45.202160" lon="6.464670"><ele>1201.0</ele></trkpt>
<trkpt lat="45.202170" lon="6.464650"><ele>1200.0</ele></trkpt>
<trkpt lat="45.202280" lon="6.464450"><ele>1199.0</ele></trkpt>
<trkpt lat="45.202290" lon="6.464440"><ele>1198.0</ele></trkpt>
<trkpt lat="45.202420" lon="6.464230"><ele>1196.0</ele></trkpt>
<trkpt lat="45.202470" lon="6.464110"><ele>1195.0</ele></trkpt>
<trkpt lat="45.202510" lon="6.464050"><ele>1194.0</ele></trkpt>
<trkpt lat="45.202520" lon="6.464040"><ele>1193.0</ele></trkpt>
<trkpt lat="45.202560" lon="6.463980"><ele>1192.0</ele></trkpt>
<trkpt lat="45.202620" lon="6.463850"><ele>1191.0</ele></trkpt>
<trkpt lat="45.202640" lon="6.463810"><ele>1191.0</ele></trkpt>
<trkpt lat="45.202690" lon="6.463730"><ele>1190.0</ele></trkpt>
<trkpt lat="45.202730" lon="6.463660"><ele>1190.0</ele></trkpt>
<trkpt lat="45.202780" lon="6.463600"><ele>1190.0</ele></trkpt>
<trkpt lat="45.202820" lon="6.463540"><ele>1189.0</ele></trkpt>
<trkpt lat="45.202870" lon="6.463500"><ele>1189.0</ele></trkpt>
<trkpt lat="45.202880" lon="6.463500"><ele>1189.0</ele></trkpt>
<trkpt lat="45.202920" lon="6.463470"><ele>1189.0</ele></trkpt>
<trkpt lat="45.202970" lon="6.463430"><ele>1189.0</ele></trkpt>
<trkpt lat="45.202990" lon="6.463420"><ele>1189.0</ele></trkpt>
<trkpt lat="45.203010" lon="6.463400"><ele>1189.0</ele></trkpt>
<trkpt lat="45.203030" lon="6.463390"><ele>1189.0</ele></trkpt>
<trkpt lat="45.203040" lon="6.463390"><ele>1189.0</ele></trkpt>
<trkpt lat="45.203080" lon="6.463370"><ele>1189.0</ele></trkpt>
<trkpt lat="45.203240" lon="6.463300"><ele>1189.0</ele></trkpt>
<trkpt lat="45.203280" lon="6.463280"><ele>1188.0</ele></trkpt>
<trkpt lat="45.203330" lon="6.463250"><ele>1188.0</ele></trkpt>
<trkpt lat="45.203380" lon="6.463220"><ele>1188.0</ele></trkpt>
<trkpt lat="45.203400" lon="6.463210"><ele>1188.0</ele></trkpt>
<trkpt lat="45.203440" lon="6.463180"><ele>1188.0</ele></trkpt>
<trkpt lat="45.203460" lon="6.463160"><ele>1188.0</ele></trkpt>
<trkpt lat="45.203480" lon="6.463130"><ele>1188.0</ele></trkpt>
<trkpt lat="45.203500" lon="6.463090"><ele>1188.0</ele></trkpt>
<trkpt lat="45.203520" lon="6.463070"><ele>1188.0</ele></trkpt>
<trkpt lat="45.203520" lon="6.463060"><ele>1188.0</ele></trkpt>
<trkpt lat="45.203530" lon="6.463040"><ele>1188.0</ele></trkpt>
<trkpt lat="45.203540" lon="6.463020"><ele>1188.0</ele></trkpt>
<trkpt lat="45.203550" lon="6.463000"><ele>1188.0</ele></trkpt>
<trkpt lat="45.203560" lon="6.462970"><ele>1188.0</ele></trkpt>
<trkpt lat="45.203570" lon="6.462920"><ele>1188.0</ele></trkpt>
<trkpt lat="45.203570" lon="6.462880"><ele>1188.0</ele></trkpt>
<trkpt lat="45.203570" lon="6.462830"><ele>1188.0</ele></trkpt>
<trkpt lat="45.203560" lon="6.462730"><ele>1187.0</ele></trkpt>
<trkpt lat="45.203560" lon="6.462670"><ele>1187.0</ele></trkpt>
<trkpt lat="45.203550" lon="6.462610"><ele>1187.0</ele></trkpt>
<trkpt lat="45.203550" lon="6.462550"><ele>1187.0</ele></trkpt>
<trkpt lat="45.203540" lon="6.462500"><ele>1187.0</ele></trkpt>
<trkpt lat="45.203540" lon="6.462440"><ele>1187.0</ele></trkpt>
<trkpt lat="45.203530" lon="6.462380"><ele>1187.0</ele></trkpt>
<trkpt lat="45.203520" lon="6.462320"><ele>1187.0</ele></trkpt>
<trkpt lat="45.203490" lon="6.462150"><ele>1187.0</ele></trkpt>
<trkpt lat="45.203490" lon="6.462070"><ele>1187.0</ele></trkpt>
<trkpt lat="45.203480" lon="6.461980"><ele>1186.0</ele></trkpt>
<trkpt lat="45.203480" lon="6.461810"><ele>1186.0</ele></trkpt>
<trkpt lat="45.203480" lon="6.461680"><ele>1185.0</ele></trkpt>
<trkpt lat="45.203470" lon="6.461620"><ele>1184.0</ele></trkpt>
<trkpt lat="45.203470" lon="6.461560"><ele>1183.0</ele></trkpt>
<trkpt lat="45.203470" lon="6.461500"><ele>1183.0</ele></trkpt>
<trkpt lat="45.203460" lon="6.461440"><ele>1182.0</ele></trkpt>
<trkpt lat="45.203450" lon="6.461390"><ele>1182.0</ele></trkpt>
<trkpt lat="45.203430" lon="6.461320"><ele>1181.0</ele></trkpt>
<trkpt lat="45.203430" lon="6.461310"><ele>1181.0</ele></trkpt>
<trkpt lat="45.203400" lon="6.461230"><ele>1180.0</ele></trkpt>
<trkpt lat="45.203340" lon="6.461090"><ele>1179.0</ele></trkpt>
<trkpt lat="45.203330" lon="6.461070"><ele>1179.0</ele></trkpt>
<trkpt lat="45.203290" lon="6.460980"><ele>1178.0</ele></trkpt>
<trkpt lat="45.203260" lon="6.460870"><ele>1177.0</ele></trkpt>
<trkpt lat="45.203250" lon="6.460850"><ele>1177.0</ele></trkpt>
<trkpt lat="45.203220" lon="6.460750"><ele>1176.0</ele></trkpt>
<trkpt lat="45.203210" lon="6.460640"><ele>1175.0</ele></trkpt>
<trkpt lat="45.203200" lon="6.460560"><ele>1174.0</ele></trkpt>
<trkpt lat="45.203200" lon="6.460410"><ele>1173.0</ele></trkpt>
<trkpt lat="45.203200" lon="6.460370"><ele>1173.0</ele></trkpt>
<trkpt lat="45.203200" lon="6.460270"><ele>1172.0</ele></trkpt>
<trkpt lat="45.203200" lon="6.460170"><ele>1171.0</ele></trkpt>
<trkpt lat="45.203200" lon="6.460120"><ele>1170.0</ele></trkpt>
<trkpt lat="45.203200" lon="6.460020"><ele>1170.0</ele></trkpt>
<trkpt lat="45.203190" lon="6.459930"><ele>1169.0</ele></trkpt>
<trkpt lat="45.203170" lon="6.459860"><ele>1168.0</ele></trkpt>
<trkpt lat="45.203170" lon="6.459830"><ele>1168.0</ele></trkpt>
<trkpt lat="45.203130" lon="6.459710"><ele>1167.0</ele></trkpt>
<trkpt lat="45.203100" lon="6.459630"><ele>1166.0</ele></trkpt>
<trkpt lat="45.203060" lon="6.459540"><ele>1165.0</ele></trkpt>
<trkpt lat="45.203020" lon="6.459450"><ele>1165.0</ele></trkpt>
<trkpt lat="45.203000" lon="6.459420"><ele>1165.0</ele></trkpt>
<trkpt lat="45.202970" lon="6.459370"><ele>1164.0</ele></trkpt>
<trkpt lat="45.202830" lon="6.459130"><ele>1164.0</ele></trkpt>
<trkpt lat="45.202700" lon="6.458930"><ele>1163.0</ele></trkpt>
<trkpt lat="45.202540" lon="6.458650"><ele>1162.0</ele></trkpt>
<trkpt lat="45.202530" lon="6.458640"><ele>1162.0</ele></trkpt>
<trkpt lat="45.202460" lon="6.458490"><ele>1161.0</ele></trkpt>
<trkpt lat="45.202430" lon="6.458410"><ele>1161.0</ele></trkpt>
<trkpt lat="45.202400" lon="6.458320"><ele>1161.0</ele></trkpt>
<trkpt lat="45.202370" lon="6.458240"><ele>1160.0</ele></trkpt>
<trkpt lat="45.202340" lon="6.458150"><ele>1160.0</ele></trkpt>
<trkpt lat="45.202310" lon="6.458060"><ele>1160.0</ele></trkpt>
<trkpt lat="45.202270" lon="6.457990"><ele>1159.0</ele></trkpt>
<trkpt lat="45.202230" lon="6.457920"><ele>1159.0</ele></trkpt>
<trkpt lat="45.202180" lon="6.457850"><ele>1159.0</ele></trkpt>
<trkpt lat="45.202130" lon="6.457790"><ele>1159.0</ele></trkpt>
<trkpt lat="45.202080" lon="6.457740"><ele>1158.0</ele></trkpt>
<trkpt lat="45.202020" lon="6.457690"><ele>1158.0</ele></trkpt>
<trkpt lat="45.201990" lon="6.457660"><ele>1158.0</ele></trkpt>
<trkpt lat="45.201960" lon="6.457640"><ele>1158.0</ele></trkpt>
<trkpt lat="45.201900" lon="6.457600"><ele>1157.0</ele></trkpt>
<trkpt lat="45.201850" lon="6.457560"><ele>1156.0</ele></trkpt>
<trkpt lat="45.201830" lon="6.457540"><ele>1156.0</ele></trkpt>
<trkpt lat="45.201790" lon="6.457520"><ele>1155.0</ele></trkpt>
<trkpt lat="45.201740" lon="6.457470"><ele>1155.0</ele></trkpt>
<trkpt lat="45.201690" lon="6.457430"><ele>1154.0</ele></trkpt>
<trkpt lat="45.201660" lon="6.457390"><ele>1153.0</ele></trkpt>
<trkpt lat="45.201630" lon="6.457360"><ele>1152.0</ele></trkpt>
<trkpt lat="45.201600" lon="6.457330"><ele>1152.0</ele></trkpt>
<trkpt lat="45.201580" lon="6.457300"><ele>1151.0</ele></trkpt>
<trkpt lat="45.201550" lon="6.457260"><ele>1151.0</ele></trkpt>
<trkpt lat="45.201540" lon="6.457250"><ele>1150.0</ele></trkpt>
<trkpt lat="45.201520" lon="6.457230"><ele>1150.0</ele></trkpt>
<trkpt lat="45.201500" lon="6.457200"><ele>1149.0</ele></trkpt>
<trkpt lat="45.201480" lon="6.457170"><ele>1149.0</ele></trkpt>
<trkpt lat="45.201450" lon="6.457140"><ele>1148.0</ele></trkpt>
<trkpt lat="45.201430" lon="6.457110"><ele>1148.0</ele></trkpt>
<trkpt lat="45.201400" lon="6.457070"><ele>1147.0</ele></trkpt>
<trkpt lat="45.201380" lon="6.457040"><ele>1147.0</ele></trkpt>
<trkpt lat="45.201350" lon="6.457000"><ele>1146.0</ele></trkpt>
<trkpt lat="45.201320" lon="6.456940"><ele>1146.0</ele></trkpt>
<trkpt lat="45.201280" lon="6.456880"><ele>1145.0</ele></trkpt>
<trkpt lat="45.201260" lon="6.456840"><ele>1144.0</ele></trkpt>
<trkpt lat="45.201240" lon="6.456790"><ele>1144.0</ele></trkpt>
<trkpt lat="45.201230" lon="6.456730"><ele>1143.0</ele></trkpt>
<trkpt lat="45.201220" lon="6.456650"><ele>1142.0</ele></trkpt>
<trkpt lat="45.201230" lon="6.456580"><ele>1142.0</ele></trkpt>
<trkpt lat="45.201250" lon="6.456540"><ele>1141.0</ele></trkpt>
<trkpt lat="45.201260" lon="6.456500"><ele>1140.0</ele></trkpt>
<trkpt lat="45.201280" lon="6.456480"><ele>1140.0</ele></trkpt>
<trkpt lat="45.201290" lon="6.456460"><ele>1139.0</ele></trkpt>
<trkpt lat="45.201300" lon="6.456440"><ele>1139.0</ele></trkpt>
<trkpt lat="45.201320" lon="6.456430"><ele>1139.0</ele></trkpt>
<trkpt lat="45.201330" lon="6.456420"><ele>1138.0</ele></trkpt>
<trkpt lat="45.201340" lon="6.456420"><ele>1138.0</ele></trkpt>
<trkpt lat="45.201350" lon="6.456410"><ele>1138.0</ele></trkpt>
<trkpt lat="45.201360" lon="6.456410"><ele>1138.0</ele></trkpt>
<trkpt lat="45.201380" lon="6.456400"><ele>1137.0</ele></trkpt>
<trkpt lat="45.201400" lon="6.456400"><ele>1137.0</ele></trkpt>
<trkpt lat="45.201420" lon="6.456400"><ele>1137.0</ele></trkpt>
<trkpt lat="45.201440" lon="6.456390"><ele>1136.0</ele></trkpt>
<trkpt lat="45.201450" lon="6.456390"><ele>1136.0</ele></trkpt>
<trkpt lat="45.201480" lon="6.456390"><ele>1136.0</ele></trkpt>
<trkpt lat="45.201510" lon="6.456400"><ele>1136.0</ele></trkpt>
<trkpt lat="45.201630" lon="6.456410"><ele>1135.0</ele></trkpt>
<trkpt lat="45.201670" lon="6.456410"><ele>1134.0</ele></trkpt>
<trkpt lat="45.201710" lon="6.456410"><ele>1133.0</ele></trkpt>
<trkpt lat="45.201740" lon="6.456410"><ele>1133.0</ele></trkpt>
<trkpt lat="45.201780" lon="6.456410"><ele>1132.0</ele></trkpt>
<trkpt lat="45.201820" lon="6.456400"><ele>1131.0</ele></trkpt>
<trkpt lat="45.201850" lon="6.456380"><ele>1131.0</ele></trkpt>
<trkpt lat="45.201890" lon="6.456370"><ele>1130.0</ele></trkpt>
<trkpt lat="45.201910" lon="6.456350"><ele>1130.0</ele></trkpt>
<trkpt lat="45.201920" lon="6.456340"><ele>1129.0</ele></trkpt>
<trkpt lat="45.201940" lon="6.456330"><ele>1129.0</ele></trkpt>
<trkpt lat="45.201960" lon="6.456320"><ele>1129.0</ele></trkpt>
<trkpt lat="45.201970" lon="6.456310"><ele>1129.0</ele></trkpt>
<trkpt lat="45.201990" lon="6.456280"><ele>1128.0</ele></trkpt>
<trkpt lat="45.202020" lon="6.456260"><ele>1128.0</ele></trkpt>
<trkpt lat="45.202030" lon="6.456230"><ele>1128.0</ele></trkpt>
<trkpt lat="45.202040" lon="6.456220"><ele>1128.0</ele></trkpt>
<trkpt lat="45.202050" lon="6.456190"><ele>1127.0</ele></trkpt>
<trkpt lat="45.202050" lon="6.456180"><ele>1127.0</ele></trkpt>
<trkpt lat="45.202060" lon="6.456140"><ele>1127.0</ele></trkpt>
<trkpt lat="45.202060" lon="6.456110"><ele>1127.0</ele></trkpt>
<trkpt lat="45.202060" lon="6.456060"><ele>1127.0</ele></trkpt>
<trkpt lat="45.202060" lon="6.456010"><ele>1126.0</ele></trkpt>
<trkpt lat="45.202030" lon="6.455940"><ele>1126.0</ele></trkpt>
<trkpt lat="45.201940" lon="6.455730"><ele>1125.0</ele></trkpt>
<trkpt lat="45.201910" lon="6.455650"><ele>1124.0</ele></trkpt>
<trkpt lat="45.201830" lon="6.455400"><ele>1123.0</ele></trkpt>
<trkpt lat="45.201820" lon="6.455290"><ele>1122.0</ele></trkpt>
<trkpt lat="45.201810" lon="6.455260"><ele>1121.0</ele></trkpt>
<trkpt lat="45.201800" lon="6.455190"><ele>1121.0</ele></trkpt>
<trkpt lat="45.201790" lon="6.455090"><ele>1120.0</ele></trkpt>
<trkpt lat="45.201790" lon="6.455030"><ele>1120.0</ele></trkpt>
<trkpt lat="45.201800" lon="6.455010"><ele>1119.0</ele></trkpt>
<trkpt lat="45.201800" lon="6.454980"><ele>1119.0</ele></trkpt>
<trkpt lat="45.201810" lon="6.454940"><ele>1118.0</ele></trkpt>
<trkpt lat="45.201850" lon="6.454890"><ele>1118.0</ele></trkpt>
<trkpt lat="45.201880" lon="6.454850"><ele>1118.0</ele></trkpt>
<trkpt lat="45.201890" lon="6.454830"><ele>1117.0</ele></trkpt>
<trkpt lat="45.201910" lon="6.454810"><ele>1117.0</ele></trkpt>
<trkpt lat="45.201940" lon="6.454800"><ele>1117.0</ele></trkpt>
<trkpt lat="45.201970" lon="6.454790"><ele>1116.0</ele></trkpt>
<trkpt lat="45.202020" lon="6.454790"><ele>1116.0</ele></trkpt>
<trkpt lat="45.202080" lon="6.454800"><ele>1116.0</ele></trkpt>
<trkpt lat="45.202100" lon="6.454800"><ele>1115.0</ele></trkpt>
<trkpt lat="45.202200" lon="6.454790"><ele>1115.0</ele></trkpt>
<trkpt lat="45.202240" lon="6.454790"><ele>1114.0</ele></trkpt>
<trkpt lat="45.202280" lon="6.454780"><ele>1114.0</ele></trkpt>
<trkpt lat="45.202310" lon="6.454760"><ele>1113.0</ele></trkpt>
<trkpt lat="45.202340" lon="6.454750"><ele>1113.0</ele></trkpt>
<trkpt lat="45.202350" lon="6.454740"><ele>1113.0</ele></trkpt>
<trkpt lat="45.202390" lon="6.454710"><ele>1112.0</ele></trkpt>
<trkpt lat="45.202410" lon="6.454690"><ele>1112.0</ele></trkpt>
<trkpt lat="45.202420" lon="6.454680"><ele>1112.0</ele></trkpt>
<trkpt lat="45.202430" lon="6.454680"><ele>1112.0</ele></trkpt>
<trkpt lat="45.202470" lon="6.454620"><ele>1111.0</ele></trkpt>
<trkpt lat="45.202560" lon="6.454510"><ele>1111.0</ele></trkpt>
<trkpt lat="45.202690" lon="6.454330"><ele>1111.0</ele></trkpt>
<trkpt lat="45.202850" lon="6.454110"><ele>1111.0</ele></trkpt>
<trkpt lat="45.202890" lon="6.454050"><ele>1110.0</ele></trkpt>
<trkpt lat="45.202910" lon="6.454040"><ele>1110.0</ele></trkpt>
<trkpt lat="45.202930" lon="6.454020"><ele>1110.0</ele></trkpt>
<trkpt lat="45.202950" lon="6.454010"><ele>1110.0</ele></trkpt>
<trkpt lat="45.202960" lon="6.454000"><ele>1110.0</ele></trkpt>
<trkpt lat="45.203000" lon="6.454000"><ele>1110.0</ele></trkpt>
<trkpt lat="45.203010" lon="6.454010"><ele>1109.0</ele></trkpt>
<trkpt lat="45.203020" lon="6.454010"><ele>1109.0</ele></trkpt>
<trkpt lat="45.203040" lon="6.454020"><ele>1109.0</ele></trkpt>
<trkpt lat="45.203060" lon="6.454030"><ele>1109.0</ele></trkpt>
<trkpt lat="45.203070" lon="6.454050"><ele>1109.0</ele></trkpt>
<trkpt lat="45.203090" lon="6.454070"><ele>1109.0</ele></trkpt>
<trkpt lat="45.203100" lon="6.454100"><ele>1109.0</ele></trkpt>
<trkpt lat="45.203110" lon="6.454120"><ele>1109.0</ele></trkpt>
<trkpt lat="45.203110" lon="6.454160"><ele>1109.0</ele></trkpt>
<trkpt lat="45.203110" lon="6.454200"><ele>1109.0</ele></trkpt>
<trkpt lat="45.203110" lon="6.454240"><ele>1109.0</ele></trkpt>
<trkpt lat="45.203100" lon="6.454270"><ele>1109.0</ele></trkpt>
<trkpt lat="45.203090" lon="6.454300"><ele>1109.0</ele></trkpt>
<trkpt lat="45.203080" lon="6.454320"><ele>1109.0</ele></trkpt>
<trkpt lat="45.203060" lon="6.454340"><ele>1109.0</ele></trkpt>
<trkpt lat="45.203050" lon="6.454360"><ele>1109.0</ele></trkpt>
<trkpt lat="45.202990" lon="6.454430"><ele>1108.0</ele></trkpt>
<trkpt lat="45.202870" lon="6.454540"><ele>1108.0</ele></trkpt>
<trkpt lat="45.202790" lon="6.454640"><ele>1108.0</ele></trkpt>
<trkpt lat="45.202680" lon="6.454780"><ele>1108.0</ele></trkpt>
<trkpt lat="45.202570" lon="6.454930"><ele>1107.0</ele></trkpt>
<trkpt lat="45.202490" lon="6.455030"><ele>1107.0</ele></trkpt>
<trkpt lat="45.202460" lon="6.455090"><ele>1107.0</ele></trkpt>
<trkpt lat="45.202430" lon="6.455130"><ele>1106.0</ele></trkpt>
<trkpt lat="45.202400" lon="6.455180"><ele>1106.0</ele></trkpt>
<trkpt lat="45.202390" lon="6.455190"><ele>1106.0</ele></trkpt>
<trkpt lat="45.202370" lon="6.455230"><ele>1105.0</ele></trkpt>
<trkpt lat="45.202350" lon="6.455260"><ele>1105.0</ele></trkpt>
<trkpt lat="45.202320" lon="6.455310"><ele>1105.0</ele></trkpt>
<trkpt lat="45.202310" lon="6.455340"><ele>1104.0</ele></trkpt>
<trkpt lat="45.202300" lon="6.455380"><ele>1104.0</ele></trkpt>
<trkpt lat="45.202300" lon="6.455400"><ele>1104.0</ele></trkpt>
<trkpt lat="45.202300" lon="6.455420"><ele>1104.0</ele></trkpt>
<trkpt lat="45.202300" lon="6.455460"><ele>1103.0</ele></trkpt>
<trkpt lat="45.202320" lon="6.455530"><ele>1103.0</ele></trkpt>
<trkpt lat="45.202350" lon="6.455590"><ele>1103.0</ele></trkpt>
<trkpt lat="45.202380" lon="6.455620"><ele>1102.0</ele></trkpt>
<trkpt lat="45.202410" lon="6.455650"><ele>1102.0</ele></trkpt>
<trkpt lat="45.202450" lon="6.455660"><ele>1101.0</ele></trkpt>
<trkpt lat="45.202490" lon="6.455670"><ele>1101.0</ele></trkpt>
<trkpt lat="45.202530" lon="6.455670"><ele>1101.0</ele></trkpt>
<trkpt lat="45.202550" lon="6.455670"><ele>1100.0</ele></trkpt>
<trkpt lat="45.202570" lon="6.455660"><ele>1100.0</ele></trkpt>
<trkpt lat="45.202600" lon="6.455650"><ele>1100.0</ele></trkpt>
<trkpt lat="45.202630" lon="6.455640"><ele>1099.0</ele></trkpt>
<trkpt lat="45.202670" lon="6.455610"><ele>1099.0</ele></trkpt>
<trkpt lat="45.202720" lon="6.455580"><ele>1099.0</ele></trkpt>
<trkpt lat="45.202760" lon="6.455560"><ele>1098.0</ele></trkpt>
<trkpt lat="45.202840" lon="6.455490"><ele>1098.0</ele></trkpt>
<trkpt lat="45.202870" lon="6.455450"><ele>1097.0</ele></trkpt>
<trkpt lat="45.202920" lon="6.455400"><ele>1097.0</ele></trkpt>
<trkpt lat="45.203010" lon="6.455290"><ele>1096.0</ele></trkpt>
<trkpt lat="45.203130" lon="6.455170"><ele>1095.0</ele></trkpt>
<trkpt lat="45.203220" lon="6.455020"><ele>1094.0</ele></trkpt>
<trkpt lat="45.203270" lon="6.454940"><ele>1093.0</ele></trkpt>
<trkpt lat="45.203320" lon="6.454870"><ele>1092.0</ele></trkpt>
<trkpt lat="45.203390" lon="6.454750"><ele>1091.0</ele></trkpt>
<trkpt lat="45.203420" lon="6.454700"><ele>1090.0</ele></trkpt>
<trkpt lat="45.203520" lon="6.454470"><ele>1089.0</ele></trkpt>
<trkpt lat="45.203590" lon="6.454270"><ele>1088.0</ele></trkpt>
<trkpt lat="45.203640" lon="6.454070"><ele>1087.0</ele></trkpt>
<trkpt lat="45.203750" lon="6.453630"><ele>1086.0</ele></trkpt>
<trkpt lat="45.203760" lon="6.453600"><ele>1085.0</ele></trkpt>
<trkpt lat="45.203780" lon="6.453520"><ele>1084.0</ele></trkpt>
<trkpt lat="45.203810" lon="6.453420"><ele>1083.0</ele></trkpt>
<trkpt lat="45.203830" lon="6.453370"><ele>1082.0</ele></trkpt>
<trkpt lat="45.203850" lon="6.453350"><ele>1082.0</ele></trkpt>
<trkpt lat="45.203880" lon="6.453320"><ele>1082.0</ele></trkpt>
<trkpt lat="45.203910" lon="6.453290"><ele>1081.0</ele></trkpt>
<trkpt lat="45.203940" lon="6.453270"><ele>1081.0</ele></trkpt>
<trkpt lat="45.203980" lon="6.453250"><ele>1081.0</ele></trkpt>
<trkpt lat="45.204040" lon="6.453230"><ele>1080.0</ele></trkpt>
<trkpt lat="45.204100" lon="6.453210"><ele>1080.0</ele></trkpt>
<trkpt lat="45.204160" lon="6.453200"><ele>1080.0</ele></trkpt>
<trkpt lat="45.204160" lon="6.453190"><ele>1079.0</ele></trkpt>
<trkpt lat="45.204200" lon="6.453190"><ele>1079.0</ele></trkpt>
<trkpt lat="45.204240" lon="6.453190"><ele>1079.0</ele></trkpt>
<trkpt lat="45.204320" lon="6.453180"><ele>1078.0</ele></trkpt>
<trkpt lat="45.204340" lon="6.453180"><ele>1078.0</ele></trkpt>
<trkpt lat="45.204430" lon="6.453180"><ele>1078.0</ele></trkpt>
<trkpt lat="45.204520" lon="6.453190"><ele>1077.0</ele></trkpt>
<trkpt lat="45.204750" lon="6.453200"><ele>1076.0</ele></trkpt>
<trkpt lat="45.205000" lon="6.453200"><ele>1075.0</ele></trkpt>
<trkpt lat="45.205210" lon="6.453200"><ele>1073.0</ele></trkpt>
<trkpt lat="45.205240" lon="6.453200"><ele>1072.0</ele></trkpt>
<trkpt lat="45.205270" lon="6.453190"><ele>1071.0</ele></trkpt>
<trkpt lat="45.205360" lon="6.453190"><ele>1070.0</ele></trkpt>
<trkpt lat="45.205420" lon="6.453190"><ele>1069.0</ele></trkpt>
<trkpt lat="45.205500" lon="6.453190"><ele>1068.0</ele></trkpt>
<trkpt lat="45.205540" lon="6.453200"><ele>1068.0</ele></trkpt>
<trkpt lat="45.205630" lon="6.453210"><ele>1067.0</ele></trkpt>
<trkpt lat="45.205780" lon="6.453240"><ele>1066.0</ele></trkpt>
<trkpt lat="45.205890" lon="6.453260"><ele>1065.0</ele></trkpt>
<trkpt lat="45.205960" lon="6.453280"><ele>1064.0</ele></trkpt>
<trkpt lat="45.206060" lon="6.453320"><ele>1063.0</ele></trkpt>
<trkpt lat="45.206140" lon="6.453350"><ele>1062.0</ele></trkpt>
<trkpt lat="45.206170" lon="6.453370"><ele>1061.0</ele></trkpt>
<trkpt lat="45.206210" lon="6.453380"><ele>1060.0</ele></trkpt>
<trkpt lat="45.206250" lon="6.453400"><ele>1060.0</ele></trkpt>
<trkpt lat="45.206320" lon="6.453420"><ele>1059.0</ele></trkpt>
<trkpt lat="45.206360" lon="6.453430"><ele>1059.0</ele></trkpt>
<trkpt lat="45.206400" lon="6.453430"><ele>1058.0</ele></trkpt>
<trkpt lat="45.206440" lon="6.453440"><ele>1058.0</ele></trkpt>
<trkpt lat="45.206470" lon="6.453440"><ele>1057.0</ele></trkpt>
<trkpt lat="45.206510" lon="6.453440"><ele>1057.0</ele></trkpt>
<trkpt lat="45.206550" lon="6.453440"><ele>1056.0</ele></trkpt>
<trkpt lat="45.206660" lon="6.453440"><ele>1056.0</ele></trkpt>
<trkpt lat="45.206700" lon="6.453440"><ele>1055.0</ele></trkpt>
<trkpt lat="45.206740" lon="6.453440"><ele>1055.0</ele></trkpt>
<trkpt lat="45.206820" lon="6.453430"><ele>1054.0</ele></trkpt>
<trkpt lat="45.206840" lon="6.453430"><ele>1054.0</ele></trkpt>
<trkpt lat="45.206900" lon="6.453420"><ele>1053.0</ele></trkpt>
<trkpt lat="45.206930" lon="6.453410"><ele>1053.0</ele></trkpt>
<trkpt lat="45.206970" lon="6.453400"><ele>1052.0</ele></trkpt>
<trkpt lat="45.207010" lon="6.453390"><ele>1052.0</ele></trkpt>
<trkpt lat="45.207020" lon="6.453390"><ele>1052.0</ele></trkpt>
<trkpt lat="45.207050" lon="6.453390"><ele>1051.0</ele></trkpt>
<trkpt lat="45.207090" lon="6.453380"><ele>1051.0</ele></trkpt>
<trkpt lat="45.207120" lon="6.453370"><ele>1051.0</ele></trkpt>
<trkpt lat="45.207160" lon="6.453370"><ele>1050.0</ele></trkpt>
<trkpt lat="45.207200" lon="6.453370"><ele>1050.0</ele></trkpt>
<trkpt lat="45.207220" lon="6.453370"><ele>1050.0</ele></trkpt>
<trkpt lat="45.207270" lon="6.453370"><ele>1049.0</ele></trkpt>
<trkpt lat="45.207340" lon="6.453380"><ele>1049.0</ele></trkpt>
<trkpt lat="45.207400" lon="6.453380"><ele>1048.0</ele></trkpt>
<trkpt lat="45.207470" lon="6.453390"><ele>1048.0</ele></trkpt>
<trkpt lat="45.207530" lon="6.453400"><ele>1047.0</ele></trkpt>
<trkpt lat="45.207560" lon="6.453410"><ele>1047.0</ele></trkpt>
<trkpt lat="45.207590" lon="6.453410"><ele>1046.0</ele></trkpt>
<trkpt lat="45.207630" lon="6.453430"><ele>1046.0</ele></trkpt>
<trkpt lat="45.207670" lon="6.453440"><ele>1045.0</ele></trkpt>
<trkpt lat="45.207700" lon="6.453460"><ele>1045.0</ele></trkpt>
<trkpt lat="45.207730" lon="6.453470"><ele>1045.0</ele></trkpt>
<trkpt lat="45.207760" lon="6.453490"><ele>1044.0</ele></trkpt>
<trkpt lat="45.207790" lon="6.453520"><ele>1044.0</ele></trkpt>
<trkpt lat="45.207820" lon="6.453550"><ele>1044.0</ele></trkpt>
<trkpt lat="45.207860" lon="6.453580"><ele>1043.0</ele></trkpt>
<trkpt lat="45.207880" lon="6.453610"><ele>1043.0</ele></trkpt>
<trkpt lat="45.207890" lon="6.453610"><ele>1043.0</ele></trkpt>
<trkpt lat="45.207920" lon="6.453650"><ele>1042.0</ele></trkpt>
<trkpt lat="45.207940" lon="6.453690"><ele>1042.0</ele></trkpt>
<trkpt lat="45.207960" lon="6.453730"><ele>1042.0</ele></trkpt>
<trkpt lat="45.208000" lon="6.453800"><ele>1041.0</ele></trkpt>
<trkpt lat="45.208040" lon="6.453890"><ele>1041.0</ele></trkpt>
<trkpt lat="45.208080" lon="6.453990"><ele>1040.0</ele></trkpt>
<trkpt lat="45.208100" lon="6.454040"><ele>1039.0</ele></trkpt>
<trkpt lat="45.208120" lon="6.454090"><ele>1039.0</ele></trkpt>
<trkpt lat="45.208150" lon="6.454150"><ele>1038.0</ele></trkpt>
<trkpt lat="45.208160" lon="6.454180"><ele>1038.0</ele></trkpt>
<trkpt lat="45.208180" lon="6.454220"><ele>1038.0</ele></trkpt>
<trkpt lat="45.208210" lon="6.454270"><ele>1037.0</ele></trkpt>
<trkpt lat="45.208260" lon="6.454370"><ele>1037.0</ele></trkpt>
<trkpt lat="45.208310" lon="6.454480"><ele>1036.0</ele></trkpt>
<trkpt lat="45.208400" lon="6.454650"><ele>1035.0</ele></trkpt>
<trkpt lat="45.208470" lon="6.454780"><ele>1034.0</ele></trkpt>
<trkpt lat="45.208540" lon="6.454920"><ele>1033.0</ele></trkpt>
<trkpt lat="45.208580" lon="6.454990"><ele>1032.0</ele></trkpt>
<trkpt lat="45.208610" lon="6.455050"><ele>1032.0</ele></trkpt>
<trkpt lat="45.208630" lon="6.455100"><ele>1031.0</ele></trkpt>
<trkpt lat="45.208650" lon="6.455140"><ele>1031.0</ele></trkpt>
<trkpt lat="45.208670" lon="6.455180"><ele>1030.0</ele></trkpt>
<trkpt lat="45.208700" lon="6.455260"><ele>1030.0</ele></trkpt>
<trkpt lat="45.208710" lon="6.455280"><ele>1029.0</ele></trkpt>
<trkpt lat="45.208730" lon="6.455350"><ele>1029.0</ele></trkpt>
<trkpt lat="45.208750" lon="6.455410"><ele>1028.0</ele></trkpt>
<trkpt lat="45.208780" lon="6.455510"><ele>1028.0</ele></trkpt>
<trkpt lat="45.208800" lon="6.455570"><ele>1027.0</ele></trkpt>
<trkpt lat="45.208830" lon="6.455670"><ele>1027.0</ele></trkpt>
<trkpt lat="45.208850" lon="6.455750"><ele>1026.0</ele></trkpt>
<trkpt lat="45.208860" lon="6.455780"><ele>1026.0</ele></trkpt>
<trkpt lat="45.208880" lon="6.455830"><ele>1025.0</ele></trkpt>
<trkpt lat="45.208890" lon="6.455870"><ele>1025.0</ele></trkpt>
<trkpt lat="45.208910" lon="6.455910"><ele>1025.0</ele></trkpt>
<trkpt lat="45.208940" lon="6.455970"><ele>1024.0</ele></trkpt>
<trkpt lat="45.208960" lon="6.456000"><ele>1024.0</ele></trkpt>
<trkpt lat="45.208990" lon="6.456030"><ele>1024.0</ele></trkpt>
<trkpt lat="45.209020" lon="6.456050"><ele>1023.0</ele></trkpt>
<trkpt lat="45.209060" lon="6.456070"><ele>1023.0</ele></trkpt>
<trkpt lat="45.209090" lon="6.456080"><ele>1022.0</ele></trkpt>
<trkpt lat="45.209100" lon="6.456080"><ele>1022.0</ele></trkpt>
<trkpt lat="45.209110" lon="6.456090"><ele>1022.0</ele></trkpt>
<trkpt lat="45.209230" lon="6.456110"><ele>1022.0</ele></trkpt>
<trkpt lat="45.209300" lon="6.456130"><ele>1021.0</ele></trkpt>
<trkpt lat="45.209340" lon="6.456130"><ele>1021.0</ele></trkpt>
<trkpt lat="45.209380" lon="6.456130"><ele>1020.0</ele></trkpt>
<trkpt lat="45.209400" lon="6.456130"><ele>1020.0</ele></trkpt>
<trkpt lat="45.209420" lon="6.456130"><ele>1020.0</ele></trkpt>
<trkpt lat="45.209440" lon="6.456120"><ele>1019.0</ele></trkpt>
<trkpt lat="45.209450" lon="6.456110"><ele>1019.0</ele></trkpt>
<trkpt lat="45.209460" lon="6.456100"><ele>1019.0</ele></trkpt>
<trkpt lat="45.209470" lon="6.456090"><ele>1019.0</ele></trkpt>
<trkpt lat="45.209480" lon="6.456080"><ele>1019.0</ele></trkpt>
<trkpt lat="45.209490" lon="6.456070"><ele>1019.0</ele></trkpt>
<trkpt lat="45.209500" lon="6.456050"><ele>1019.0</ele></trkpt>
<trkpt lat="45.209520" lon="6.456030"><ele>1018.0</ele></trkpt>
<trkpt lat="45.209520" lon="6.456010"><ele>1018.0</ele></trkpt>
<trkpt lat="45.209530" lon="6.455950"><ele>1018.0</ele></trkpt>
<trkpt lat="45.209540" lon="6.455900"><ele>1018.0</ele></trkpt>
<trkpt lat="45.209540" lon="6.455850"><ele>1018.0</ele></trkpt>
<trkpt lat="45.209540" lon="6.455770"><ele>1017.0</ele></trkpt>
<trkpt lat="45.209550" lon="6.455650"><ele>1017.0</ele></trkpt>
<trkpt lat="45.209550" lon="6.455560"><ele>1017.0</ele></trkpt>
<trkpt lat="45.209560" lon="6.455520"><ele>1016.0</ele></trkpt>
<trkpt lat="45.209570" lon="6.455480"><ele>1016.0</ele></trkpt>
<trkpt lat="45.209580" lon="6.455430"><ele>1016.0</ele></trkpt>
<trkpt lat="45.209590" lon="6.455390"><ele>1015.0</ele></trkpt>
<trkpt lat="45.209610" lon="6.455330"><ele>1015.0</ele></trkpt>
<trkpt lat="45.209640" lon="6.455290"><ele>1015.0</ele></trkpt>
<trkpt lat="45.209680" lon="6.455200"><ele>1014.0</ele></trkpt>
<trkpt lat="45.209700" lon="6.455170"><ele>1014.0</ele></trkpt>
<trkpt lat="45.209730" lon="6.455140"><ele>1014.0</ele></trkpt>
<trkpt lat="45.209760" lon="6.455110"><ele>1014.0</ele></trkpt>
<trkpt lat="45.209790" lon="6.455080"><ele>1013.0</ele></trkpt>
<trkpt lat="45.209830" lon="6.455050"><ele>1013.0</ele></trkpt>
<trkpt lat="45.209840" lon="6.455050"><ele>1013.0</ele></trkpt>
<trkpt lat="45.209860" lon="6.455030"><ele>1013.0</ele></trkpt>
<trkpt lat="45.209890" lon="6.455010"><ele>1012.0</ele></trkpt>
<trkpt lat="45.209920" lon="6.454980"><ele>1012.0</ele></trkpt>
<trkpt lat="45.209950" lon="6.454950"><ele>1012.0</ele></trkpt>
<trkpt lat="45.209990" lon="6.454920"><ele>1012.0</ele></trkpt>
<trkpt lat="45.210000" lon="6.454910"><ele>1011.0</ele></trkpt>
<trkpt lat="45.210020" lon="6.454890"><ele>1011.0</ele></trkpt>
<trkpt lat="45.210030" lon="6.454880"><ele>1011.0</ele></trkpt>
<trkpt lat="45.210050" lon="6.454850"><ele>1011.0</ele></trkpt>
<trkpt lat="45.210080" lon="6.454790"><ele>1011.0</ele></trkpt>
<trkpt lat="45.210100" lon="6.454740"><ele>1010.0</ele></trkpt>
<trkpt lat="45.210110" lon="6.454720"><ele>1010.0</ele></trkpt>
<trkpt lat="45.210130" lon="6.454670"><ele>1010.0</ele></trkpt>
<trkpt lat="45.210160" lon="6.454590"><ele>1010.0</ele></trkpt>
<trkpt lat="45.210180" lon="6.454550"><ele>1009.0</ele></trkpt>
<trkpt lat="45.210190" lon="6.454520"><ele>1009.0</ele></trkpt>
<trkpt lat="45.210210" lon="6.454490"><ele>1009.0</ele></trkpt>
<trkpt lat="45.210230" lon="6.454480"><ele>1009.0</ele></trkpt>
<trkpt lat="45.210240" lon="6.454470"><ele>1008.0</ele></trkpt>
<trkpt lat="45.210270" lon="6.454460"><ele>1008.0</ele></trkpt>
<trkpt lat="45.210300" lon="6.454460"><ele>1008.0</ele></trkpt>
<trkpt lat="45.210320" lon="6.454470"><ele>1008.0</ele></trkpt>
<trkpt lat="45.210340" lon="6.454480"><ele>1008.0</ele></trkpt>
<trkpt lat="45.210370" lon="6.454500"><ele>1007.0</ele></trkpt>
<trkpt lat="45.210390" lon="6.454530"><ele>1007.0</ele></trkpt>
<trkpt lat="45.210410" lon="6.454560"><ele>1007.0</ele></trkpt>
<trkpt lat="45.210410" lon="6.454590"><ele>1007.0</ele></trkpt>
<trkpt lat="45.210420" lon="6.454640"><ele>1006.0</ele></trkpt>
<trkpt lat="45.210410" lon="6.454690"><ele>1006.0</ele></trkpt>
<trkpt lat="45.210400" lon="6.454730"><ele>1006.0</ele></trkpt>
<trkpt lat="45.210380" lon="6.454780"><ele>1005.0</ele></trkpt>
<trkpt lat="45.210350" lon="6.454830"><ele>1005.0</ele></trkpt>
<trkpt lat="45.210340" lon="6.454860"><ele>1005.0</ele></trkpt>
<trkpt lat="45.210320" lon="6.454890"><ele>1004.0</ele></trkpt>
<trkpt lat="45.210290" lon="6.454950"><ele>1004.0</ele></trkpt>
<trkpt lat="45.210250" lon="6.455040"><ele>1003.0</ele></trkpt>
<trkpt lat="45.210190" lon="6.455170"><ele>1003.0</ele></trkpt>
<trkpt lat="45.210130" lon="6.455340"><ele>1002.0</ele></trkpt>
<trkpt lat="45.210040" lon="6.455620"><ele>1000.0</ele></trkpt>
<trkpt lat="45.210020" lon="6.455730"><ele>999.0</ele></trkpt>
<trkpt lat="45.210020" lon="6.455800"><ele>998.0</ele></trkpt>
<trkpt lat="45.210010" lon="6.455860"><ele>997.0</ele></trkpt>
<trkpt lat="45.210020" lon="6.455930"><ele>997.0</ele></trkpt>
<trkpt lat="45.210020" lon="6.456020"><ele>996.0</ele></trkpt>
<trkpt lat="45.210040" lon="6.456100"><ele>995.0</ele></trkpt>
<trkpt lat="45.210050" lon="6.456170"><ele>995.0</ele></trkpt>
<trkpt lat="45.210080" lon="6.456280"><ele>994.0</ele></trkpt>
<trkpt lat="45.210100" lon="6.456370"><ele>993.0</ele></trkpt>
<trkpt lat="45.210150" lon="6.456520"><ele>992.0</ele></trkpt>
<trkpt lat="45.210180" lon="6.456600"><ele>992.0</ele></trkpt>
<trkpt lat="45.210210" lon="6.456670"><ele>991.0</ele></trkpt>
<trkpt lat="45.210210" lon="6.456680"><ele>990.0</ele></trkpt>
<trkpt lat="45.210260" lon="6.456760"><ele>990.0</ele></trkpt>
<trkpt lat="45.210290" lon="6.456820"><ele>989.0</ele></trkpt>
<trkpt lat="45.210340" lon="6.456890"><ele>989.0</ele></trkpt>
<trkpt lat="45.210420" lon="6.457010"><ele>988.0</ele></trkpt>
<trkpt lat="45.210490" lon="6.457130"><ele>987.0</ele></trkpt>
<trkpt lat="45.210570" lon="6.457240"><ele>986.0</ele></trkpt>
<trkpt lat="45.210580" lon="6.457250"><ele>986.0</ele></trkpt>
<trkpt lat="45.210650" lon="6.457360"><ele>985.0</ele></trkpt>
<trkpt lat="45.210700" lon="6.457410"><ele>984.0</ele></trkpt>
<trkpt lat="45.210710" lon="6.457430"><ele>984.0</ele></trkpt>
<trkpt lat="45.210720" lon="6.457450"><ele>983.0</ele></trkpt>
<trkpt lat="45.210730" lon="6.457480"><ele>983.0</ele></trkpt>
<trkpt lat="45.210750" lon="6.457510"><ele>983.0</ele></trkpt>
<trkpt lat="45.210750" lon="6.457540"><ele>982.0</ele></trkpt>
<trkpt lat="45.210750" lon="6.457560"><ele>982.0</ele></trkpt>
<trkpt lat="45.210750" lon="6.457590"><ele>982.0</ele></trkpt>
<trkpt lat="45.210740" lon="6.457630"><ele>982.0</ele></trkpt>
<trkpt lat="45.210740" lon="6.457640"><ele>982.0</ele></trkpt>
<trkpt lat="45.210730" lon="6.457650"><ele>982.0</ele></trkpt>
<trkpt lat="45.210730" lon="6.457660"><ele>981.0</ele></trkpt>
<trkpt lat="45.210710" lon="6.457680"><ele>981.0</ele></trkpt>
<trkpt lat="45.210700" lon="6.457690"><ele>981.0</ele></trkpt>
<trkpt lat="45.210680" lon="6.457700"><ele>981.0</ele></trkpt>
<trkpt lat="45.210660" lon="6.457700"><ele>981.0</ele></trkpt>
<trkpt lat="45.210640" lon="6.457700"><ele>981.0</ele></trkpt>
<trkpt lat="45.210630" lon="6.457700"><ele>980.0</ele></trkpt>
<trkpt lat="45.210600" lon="6.457690"><ele>980.0</ele></trkpt>
<trkpt lat="45.210570" lon="6.457670"><ele>980.0</ele></trkpt>
<trkpt lat="45.210540" lon="6.457650"><ele>980.0</ele></trkpt>
<trkpt lat="45.210520" lon="6.457630"><ele>980.0</ele></trkpt>
<trkpt lat="45.210510" lon="6.457620"><ele>979.0</ele></trkpt>
<trkpt lat="45.210490" lon="6.457600"><ele>979.0</ele></trkpt>
<trkpt lat="45.210470" lon="6.457590"><ele>979.0</ele></trkpt>
<trkpt lat="45.210440" lon="6.457560"><ele>979.0</ele></trkpt>
<trkpt lat="45.210420" lon="6.457550"><ele>979.0</ele></trkpt>
<trkpt lat="45.210390" lon="6.457530"><ele>978.0</ele></trkpt>
<trkpt lat="45.210370" lon="6.457520"><ele>978.0</ele></trkpt>
<trkpt lat="45.210350" lon="6.457510"><ele>978.0</ele></trkpt>
<trkpt lat="45.210330" lon="6.457500"><ele>978.0</ele></trkpt>
<trkpt lat="45.210330" lon="6.457490"><ele>978.0</ele></trkpt>
<trkpt lat="45.210310" lon="6.457490"><ele>977.0</ele></trkpt>
<trkpt lat="45.210280" lon="6.457480"><ele>977.0</ele></trkpt>
<trkpt lat="45.210240" lon="6.457470"><ele>977.0</ele></trkpt>
<trkpt lat="45.210200" lon="6.457470"><ele>977.0</ele></trkpt>
<trkpt lat="45.210150" lon="6.457460"><ele>976.0</ele></trkpt>
<trkpt lat="45.210090" lon="6.457460"><ele>976.0</ele></trkpt>
<trkpt lat="45.210050" lon="6.457460"><ele>975.0</ele></trkpt>
<trkpt lat="45.209990" lon="6.457460"><ele>975.0</ele></trkpt>
<trkpt lat="45.209950" lon="6.457460"><ele>975.0</ele></trkpt>
<trkpt lat="45.209910" lon="6.457460"><ele>974.0</ele></trkpt>
<trkpt lat="45.209870" lon="6.457460"><ele>974.0</ele></trkpt>
<trkpt lat="45.209830" lon="6.457470"><ele>974.0</ele></trkpt>
<trkpt lat="45.209800" lon="6.457480"><ele>973.0</ele></trkpt>
<trkpt lat="45.209760" lon="6.457490"><ele>973.0</ele></trkpt>
<trkpt lat="45.209720" lon="6.457510"><ele>972.0</ele></trkpt>
<trkpt lat="45.209680" lon="6.457530"><ele>972.0</ele></trkpt>
<trkpt lat="45.209650" lon="6.457560"><ele>972.0</ele></trkpt>
<trkpt lat="45.209620" lon="6.457580"><ele>971.0</ele></trkpt>
<trkpt lat="45.209580" lon="6.457610"><ele>971.0</ele></trkpt>
<trkpt lat="45.209550" lon="6.457640"><ele>971.0</ele></trkpt>
<trkpt lat="45.209490" lon="6.457700"><ele>970.0</ele></trkpt>
<trkpt lat="45.209460" lon="6.457730"><ele>970.0</ele></trkpt>
<trkpt lat="45.209430" lon="6.457760"><ele>969.0</ele></trkpt>
<trkpt lat="45.209390" lon="6.457780"><ele>969.0</ele></trkpt>
<trkpt lat="45.209360" lon="6.457810"><ele>968.0</ele></trkpt>
<trkpt lat="45.209330" lon="6.457840"><ele>968.0</ele></trkpt>
<trkpt lat="45.209290" lon="6.457860"><ele>968.0</ele></trkpt>
<trkpt lat="45.209260" lon="6.457880"><ele>967.0</ele></trkpt>
<trkpt lat="45.209220" lon="6.457890"><ele>967.0</ele></trkpt>
<trkpt lat="45.209180" lon="6.457900"><ele>966.0</ele></trkpt>
<trkpt lat="45.209150" lon="6.457900"><ele>966.0</ele></trkpt>
<trkpt lat="45.209110" lon="6.457900"><ele>966.0</ele></trkpt>
<trkpt lat="45.209070" lon="6.457900"><ele>965.0</ele></trkpt>
<trkpt lat="45.209030" lon="6.457890"><ele>965.0</ele></trkpt>
<trkpt lat="45.209010" lon="6.457880"><ele>965.0</ele></trkpt>
<trkpt lat="45.208960" lon="6.457870"><ele>964.0</ele></trkpt>
<trkpt lat="45.208920" lon="6.457860"><ele>964.0</ele></trkpt>
<trkpt lat="45.208880" lon="6.457850"><ele>963.0</ele></trkpt>
<trkpt lat="45.208840" lon="6.457840"><ele>963.0</ele></trkpt>
<trkpt lat="45.208800" lon="6.457840"><ele>963.0</ele></trkpt>
<trkpt lat="45.208770" lon="6.457830"><ele>962.0</ele></trkpt>
<trkpt lat="45.208730" lon="6.457830"><ele>962.0</ele></trkpt>
<trkpt lat="45.208690" lon="6.457830"><ele>961.0</ele></trkpt>
<trkpt lat="45.208650" lon="6.457840"><ele>961.0</ele></trkpt>
<trkpt lat="45.208620" lon="6.457860"><ele>961.0</ele></trkpt>
<trkpt lat="45.208580" lon="6.457870"><ele>960.0</ele></trkpt>
<trkpt lat="45.208540" lon="6.457890"><ele>960.0</ele></trkpt>
<trkpt lat="45.208510" lon="6.457910"><ele>959.0</ele></trkpt>
<trkpt lat="45.208470" lon="6.457920"><ele>959.0</ele></trkpt>
<trkpt lat="45.208430" lon="6.457940"><ele>959.0</ele></trkpt>
<trkpt lat="45.208400" lon="6.457950"><ele>958.0</ele></trkpt>
<trkpt lat="45.208360" lon="6.457960"><ele>958.0</ele></trkpt>
<trkpt lat="45.208320" lon="6.457960"><ele>958.0</ele></trkpt>
<trkpt lat="45.208280" lon="6.457960"><ele>957.0</ele></trkpt>
<trkpt lat="45.208240" lon="6.457960"><ele>957.0</ele></trkpt>
<trkpt lat="45.208200" lon="6.457960"><ele>956.0</ele></trkpt>
<trkpt lat="45.208170" lon="6.457960"><ele>956.0</ele></trkpt>
<trkpt lat="45.208130" lon="6.457960"><ele>956.0</ele></trkpt>
<trkpt lat="45.208120" lon="6.457960"><ele>955.0</ele></trkpt>
<trkpt lat="45.208090" lon="6.457960"><ele>955.0</ele></trkpt>
<trkpt lat="45.208050" lon="6.457960"><ele>955.0</ele></trkpt>
<trkpt lat="45.208010" lon="6.457960"><ele>955.0</ele></trkpt>
<trkpt lat="45.207980" lon="6.457960"><ele>955.0</ele></trkpt>
<trkpt lat="45.207940" lon="6.457960"><ele>955.0</ele></trkpt>
<trkpt lat="45.207900" lon="6.457960"><ele>955.0</ele></trkpt>
<trkpt lat="45.207890" lon="6.457960"><ele>955.0</ele></trkpt>
<trkpt lat="45.207860" lon="6.457960"><ele>955.0</ele></trkpt>
<trkpt lat="45.207850" lon="6.457970"><ele>955.0</ele></trkpt>
<trkpt lat="45.207830" lon="6.457980"><ele>955.0</ele></trkpt>
<trkpt lat="45.207810" lon="6.457980"><ele>955.0</ele></trkpt>
<trkpt lat="45.207790" lon="6.458000"><ele>955.0</ele></trkpt>
<trkpt lat="45.207770" lon="6.458010"><ele>955.0</ele></trkpt>
<trkpt lat="45.207760" lon="6.458020"><ele>955.0</ele></trkpt>
<trkpt lat="45.207730" lon="6.458050"><ele>955.0</ele></trkpt>
<trkpt lat="45.207700" lon="6.458090"><ele>955.0</ele></trkpt>
<trkpt lat="45.207680" lon="6.458130"><ele>955.0</ele></trkpt>
<trkpt lat="45.207670" lon="6.458170"><ele>955.0</ele></trkpt>
<trkpt lat="45.207660" lon="6.458210"><ele>955.0</ele></trkpt>
<trkpt lat="45.207580" lon="6.458430"><ele>956.0</ele></trkpt>
<trkpt lat="45.207470" lon="6.458700"><ele>956.0</ele></trkpt>
<trkpt lat="45.207290" lon="6.459140"><ele>956.0</ele></trkpt>
<trkpt lat="45.207260" lon="6.459210"><ele>957.0</ele></trkpt>
<trkpt lat="45.207200" lon="6.459350"><ele>957.0</ele></trkpt>
<trkpt lat="45.207170" lon="6.459430"><ele>957.0</ele></trkpt>
<trkpt lat="45.207150" lon="6.459500"><ele>958.0</ele></trkpt>
<trkpt lat="45.207140" lon="6.459570"><ele>958.0</ele></trkpt>
<trkpt lat="45.207140" lon="6.459620"><ele>958.0</ele></trkpt>
<trkpt lat="45.207150" lon="6.459680"><ele>958.0</ele></trkpt>
<trkpt lat="45.207160" lon="6.459740"><ele>958.0</ele></trkpt>
<trkpt lat="45.207180" lon="6.459790"><ele>958.0</ele></trkpt>
<trkpt lat="45.207210" lon="6.459840"><ele>958.0</ele></trkpt>
<trkpt lat="45.207220" lon="6.459850"><ele>958.0</ele></trkpt>
<trkpt lat="45.207240" lon="6.459890"><ele>958.0</ele></trkpt>
<trkpt lat="45.207320" lon="6.459970"><ele>957.0</ele></trkpt>
<trkpt lat="45.207360" lon="6.460010"><ele>957.0</ele></trkpt>
<trkpt lat="45.207400" lon="6.460060"><ele>956.0</ele></trkpt>
<trkpt lat="45.207430" lon="6.460110"><ele>955.0</ele></trkpt>
<trkpt lat="45.207460" lon="6.460170"><ele>955.0</ele></trkpt>
<trkpt lat="45.207480" lon="6.460200"><ele>954.0</ele></trkpt>
<trkpt lat="45.207490" lon="6.460230"><ele>953.0</ele></trkpt>
<trkpt lat="45.207500" lon="6.460290"><ele>953.0</ele></trkpt>
<trkpt lat="45.207510" lon="6.460360"><ele>952.0</ele></trkpt>
<trkpt lat="45.207520" lon="6.460430"><ele>951.0</ele></trkpt>
<trkpt lat="45.207520" lon="6.460500"><ele>950.0</ele></trkpt>
<trkpt lat="45.207530" lon="6.460570"><ele>950.0</ele></trkpt>
<trkpt lat="45.207550" lon="6.460640"><ele>949.0</ele></trkpt>
<trkpt lat="45.207560" lon="6.460710"><ele>948.0</ele></trkpt>
<trkpt lat="45.207580" lon="6.460760"><ele>947.0</ele></trkpt>
<trkpt lat="45.207590" lon="6.460780"><ele>947.0</ele></trkpt>
<trkpt lat="45.207610" lon="6.460840"><ele>946.0</ele></trkpt>
<trkpt lat="45.207640" lon="6.460910"><ele>945.0</ele></trkpt>
<trkpt lat="45.207670" lon="6.460990"><ele>945.0</ele></trkpt>
<trkpt lat="45.207690" lon="6.461060"><ele>944.0</ele></trkpt>
<trkpt lat="45.207700" lon="6.461130"><ele>943.0</ele></trkpt>
<trkpt lat="45.207710" lon="6.461140"><ele>942.0</ele></trkpt>
<trkpt lat="45.207720" lon="6.461230"><ele>942.0</ele></trkpt>
<trkpt lat="45.207730" lon="6.461310"><ele>941.0</ele></trkpt>
<trkpt lat="45.207730" lon="6.461380"><ele>940.0</ele></trkpt>
<trkpt lat="45.207740" lon="6.461400"><ele>939.0</ele></trkpt>
<trkpt lat="45.207740" lon="6.461480"><ele>939.0</ele></trkpt>
<trkpt lat="45.207760" lon="6.461560"><ele>938.0</ele></trkpt>
<trkpt lat="45.207770" lon="6.461630"><ele>937.0</ele></trkpt>
<trkpt lat="45.207800" lon="6.461710"><ele>936.0</ele></trkpt>
<trkpt lat="45.207830" lon="6.461780"><ele>935.0</ele></trkpt>
<trkpt lat="45.207830" lon="6.461790"><ele>935.0</ele></trkpt>
<trkpt lat="45.207860" lon="6.461840"><ele>934.0</ele></trkpt>
<trkpt lat="45.207870" lon="6.461850"><ele>933.0</ele></trkpt>
<trkpt lat="45.207900" lon="6.461910"><ele>933.0</ele></trkpt>
<trkpt lat="45.207930" lon="6.461970"><ele>932.0</ele></trkpt>
<trkpt lat="45.207940" lon="6.461990"><ele>931.0</ele></trkpt>
<trkpt lat="45.207970" lon="6.462030"><ele>931.0</ele></trkpt>
<trkpt lat="45.207970" lon="6.462050"><ele>930.0</ele></trkpt>
<trkpt lat="45.207990" lon="6.462100"><ele>930.0</ele></trkpt>
<trkpt lat="45.208020" lon="6.462170"><ele>929.0</ele></trkpt>
<trkpt lat="45.208030" lon="6.462250"><ele>929.0</ele></trkpt>
<trkpt lat="45.208040" lon="6.462330"><ele>928.0</ele></trkpt>
<trkpt lat="45.208040" lon="6.462400"><ele>927.0</ele></trkpt>
<trkpt lat="45.208040" lon="6.462480"><ele>927.0</ele></trkpt>
<trkpt lat="45.208030" lon="6.462570"><ele>926.0</ele></trkpt>
<trkpt lat="45.208030" lon="6.462650"><ele>925.0</ele></trkpt>
<trkpt lat="45.208020" lon="6.462730"><ele>924.0</ele></trkpt>
<trkpt lat="45.208020" lon="6.462810"><ele>923.0</ele></trkpt>
<trkpt lat="45.207990" lon="6.463050"><ele>922.0</ele></trkpt>
<trkpt lat="45.207970" lon="6.463190"><ele>921.0</ele></trkpt>
<trkpt lat="45.207930" lon="6.463310"><ele>919.0</ele></trkpt>
<trkpt lat="45.207890" lon="6.463420"><ele>918.0</ele></trkpt>
<trkpt lat="45.207880" lon="6.463430"><ele>917.0</ele></trkpt>
<trkpt lat="45.207860" lon="6.463490"><ele>916.0</ele></trkpt>
<trkpt lat="45.207850" lon="6.463540"><ele>916.0</ele></trkpt>
<trkpt lat="45.207840" lon="6.463600"><ele>915.0</ele></trkpt>
<trkpt lat="45.207840" lon="6.463660"><ele>914.0</ele></trkpt>
<trkpt lat="45.207870" lon="6.463780"><ele>913.0</ele></trkpt>
<trkpt lat="45.207880" lon="6.463820"><ele>913.0</ele></trkpt>
<trkpt lat="45.207910" lon="6.463860"><ele>912.0</ele></trkpt>
<trkpt lat="45.207940" lon="6.463900"><ele>911.0</ele></trkpt>
<trkpt lat="45.207970" lon="6.463930"><ele>911.0</ele></trkpt>
<trkpt lat="45.207980" lon="6.463940"><ele>910.0</ele></trkpt>
<trkpt lat="45.208020" lon="6.463960"><ele>910.0</ele></trkpt>
<trkpt lat="45.208110" lon="6.464000"><ele>909.0</ele></trkpt>
<trkpt lat="45.208140" lon="6.464010"><ele>908.0</ele></trkpt>
<trkpt lat="45.208200" lon="6.464030"><ele>908.0</ele></trkpt>
<trkpt lat="45.208300" lon="6.464070"><ele>907.0</ele></trkpt>
<trkpt lat="45.208390" lon="6.464100"><ele>906.0</ele></trkpt>
<trkpt lat="45.208430" lon="6.464110"><ele>905.0</ele></trkpt>
<trkpt lat="45.208470" lon="6.464130"><ele>904.0</ele></trkpt>
<trkpt lat="45.208510" lon="6.464150"><ele>904.0</ele></trkpt>
<trkpt lat="45.208580" lon="6.464200"><ele>903.0</ele></trkpt>
<trkpt lat="45.208630" lon="6.464280"><ele>902.0</ele></trkpt>
<trkpt lat="45.208650" lon="6.464320"><ele>902.0</ele></trkpt>
<trkpt lat="45.208670" lon="6.464370"><ele>901.0</ele></trkpt>
<trkpt lat="45.208680" lon="6.464420"><ele>901.0</ele></trkpt>
<trkpt lat="45.208690" lon="6.464470"><ele>901.0</ele></trkpt>
<trkpt lat="45.208700" lon="6.464530"><ele>900.0</ele></trkpt>
<trkpt lat="45.208700" lon="6.464590"><ele>900.0</ele></trkpt>
<trkpt lat="45.208700" lon="6.464650"><ele>900.0</ele></trkpt>
<trkpt lat="45.208700" lon="6.464720"><ele>899.0</ele></trkpt>
<trkpt lat="45.208700" lon="6.464780"><ele>899.0</ele></trkpt>
<trkpt lat="45.208700" lon="6.464850"><ele>898.0</ele></trkpt>
<trkpt lat="45.208700" lon="6.464920"><ele>898.0</ele></trkpt>
<trkpt lat="45.208700" lon="6.464990"><ele>898.0</ele></trkpt>
<trkpt lat="45.208690" lon="6.465060"><ele>897.0</ele></trkpt>
<trkpt lat="45.208690" lon="6.465100"><ele>897.0</ele></trkpt>
<trkpt lat="45.208690" lon="6.465130"><ele>897.0</ele></trkpt>
<trkpt lat="45.208690" lon="6.465200"><ele>896.0</ele></trkpt>
<trkpt lat="45.208700" lon="6.465270"><ele>896.0</ele></trkpt>
<trkpt lat="45.208710" lon="6.465340"><ele>896.0</ele></trkpt>
<trkpt lat="45.208720" lon="6.465410"><ele>895.0</ele></trkpt>
<trkpt lat="45.208740" lon="6.465480"><ele>895.0</ele></trkpt>
<trkpt lat="45.208760" lon="6.465550"><ele>894.0</ele></trkpt>
<trkpt lat="45.208770" lon="6.465620"><ele>894.0</ele></trkpt>
<trkpt lat="45.208790" lon="6.465690"><ele>893.0</ele></trkpt>
<trkpt lat="45.208800" lon="6.465760"><ele>893.0</ele></trkpt>
<trkpt lat="45.208800" lon="6.465830"><ele>893.0</ele></trkpt>
<trkpt lat="45.208800" lon="6.465900"><ele>892.0</ele></trkpt>
<trkpt lat="45.208800" lon="6.465970"><ele>892.0</ele></trkpt>
<trkpt lat="45.208790" lon="6.466040"><ele>891.0</ele></trkpt>
<trkpt lat="45.208780" lon="6.466100"><ele>891.0</ele></trkpt>
<trkpt lat="45.208770" lon="6.466170"><ele>891.0</ele></trkpt>
<trkpt lat="45.208760" lon="6.466220"><ele>890.0</ele></trkpt>
<trkpt lat="45.208760" lon="6.466240"><ele>890.0</ele></trkpt>
<trkpt lat="45.208750" lon="6.466310"><ele>890.0</ele></trkpt>
<trkpt lat="45.208750" lon="6.466380"><ele>889.0</ele></trkpt>
<trkpt lat="45.208760" lon="6.466430"><ele>889.0</ele></trkpt>
<trkpt lat="45.208760" lon="6.466450"><ele>889.0</ele></trkpt>
<trkpt lat="45.208760" lon="6.466470"><ele>888.0</ele></trkpt>
<trkpt lat="45.208760" lon="6.466520"><ele>888.0</ele></trkpt>
<trkpt lat="45.208780" lon="6.466590"><ele>888.0</ele></trkpt>
<trkpt lat="45.208800" lon="6.466660"><ele>887.0</ele></trkpt>
<trkpt lat="45.208820" lon="6.466720"><ele>887.0</ele></trkpt>
<trkpt lat="45.208840" lon="6.466790"><ele>886.0</ele></trkpt>
<trkpt lat="45.208850" lon="6.466850"><ele>886.0</ele></trkpt>
<trkpt lat="45.208860" lon="6.466880"><ele>885.0</ele></trkpt>
<trkpt lat="45.208880" lon="6.466940"><ele>885.0</ele></trkpt>
<trkpt lat="45.208900" lon="6.467000"><ele>885.0</ele></trkpt>
<trkpt lat="45.208910" lon="6.467040"><ele>884.0</ele></trkpt>
<trkpt lat="45.208920" lon="6.467110"><ele>884.0</ele></trkpt>
<trkpt lat="45.208930" lon="6.467170"><ele>883.0</ele></trkpt>
<trkpt lat="45.208930" lon="6.467190"><ele>883.0</ele></trkpt>
<trkpt lat="45.208930" lon="6.467240"><ele>883.0</ele></trkpt>
<trkpt lat="45.208930" lon="6.467300"><ele>882.0</ele></trkpt>
<trkpt lat="45.208920" lon="6.467360"><ele>882.0</ele></trkpt>
<trkpt lat="45.208900" lon="6.467420"><ele>881.0</ele></trkpt>
<trkpt lat="45.208870" lon="6.467480"><ele>881.0</ele></trkpt>
<trkpt lat="45.208840" lon="6.467540"><ele>880.0</ele></trkpt>
<trkpt lat="45.208810" lon="6.467600"><ele>880.0</ele></trkpt>
<trkpt lat="45.208800" lon="6.467600"><ele>880.0</ele></trkpt>
<trkpt lat="45.208770" lon="6.467660"><ele>879.0</ele></trkpt>
<trkpt lat="45.208730" lon="6.467740"><ele>879.0</ele></trkpt>
<trkpt lat="45.208700" lon="6.467790"><ele>878.0</ele></trkpt>
<trkpt lat="45.208680" lon="6.467850"><ele>878.0</ele></trkpt>
<trkpt lat="45.208670" lon="6.467860"><ele>877.0</ele></trkpt>
<trkpt lat="45.208650" lon="6.467940"><ele>877.0</ele></trkpt>
<trkpt lat="45.208630" lon="6.468020"><ele>876.0</ele></trkpt>
<trkpt lat="45.208600" lon="6.468100"><ele>876.0</ele></trkpt>
<trkpt lat="45.208580" lon="6.468170"><ele>875.0</ele></trkpt>
<trkpt lat="45.208550" lon="6.468240"><ele>875.0</ele></trkpt>
<trkpt lat="45.208520" lon="6.468300"><ele>874.0</ele></trkpt>
<trkpt lat="45.208490" lon="6.468360"><ele>873.0</ele></trkpt>
<trkpt lat="45.208450" lon="6.468400"><ele>873.0</ele></trkpt>
<trkpt lat="45.208410" lon="6.468460"><ele>872.0</ele></trkpt>
<trkpt lat="45.208320" lon="6.468560"><ele>872.0</ele></trkpt>
<trkpt lat="45.208280" lon="6.468600"><ele>871.0</ele></trkpt>
<trkpt lat="45.208250" lon="6.468640"><ele>870.0</ele></trkpt>
<trkpt lat="45.208190" lon="6.468690"><ele>870.0</ele></trkpt>
<trkpt lat="45.208150" lon="6.468740"><ele>869.0</ele></trkpt>
<trkpt lat="45.208110" lon="6.468780"><ele>869.0</ele></trkpt>
<trkpt lat="45.208070" lon="6.468820"><ele>869.0</ele></trkpt>
<trkpt lat="45.208030" lon="6.468870"><ele>868.0</ele></trkpt>
<trkpt lat="45.208010" lon="6.468890"><ele>868.0</ele></trkpt>
<trkpt lat="45.208000" lon="6.468900"><ele>868.0</ele></trkpt>
<trkpt lat="45.207960" lon="6.468940"><ele>868.0</ele></trkpt>
<trkpt lat="45.207920" lon="6.468980"><ele>867.0</ele></trkpt>
<trkpt lat="45.207890" lon="6.469010"><ele>867.0</ele></trkpt>
<trkpt lat="45.207830" lon="6.469070"><ele>867.0</ele></trkpt>
<trkpt lat="45.207780" lon="6.469140"><ele>867.0</ele></trkpt>
<trkpt lat="45.207760" lon="6.469170"><ele>866.0</ele></trkpt>
<trkpt lat="45.207750" lon="6.469220"><ele>866.0</ele></trkpt>
<trkpt lat="45.207750" lon="6.469250"><ele>866.0</ele></trkpt>
<trkpt lat="45.207750" lon="6.469300"><ele>866.0</ele></trkpt>
<trkpt lat="45.207770" lon="6.469330"><ele>866.0</ele></trkpt>
<trkpt lat="45.207780" lon="6.469360"><ele>865.0</ele></trkpt>
<trkpt lat="45.207810" lon="6.469390"><ele>865.0</ele></trkpt>
<trkpt lat="45.207830" lon="6.469400"><ele>865.0</ele></trkpt>
<trkpt lat="45.207850" lon="6.469400"><ele>865.0</ele></trkpt>
<trkpt lat="45.207890" lon="6.469410"><ele>865.0</ele></trkpt>
<trkpt lat="45.207920" lon="6.469400"><ele>865.0</ele></trkpt>
<trkpt lat="45.207950" lon="6.469380"><ele>864.0</ele></trkpt>
<trkpt lat="45.207990" lon="6.469360"><ele>864.0</ele></trkpt>
<trkpt lat="45.208060" lon="6.469280"><ele>864.0</ele></trkpt>
<trkpt lat="45.208210" lon="6.469130"><ele>863.0</ele></trkpt>
<trkpt lat="45.208350" lon="6.469020"><ele>863.0</ele></trkpt>
<trkpt lat="45.208380" lon="6.468990"><ele>862.0</ele></trkpt>
<trkpt lat="45.208390" lon="6.468980"><ele>862.0</ele></trkpt>
<trkpt lat="45.208440" lon="6.468950"><ele>861.0</ele></trkpt>
<trkpt lat="45.208520" lon="6.468900"><ele>861.0</ele></trkpt>
<trkpt lat="45.208530" lon="6.468890"><ele>861.0</ele></trkpt>
<trkpt lat="45.208550" lon="6.468880"><ele>861.0</ele></trkpt>
<trkpt lat="45.208590" lon="6.468860"><ele>860.0</ele></trkpt>
<trkpt lat="45.208660" lon="6.468830"><ele>860.0</ele></trkpt>
<trkpt lat="45.208720" lon="6.468810"><ele>860.0</ele></trkpt>
<trkpt lat="45.208850" lon="6.468780"><ele>859.0</ele></trkpt>
<trkpt lat="45.208980" lon="6.468740"><ele>859.0</ele></trkpt>
<trkpt lat="45.209180" lon="6.468660"><ele>858.0</ele></trkpt>
<trkpt lat="45.209350" lon="6.468570"><ele>857.0</ele></trkpt>
<trkpt lat="45.209510" lon="6.468450"><ele>856.0</ele></trkpt>
<trkpt lat="45.209540" lon="6.468420"><ele>855.0</ele></trkpt>
<trkpt lat="45.209560" lon="6.468400"><ele>854.0</ele></trkpt>
<trkpt lat="45.209640" lon="6.468300"><ele>854.0</ele></trkpt>
<trkpt lat="45.209690" lon="6.468230"><ele>853.0</ele></trkpt>
<trkpt lat="45.209690" lon="6.468220"><ele>853.0</ele></trkpt>
<trkpt lat="45.209730" lon="6.468170"><ele>852.0</ele></trkpt>
<trkpt lat="45.209800" lon="6.468030"><ele>852.0</ele></trkpt>
<trkpt lat="45.209830" lon="6.467960"><ele>851.0</ele></trkpt>
<trkpt lat="45.209860" lon="6.467890"><ele>851.0</ele></trkpt>
<trkpt lat="45.209880" lon="6.467820"><ele>851.0</ele></trkpt>
<trkpt lat="45.209900" lon="6.467740"><ele>850.0</ele></trkpt>
<trkpt lat="45.209920" lon="6.467660"><ele>850.0</ele></trkpt>
<trkpt lat="45.209940" lon="6.467550"><ele>849.0</ele></trkpt>
<trkpt lat="45.209940" lon="6.467520"><ele>849.0</ele></trkpt>
<trkpt lat="45.209970" lon="6.467330"><ele>849.0</ele></trkpt>
<trkpt lat="45.209970" lon="6.467300"><ele>848.0</ele></trkpt>
<trkpt lat="45.209980" lon="6.467210"><ele>848.0</ele></trkpt>
<trkpt lat="45.209990" lon="6.467160"><ele>847.0</ele></trkpt>
<trkpt lat="45.209990" lon="6.467100"><ele>847.0</ele></trkpt>
<trkpt lat="45.209990" lon="6.467090"><ele>846.0</ele></trkpt>
<trkpt lat="45.210000" lon="6.467050"><ele>846.0</ele></trkpt>
<trkpt lat="45.210010" lon="6.467000"><ele>845.0</ele></trkpt>
<trkpt lat="45.210020" lon="6.466950"><ele>845.0</ele></trkpt>
<trkpt lat="45.210040" lon="6.466900"><ele>845.0</ele></trkpt>
<trkpt lat="45.210060" lon="6.466860"><ele>844.0</ele></trkpt>
<trkpt lat="45.210090" lon="6.466840"><ele>844.0</ele></trkpt>
<trkpt lat="45.210120" lon="6.466830"><ele>843.0</ele></trkpt>
<trkpt lat="45.210150" lon="6.466820"><ele>843.0</ele></trkpt>
<trkpt lat="45.210180" lon="6.466830"><ele>843.0</ele></trkpt>
<trkpt lat="45.210210" lon="6.466850"><ele>842.0</ele></trkpt>
<trkpt lat="45.210230" lon="6.466870"><ele>842.0</ele></trkpt>
<trkpt lat="45.210230" lon="6.466880"><ele>841.0</ele></trkpt>
<trkpt lat="45.210250" lon="6.466910"><ele>841.0</ele></trkpt>
<trkpt lat="45.210250" lon="6.466920"><ele>841.0</ele></trkpt>
<trkpt lat="45.210260" lon="6.466970"><ele>841.0</ele></trkpt>
<trkpt lat="45.210260" lon="6.467020"><ele>840.0</ele></trkpt>
<trkpt lat="45.210260" lon="6.467080"><ele>840.0</ele></trkpt>
<trkpt lat="45.210240" lon="6.467150"><ele>839.0</ele></trkpt>
<trkpt lat="45.210230" lon="6.467220"><ele>839.0</ele></trkpt>
<trkpt lat="45.210210" lon="6.467370"><ele>838.0</ele></trkpt>
<trkpt lat="45.210200" lon="6.467450"><ele>837.0</ele></trkpt>
<trkpt lat="45.210200" lon="6.467530"><ele>837.0</ele></trkpt>
<trkpt lat="45.210200" lon="6.467610"><ele>836.0</ele></trkpt>
<trkpt lat="45.210200" lon="6.467710"><ele>835.0</ele></trkpt>
<trkpt lat="45.210200" lon="6.467790"><ele>834.0</ele></trkpt>
<trkpt lat="45.210200" lon="6.467910"><ele>834.0</ele></trkpt>
<trkpt lat="45.210190" lon="6.468050"><ele>833.0</ele></trkpt>
<trkpt lat="45.210180" lon="6.468130"><ele>832.0</ele></trkpt>
<trkpt lat="45.210170" lon="6.468210"><ele>831.0</ele></trkpt>
<trkpt lat="45.210140" lon="6.468370"><ele>830.0</ele></trkpt>
<trkpt lat="45.210110" lon="6.468530"><ele>829.0</ele></trkpt>
<trkpt lat="45.210100" lon="6.468570"><ele>828.0</ele></trkpt>
<trkpt lat="45.210090" lon="6.468600"><ele>827.0</ele></trkpt>
<trkpt lat="45.210060" lon="6.468750"><ele>826.0</ele></trkpt>
<trkpt lat="45.210050" lon="6.468810"><ele>826.0</ele></trkpt>
<trkpt lat="45.210030" lon="6.468890"><ele>825.0</ele></trkpt>
<trkpt lat="45.209990" lon="6.469020"><ele>824.0</ele></trkpt>
<trkpt lat="45.209980" lon="6.469080"><ele>823.0</ele></trkpt>
<trkpt lat="45.209960" lon="6.469140"><ele>823.0</ele></trkpt>
<trkpt lat="45.209950" lon="6.469190"><ele>822.0</ele></trkpt>
<trkpt lat="45.209930" lon="6.469250"><ele>822.0</ele></trkpt>
<trkpt lat="45.209910" lon="6.469340"><ele>821.0</ele></trkpt>
<trkpt lat="45.209900" lon="6.469380"><ele>820.0</ele></trkpt>
<trkpt lat="45.209890" lon="6.469430"><ele>820.0</ele></trkpt>
<trkpt lat="45.209900" lon="6.469470"><ele>820.0</ele></trkpt>
<trkpt lat="45.209910" lon="6.469500"><ele>819.0</ele></trkpt>
<trkpt lat="45.209920" lon="6.469530"><ele>819.0</ele></trkpt>
<trkpt lat="45.209940" lon="6.469550"><ele>819.0</ele></trkpt>
<trkpt lat="45.209950" lon="6.469560"><ele>818.0</ele></trkpt>
<trkpt lat="45.209970" lon="6.469570"><ele>818.0</ele></trkpt>
<trkpt lat="45.210000" lon="6.469570"><ele>818.0</ele></trkpt>
<trkpt lat="45.210030" lon="6.469560"><ele>817.0</ele></trkpt>
<trkpt lat="45.210050" lon="6.469540"><ele>817.0</ele></trkpt>
<trkpt lat="45.210080" lon="6.469510"><ele>817.0</ele></trkpt>
<trkpt lat="45.210140" lon="6.469430"><ele>816.0</ele></trkpt>
<trkpt lat="45.210210" lon="6.469340"><ele>816.0</ele></trkpt>
<trkpt lat="45.210250" lon="6.469300"><ele>815.0</ele></trkpt>
<trkpt lat="45.210300" lon="6.469260"><ele>814.0</ele></trkpt>
<trkpt lat="45.210350" lon="6.469220"><ele>814.0</ele></trkpt>
<trkpt lat="45.210400" lon="6.469190"><ele>813.0</ele></trkpt>
<trkpt lat="45.210510" lon="6.469120"><ele>812.0</ele></trkpt>
<trkpt lat="45.210920" lon="6.468870"><ele>810.0</ele></trkpt>
<trkpt lat="45.210980" lon="6.468830"><ele>809.0</ele></trkpt>
<trkpt lat="45.211040" lon="6.468800"><ele>807.0</ele></trkpt>
<trkpt lat="45.211090" lon="6.468760"><ele>806.0</ele></trkpt>
<trkpt lat="45.211140" lon="6.468730"><ele>805.0</ele></trkpt>
<trkpt lat="45.211190" lon="6.468690"><ele>805.0</ele></trkpt>
<trkpt lat="45.211240" lon="6.468650"><ele>804.0</ele></trkpt>
<trkpt lat="45.211280" lon="6.468600"><ele>804.0</ele></trkpt>
<trkpt lat="45.211330" lon="6.468560"><ele>804.0</ele></trkpt>
<trkpt lat="45.211390" lon="6.468490"><ele>803.0</ele></trkpt>
<trkpt lat="45.211440" lon="6.468430"><ele>803.0</ele></trkpt>
<trkpt lat="45.211490" lon="6.468360"><ele>802.0</ele></trkpt>
<trkpt lat="45.211530" lon="6.468310"><ele>802.0</ele></trkpt>
<trkpt lat="45.211570" lon="6.468260"><ele>802.0</ele></trkpt>
<trkpt lat="45.211610" lon="6.468210"><ele>802.0</ele></trkpt>
<trkpt lat="45.211640" lon="6.468160"><ele>801.0</ele></trkpt>
<trkpt lat="45.211670" lon="6.468120"><ele>801.0</ele></trkpt>
<trkpt lat="45.211680" lon="6.468120"><ele>801.0</ele></trkpt>
<trkpt lat="45.211720" lon="6.468060"><ele>801.0</ele></trkpt>
<trkpt lat="45.211750" lon="6.468000"><ele>800.0</ele></trkpt>
<trkpt lat="45.211780" lon="6.467950"><ele>800.0</ele></trkpt>
<trkpt lat="45.211820" lon="6.467890"><ele>800.0</ele></trkpt>
<trkpt lat="45.211840" lon="6.467840"><ele>800.0</ele></trkpt>
<trkpt lat="45.211890" lon="6.467730"><ele>799.0</ele></trkpt>
<trkpt lat="45.211910" lon="6.467670"><ele>799.0</ele></trkpt>
<trkpt lat="45.211920" lon="6.467620"><ele>799.0</ele></trkpt>
<trkpt lat="45.211920" lon="6.467560"><ele>799.0</ele></trkpt>
<trkpt lat="45.211920" lon="6.467510"><ele>798.0</ele></trkpt>
<trkpt lat="45.211900" lon="6.467420"><ele>798.0</ele></trkpt>
<trkpt lat="45.211880" lon="6.467380"><ele>798.0</ele></trkpt>
<trkpt lat="45.211850" lon="6.467330"><ele>798.0</ele></trkpt>
<trkpt lat="45.211690" lon="6.467170"><ele>797.0</ele></trkpt>
<trkpt lat="45.211560" lon="6.467060"><ele>797.0</ele></trkpt>
<trkpt lat="45.211500" lon="6.467000"><ele>796.0</ele></trkpt>
<trkpt lat="45.211490" lon="6.466980"><ele>795.0</ele></trkpt>
<trkpt lat="45.211460" lon="6.466940"><ele>795.0</ele></trkpt>
<trkpt lat="45.211430" lon="6.466890"><ele>794.0</ele></trkpt>
<trkpt lat="45.211410" lon="6.466850"><ele>794.0</ele></trkpt>
<trkpt lat="45.211390" lon="6.466800"><ele>793.0</ele></trkpt>
<trkpt lat="45.211390" lon="6.466790"><ele>793.0</ele></trkpt>
<trkpt lat="45.211380" lon="6.466740"><ele>792.0</ele></trkpt>
<trkpt lat="45.211380" lon="6.466660"><ele>792.0</ele></trkpt>
<trkpt lat="45.211380" lon="6.466610"><ele>791.0</ele></trkpt>
<trkpt lat="45.211410" lon="6.466520"><ele>790.0</ele></trkpt>
<trkpt lat="45.211450" lon="6.466450"><ele>790.0</ele></trkpt>
<trkpt lat="45.211480" lon="6.466420"><ele>789.0</ele></trkpt>
<trkpt lat="45.211520" lon="6.466400"><ele>788.0</ele></trkpt>
<trkpt lat="45.211530" lon="6.466390"><ele>788.0</ele></trkpt>
<trkpt lat="45.211560" lon="6.466370"><ele>787.0</ele></trkpt>
<trkpt lat="45.211700" lon="6.466330"><ele>787.0</ele></trkpt>
<trkpt lat="45.211800" lon="6.466300"><ele>785.0</ele></trkpt>
<trkpt lat="45.211850" lon="6.466280"><ele>784.0</ele></trkpt>
<trkpt lat="45.211890" lon="6.466260"><ele>784.0</ele></trkpt>
<trkpt lat="45.211910" lon="6.466250"><ele>783.0</ele></trkpt>
<trkpt lat="45.211940" lon="6.466220"><ele>782.0</ele></trkpt>
<trkpt lat="45.211970" lon="6.466190"><ele>782.0</ele></trkpt>
<trkpt lat="45.211990" lon="6.466160"><ele>781.0</ele></trkpt>
<trkpt lat="45.212070" lon="6.466050"><ele>780.0</ele></trkpt>
<trkpt lat="45.212140" lon="6.465970"><ele>779.0</ele></trkpt>
<trkpt lat="45.212180" lon="6.465940"><ele>778.0</ele></trkpt>
<trkpt lat="45.212220" lon="6.465930"><ele>778.0</ele></trkpt>
<trkpt lat="45.212270" lon="6.465920"><ele>777.0</ele></trkpt>
<trkpt lat="45.212310" lon="6.465930"><ele>776.0</ele></trkpt>
<trkpt lat="45.212350" lon="6.465950"><ele>776.0</ele></trkpt>
<trkpt lat="45.212390" lon="6.465980"><ele>775.0</ele></trkpt>
<trkpt lat="45.212430" lon="6.466020"><ele>774.0</ele></trkpt>
<trkpt lat="45.212480" lon="6.466100"><ele>774.0</ele></trkpt>
<trkpt lat="45.212490" lon="6.466140"><ele>773.0</ele></trkpt>
<trkpt lat="45.212500" lon="6.466180"><ele>772.0</ele></trkpt>
<trkpt lat="45.212510" lon="6.466240"><ele>772.0</ele></trkpt>
<trkpt lat="45.212520" lon="6.466300"><ele>771.0</ele></trkpt>
<trkpt lat="45.212550" lon="6.466990"><ele>770.0</ele></trkpt>
<trkpt lat="45.212550" lon="6.467180"><ele>769.0</ele></trkpt>
<trkpt lat="45.212550" lon="6.467230"><ele>768.0</ele></trkpt>
<trkpt lat="45.212570" lon="6.467350"><ele>767.0</ele></trkpt>
<trkpt lat="45.212580" lon="6.467400"><ele>767.0</ele></trkpt>
<trkpt lat="45.212610" lon="6.467450"><ele>767.0</ele></trkpt>
<trkpt lat="45.212640" lon="6.467500"><ele>766.0</ele></trkpt>
<trkpt lat="45.212680" lon="6.467530"><ele>766.0</ele></trkpt>
<trkpt lat="45.212720" lon="6.467560"><ele>766.0</ele></trkpt>
<trkpt lat="45.212770" lon="6.467580"><ele>765.0</ele></trkpt>
<trkpt lat="45.212800" lon="6.467600"><ele>765.0</ele></trkpt>
<trkpt lat="45.212870" lon="6.467600"><ele>765.0</ele></trkpt>
<trkpt lat="45.212930" lon="6.467610"><ele>764.0</ele></trkpt>
<trkpt lat="45.212990" lon="6.467620"><ele>764.0</ele></trkpt>
<trkpt lat="45.213040" lon="6.467640"><ele>764.0</ele></trkpt>
<trkpt lat="45.213100" lon="6.467650"><ele>763.0</ele></trkpt>
<trkpt lat="45.213160" lon="6.467660"><ele>763.0</ele></trkpt>
<trkpt lat="45.213220" lon="6.467680"><ele>763.0</ele></trkpt>
<trkpt lat="45.213280" lon="6.467710"><ele>762.0</ele></trkpt>
<trkpt lat="45.213340" lon="6.467730"><ele>762.0</ele></trkpt>
<trkpt lat="45.213390" lon="6.467770"><ele>762.0</ele></trkpt>
<trkpt lat="45.213440" lon="6.467800"><ele>761.0</ele></trkpt>
<trkpt lat="45.213490" lon="6.467840"><ele>761.0</ele></trkpt>
<trkpt lat="45.213550" lon="6.467880"><ele>761.0</ele></trkpt>
<trkpt lat="45.213600" lon="6.467930"><ele>760.0</ele></trkpt>
<trkpt lat="45.213640" lon="6.467980"><ele>760.0</ele></trkpt>
<trkpt lat="45.213650" lon="6.467990"><ele>760.0</ele></trkpt>
<trkpt lat="45.213690" lon="6.468030"><ele>759.0</ele></trkpt>
<trkpt lat="45.213740" lon="6.468080"><ele>759.0</ele></trkpt>
<trkpt lat="45.213790" lon="6.468140"><ele>758.0</ele></trkpt>
<trkpt lat="45.213830" lon="6.468200"><ele>758.0</ele></trkpt>
<trkpt lat="45.213870" lon="6.468260"><ele>757.0</ele></trkpt>
<trkpt lat="45.213920" lon="6.468330"><ele>757.0</ele></trkpt>
<trkpt lat="45.213960" lon="6.468390"><ele>756.0</ele></trkpt>
<trkpt lat="45.214010" lon="6.468450"><ele>756.0</ele></trkpt>
<trkpt lat="45.214050" lon="6.468520"><ele>755.0</ele></trkpt>
<trkpt lat="45.214100" lon="6.468580"><ele>755.0</ele></trkpt>
<trkpt lat="45.214140" lon="6.468640"><ele>754.0</ele></trkpt>
<trkpt lat="45.214170" lon="6.468690"><ele>754.0</ele></trkpt>
<trkpt lat="45.214180" lon="6.468710"><ele>754.0</ele></trkpt>
<trkpt lat="45.214220" lon="6.468770"><ele>753.0</ele></trkpt>
<trkpt lat="45.214260" lon="6.468840"><ele>753.0</ele></trkpt>
<trkpt lat="45.214290" lon="6.468910"><ele>752.0</ele></trkpt>
<trkpt lat="45.214320" lon="6.468980"><ele>752.0</ele></trkpt>
<trkpt lat="45.214350" lon="6.469050"><ele>751.0</ele></trkpt>
<trkpt lat="45.214360" lon="6.469100"><ele>751.0</ele></trkpt>
<trkpt lat="45.214360" lon="6.469120"><ele>751.0</ele></trkpt>
<trkpt lat="45.214360" lon="6.469130"><ele>750.0</ele></trkpt>
<trkpt lat="45.214380" lon="6.469220"><ele>750.0</ele></trkpt>
<trkpt lat="45.214380" lon="6.469270"><ele>750.0</ele></trkpt>
<trkpt lat="45.214390" lon="6.469350"><ele>749.0</ele></trkpt>
<trkpt lat="45.214390" lon="6.469480"><ele>749.0</ele></trkpt>
<trkpt lat="45.214390" lon="6.469580"><ele>748.0</ele></trkpt>
<trkpt lat="45.214380" lon="6.469650"><ele>748.0</ele></trkpt>
<trkpt lat="45.214370" lon="6.469720"><ele>747.0</ele></trkpt>
<trkpt lat="45.214360" lon="6.469870"><ele>747.0</ele></trkpt>
<trkpt lat="45.214340" lon="6.469940"><ele>746.0</ele></trkpt>
<trkpt lat="45.214320" lon="6.470010"><ele>746.0</ele></trkpt>
<trkpt lat="45.214310" lon="6.470030"><ele>745.0</ele></trkpt>
<trkpt lat="45.214270" lon="6.470140"><ele>745.0</ele></trkpt>
<trkpt lat="45.214200" lon="6.470250"><ele>744.0</ele></trkpt>
<trkpt lat="45.214170" lon="6.470300"><ele>744.0</ele></trkpt>
<trkpt lat="45.214140" lon="6.470340"><ele>743.0</ele></trkpt>
<trkpt lat="45.214100" lon="6.470380"><ele>743.0</ele></trkpt>
<trkpt lat="45.214060" lon="6.470410"><ele>743.0</ele></trkpt>
<trkpt lat="45.214020" lon="6.470440"><ele>742.0</ele></trkpt>
<trkpt lat="45.213960" lon="6.470460"><ele>742.0</ele></trkpt>
<trkpt lat="45.213870" lon="6.470470"><ele>742.0</ele></trkpt>
<trkpt lat="45.213790" lon="6.470450"><ele>741.0</ele></trkpt>
<trkpt lat="45.213680" lon="6.470430"><ele>740.0</ele></trkpt>
<trkpt lat="45.213560" lon="6.470400"><ele>740.0</ele></trkpt>
<trkpt lat="45.213450" lon="6.470400"><ele>739.0</ele></trkpt>
<trkpt lat="45.213410" lon="6.470410"><ele>739.0</ele></trkpt>
<trkpt lat="45.213380" lon="6.470440"><ele>738.0</ele></trkpt>
<trkpt lat="45.213350" lon="6.470470"><ele>738.0</ele></trkpt>
<trkpt lat="45.213320" lon="6.470510"><ele>737.0</ele></trkpt>
<trkpt lat="45.213310" lon="6.470540"><ele>737.0</ele></trkpt>
<trkpt lat="45.213300" lon="6.470610"><ele>737.0</ele></trkpt>
<trkpt lat="45.213290" lon="6.470670"><ele>736.0</ele></trkpt>
<trkpt lat="45.213300" lon="6.470730"><ele>736.0</ele></trkpt>
<trkpt lat="45.213300" lon="6.470780"><ele>736.0</ele></trkpt>
<trkpt lat="45.213320" lon="6.470850"><ele>735.0</ele></trkpt>
<trkpt lat="45.213340" lon="6.470920"><ele>735.0</ele></trkpt>
<trkpt lat="45.213350" lon="6.470960"><ele>735.0</ele></trkpt>
<trkpt lat="45.213410" lon="6.471170"><ele>734.0</ele></trkpt>
<trkpt lat="45.213440" lon="6.471290"><ele>734.0</ele></trkpt>
<trkpt lat="45.213480" lon="6.471420"><ele>733.0</ele></trkpt>
<trkpt lat="45.213520" lon="6.471570"><ele>732.0</ele></trkpt>
<trkpt lat="45.213610" lon="6.471870"><ele>732.0</ele></trkpt>
<trkpt lat="45.213680" lon="6.472110"><ele>731.0</ele></trkpt>
<trkpt lat="45.213700" lon="6.472190"><ele>730.0</ele></trkpt>
<trkpt lat="45.213730" lon="6.472260"><ele>729.0</ele></trkpt>
<trkpt lat="45.213780" lon="6.472380"><ele>729.0</ele></trkpt>
<trkpt lat="45.213840" lon="6.472490"><ele>728.0</ele></trkpt>
<trkpt lat="45.213900" lon="6.472580"><ele>728.0</ele></trkpt>
<trkpt lat="45.213930" lon="6.472620"><ele>727.0</ele></trkpt>
<trkpt lat="45.214010" lon="6.472720"><ele>727.0</ele></trkpt>
<trkpt lat="45.214090" lon="6.472800"><ele>726.0</ele></trkpt>
<trkpt lat="45.214150" lon="6.472860"><ele>726.0</ele></trkpt>
<trkpt lat="45.214260" lon="6.473000"><ele>725.0</ele></trkpt>
<trkpt lat="45.214290" lon="6.473030"><ele>724.0</ele></trkpt>
<trkpt lat="45.214360" lon="6.473110"><ele>724.0</ele></trkpt>
<trkpt lat="45.214400" lon="6.473160"><ele>723.0</ele></trkpt>
<trkpt lat="45.214540" lon="6.473330"><ele>723.0</ele></trkpt>
<trkpt lat="45.214640" lon="6.473480"><ele>722.0</ele></trkpt>
<trkpt lat="45.214680" lon="6.473550"><ele>722.0</ele></trkpt>
<trkpt lat="45.214730" lon="6.473620"><ele>722.0</ele></trkpt>
<trkpt lat="45.215000" lon="6.474060"><ele>721.0</ele></trkpt>
<trkpt lat="45.215200" lon="6.474390"><ele>721.0</ele></trkpt>
<trkpt lat="45.215320" lon="6.474580"><ele>721.0</ele></trkpt>
<trkpt lat="45.215360" lon="6.474620"><ele>721.0</ele></trkpt>
<trkpt lat="45.215400" lon="6.474660"><ele>720.0</ele></trkpt>
<trkpt lat="45.215420" lon="6.474680"><ele>720.0</ele></trkpt>
<trkpt lat="45.215450" lon="6.474710"><ele>720.0</ele></trkpt>
<trkpt lat="45.215520" lon="6.474760"><ele>720.0</ele></trkpt>
<trkpt lat="45.215560" lon="6.474780"><ele>720.0</ele></trkpt>
<trkpt lat="45.215580" lon="6.474780"><ele>720.0</ele></trkpt>
<trkpt lat="45.215620" lon="6.474820"><ele>720.0</ele></trkpt>
<trkpt lat="45.215670" lon="6.474860"><ele>720.0</ele></trkpt>
<trkpt lat="45.215690" lon="6.474880"><ele>720.0</ele></trkpt>
<trkpt lat="45.215710" lon="6.474910"><ele>720.0</ele></trkpt>
<trkpt lat="45.215710" lon="6.474910"><ele>720.0</ele></trkpt>
<trkpt lat="45.215840" lon="6.474680"><ele>720.0</ele></trkpt>
<trkpt lat="45.216000" lon="6.474370"><ele>719.0</ele></trkpt>
<trkpt lat="45.216270" lon="6.473860"><ele>719.0</ele></trkpt>
<trkpt lat="45.216450" lon="6.473550"><ele>718.0</ele></trkpt>
<trkpt lat="45.216790" lon="6.472970"><ele>717.0</ele></trkpt>
<trkpt lat="45.217000" lon="6.472620"><ele>716.0</ele></trkpt>
<trkpt lat="45.217120" lon="6.472440"><ele>715.0</ele></trkpt>
<trkpt lat="45.217220" lon="6.472280"><ele>714.0</ele></trkpt>
<trkpt lat="45.217510" lon="6.471720"><ele>714.0</ele></trkpt>
<trkpt lat="45.217580" lon="6.471580"><ele>713.0</ele></trkpt>
<trkpt lat="45.217730" lon="6.471380"><ele>713.0</ele></trkpt>
<trkpt lat="45.217800" lon="6.471320"><ele>713.0</ele></trkpt>
<trkpt lat="45.217880" lon="6.471250"><ele>712.0</ele></trkpt>
<trkpt lat="45.217970" lon="6.471150"><ele>712.0</ele></trkpt>
<trkpt lat="45.218010" lon="6.471110"><ele>712.0</ele></trkpt>
<trkpt lat="45.218090" lon="6.471010"><ele>712.0</ele></trkpt>
<trkpt lat="45.218250" lon="6.470770"><ele>712.0</ele></trkpt>
<trkpt lat="45.218560" lon="6.470310"><ele>712.0</ele></trkpt>
<trkpt lat="45.218840" lon="6.469900"><ele>711.0</ele></trkpt>
<trkpt lat="45.219150" lon="6.469440"><ele>711.0</ele></trkpt>
<trkpt lat="45.219350" lon="6.469120"><ele>711.0</ele></trkpt>
<trkpt lat="45.219390" lon="6.469010"><ele>711.0</ele></trkpt>
<trkpt lat="45.219430" lon="6.468860"><ele>711.0</ele></trkpt>
<trkpt lat="45.219450" lon="6.468620"><ele>711.0</ele></trkpt>
<trkpt lat="45.219520" lon="6.467950"><ele>710.0</ele></trkpt>
<trkpt lat="45.219540" lon="6.467800"><ele>709.0</ele></trkpt>
<trkpt lat="45.219630" lon="6.466930"><ele>709.0</ele></trkpt>
<trkpt lat="45.219750" lon="6.465680"><ele>707.0</ele></trkpt>
<trkpt lat="45.219780" lon="6.465400"><ele>706.0</ele></trkpt>
<trkpt lat="45.219780" lon="6.465350"><ele>706.0</ele></trkpt>
<trkpt lat="45.219810" lon="6.465290"><ele>705.0</ele></trkpt>
<trkpt lat="45.219840" lon="6.465160"><ele>705.0</ele></trkpt>
<trkpt lat="45.219890" lon="6.465050"><ele>704.0</ele></trkpt>
<trkpt lat="45.219890" lon="6.465040"><ele>704.0</ele></trkpt>
<trkpt lat="45.219900" lon="6.465040"><ele>704.0</ele></trkpt>
<trkpt lat="45.219900" lon="6.465030"><ele>704.0</ele></trkpt>
<trkpt lat="45.219910" lon="6.465020"><ele>704.0</ele></trkpt>
<trkpt lat="45.219920" lon="6.465010"><ele>704.0</ele></trkpt>
<trkpt lat="45.219930" lon="6.465000"><ele>704.0</ele></trkpt>
<trkpt lat="45.219930" lon="6.464990"><ele>704.0</ele></trkpt>
<trkpt lat="45.219940" lon="6.464980"><ele>704.0</ele></trkpt>
<trkpt lat="45.219940" lon="6.464970"><ele>704.0</ele></trkpt>
<trkpt lat="45.219940" lon="6.464960"><ele>704.0</ele></trkpt>
<trkpt lat="45.219950" lon="6.464960"><ele>704.0</ele></trkpt>
<trkpt lat="45.219950" lon="6.464950"><ele>704.0</ele></trkpt>
<trkpt lat="45.219950" lon="6.464940"><ele>704.0</ele></trkpt>
<trkpt lat="45.219950" lon="6.464930"><ele>704.0</ele></trkpt>
<trkpt lat="45.219960" lon="6.464920"><ele>704.0</ele></trkpt>
<trkpt lat="45.219960" lon="6.464910"><ele>704.0</ele></trkpt>
<trkpt lat="45.219960" lon="6.464900"><ele>704.0</ele></trkpt>
<trkpt lat="45.219960" lon="6.464890"><ele>704.0</ele></trkpt>
<trkpt lat="45.219960" lon="6.464880"><ele>703.0</ele></trkpt>
<trkpt lat="45.219960" lon="6.464870"><ele>703.0</ele></trkpt>
<trkpt lat="45.219960" lon="6.464860"><ele>703.0</ele></trkpt>
<trkpt lat="45.219950" lon="6.464850"><ele>703.0</ele></trkpt>
<trkpt lat="45.219950" lon="6.464840"><ele>703.0</ele></trkpt>
<trkpt lat="45.219950" lon="6.464830"><ele>703.0</ele></trkpt>
<trkpt lat="45.219950" lon="6.464820"><ele>703.0</ele></trkpt>
<trkpt lat="45.219940" lon="6.464810"><ele>703.0</ele></trkpt>
<trkpt lat="45.219940" lon="6.464800"><ele>703.0</ele></trkpt>
<trkpt lat="45.219940" lon="6.464790"><ele>703.0</ele></trkpt>
<trkpt lat="45.219930" lon="6.464780"><ele>703.0</ele></trkpt>
<trkpt lat="45.219930" lon="6.464770"><ele>703.0</ele></trkpt>
<trkpt lat="45.219920" lon="6.464760"><ele>703.0</ele></trkpt>
<trkpt lat="45.219920" lon="6.464750"><ele>703.0</ele></trkpt>
<trkpt lat="45.219910" lon="6.464740"><ele>703.0</ele></trkpt>
<trkpt lat="45.219890" lon="6.464320"><ele>703.0</ele></trkpt>
<trkpt lat="45.219940" lon="6.463810"><ele>703.0</ele></trkpt>
<trkpt lat="45.220010" lon="6.463190"><ele>702.0</ele></trkpt>
<trkpt lat="45.220070" lon="6.462760"><ele>702.0</ele></trkpt>
<trkpt lat="45.220080" lon="6.462640"><ele>702.0</ele></trkpt>
<trkpt lat="45.220100" lon="6.462510"><ele>702.0</ele></trkpt>
<trkpt lat="45.220120" lon="6.462340"><ele>701.0</ele></trkpt>
<trkpt lat="45.220150" lon="6.462170"><ele>701.0</ele></trkpt>
<trkpt lat="45.220150" lon="6.462160"><ele>701.0</ele></trkpt>
<trkpt lat="45.220170" lon="6.462040"><ele>701.0</ele></trkpt>
<trkpt lat="45.220250" lon="6.461580"><ele>701.0</ele></trkpt>
<trkpt lat="45.220260" lon="6.461520"><ele>701.0</ele></trkpt>
<trkpt lat="45.220300" lon="6.461270"><ele>701.0</ele></trkpt>
<trkpt lat="45.220340" lon="6.461040"><ele>701.0</ele></trkpt>
<trkpt lat="45.220390" lon="6.460870"><ele>701.0</ele></trkpt>
<trkpt lat="45.220430" lon="6.460760"><ele>701.0</ele></trkpt>
<trkpt lat="45.220430" lon="6.460760"><ele>701.0</ele></trkpt>
<trkpt lat="45.220440" lon="6.460760"><ele>701.0</ele></trkpt>
<trkpt lat="45.220440" lon="6.460770"><ele>701.0</ele></trkpt>
<trkpt lat="45.220450" lon="6.460770"><ele>701.0</ele></trkpt>
<trkpt lat="45.220450" lon="6.460780"><ele>701.0</ele></trkpt>
<trkpt lat="45.220460" lon="6.460780"><ele>701.0</ele></trkpt>
<trkpt lat="45.220460" lon="6.460790"><ele>700.0</ele></trkpt>
<trkpt lat="45.220470" lon="6.460790"><ele>700.0</ele></trkpt>
<trkpt lat="45.220480" lon="6.460800"><ele>700.0</ele></trkpt>
<trkpt lat="45.220490" lon="6.460800"><ele>700.0</ele></trkpt>
<trkpt lat="45.220500" lon="6.460800"><ele>700.0</ele></trkpt>
<trkpt lat="45.220510" lon="6.460800"><ele>700.0</ele></trkpt>
<trkpt lat="45.220520" lon="6.460800"><ele>700.0</ele></trkpt>
<trkpt lat="45.220530" lon="6.460800"><ele>700.0</ele></trkpt>
<trkpt lat="45.220540" lon="6.460800"><ele>700.0</ele></trkpt>
<trkpt lat="45.220540" lon="6.460790"><ele>700.0</ele></trkpt>
<trkpt lat="45.220550" lon="6.460790"><ele>700.0</ele></trkpt>
<trkpt lat="45.220560" lon="6.460790"><ele>700.0</ele></trkpt>
<trkpt lat="45.220560" lon="6.460780"><ele>700.0</ele></trkpt>
<trkpt lat="45.220570" lon="6.460780"><ele>700.0</ele></trkpt>
<trkpt lat="45.220570" lon="6.460770"><ele>700.0</ele></trkpt>
<trkpt lat="45.220580" lon="6.460760"><ele>700.0</ele></trkpt>
<trkpt lat="45.220590" lon="6.460760"><ele>700.0</ele></trkpt>
<trkpt lat="45.220590" lon="6.460750"><ele>700.0</ele></trkpt>
<trkpt lat="45.220600" lon="6.460750"><ele>700.0</ele></trkpt>
<trkpt lat="45.220600" lon="6.460740"><ele>700.0</ele></trkpt>
<trkpt lat="45.220600" lon="6.460730"><ele>700.0</ele></trkpt>
<trkpt lat="45.220610" lon="6.460730"><ele>700.0</ele></trkpt>
<trkpt lat="45.220610" lon="6.460720"><ele>700.0</ele></trkpt>
<trkpt lat="45.220610" lon="6.460710"><ele>700.0</ele></trkpt>
<trkpt lat="45.220620" lon="6.460700"><ele>700.0</ele></trkpt>
<trkpt lat="45.220620" lon="6.460690"><ele>700.0</ele></trkpt>
<trkpt lat="45.220620" lon="6.460680"><ele>700.0</ele></trkpt>
<trkpt lat="45.220630" lon="6.460670"><ele>700.0</ele></trkpt>
<trkpt lat="45.220630" lon="6.460660"><ele>700.0</ele></trkpt>
<trkpt lat="45.220630" lon="6.460650"><ele>700.0</ele></trkpt>
<trkpt lat="45.220630" lon="6.460640"><ele>700.0</ele></trkpt>
<trkpt lat="45.220630" lon="6.460630"><ele>700.0</ele></trkpt>
<trkpt lat="45.220630" lon="6.460620"><ele>700.0</ele></trkpt>
<trkpt lat="45.220630" lon="6.460610"><ele>700.0</ele></trkpt>
<trkpt lat="45.220630" lon="6.460590"><ele>700.0</ele></trkpt>
<trkpt lat="45.220620" lon="6.460580"><ele>700.0</ele></trkpt>
<trkpt lat="45.220620" lon="6.460570"><ele>700.0</ele></trkpt>
<trkpt lat="45.220620" lon="6.460560"><ele>700.0</ele></trkpt>
<trkpt lat="45.220610" lon="6.460550"><ele>700.0</ele></trkpt>
<trkpt lat="45.220610" lon="6.460540"><ele>700.0</ele></trkpt>
<trkpt lat="45.220600" lon="6.460530"><ele>700.0</ele></trkpt>
<trkpt lat="45.220600" lon="6.460520"><ele>700.0</ele></trkpt>
<trkpt lat="45.220590" lon="6.460520"><ele>700.0</ele></trkpt>
<trkpt lat="45.220590" lon="6.460510"><ele>700.0</ele></trkpt>
<trkpt lat="45.220580" lon="6.460500"><ele>700.0</ele></trkpt>
<trkpt lat="45.220580" lon="6.460490"><ele>700.0</ele></trkpt>
<trkpt lat="45.220570" lon="6.460490"><ele>700.0</ele></trkpt>
<trkpt lat="45.220560" lon="6.460490"><ele>700.0</ele></trkpt>
<trkpt lat="45.220560" lon="6.460480"><ele>700.0</ele></trkpt>
<trkpt lat="45.220550" lon="6.460480"><ele>700.0</ele></trkpt>
<trkpt lat="45.220540" lon="6.460470"><ele>700.0</ele></trkpt>
<trkpt lat="45.220530" lon="6.460470"><ele>700.0</ele></trkpt>
<trkpt lat="45.220520" lon="6.460470"><ele>700.0</ele></trkpt>
<trkpt lat="45.220510" lon="6.460470"><ele>700.0</ele></trkpt>
<trkpt lat="45.220500" lon="6.460470"><ele>700.0</ele></trkpt>
<trkpt lat="45.220480" lon="6.460200"><ele>700.0</ele></trkpt>
<trkpt lat="45.220480" lon="6.459950"><ele>699.0</ele></trkpt>
<trkpt lat="45.220480" lon="6.459700"><ele>699.0</ele></trkpt>
<trkpt lat="45.220490" lon="6.459650"><ele>699.0</ele></trkpt>
<trkpt lat="45.220500" lon="6.459450"><ele>699.0</ele></trkpt>
<trkpt lat="45.220570" lon="6.458690"><ele>698.0</ele></trkpt>
<trkpt lat="45.220740" lon="6.456900"><ele>697.0</ele></trkpt>
<trkpt lat="45.220860" lon="6.455950"><ele>697.0</ele></trkpt>
<trkpt lat="45.220870" lon="6.455860"><ele>697.0</ele></trkpt>
<trkpt lat="45.220910" lon="6.455650"><ele>697.0</ele></trkpt>
<trkpt lat="45.221000" lon="6.455320"><ele>697.0</ele></trkpt>
<trkpt lat="45.221110" lon="6.455050"><ele>698.0</ele></trkpt>
<trkpt lat="45.221220" lon="6.454770"><ele>698.0</ele></trkpt>
<trkpt lat="45.221310" lon="6.454560"><ele>698.0</ele></trkpt>
<trkpt lat="45.221440" lon="6.454310"><ele>699.0</ele></trkpt>
<trkpt lat="45.221690" lon="6.453910"><ele>699.0</ele></trkpt>
<trkpt lat="45.221780" lon="6.453760"><ele>698.0</ele></trkpt>
<trkpt lat="45.221810" lon="6.453720"><ele>698.0</ele></trkpt>
<trkpt lat="45.221900" lon="6.453570"><ele>698.0</ele></trkpt>
<trkpt lat="45.221930" lon="6.453520"><ele>698.0</ele></trkpt>
<trkpt lat="45.222040" lon="6.453340"><ele>698.0</ele></trkpt>
<trkpt lat="45.222140" lon="6.453180"><ele>697.0</ele></trkpt>
<trkpt lat="45.222160" lon="6.453140"><ele>697.0</ele></trkpt>
<trkpt lat="45.222250" lon="6.452990"><ele>697.0</ele></trkpt>
<trkpt lat="45.222360" lon="6.452810"><ele>696.0</ele></trkpt>
<trkpt lat="45.222370" lon="6.452790"><ele>696.0</ele></trkpt>
<trkpt lat="45.222400" lon="6.452720"><ele>696.0</ele></trkpt>
<trkpt lat="45.222410" lon="6.452710"><ele>696.0</ele></trkpt>
<trkpt lat="45.222480" lon="6.452550"><ele>696.0</ele></trkpt>
<trkpt lat="45.222500" lon="6.452510"><ele>695.0</ele></trkpt>
<trkpt lat="45.222540" lon="6.452390"><ele>695.0</ele></trkpt>
<trkpt lat="45.222610" lon="6.452200"><ele>695.0</ele></trkpt>
<trkpt lat="45.222670" lon="6.452060"><ele>695.0</ele></trkpt>
<trkpt lat="45.222690" lon="6.451990"><ele>695.0</ele></trkpt>
<trkpt lat="45.222700" lon="6.451980"><ele>694.0</ele></trkpt>
<trkpt lat="45.222750" lon="6.451830"><ele>694.0</ele></trkpt>
<trkpt lat="45.222770" lon="6.451770"><ele>694.0</ele></trkpt>
<trkpt lat="45.222780" lon="6.451750"><ele>694.0</ele></trkpt>
<trkpt lat="45.222800" lon="6.451690"><ele>694.0</ele></trkpt>
<trkpt lat="45.222870" lon="6.451530"><ele>694.0</ele></trkpt>
<trkpt lat="45.222880" lon="6.451510"><ele>694.0</ele></trkpt>
<trkpt lat="45.222940" lon="6.451400"><ele>694.0</ele></trkpt>
<trkpt lat="45.222970" lon="6.451340"><ele>694.0</ele></trkpt>
<trkpt lat="45.222980" lon="6.451330"><ele>693.0</ele></trkpt>
<trkpt lat="45.223020" lon="6.451280"><ele>693.0</ele></trkpt>
<trkpt lat="45.223060" lon="6.451210"><ele>693.0</ele></trkpt>
<trkpt lat="45.223100" lon="6.451170"><ele>693.0</ele></trkpt>
<trkpt lat="45.223110" lon="6.451160"><ele>693.0</ele></trkpt>
<trkpt lat="45.223160" lon="6.451120"><ele>693.0</ele></trkpt>
<trkpt lat="45.223260" lon="6.451030"><ele>693.0</ele></trkpt>
<trkpt lat="45.223280" lon="6.451010"><ele>693.0</ele></trkpt>
<trkpt lat="45.223310" lon="6.450990"><ele>693.0</ele></trkpt>
<trkpt lat="45.223370" lon="6.450950"><ele>693.0</ele></trkpt>
<trkpt lat="45.223410" lon="6.450930"><ele>693.0</ele></trkpt>
<trkpt lat="45.223430" lon="6.450920"><ele>693.0</ele></trkpt>
<trkpt lat="45.223480" lon="6.450890"><ele>692.0</ele></trkpt>
<trkpt lat="45.223540" lon="6.450860"><ele>692.0</ele></trkpt>
<trkpt lat="45.223590" lon="6.450830"><ele>692.0</ele></trkpt>
<trkpt lat="45.223610" lon="6.450830"><ele>692.0</ele></trkpt>
<trkpt lat="45.223650" lon="6.450810"><ele>692.0</ele></trkpt>
<trkpt lat="45.223770" lon="6.450760"><ele>692.0</ele></trkpt>
<trkpt lat="45.223820" lon="6.450730"><ele>692.0</ele></trkpt>
<trkpt lat="45.223870" lon="6.450710"><ele>692.0</ele></trkpt>
<trkpt lat="45.223880" lon="6.450710"><ele>692.0</ele></trkpt>
<trkpt lat="45.223940" lon="6.450680"><ele>692.0</ele></trkpt>
<trkpt lat="45.224060" lon="6.450640"><ele>692.0</ele></trkpt>
<trkpt lat="45.224110" lon="6.450620"><ele>691.0</ele></trkpt>
<trkpt lat="45.224180" lon="6.450590"><ele>691.0</ele></trkpt>
<trkpt lat="45.224230" lon="6.450580"><ele>691.0</ele></trkpt>
<trkpt lat="45.224280" lon="6.450560"><ele>691.0</ele></trkpt>
<trkpt lat="45.224290" lon="6.450560"><ele>691.0</ele></trkpt>
<trkpt lat="45.224360" lon="6.450550"><ele>691.0</ele></trkpt>
<trkpt lat="45.224520" lon="6.450510"><ele>690.0</ele></trkpt>
<trkpt lat="45.224530" lon="6.450510"><ele>690.0</ele></trkpt>
<trkpt lat="45.224640" lon="6.450490"><ele>690.0</ele></trkpt>
<trkpt lat="45.224700" lon="6.450480"><ele>690.0</ele></trkpt>
<trkpt lat="45.224710" lon="6.450480"><ele>690.0</ele></trkpt>
<trkpt lat="45.224780" lon="6.450470"><ele>690.0</ele></trkpt>
<trkpt lat="45.224820" lon="6.450470"><ele>689.0</ele></trkpt>
<trkpt lat="45.224880" lon="6.450460"><ele>689.0</ele></trkpt>
<trkpt lat="45.224890" lon="6.450460"><ele>689.0</ele></trkpt>
<trkpt lat="45.225060" lon="6.450450"><ele>689.0</ele></trkpt>
<trkpt lat="45.225070" lon="6.450450"><ele>689.0</ele></trkpt>
<trkpt lat="45.225180" lon="6.450440"><ele>689.0</ele></trkpt>
<trkpt lat="45.225250" lon="6.450430"><ele>688.0</ele></trkpt>
<trkpt lat="45.225360" lon="6.450420"><ele>688.0</ele></trkpt>
<trkpt lat="45.225430" lon="6.450410"><ele>688.0</ele></trkpt>
<trkpt lat="45.225610" lon="6.450400"><ele>688.0</ele></trkpt>
<trkpt lat="45.225780" lon="6.450380"><ele>687.0</ele></trkpt>
<trkpt lat="45.225790" lon="6.450380"><ele>687.0</ele></trkpt>
<trkpt lat="45.225900" lon="6.450370"><ele>687.0</ele></trkpt>
<trkpt lat="45.225960" lon="6.450370"><ele>687.0</ele></trkpt>
<trkpt lat="45.226080" lon="6.450360"><ele>687.0</ele></trkpt>
<trkpt lat="45.226150" lon="6.450350"><ele>687.0</ele></trkpt>
<trkpt lat="45.226260" lon="6.450340"><ele>687.0</ele></trkpt>
<trkpt lat="45.226330" lon="6.450330"><ele>687.0</ele></trkpt>
<trkpt lat="45.226350" lon="6.450330"><ele>687.0</ele></trkpt>
<trkpt lat="45.226440" lon="6.450320"><ele>687.0</ele></trkpt>
<trkpt lat="45.226490" lon="6.450320"><ele>687.0</ele></trkpt>
<trkpt lat="45.226510" lon="6.450320"><ele>688.0</ele></trkpt>
<trkpt lat="45.226620" lon="6.450300"><ele>688.0</ele></trkpt>
<trkpt lat="45.226670" lon="6.450300"><ele>688.0</ele></trkpt>
<trkpt lat="45.226690" lon="6.450300"><ele>688.0</ele></trkpt>
<trkpt lat="45.226800" lon="6.450290"><ele>688.0</ele></trkpt>
<trkpt lat="45.226870" lon="6.450280"><ele>688.0</ele></trkpt>
<trkpt lat="45.227230" lon="6.450240"><ele>688.0</ele></trkpt>
<trkpt lat="45.227310" lon="6.450230"><ele>689.0</ele></trkpt>
<trkpt lat="45.227580" lon="6.450190"><ele>689.0</ele></trkpt>
<trkpt lat="45.227730" lon="6.450160"><ele>689.0</ele></trkpt>
<trkpt lat="45.227820" lon="6.450150"><ele>689.0</ele></trkpt>
<trkpt lat="45.228010" lon="6.450130"><ele>689.0</ele></trkpt>
<trkpt lat="45.228270" lon="6.450060"><ele>689.0</ele></trkpt>
<trkpt lat="45.228480" lon="6.449990"><ele>689.0</ele></trkpt>
<trkpt lat="45.228530" lon="6.449970"><ele>689.0</ele></trkpt>
<trkpt lat="45.228640" lon="6.449930"><ele>689.0</ele></trkpt>
<trkpt lat="45.228810" lon="6.449850"><ele>689.0</ele></trkpt>
<trkpt lat="45.228980" lon="6.449770"><ele>689.0</ele></trkpt>
<trkpt lat="45.229260" lon="6.449640"><ele>689.0</ele></trkpt>
<trkpt lat="45.229440" lon="6.449520"><ele>689.0</ele></trkpt>
<trkpt lat="45.229670" lon="6.449350"><ele>689.0</ele></trkpt>
<trkpt lat="45.229720" lon="6.449320"><ele>689.0</ele></trkpt>
<trkpt lat="45.229830" lon="6.449230"><ele>689.0</ele></trkpt>
<trkpt lat="45.229980" lon="6.449100"><ele>689.0</ele></trkpt>
<trkpt lat="45.230280" lon="6.448820"><ele>689.0</ele></trkpt>
<trkpt lat="45.230570" lon="6.448500"><ele>689.0</ele></trkpt>
<trkpt lat="45.230660" lon="6.448400"><ele>689.0</ele></trkpt>
<trkpt lat="45.230710" lon="6.448330"><ele>689.0</ele></trkpt>
<trkpt lat="45.230940" lon="6.448040"><ele>689.0</ele></trkpt>
<trkpt lat="45.231040" lon="6.447900"><ele>688.0</ele></trkpt>
<trkpt lat="45.231080" lon="6.447840"><ele>688.0</ele></trkpt>
<trkpt lat="45.231200" lon="6.447660"><ele>688.0</ele></trkpt>
<trkpt lat="45.231240" lon="6.447610"><ele>688.0</ele></trkpt>
<trkpt lat="45.231480" lon="6.447190"><ele>688.0</ele></trkpt>
<trkpt lat="45.231490" lon="6.447180"><ele>688.0</ele></trkpt>
<trkpt lat="45.231600" lon="6.446990"><ele>688.0</ele></trkpt>
<trkpt lat="45.231610" lon="6.446970"><ele>688.0</ele></trkpt>
<trkpt lat="45.231640" lon="6.446930"><ele>688.0</ele></trkpt>
<trkpt lat="45.231670" lon="6.446870"><ele>688.0</ele></trkpt>
<trkpt lat="45.231680" lon="6.446850"><ele>688.0</ele></trkpt>
<trkpt lat="45.231740" lon="6.446740"><ele>688.0</ele></trkpt>
<trkpt lat="45.231780" lon="6.446680"><ele>688.0</ele></trkpt>
<trkpt lat="45.231850" lon="6.446570"><ele>688.0</ele></trkpt>
<trkpt lat="45.232100" lon="6.446210"><ele>688.0</ele></trkpt>
<trkpt lat="45.232160" lon="6.446130"><ele>688.0</ele></trkpt>
<trkpt lat="45.232290" lon="6.445950"><ele>688.0</ele></trkpt>
<trkpt lat="45.232420" lon="6.445790"><ele>688.0</ele></trkpt>
<trkpt lat="45.232660" lon="6.445510"><ele>688.0</ele></trkpt>
<trkpt lat="45.232710" lon="6.445410"><ele>688.0</ele></trkpt>
<trkpt lat="45.233170" lon="6.444940"><ele>688.0</ele></trkpt>
<trkpt lat="45.233740" lon="6.444360"><ele>688.0</ele></trkpt>
<trkpt lat="45.234370" lon="6.443800"><ele>688.0</ele></trkpt>
<trkpt lat="45.234990" lon="6.443250"><ele>689.0</ele></trkpt>
<trkpt lat="45.235380" lon="6.442820"><ele>690.0</ele></trkpt>
<trkpt lat="45.235510" lon="6.442650"><ele>690.0</ele></trkpt>
<trkpt lat="45.235650" lon="6.442470"><ele>690.0</ele></trkpt>
<trkpt lat="45.235660" lon="6.442450"><ele>690.0</ele></trkpt>
<trkpt lat="45.235770" lon="6.442260"><ele>690.0</ele></trkpt>
<trkpt lat="45.235880" lon="6.442080"><ele>690.0</ele></trkpt>
<trkpt lat="45.235960" lon="6.441890"><ele>689.0</ele></trkpt>
<trkpt lat="45.236050" lon="6.441680"><ele>689.0</ele></trkpt>
<trkpt lat="45.236090" lon="6.441610"><ele>689.0</ele></trkpt>
<trkpt lat="45.236180" lon="6.441350"><ele>688.0</ele></trkpt>
<trkpt lat="45.236250" lon="6.441100"><ele>688.0</ele></trkpt>
<trkpt lat="45.236310" lon="6.440860"><ele>687.0</ele></trkpt>
<trkpt lat="45.236360" lon="6.440610"><ele>687.0</ele></trkpt>
<trkpt lat="45.236460" lon="6.439930"><ele>686.0</ele></trkpt>
<trkpt lat="45.236480" lon="6.439770"><ele>685.0</ele></trkpt>
<trkpt lat="45.236500" lon="6.439630"><ele>685.0</ele></trkpt>
<trkpt lat="45.236510" lon="6.439600"><ele>685.0</ele></trkpt>
<trkpt lat="45.236540" lon="6.439310"><ele>685.0</ele></trkpt>
<trkpt lat="45.236580" lon="6.439040"><ele>684.0</ele></trkpt>
<trkpt lat="45.236630" lon="6.438790"><ele>684.0</ele></trkpt>
<trkpt lat="45.236700" lon="6.438460"><ele>684.0</ele></trkpt>
<trkpt lat="45.236740" lon="6.438300"><ele>683.0</ele></trkpt>
<trkpt lat="45.236770" lon="6.438190"><ele>683.0</ele></trkpt>
<trkpt lat="45.236830" lon="6.438000"><ele>683.0</ele></trkpt>
<trkpt lat="45.236890" lon="6.437850"><ele>683.0</ele></trkpt>
<trkpt lat="45.237010" lon="6.437570"><ele>683.0</ele></trkpt>
<trkpt lat="45.237170" lon="6.437320"><ele>683.0</ele></trkpt>
<trkpt lat="45.237230" lon="6.437220"><ele>684.0</ele></trkpt>
<trkpt lat="45.237250" lon="6.437190"><ele>684.0</ele></trkpt>
<trkpt lat="45.237330" lon="6.437100"><ele>684.0</ele></trkpt>
<trkpt lat="45.237430" lon="6.436980"><ele>684.0</ele></trkpt>
<trkpt lat="45.237620" lon="6.436800"><ele>685.0</ele></trkpt>
<trkpt lat="45.237680" lon="6.436750"><ele>685.0</ele></trkpt>
<trkpt lat="45.237850" lon="6.436630"><ele>685.0</ele></trkpt>
<trkpt lat="45.238030" lon="6.436530"><ele>686.0</ele></trkpt>
<trkpt lat="45.238190" lon="6.436460"><ele>686.0</ele></trkpt>
<trkpt lat="45.238360" lon="6.436390"><ele>687.0</ele></trkpt>
<trkpt lat="45.238530" lon="6.436320"><ele>687.0</ele></trkpt>
<trkpt lat="45.238670" lon="6.436260"><ele>687.0</ele></trkpt>
<trkpt lat="45.238810" lon="6.436210"><ele>686.0</ele></trkpt>
<trkpt lat="45.238910" lon="6.436170"><ele>686.0</ele></trkpt>
<trkpt lat="45.239140" lon="6.436060"><ele>686.0</ele></trkpt>
<trkpt lat="45.239230" lon="6.436000"><ele>685.0</ele></trkpt>
<trkpt lat="45.239370" lon="6.435910"><ele>685.0</ele></trkpt>
<trkpt lat="45.239530" lon="6.435770"><ele>684.0</ele></trkpt>
<trkpt lat="45.239670" lon="6.435650"><ele>684.0</ele></trkpt>
<trkpt lat="45.239820" lon="6.435510"><ele>683.0</ele></trkpt>
<trkpt lat="45.239950" lon="6.435430"><ele>682.0</ele></trkpt>
<trkpt lat="45.240160" lon="6.435240"><ele>682.0</ele></trkpt>
<trkpt lat="45.240610" lon="6.434840"><ele>681.0</ele></trkpt>
<trkpt lat="45.240700" lon="6.434750"><ele>681.0</ele></trkpt>
<trkpt lat="45.240860" lon="6.434610"><ele>680.0</ele></trkpt>
<trkpt lat="45.241090" lon="6.434400"><ele>680.0</ele></trkpt>
<trkpt lat="45.241160" lon="6.434340"><ele>679.0</ele></trkpt>
<trkpt lat="45.241520" lon="6.434020"><ele>679.0</ele></trkpt>
<trkpt lat="45.242230" lon="6.433390"><ele>678.0</ele></trkpt>
<trkpt lat="45.242700" lon="6.432960"><ele>678.0</ele></trkpt>
<trkpt lat="45.243090" lon="6.432580"><ele>677.0</ele></trkpt>
<trkpt lat="45.243360" lon="6.432280"><ele>677.0</ele></trkpt>
<trkpt lat="45.243460" lon="6.432170"><ele>677.0</ele></trkpt>
<trkpt lat="45.243730" lon="6.431840"><ele>677.0</ele></trkpt>
<trkpt lat="45.243770" lon="6.431750"><ele>677.0</ele></trkpt>
<trkpt lat="45.243860" lon="6.431630"><ele>677.0</ele></trkpt>
<trkpt lat="45.243950" lon="6.431500"><ele>677.0</ele></trkpt>
<trkpt lat="45.244100" lon="6.431290"><ele>677.0</ele></trkpt>
<trkpt lat="45.244240" lon="6.431090"><ele>677.0</ele></trkpt>
<trkpt lat="45.244290" lon="6.431010"><ele>677.0</ele></trkpt>
<trkpt lat="45.244450" lon="6.430730"><ele>677.0</ele></trkpt>
<trkpt lat="45.244740" lon="6.430180"><ele>676.0</ele></trkpt>
<trkpt lat="45.244920" lon="6.429820"><ele>676.0</ele></trkpt>
<trkpt lat="45.245090" lon="6.429370"><ele>676.0</ele></trkpt>
<trkpt lat="45.245270" lon="6.428870"><ele>675.0</ele></trkpt>
<trkpt lat="45.245560" lon="6.427960"><ele>675.0</ele></trkpt>
<trkpt lat="45.245700" lon="6.427470"><ele>674.0</ele></trkpt>
<trkpt lat="45.246110" lon="6.426060"><ele>674.0</ele></trkpt>
<trkpt lat="45.246120" lon="6.426030"><ele>674.0</ele></trkpt>
<trkpt lat="45.246580" lon="6.424420"><ele>674.0</ele></trkpt>
<trkpt lat="45.246610" lon="6.424330"><ele>674.0</ele></trkpt>
<trkpt lat="45.246780" lon="6.423770"><ele>674.0</ele></trkpt>
<trkpt lat="45.246810" lon="6.423650"><ele>674.0</ele></trkpt>
<trkpt lat="45.246830" lon="6.423580"><ele>674.0</ele></trkpt>
<trkpt lat="45.247150" lon="6.422470"><ele>674.0</ele></trkpt>
<trkpt lat="45.247560" lon="6.421040"><ele>675.0</ele></trkpt>
<trkpt lat="45.247990" lon="6.419560"><ele>676.0</ele></trkpt>
<trkpt lat="45.248170" lon="6.418990"><ele>677.0</ele></trkpt>
<trkpt lat="45.248360" lon="6.418350"><ele>677.0</ele></trkpt>
<trkpt lat="45.248470" lon="6.418070"><ele>678.0</ele></trkpt>
<trkpt lat="45.248570" lon="6.417810"><ele>678.0</ele></trkpt>
<trkpt lat="45.248720" lon="6.417430"><ele>678.0</ele></trkpt>
<trkpt lat="45.248820" lon="6.417230"><ele>678.0</ele></trkpt>
<trkpt lat="45.248920" lon="6.417000"><ele>677.0</ele></trkpt>
<trkpt lat="45.249310" lon="6.416190"><ele>677.0</ele></trkpt>
<trkpt lat="45.249700" lon="6.415410"><ele>677.0</ele></trkpt>
<trkpt lat="45.249780" lon="6.415310"><ele>676.0</ele></trkpt>
<trkpt lat="45.249920" lon="6.415020"><ele>675.0</ele></trkpt>
<trkpt lat="45.250100" lon="6.414650"><ele>675.0</ele></trkpt>
<trkpt lat="45.250130" lon="6.414600"><ele>674.0</ele></trkpt>
<trkpt lat="45.250160" lon="6.414550"><ele>674.0</ele></trkpt>
<trkpt lat="45.250500" lon="6.413820"><ele>673.0</ele></trkpt>
<trkpt lat="45.251100" lon="6.412590"><ele>671.0</ele></trkpt>
<trkpt lat="45.251280" lon="6.412200"><ele>669.0</ele></trkpt>
<trkpt lat="45.251410" lon="6.411930"><ele>668.0</ele></trkpt>
<trkpt lat="45.251670" lon="6.411380"><ele>666.0</ele></trkpt>
<trkpt lat="45.251800" lon="6.411100"><ele>664.0</ele></trkpt>
<trkpt lat="45.251880" lon="6.410910"><ele>663.0</ele></trkpt>
<trkpt lat="45.252070" lon="6.410380"><ele>661.0</ele></trkpt>
<trkpt lat="45.252130" lon="6.410190"><ele>659.0</ele></trkpt>
<trkpt lat="45.252190" lon="6.410000"><ele>658.0</ele></trkpt>
<trkpt lat="45.252300" lon="6.409620"><ele>657.0</ele></trkpt>
<trkpt lat="45.252330" lon="6.409480"><ele>656.0</ele></trkpt>
<trkpt lat="45.252360" lon="6.409330"><ele>655.0</ele></trkpt>
<trkpt lat="45.252490" lon="6.408600"><ele>653.0</ele></trkpt>
<trkpt lat="45.252540" lon="6.408170"><ele>651.0</ele></trkpt>
<trkpt lat="45.252580" lon="6.407700"><ele>649.0</ele></trkpt>
<trkpt lat="45.252590" lon="6.407410"><ele>648.0</ele></trkpt>
<trkpt lat="45.252600" lon="6.407340"><ele>647.0</ele></trkpt>
<trkpt lat="45.252600" lon="6.406940"><ele>646.0</ele></trkpt>
<trkpt lat="45.252600" lon="6.406620"><ele>645.0</ele></trkpt>
<trkpt lat="45.252600" lon="6.406510"><ele>644.0</ele></trkpt>
<trkpt lat="45.252600" lon="6.406380"><ele>643.0</ele></trkpt>
<trkpt lat="45.252600" lon="6.406180"><ele>643.0</ele></trkpt>
<trkpt lat="45.252600" lon="6.406160"><ele>642.0</ele></trkpt>
<trkpt lat="45.252590" lon="6.406120"><ele>642.0</ele></trkpt>
<trkpt lat="45.252560" lon="6.406020"><ele>642.0</ele></trkpt>
<trkpt lat="45.252570" lon="6.405000"><ele>641.0</ele></trkpt>
<trkpt lat="45.252570" lon="6.404510"><ele>640.0</ele></trkpt>
<trkpt lat="45.252570" lon="6.404480"><ele>640.0</ele></trkpt>
<trkpt lat="45.252570" lon="6.403530"><ele>640.0</ele></trkpt>
<trkpt lat="45.252570" lon="6.402710"><ele>640.0</ele></trkpt>
<trkpt lat="45.252570" lon="6.402470"><ele>640.0</ele></trkpt>
<trkpt lat="45.252580" lon="6.402240"><ele>640.0</ele></trkpt>
<trkpt lat="45.252600" lon="6.401610"><ele>640.0</ele></trkpt>
<trkpt lat="45.252600" lon="6.401490"><ele>640.0</ele></trkpt>
<trkpt lat="45.252610" lon="6.401380"><ele>639.0</ele></trkpt>
<trkpt lat="45.252660" lon="6.400830"><ele>639.0</ele></trkpt>
<trkpt lat="45.252690" lon="6.400560"><ele>638.0</ele></trkpt>
<trkpt lat="45.252750" lon="6.400140"><ele>638.0</ele></trkpt>
<trkpt lat="45.252790" lon="6.399890"><ele>637.0</ele></trkpt>
<trkpt lat="45.252840" lon="6.399640"><ele>637.0</ele></trkpt>
<trkpt lat="45.252890" lon="6.399430"><ele>636.0</ele></trkpt>
<trkpt lat="45.253030" lon="6.398860"><ele>635.0</ele></trkpt>
<trkpt lat="45.253060" lon="6.398750"><ele>635.0</ele></trkpt>
<trkpt lat="45.253250" lon="6.398020"><ele>634.0</ele></trkpt>
<trkpt lat="45.253430" lon="6.397370"><ele>633.0</ele></trkpt>
<trkpt lat="45.253700" lon="6.396450"><ele>631.0</ele></trkpt>
<trkpt lat="45.253740" lon="6.396330"><ele>630.0</ele></trkpt>
<trkpt lat="45.253940" lon="6.395610"><ele>629.0</ele></trkpt>
<trkpt lat="45.254000" lon="6.395380"><ele>628.0</ele></trkpt>
<trkpt lat="45.254030" lon="6.395350"><ele>627.0</ele></trkpt>
<trkpt lat="45.254040" lon="6.395330"><ele>626.0</ele></trkpt>
<trkpt lat="45.254050" lon="6.395310"><ele>626.0</ele></trkpt>
<trkpt lat="45.254100" lon="6.395160"><ele>625.0</ele></trkpt>
<trkpt lat="45.254130" lon="6.395050"><ele>625.0</ele></trkpt>
<trkpt lat="45.254180" lon="6.394920"><ele>625.0</ele></trkpt>
<trkpt lat="45.254220" lon="6.394840"><ele>624.0</ele></trkpt>
<trkpt lat="45.254270" lon="6.394750"><ele>624.0</ele></trkpt>
<trkpt lat="45.254290" lon="6.394740"><ele>624.0</ele></trkpt>
<trkpt lat="45.254300" lon="6.394740"><ele>624.0</ele></trkpt>
<trkpt lat="45.254310" lon="6.394730"><ele>623.0</ele></trkpt>
<trkpt lat="45.254320" lon="6.394730"><ele>623.0</ele></trkpt>
<trkpt lat="45.254320" lon="6.394720"><ele>623.0</ele></trkpt>
<trkpt lat="45.254330" lon="6.394720"><ele>623.0</ele></trkpt>
<trkpt lat="45.254340" lon="6.394710"><ele>623.0</ele></trkpt>
<trkpt lat="45.254340" lon="6.394700"><ele>623.0</ele></trkpt>
<trkpt lat="45.254350" lon="6.394690"><ele>623.0</ele></trkpt>
<trkpt lat="45.254360" lon="6.394680"><ele>623.0</ele></trkpt>
<trkpt lat="45.254370" lon="6.394670"><ele>623.0</ele></trkpt>
<trkpt lat="45.254380" lon="6.394650"><ele>623.0</ele></trkpt>
<trkpt lat="45.254380" lon="6.394640"><ele>623.0</ele></trkpt>
<trkpt lat="45.254390" lon="6.394630"><ele>623.0</ele></trkpt>
<trkpt lat="45.254390" lon="6.394610"><ele>623.0</ele></trkpt>
<trkpt lat="45.254400" lon="6.394590"><ele>623.0</ele></trkpt>
<trkpt lat="45.254400" lon="6.394570"><ele>623.0</ele></trkpt>
<trkpt lat="45.254410" lon="6.394540"><ele>623.0</ele></trkpt>
<trkpt lat="45.254410" lon="6.394530"><ele>623.0</ele></trkpt>
<trkpt lat="45.254410" lon="6.394510"><ele>622.0</ele></trkpt>
<trkpt lat="45.254410" lon="6.394490"><ele>622.0</ele></trkpt>
<trkpt lat="45.254410" lon="6.394480"><ele>622.0</ele></trkpt>
<trkpt lat="45.254400" lon="6.394460"><ele>622.0</ele></trkpt>
<trkpt lat="45.254400" lon="6.394440"><ele>622.0</ele></trkpt>
<trkpt lat="45.254390" lon="6.394430"><ele>622.0</ele></trkpt>
<trkpt lat="45.254390" lon="6.394410"><ele>622.0</ele></trkpt>
<trkpt lat="45.254380" lon="6.394400"><ele>622.0</ele></trkpt>
<trkpt lat="45.254380" lon="6.394380"><ele>622.0</ele></trkpt>
<trkpt lat="45.254370" lon="6.394370"><ele>622.0</ele></trkpt>
<trkpt lat="45.254370" lon="6.394220"><ele>622.0</ele></trkpt>
<trkpt lat="45.254370" lon="6.394150"><ele>622.0</ele></trkpt>
<trkpt lat="45.254420" lon="6.393870"><ele>621.0</ele></trkpt>
<trkpt lat="45.254430" lon="6.393820"><ele>620.0</ele></trkpt>
<trkpt lat="45.254430" lon="6.393780"><ele>620.0</ele></trkpt>
<trkpt lat="45.254430" lon="6.393760"><ele>619.0</ele></trkpt>
<trkpt lat="45.254430" lon="6.393700"><ele>619.0</ele></trkpt>
<trkpt lat="45.254500" lon="6.393350"><ele>618.0</ele></trkpt>
<trkpt lat="45.254510" lon="6.393290"><ele>617.0</ele></trkpt>
<trkpt lat="45.254610" lon="6.392800"><ele>616.0</ele></trkpt>
<trkpt lat="45.254620" lon="6.392790"><ele>614.0</ele></trkpt>
<trkpt lat="45.254680" lon="6.392490"><ele>613.0</ele></trkpt>
<trkpt lat="45.254780" lon="6.392070"><ele>611.0</ele></trkpt>
<trkpt lat="45.254810" lon="6.391990"><ele>610.0</ele></trkpt>
<trkpt lat="45.254860" lon="6.391830"><ele>609.0</ele></trkpt>
<trkpt lat="45.254930" lon="6.391630"><ele>607.0</ele></trkpt>
<trkpt lat="45.255030" lon="6.391400"><ele>606.0</ele></trkpt>
<trkpt lat="45.255030" lon="6.391390"><ele>606.0</ele></trkpt>
<trkpt lat="45.255110" lon="6.391230"><ele>605.0</ele></trkpt>
<trkpt lat="45.255210" lon="6.391030"><ele>605.0</ele></trkpt>
<trkpt lat="45.255300" lon="6.390890"><ele>605.0</ele></trkpt>
<trkpt lat="45.255340" lon="6.390830"><ele>605.0</ele></trkpt>
<trkpt lat="45.255360" lon="6.390790"><ele>605.0</ele></trkpt>
<trkpt lat="45.255370" lon="6.390770"><ele>605.0</ele></trkpt>
<trkpt lat="45.255450" lon="6.390670"><ele>605.0</ele></trkpt>
<trkpt lat="45.255510" lon="6.390590"><ele>605.0</ele></trkpt>
<trkpt lat="45.255590" lon="6.390490"><ele>605.0</ele></trkpt>
<trkpt lat="45.255630" lon="6.390450"><ele>605.0</ele></trkpt>
<trkpt lat="45.255800" lon="6.390260"><ele>605.0</ele></trkpt>
<trkpt lat="45.255920" lon="6.390120"><ele>605.0</ele></trkpt>
<trkpt lat="45.256060" lon="6.389990"><ele>605.0</ele></trkpt>
<trkpt lat="45.256170" lon="6.389870"><ele>605.0</ele></trkpt>
<trkpt lat="45.256210" lon="6.389840"><ele>605.0</ele></trkpt>
<trkpt lat="45.256610" lon="6.389420"><ele>604.0</ele></trkpt>
<trkpt lat="45.256940" lon="6.389090"><ele>603.0</ele></trkpt>
<trkpt lat="45.257100" lon="6.388930"><ele>602.0</ele></trkpt>
<trkpt lat="45.257230" lon="6.388790"><ele>601.0</ele></trkpt>
<trkpt lat="45.257440" lon="6.388580"><ele>600.0</ele></trkpt>
<trkpt lat="45.257630" lon="6.388380"><ele>599.0</ele></trkpt>
<trkpt lat="45.257670" lon="6.388340"><ele>598.0</ele></trkpt>
<trkpt lat="45.257780" lon="6.388230"><ele>597.0</ele></trkpt>
<trkpt lat="45.257810" lon="6.388190"><ele>597.0</ele></trkpt>
<trkpt lat="45.257900" lon="6.388110"><ele>597.0</ele></trkpt>
<trkpt lat="45.258070" lon="6.387930"><ele>596.0</ele></trkpt>
<trkpt lat="45.258100" lon="6.387900"><ele>596.0</ele></trkpt>
<trkpt lat="45.258230" lon="6.387770"><ele>595.0</ele></trkpt>
<trkpt lat="45.258400" lon="6.387600"><ele>595.0</ele></trkpt>
<trkpt lat="45.258550" lon="6.387460"><ele>595.0</ele></trkpt>
<trkpt lat="45.258660" lon="6.387360"><ele>594.0</ele></trkpt>
<trkpt lat="45.258840" lon="6.387210"><ele>594.0</ele></trkpt>
<trkpt lat="45.259050" lon="6.387060"><ele>593.0</ele></trkpt>
<trkpt lat="45.259300" lon="6.386910"><ele>593.0</ele></trkpt>
<trkpt lat="45.259370" lon="6.386880"><ele>592.0</ele></trkpt>
<trkpt lat="45.259510" lon="6.386810"><ele>592.0</ele></trkpt>
<trkpt lat="45.259520" lon="6.386810"><ele>591.0</ele></trkpt>
<trkpt lat="45.259540" lon="6.386800"><ele>591.0</ele></trkpt>
<trkpt lat="45.259760" lon="6.386710"><ele>590.0</ele></trkpt>
<trkpt lat="45.259870" lon="6.386670"><ele>590.0</ele></trkpt>
<trkpt lat="45.259980" lon="6.386640"><ele>589.0</ele></trkpt>
<trkpt lat="45.260110" lon="6.386610"><ele>589.0</ele></trkpt>
<trkpt lat="45.260210" lon="6.386580"><ele>588.0</ele></trkpt>
<trkpt lat="45.260320" lon="6.386560"><ele>588.0</ele></trkpt>
<trkpt lat="45.260490" lon="6.386540"><ele>587.0</ele></trkpt>
<trkpt lat="45.260720" lon="6.386520"><ele>587.0</ele></trkpt>
<trkpt lat="45.260960" lon="6.386510"><ele>586.0</ele></trkpt>
<trkpt lat="45.261070" lon="6.386500"><ele>585.0</ele></trkpt>
<trkpt lat="45.261710" lon="6.386470"><ele>584.0</ele></trkpt>
<trkpt lat="45.261960" lon="6.386440"><ele>583.0</ele></trkpt>
<trkpt lat="45.262080" lon="6.386420"><ele>582.0</ele></trkpt>
<trkpt lat="45.262240" lon="6.386400"><ele>581.0</ele></trkpt>
<trkpt lat="45.262490" lon="6.386320"><ele>580.0</ele></trkpt>
<trkpt lat="45.262500" lon="6.386320"><ele>580.0</ele></trkpt>
<trkpt lat="45.262570" lon="6.386300"><ele>579.0</ele></trkpt>
<trkpt lat="45.262740" lon="6.386240"><ele>579.0</ele></trkpt>
<trkpt lat="45.263050" lon="6.386110"><ele>578.0</ele></trkpt>
<trkpt lat="45.263480" lon="6.385890"><ele>577.0</ele></trkpt>
<trkpt lat="45.264120" lon="6.385510"><ele>575.0</ele></trkpt>
<trkpt lat="45.264220" lon="6.385450"><ele>574.0</ele></trkpt>
<trkpt lat="45.264580" lon="6.385240"><ele>573.0</ele></trkpt>
<trkpt lat="45.265000" lon="6.384990"><ele>571.0</ele></trkpt>
<trkpt lat="45.265420" lon="6.384740"><ele>570.0</ele></trkpt>
<trkpt lat="45.265570" lon="6.384660"><ele>569.0</ele></trkpt>
<trkpt lat="45.265630" lon="6.384620"><ele>568.0</ele></trkpt>
<trkpt lat="45.265700" lon="6.384570"><ele>567.0</ele></trkpt>
<trkpt lat="45.265760" lon="6.384520"><ele>566.0</ele></trkpt>
<trkpt lat="45.265810" lon="6.384480"><ele>566.0</ele></trkpt>
<trkpt lat="45.265870" lon="6.384420"><ele>566.0</ele></trkpt>
<trkpt lat="45.265920" lon="6.384370"><ele>565.0</ele></trkpt>
<trkpt lat="45.265990" lon="6.384280"><ele>565.0</ele></trkpt>
<trkpt lat="45.266070" lon="6.384170"><ele>565.0</ele></trkpt>
<trkpt lat="45.266110" lon="6.384110"><ele>564.0</ele></trkpt>
<trkpt lat="45.266140" lon="6.384060"><ele>564.0</ele></trkpt>
<trkpt lat="45.266180" lon="6.383990"><ele>564.0</ele></trkpt>
<trkpt lat="45.266210" lon="6.383910"><ele>563.0</ele></trkpt>
<trkpt lat="45.266280" lon="6.383740"><ele>563.0</ele></trkpt>
<trkpt lat="45.266310" lon="6.383660"><ele>563.0</ele></trkpt>
<trkpt lat="45.266330" lon="6.383580"><ele>562.0</ele></trkpt>
<trkpt lat="45.266370" lon="6.383430"><ele>562.0</ele></trkpt>
<trkpt lat="45.266380" lon="6.383330"><ele>562.0</ele></trkpt>
<trkpt lat="45.266380" lon="6.383230"><ele>562.0</ele></trkpt>
<trkpt lat="45.266400" lon="6.382440"><ele>561.0</ele></trkpt>
<trkpt lat="45.266400" lon="6.382290"><ele>561.0</ele></trkpt>
<trkpt lat="45.266420" lon="6.382200"><ele>561.0</ele></trkpt>
<trkpt lat="45.266430" lon="6.382070"><ele>561.0</ele></trkpt>
<trkpt lat="45.266440" lon="6.381960"><ele>561.0</ele></trkpt>
<trkpt lat="45.266440" lon="6.381940"><ele>561.0</ele></trkpt>
<trkpt lat="45.266450" lon="6.381880"><ele>560.0</ele></trkpt>
<trkpt lat="45.266460" lon="6.381770"><ele>560.0</ele></trkpt>
<trkpt lat="45.266480" lon="6.381660"><ele>560.0</ele></trkpt>
<trkpt lat="45.266490" lon="6.381590"><ele>560.0</ele></trkpt>
<trkpt lat="45.266510" lon="6.381530"><ele>560.0</ele></trkpt>
<trkpt lat="45.266510" lon="6.381520"><ele>560.0</ele></trkpt>
<trkpt lat="45.266550" lon="6.381410"><ele>560.0</ele></trkpt>
<trkpt lat="45.266580" lon="6.381320"><ele>560.0</ele></trkpt>
<trkpt lat="45.266700" lon="6.380990"><ele>560.0</ele></trkpt>
<trkpt lat="45.266710" lon="6.380970"><ele>560.0</ele></trkpt>
<trkpt lat="45.266720" lon="6.380880"><ele>560.0</ele></trkpt>
<trkpt lat="45.266740" lon="6.380790"><ele>560.0</ele></trkpt>
<trkpt lat="45.266780" lon="6.380620"><ele>559.0</ele></trkpt>
<trkpt lat="45.267010" lon="6.379700"><ele>558.0</ele></trkpt>
<trkpt lat="45.267150" lon="6.379100"><ele>557.0</ele></trkpt>
<trkpt lat="45.267280" lon="6.378560"><ele>555.0</ele></trkpt>
<trkpt lat="45.267340" lon="6.378280"><ele>554.0</ele></trkpt>
<trkpt lat="45.267370" lon="6.378080"><ele>553.0</ele></trkpt>
<trkpt lat="45.267370" lon="6.378070"><ele>553.0</ele></trkpt>
<trkpt lat="45.267400" lon="6.377850"><ele>552.0</ele></trkpt>
<trkpt lat="45.267420" lon="6.377630"><ele>552.0</ele></trkpt>
<trkpt lat="45.267430" lon="6.377570"><ele>552.0</ele></trkpt>
<trkpt lat="45.267450" lon="6.377310"><ele>551.0</ele></trkpt>
<trkpt lat="45.267470" lon="6.377070"><ele>551.0</ele></trkpt>
<trkpt lat="45.267470" lon="6.377060"><ele>551.0</ele></trkpt>
<trkpt lat="45.267490" lon="6.376800"><ele>551.0</ele></trkpt>
<trkpt lat="45.267500" lon="6.376780"><ele>551.0</ele></trkpt>
<trkpt lat="45.267520" lon="6.376590"><ele>551.0</ele></trkpt>
<trkpt lat="45.267550" lon="6.376420"><ele>551.0</ele></trkpt>
<trkpt lat="45.267610" lon="6.376210"><ele>551.0</ele></trkpt>
<trkpt lat="45.267670" lon="6.376060"><ele>551.0</ele></trkpt>
<trkpt lat="45.267730" lon="6.375910"><ele>551.0</ele></trkpt>
<trkpt lat="45.267850" lon="6.375650"><ele>551.0</ele></trkpt>
<trkpt lat="45.268040" lon="6.375240"><ele>550.0</ele></trkpt>
<trkpt lat="45.268040" lon="6.375220"><ele>550.0</ele></trkpt>
<trkpt lat="45.268150" lon="6.375010"><ele>550.0</ele></trkpt>
<trkpt lat="45.268460" lon="6.374360"><ele>550.0</ele></trkpt>
<trkpt lat="45.268860" lon="6.373510"><ele>549.0</ele></trkpt>
<trkpt lat="45.269270" lon="6.372670"><ele>548.0</ele></trkpt>
<trkpt lat="45.269430" lon="6.372330"><ele>548.0</ele></trkpt>
<trkpt lat="45.269460" lon="6.372260"><ele>547.0</ele></trkpt>
<trkpt lat="45.269590" lon="6.372000"><ele>547.0</ele></trkpt>
<trkpt lat="45.269660" lon="6.371840"><ele>547.0</ele></trkpt>
<trkpt lat="45.270280" lon="6.370620"><ele>546.0</ele></trkpt>
<trkpt lat="45.270490" lon="6.370230"><ele>546.0</ele></trkpt>
<trkpt lat="45.270530" lon="6.370130"><ele>545.0</ele></trkpt>
<trkpt lat="45.270820" lon="6.369480"><ele>545.0</ele></trkpt>
<trkpt lat="45.270910" lon="6.369260"><ele>544.0</ele></trkpt>
<trkpt lat="45.270960" lon="6.369150"><ele>544.0</ele></trkpt>
<trkpt lat="45.271090" lon="6.368850"><ele>544.0</ele></trkpt>
<trkpt lat="45.271440" lon="6.368100"><ele>543.0</ele></trkpt>
<trkpt lat="45.271700" lon="6.367560"><ele>542.0</ele></trkpt>
<trkpt lat="45.271800" lon="6.367340"><ele>542.0</ele></trkpt>
<trkpt lat="45.271830" lon="6.367290"><ele>542.0</ele></trkpt>
<trkpt lat="45.271870" lon="6.367210"><ele>541.0</ele></trkpt>
<trkpt lat="45.271870" lon="6.367210"><ele>541.0</ele></trkpt>
<trkpt lat="45.272060" lon="6.366800"><ele>541.0</ele></trkpt>
<trkpt lat="45.272100" lon="6.366710"><ele>541.0</ele></trkpt>
<trkpt lat="45.272220" lon="6.366450"><ele>541.0</ele></trkpt>
<trkpt lat="45.272580" lon="6.365730"><ele>541.0</ele></trkpt>
<trkpt lat="45.273280" lon="6.364280"><ele>540.0</ele></trkpt>
<trkpt lat="45.273330" lon="6.364180"><ele>540.0</ele></trkpt>
<trkpt lat="45.273470" lon="6.363910"><ele>540.0</ele></trkpt>
<trkpt lat="45.273850" lon="6.363100"><ele>539.0</ele></trkpt>
<trkpt lat="45.274240" lon="6.362290"><ele>539.0</ele></trkpt>
<trkpt lat="45.274300" lon="6.362180"><ele>538.0</ele></trkpt>
<trkpt lat="45.274610" lon="6.361520"><ele>538.0</ele></trkpt>
<trkpt lat="45.274720" lon="6.361290"><ele>538.0</ele></trkpt>
<trkpt lat="45.275050" lon="6.360610"><ele>537.0</ele></trkpt>
<trkpt lat="45.275270" lon="6.360150"><ele>537.0</ele></trkpt>
<trkpt lat="45.275310" lon="6.360060"><ele>537.0</ele></trkpt>
<trkpt lat="45.275340" lon="6.360030"><ele>537.0</ele></trkpt>
<trkpt lat="45.275380" lon="6.359950"><ele>537.0</ele></trkpt>
<trkpt lat="45.275460" lon="6.359830"><ele>537.0</ele></trkpt>
<trkpt lat="45.275490" lon="6.359800"><ele>537.0</ele></trkpt>
<trkpt lat="45.275530" lon="6.359750"><ele>537.0</ele></trkpt>
<trkpt lat="45.275550" lon="6.359720"><ele>537.0</ele></trkpt>
<trkpt lat="45.275570" lon="6.359710"><ele>537.0</ele></trkpt>
<trkpt lat="45.275600" lon="6.359680"><ele>537.0</ele></trkpt>
<trkpt lat="45.275630" lon="6.359670"><ele>537.0</ele></trkpt>
<trkpt lat="45.275660" lon="6.359650"><ele>537.0</ele></trkpt>
<trkpt lat="45.275700" lon="6.359620"><ele>537.0</ele></trkpt>
<trkpt lat="45.275830" lon="6.359570"><ele>537.0</ele></trkpt>
<trkpt lat="45.275830" lon="6.359570"><ele>537.0</ele></trkpt>
<trkpt lat="45.275780" lon="6.359470"><ele>537.0</ele></trkpt>
<trkpt lat="45.275770" lon="6.359410"><ele>537.0</ele></trkpt>
<trkpt lat="45.275760" lon="6.359330"><ele>537.0</ele></trkpt>
<trkpt lat="45.275760" lon="6.359260"><ele>537.0</ele></trkpt>
<trkpt lat="45.275770" lon="6.359160"><ele>537.0</ele></trkpt>
<trkpt lat="45.275790" lon="6.359090"><ele>537.0</ele></trkpt>
<trkpt lat="45.275810" lon="6.359040"><ele>537.0</ele></trkpt>
<trkpt lat="45.275820" lon="6.359010"><ele>537.0</ele></trkpt>
<trkpt lat="45.276120" lon="6.358390"><ele>537.0</ele></trkpt>
<trkpt lat="45.276240" lon="6.358140"><ele>537.0</ele></trkpt>
<trkpt lat="45.276370" lon="6.357860"><ele>537.0</ele></trkpt>
<trkpt lat="45.276580" lon="6.357540"><ele>537.0</ele></trkpt>
<trkpt lat="45.276690" lon="6.357410"><ele>537.0</ele></trkpt>
<trkpt lat="45.276800" lon="6.357280"><ele>537.0</ele></trkpt>
<trkpt lat="45.276900" lon="6.357170"><ele>537.0</ele></trkpt>
<trkpt lat="45.277080" lon="6.356940"><ele>537.0</ele></trkpt>
<trkpt lat="45.277160" lon="6.356760"><ele>537.0</ele></trkpt>
<trkpt lat="45.277200" lon="6.356610"><ele>537.0</ele></trkpt>
<trkpt lat="45.277190" lon="6.356490"><ele>537.0</ele></trkpt>
<trkpt lat="45.277160" lon="6.356350"><ele>537.0</ele></trkpt>
<trkpt lat="45.277100" lon="6.356260"><ele>537.0</ele></trkpt>
<trkpt lat="45.277080" lon="6.356220"><ele>537.0</ele></trkpt>
<trkpt lat="45.277030" lon="6.356170"><ele>537.0</ele></trkpt>
<trkpt lat="45.277020" lon="6.356160"><ele>537.0</ele></trkpt>
<trkpt lat="45.277000" lon="6.356140"><ele>537.0</ele></trkpt>
<trkpt lat="45.276960" lon="6.356100"><ele>537.0</ele></trkpt>
<trkpt lat="45.276880" lon="6.356040"><ele>537.0</ele></trkpt>
<trkpt lat="45.276800" lon="6.355990"><ele>537.0</ele></trkpt>
<trkpt lat="45.276690" lon="6.355940"><ele>537.0</ele></trkpt>
<trkpt lat="45.276380" lon="6.355830"><ele>538.0</ele></trkpt>
<trkpt lat="45.276100" lon="6.355750"><ele>538.0</ele></trkpt>
<trkpt lat="45.276090" lon="6.355750"><ele>538.0</ele></trkpt>
<trkpt lat="45.275920" lon="6.355710"><ele>539.0</ele></trkpt>
<trkpt lat="45.275910" lon="6.355710"><ele>539.0</ele></trkpt>
<trkpt lat="45.275850" lon="6.355700"><ele>539.0</ele></trkpt>
<trkpt lat="45.275790" lon="6.355700"><ele>539.0</ele></trkpt>
<trkpt lat="45.275720" lon="6.355690"><ele>540.0</ele></trkpt>
<trkpt lat="45.275720" lon="6.355690"><ele>540.0</ele></trkpt>
<trkpt lat="45.275730" lon="6.355650"><ele>540.0</ele></trkpt>
<trkpt lat="45.275730" lon="6.355630"><ele>540.0</ele></trkpt>
<trkpt lat="45.275720" lon="6.355600"><ele>540.0</ele></trkpt>
<trkpt lat="45.275710" lon="6.355570"><ele>540.0</ele></trkpt>
<trkpt lat="45.275700" lon="6.355550"><ele>540.0</ele></trkpt>
<trkpt lat="45.275680" lon="6.355540"><ele>540.0</ele></trkpt>
<trkpt lat="45.275660" lon="6.355520"><ele>540.0</ele></trkpt>
<trkpt lat="45.275670" lon="6.355450"><ele>540.0</ele></trkpt>
<trkpt lat="45.275690" lon="6.355390"><ele>540.0</ele></trkpt>
<trkpt lat="45.275910" lon="6.354750"><ele>540.0</ele></trkpt>
<trkpt lat="45.276070" lon="6.354310"><ele>540.0</ele></trkpt>
<trkpt lat="45.276450" lon="6.353270"><ele>540.0</ele></trkpt>
<trkpt lat="45.276450" lon="6.353270"><ele>540.0</ele></trkpt>
<trkpt lat="45.276470" lon="6.353280"><ele>540.0</ele></trkpt>
<trkpt lat="45.276480" lon="6.353290"><ele>540.0</ele></trkpt>
<trkpt lat="45.276490" lon="6.353290"><ele>540.0</ele></trkpt>
<trkpt lat="45.276500" lon="6.353290"><ele>540.0</ele></trkpt>
<trkpt lat="45.276520" lon="6.353290"><ele>540.0</ele></trkpt>
<trkpt lat="45.276530" lon="6.353290"><ele>540.0</ele></trkpt>
<trkpt lat="45.276540" lon="6.353290"><ele>540.0</ele></trkpt>
<trkpt lat="45.276550" lon="6.353280"><ele>540.0</ele></trkpt>
<trkpt lat="45.276560" lon="6.353270"><ele>540.0</ele></trkpt>
<trkpt lat="45.276570" lon="6.353260"><ele>540.0</ele></trkpt>
<trkpt lat="45.276580" lon="6.353250"><ele>541.0</ele></trkpt>
<trkpt lat="45.276590" lon="6.353240"><ele>541.0</ele></trkpt>
<trkpt lat="45.276600" lon="6.353230"><ele>541.0</ele></trkpt>
<trkpt lat="45.276610" lon="6.353210"><ele>541.0</ele></trkpt>
<trkpt lat="45.276620" lon="6.353200"><ele>541.0</ele></trkpt>
<trkpt lat="45.276620" lon="6.353180"><ele>541.0</ele></trkpt>
<trkpt lat="45.276630" lon="6.353160"><ele>541.0</ele></trkpt>
<trkpt lat="45.276630" lon="6.353140"><ele>541.0</ele></trkpt>
<trkpt lat="45.276630" lon="6.353130"><ele>541.0</ele></trkpt>
<trkpt lat="45.276630" lon="6.353110"><ele>541.0</ele></trkpt>
<trkpt lat="45.276630" lon="6.353090"><ele>541.0</ele></trkpt>
<trkpt lat="45.276630" lon="6.353070"><ele>541.0</ele></trkpt>
<trkpt lat="45.276620" lon="6.353060"><ele>541.0</ele></trkpt>
<trkpt lat="45.276620" lon="6.353040"><ele>541.0</ele></trkpt>
<trkpt lat="45.276610" lon="6.353020"><ele>541.0</ele></trkpt>
<trkpt lat="45.276600" lon="6.353010"><ele>541.0</ele></trkpt>
<trkpt lat="45.276600" lon="6.353000"><ele>541.0</ele></trkpt>
<trkpt lat="45.276590" lon="6.352980"><ele>541.0</ele></trkpt>
<trkpt lat="45.276580" lon="6.352970"><ele>541.0</ele></trkpt>
<trkpt lat="45.276570" lon="6.352960"><ele>541.0</ele></trkpt>
<trkpt lat="45.276550" lon="6.352960"><ele>541.0</ele></trkpt>
<trkpt lat="45.276590" lon="6.352700"><ele>542.0</ele></trkpt>
<trkpt lat="45.276640" lon="6.352300"><ele>542.0</ele></trkpt>
<trkpt lat="45.276690" lon="6.351990"><ele>543.0</ele></trkpt>
<trkpt lat="45.276690" lon="6.351990"><ele>543.0</ele></trkpt>
<trkpt lat="45.276700" lon="6.351920"><ele>544.0</ele></trkpt>
<trkpt lat="45.276720" lon="6.351800"><ele>544.0</ele></trkpt>
<trkpt lat="45.276820" lon="6.351210"><ele>545.0</ele></trkpt>
<trkpt lat="45.276850" lon="6.351010"><ele>545.0</ele></trkpt>
<trkpt lat="45.277000" lon="6.350040"><ele>547.0</ele></trkpt>
<trkpt lat="45.277080" lon="6.349570"><ele>548.0</ele></trkpt>
<trkpt lat="45.277080" lon="6.349570"><ele>549.0</ele></trkpt>
<trkpt lat="45.276960" lon="6.349500"><ele>550.0</ele></trkpt>
<trkpt lat="45.276920" lon="6.349470"><ele>551.0</ele></trkpt>
<trkpt lat="45.276690" lon="6.349320"><ele>552.0</ele></trkpt>
<trkpt lat="45.276400" lon="6.349150"><ele>553.0</ele></trkpt>
<trkpt lat="45.276230" lon="6.349050"><ele>554.0</ele></trkpt>
<trkpt lat="45.276060" lon="6.348960"><ele>555.0</ele></trkpt>
<trkpt lat="45.275920" lon="6.348880"><ele>556.0</ele></trkpt>
<trkpt lat="45.275750" lon="6.348750"><ele>557.0</ele></trkpt>
<trkpt lat="45.275600" lon="6.348650"><ele>558.0</ele></trkpt>
<trkpt lat="45.275550" lon="6.348620"><ele>559.0</ele></trkpt>
<trkpt lat="45.275500" lon="6.348590"><ele>560.0</ele></trkpt>
<trkpt lat="45.275490" lon="6.348590"><ele>560.0</ele></trkpt>
<trkpt lat="45.275350" lon="6.348500"><ele>561.0</ele></trkpt>
<trkpt lat="45.275140" lon="6.348370"><ele>562.0</ele></trkpt>
<trkpt lat="45.275090" lon="6.348320"><ele>563.0</ele></trkpt>
<trkpt lat="45.275020" lon="6.348260"><ele>564.0</ele></trkpt>
<trkpt lat="45.275010" lon="6.348250"><ele>564.0</ele></trkpt>
<trkpt lat="45.274960" lon="6.348190"><ele>565.0</ele></trkpt>
<trkpt lat="45.274950" lon="6.348170"><ele>565.0</ele></trkpt>
<trkpt lat="45.274880" lon="6.348080"><ele>565.0</ele></trkpt>
<trkpt lat="45.274860" lon="6.348040"><ele>566.0</ele></trkpt>
<trkpt lat="45.274850" lon="6.348030"><ele>566.0</ele></trkpt>
<trkpt lat="45.274600" lon="6.347660"><ele>567.0</ele></trkpt>
<trkpt lat="45.274600" lon="6.347660"><ele>568.0</ele></trkpt>
<trkpt lat="45.274400" lon="6.347380"><ele>569.0</ele></trkpt>
<trkpt lat="45.274250" lon="6.347160"><ele>570.0</ele></trkpt>
<trkpt lat="45.274080" lon="6.346910"><ele>572.0</ele></trkpt>
<trkpt lat="45.273880" lon="6.346590"><ele>573.0</ele></trkpt>
<trkpt lat="45.273810" lon="6.346480"><ele>575.0</ele></trkpt>
<trkpt lat="45.273600" lon="6.346160"><ele>576.0</ele></trkpt>
<trkpt lat="45.273500" lon="6.346010"><ele>578.0</ele></trkpt>
<trkpt lat="45.273230" lon="6.345600"><ele>580.0</ele></trkpt>
<trkpt lat="45.273150" lon="6.345450"><ele>581.0</ele></trkpt>
<trkpt lat="45.273040" lon="6.345250"><ele>583.0</ele></trkpt>
<trkpt lat="45.272980" lon="6.345120"><ele>584.0</ele></trkpt>
<trkpt lat="45.272980" lon="6.345120"><ele>585.0</ele></trkpt>
<trkpt lat="45.273000" lon="6.345050"><ele>586.0</ele></trkpt>
<trkpt lat="45.273000" lon="6.344980"><ele>586.0</ele></trkpt>
<trkpt lat="45.272980" lon="6.344940"><ele>587.0</ele></trkpt>
<trkpt lat="45.272970" lon="6.344920"><ele>587.0</ele></trkpt>
<trkpt lat="45.272950" lon="6.344900"><ele>587.0</ele></trkpt>
<trkpt lat="45.272930" lon="6.344890"><ele>588.0</ele></trkpt>
<trkpt lat="45.272910" lon="6.344890"><ele>588.0</ele></trkpt>
<trkpt lat="45.272890" lon="6.344890"><ele>588.0</ele></trkpt>
<trkpt lat="45.272870" lon="6.344900"><ele>588.0</ele></trkpt>
<trkpt lat="45.272840" lon="6.344920"><ele>588.0</ele></trkpt>
<trkpt lat="45.272700" lon="6.344750"><ele>589.0</ele></trkpt>
<trkpt lat="45.272680" lon="6.344730"><ele>590.0</ele></trkpt>
<trkpt lat="45.272620" lon="6.344650"><ele>590.0</ele></trkpt>
<trkpt lat="45.272440" lon="6.344370"><ele>591.0</ele></trkpt>
<trkpt lat="45.272390" lon="6.344270"><ele>592.0</ele></trkpt>
<trkpt lat="45.272380" lon="6.344250"><ele>593.0</ele></trkpt>
<trkpt lat="45.272340" lon="6.344070"><ele>594.0</ele></trkpt>
<trkpt lat="45.272290" lon="6.343870"><ele>595.0</ele></trkpt>
<trkpt lat="45.272290" lon="6.343870"><ele>596.0</ele></trkpt>
<trkpt lat="45.272300" lon="6.343780"><ele>596.0</ele></trkpt>
<trkpt lat="45.272300" lon="6.343760"><ele>597.0</ele></trkpt>
<trkpt lat="45.272300" lon="6.343730"><ele>597.0</ele></trkpt>
<trkpt lat="45.272290" lon="6.343710"><ele>598.0</ele></trkpt>
<trkpt lat="45.272260" lon="6.343660"><ele>598.0</ele></trkpt>
<trkpt lat="45.272270" lon="6.343540"><ele>598.0</ele></trkpt>
<trkpt lat="45.272270" lon="6.343450"><ele>599.0</ele></trkpt>
<trkpt lat="45.272290" lon="6.342990"><ele>600.0</ele></trkpt>
<trkpt lat="45.272310" lon="6.342710"><ele>602.0</ele></trkpt>
<trkpt lat="45.272310" lon="6.342590"><ele>603.0</ele></trkpt>
<trkpt lat="45.272330" lon="6.342400"><ele>604.0</ele></trkpt>
<trkpt lat="45.272400" lon="6.341520"><ele>607.0</ele></trkpt>
<trkpt lat="45.272430" lon="6.341180"><ele>610.0</ele></trkpt>
<trkpt lat="45.272430" lon="6.341170"><ele>612.0</ele></trkpt>
<trkpt lat="45.272430" lon="6.340970"><ele>613.0</ele></trkpt>
<trkpt lat="45.272430" lon="6.340870"><ele>615.0</ele></trkpt>
<trkpt lat="45.272430" lon="6.340840"><ele>616.0</ele></trkpt>
<trkpt lat="45.272430" lon="6.340800"><ele>616.0</ele></trkpt>
<trkpt lat="45.272410" lon="6.340730"><ele>617.0</ele></trkpt>
<trkpt lat="45.272360" lon="6.340570"><ele>618.0</ele></trkpt>
<trkpt lat="45.272320" lon="6.340430"><ele>619.0</ele></trkpt>
<trkpt lat="45.272260" lon="6.340310"><ele>620.0</ele></trkpt>
<trkpt lat="45.272200" lon="6.340210"><ele>621.0</ele></trkpt>
<trkpt lat="45.272140" lon="6.340130"><ele>622.0</ele></trkpt>
<trkpt lat="45.272030" lon="6.340050"><ele>622.0</ele></trkpt>
<trkpt lat="45.271970" lon="6.340010"><ele>623.0</ele></trkpt>
<trkpt lat="45.271160" lon="6.339500"><ele>627.0</ele></trkpt>
<trkpt lat="45.271120" lon="6.339480"><ele>629.0</ele></trkpt>
<trkpt lat="45.270960" lon="6.339380"><ele>631.0</ele></trkpt>
<trkpt lat="45.270790" lon="6.339280"><ele>633.0</ele></trkpt>
<trkpt lat="45.270730" lon="6.339250"><ele>634.0</ele></trkpt>
<trkpt lat="45.270580" lon="6.339160"><ele>636.0</ele></trkpt>
<trkpt lat="45.270530" lon="6.339130"><ele>637.0</ele></trkpt>
<trkpt lat="45.270360" lon="6.339040"><ele>638.0</ele></trkpt>
<trkpt lat="45.270290" lon="6.339010"><ele>640.0</ele></trkpt>
<trkpt lat="45.270020" lon="6.338870"><ele>641.0</ele></trkpt>
<trkpt lat="45.269920" lon="6.338830"><ele>642.0</ele></trkpt>
<trkpt lat="45.269870" lon="6.338790"><ele>644.0</ele></trkpt>
<trkpt lat="45.269850" lon="6.338770"><ele>644.0</ele></trkpt>
<trkpt lat="45.269850" lon="6.338750"><ele>645.0</ele></trkpt>
<trkpt lat="45.269840" lon="6.338700"><ele>645.0</ele></trkpt>
<trkpt lat="45.269850" lon="6.338640"><ele>646.0</ele></trkpt>
<trkpt lat="45.269870" lon="6.338610"><ele>646.0</ele></trkpt>
<trkpt lat="45.269880" lon="6.338600"><ele>646.0</ele></trkpt>
<trkpt lat="45.269900" lon="6.338590"><ele>647.0</ele></trkpt>
<trkpt lat="45.269930" lon="6.338580"><ele>647.0</ele></trkpt>
<trkpt lat="45.269960" lon="6.338580"><ele>647.0</ele></trkpt>
<trkpt lat="45.270000" lon="6.338590"><ele>648.0</ele></trkpt>
<trkpt lat="45.270190" lon="6.338670"><ele>648.0</ele></trkpt>
<trkpt lat="45.270270" lon="6.338700"><ele>649.0</ele></trkpt>
<trkpt lat="45.270300" lon="6.338700"><ele>650.0</ele></trkpt>
<trkpt lat="45.270370" lon="6.338710"><ele>650.0</ele></trkpt>
<trkpt lat="45.270440" lon="6.338700"><ele>651.0</ele></trkpt>
<trkpt lat="45.270490" lon="6.338670"><ele>651.0</ele></trkpt>
<trkpt lat="45.270550" lon="6.338640"><ele>652.0</ele></trkpt>
<trkpt lat="45.270580" lon="6.338600"><ele>652.0</ele></trkpt>
<trkpt lat="45.270620" lon="6.338560"><ele>653.0</ele></trkpt>
<trkpt lat="45.270630" lon="6.338530"><ele>653.0</ele></trkpt>
<trkpt lat="45.270750" lon="6.338170"><ele>654.0</ele></trkpt>
<trkpt lat="45.270790" lon="6.338010"><ele>656.0</ele></trkpt>
<trkpt lat="45.270980" lon="6.337630"><ele>657.0</ele></trkpt>
<trkpt lat="45.271000" lon="6.337590"><ele>659.0</ele></trkpt>
<trkpt lat="45.271040" lon="6.337520"><ele>660.0</ele></trkpt>
<trkpt lat="45.271060" lon="6.337480"><ele>661.0</ele></trkpt>
<trkpt lat="45.271070" lon="6.337450"><ele>662.0</ele></trkpt>
<trkpt lat="45.271080" lon="6.337420"><ele>662.0</ele></trkpt>
<trkpt lat="45.271080" lon="6.337370"><ele>663.0</ele></trkpt>
<trkpt lat="45.271070" lon="6.337060"><ele>664.0</ele></trkpt>
<trkpt lat="45.271060" lon="6.336860"><ele>665.0</ele></trkpt>
<trkpt lat="45.271060" lon="6.336800"><ele>666.0</ele></trkpt>
<trkpt lat="45.271050" lon="6.336720"><ele>667.0</ele></trkpt>
<trkpt lat="45.271030" lon="6.336660"><ele>668.0</ele></trkpt>
<trkpt lat="45.271010" lon="6.336610"><ele>669.0</ele></trkpt>
<trkpt lat="45.270990" lon="6.336570"><ele>669.0</ele></trkpt>
<trkpt lat="45.270970" lon="6.336540"><ele>670.0</ele></trkpt>
<trkpt lat="45.270940" lon="6.336500"><ele>670.0</ele></trkpt>
<trkpt lat="45.270890" lon="6.336470"><ele>671.0</ele></trkpt>
<trkpt lat="45.270840" lon="6.336460"><ele>671.0</ele></trkpt>
<trkpt lat="45.270360" lon="6.336370"><ele>673.0</ele></trkpt>
<trkpt lat="45.270130" lon="6.336320"><ele>675.0</ele></trkpt>
<trkpt lat="45.269950" lon="6.336290"><ele>677.0</ele></trkpt>
<trkpt lat="45.269700" lon="6.336240"><ele>678.0</ele></trkpt>
<trkpt lat="45.269540" lon="6.336210"><ele>679.0</ele></trkpt>
<trkpt lat="45.269440" lon="6.336170"><ele>680.0</ele></trkpt>
<trkpt lat="45.269420" lon="6.336160"><ele>681.0</ele></trkpt>
<trkpt lat="45.269320" lon="6.336110"><ele>682.0</ele></trkpt>
<trkpt lat="45.269250" lon="6.336070"><ele>682.0</ele></trkpt>
<trkpt lat="45.269190" lon="6.336030"><ele>683.0</ele></trkpt>
<trkpt lat="45.269100" lon="6.335950"><ele>683.0</ele></trkpt>
<trkpt lat="45.269090" lon="6.335950"><ele>684.0</ele></trkpt>
<trkpt lat="45.269020" lon="6.335870"><ele>684.0</ele></trkpt>
<trkpt lat="45.268960" lon="6.335770"><ele>685.0</ele></trkpt>
<trkpt lat="45.268940" lon="6.335740"><ele>685.0</ele></trkpt>
<trkpt lat="45.268890" lon="6.335630"><ele>685.0</ele></trkpt>
<trkpt lat="45.268870" lon="6.335590"><ele>686.0</ele></trkpt>
<trkpt lat="45.268860" lon="6.335560"><ele>686.0</ele></trkpt>
<trkpt lat="45.268840" lon="6.335500"><ele>686.0</ele></trkpt>
<trkpt lat="45.268770" lon="6.335290"><ele>687.0</ele></trkpt>
<trkpt lat="45.268700" lon="6.335110"><ele>687.0</ele></trkpt>
<trkpt lat="45.268700" lon="6.335100"><ele>688.0</ele></trkpt>
<trkpt lat="45.268650" lon="6.334960"><ele>688.0</ele></trkpt>
<trkpt lat="45.268620" lon="6.334890"><ele>689.0</ele></trkpt>
<trkpt lat="45.268570" lon="6.334800"><ele>689.0</ele></trkpt>
<trkpt lat="45.268530" lon="6.334720"><ele>689.0</ele></trkpt>
<trkpt lat="45.268500" lon="6.334680"><ele>690.0</ele></trkpt>
<trkpt lat="45.268410" lon="6.334550"><ele>690.0</ele></trkpt>
<trkpt lat="45.268380" lon="6.334500"><ele>691.0</ele></trkpt>
<trkpt lat="45.268190" lon="6.334240"><ele>692.0</ele></trkpt>
<trkpt lat="45.268080" lon="6.334060"><ele>692.0</ele></trkpt>
<trkpt lat="45.267980" lon="6.333910"><ele>693.0</ele></trkpt>
<trkpt lat="45.267930" lon="6.333820"><ele>694.0</ele></trkpt>
<trkpt lat="45.267900" lon="6.333770"><ele>695.0</ele></trkpt>
<trkpt lat="45.267870" lon="6.333680"><ele>695.0</ele></trkpt>
<trkpt lat="45.267840" lon="6.333620"><ele>696.0</ele></trkpt>
<trkpt lat="45.267790" lon="6.333470"><ele>696.0</ele></trkpt>
<trkpt lat="45.267710" lon="6.333230"><ele>697.0</ele></trkpt>
<trkpt lat="45.267610" lon="6.332850"><ele>698.0</ele></trkpt>
<trkpt lat="45.267450" lon="6.332300"><ele>701.0</ele></trkpt>
<trkpt lat="45.267450" lon="6.332290"><ele>702.0</ele></trkpt>
<trkpt lat="45.267330" lon="6.331810"><ele>704.0</ele></trkpt>
<trkpt lat="45.267330" lon="6.331800"><ele>706.0</ele></trkpt>
<trkpt lat="45.267310" lon="6.331700"><ele>707.0</ele></trkpt>
<trkpt lat="45.267280" lon="6.331560"><ele>708.0</ele></trkpt>
<trkpt lat="45.267250" lon="6.331430"><ele>709.0</ele></trkpt>
<trkpt lat="45.267210" lon="6.331290"><ele>710.0</ele></trkpt>
<trkpt lat="45.267160" lon="6.331180"><ele>712.0</ele></trkpt>
<trkpt lat="45.267110" lon="6.331100"><ele>712.0</ele></trkpt>
<trkpt lat="45.267060" lon="6.331030"><ele>713.0</ele></trkpt>
<trkpt lat="45.267030" lon="6.331010"><ele>714.0</ele></trkpt>
<trkpt lat="45.267010" lon="6.330980"><ele>714.0</ele></trkpt>
<trkpt lat="45.266920" lon="6.330920"><ele>715.0</ele></trkpt>
<trkpt lat="45.266650" lon="6.330750"><ele>716.0</ele></trkpt>
<trkpt lat="45.266460" lon="6.330630"><ele>718.0</ele></trkpt>
<trkpt lat="45.266360" lon="6.330570"><ele>719.0</ele></trkpt>
<trkpt lat="45.266300" lon="6.330550"><ele>720.0</ele></trkpt>
<trkpt lat="45.266200" lon="6.330520"><ele>721.0</ele></trkpt>
<trkpt lat="45.266070" lon="6.330520"><ele>722.0</ele></trkpt>
<trkpt lat="45.265920" lon="6.330520"><ele>724.0</ele></trkpt>
<trkpt lat="45.265860" lon="6.330510"><ele>725.0</ele></trkpt>
<trkpt lat="45.265810" lon="6.330510"><ele>725.0</ele></trkpt>
<trkpt lat="45.265770" lon="6.330490"><ele>726.0</ele></trkpt>
<trkpt lat="45.265730" lon="6.330470"><ele>727.0</ele></trkpt>
<trkpt lat="45.265670" lon="6.330430"><ele>727.0</ele></trkpt>
<trkpt lat="45.265520" lon="6.330290"><ele>728.0</ele></trkpt>
<trkpt lat="45.265440" lon="6.330210"><ele>729.0</ele></trkpt>
<trkpt lat="45.264900" lon="6.329690"><ele>731.0</ele></trkpt>
<trkpt lat="45.264770" lon="6.329570"><ele>734.0</ele></trkpt>
<trkpt lat="45.264430" lon="6.329210"><ele>737.0</ele></trkpt>
<trkpt lat="45.264120" lon="6.328860"><ele>741.0</ele></trkpt>
<trkpt lat="45.263960" lon="6.328700"><ele>744.0</ele></trkpt>
<trkpt lat="45.263910" lon="6.328650"><ele>747.0</ele></trkpt>
<trkpt lat="45.263890" lon="6.328640"><ele>748.0</ele></trkpt>
<trkpt lat="45.263880" lon="6.328630"><ele>749.0</ele></trkpt>
<trkpt lat="45.263800" lon="6.328570"><ele>751.0</ele></trkpt>
<trkpt lat="45.263560" lon="6.328420"><ele>752.0</ele></trkpt>
<trkpt lat="45.263220" lon="6.328260"><ele>755.0</ele></trkpt>
<trkpt lat="45.263050" lon="6.328160"><ele>757.0</ele></trkpt>
<trkpt lat="45.263020" lon="6.328150"><ele>759.0</ele></trkpt>
<trkpt lat="45.262950" lon="6.328100"><ele>760.0</ele></trkpt>
<trkpt lat="45.262910" lon="6.328070"><ele>761.0</ele></trkpt>
<trkpt lat="45.262880" lon="6.328040"><ele>762.0</ele></trkpt>
<trkpt lat="45.262830" lon="6.328000"><ele>763.0</ele></trkpt>
<trkpt lat="45.262780" lon="6.327950"><ele>763.0</ele></trkpt>
<trkpt lat="45.262400" lon="6.327450"><ele>765.0</ele></trkpt>
<trkpt lat="45.261830" lon="6.326740"><ele>769.0</ele></trkpt>
<trkpt lat="45.261800" lon="6.326710"><ele>771.0</ele></trkpt>
<trkpt lat="45.261760" lon="6.326660"><ele>773.0</ele></trkpt>
<trkpt lat="45.261660" lon="6.326530"><ele>774.0</ele></trkpt>
<trkpt lat="45.261270" lon="6.326120"><ele>777.0</ele></trkpt>
<trkpt lat="45.261170" lon="6.326010"><ele>779.0</ele></trkpt>
<trkpt lat="45.261090" lon="6.325910"><ele>781.0</ele></trkpt>
<trkpt lat="45.261020" lon="6.325820"><ele>782.0</ele></trkpt>
<trkpt lat="45.260980" lon="6.325760"><ele>783.0</ele></trkpt>
<trkpt lat="45.260800" lon="6.325370"><ele>785.0</ele></trkpt>
<trkpt lat="45.260650" lon="6.325100"><ele>787.0</ele></trkpt>
<trkpt lat="45.260500" lon="6.324880"><ele>789.0</ele></trkpt>
<trkpt lat="45.260280" lon="6.324560"><ele>792.0</ele></trkpt>
<trkpt lat="45.260220" lon="6.324480"><ele>794.0</ele></trkpt>
<trkpt lat="45.260130" lon="6.324350"><ele>795.0</ele></trkpt>
<trkpt lat="45.260100" lon="6.324290"><ele>796.0</ele></trkpt>
<trkpt lat="45.259980" lon="6.324100"><ele>798.0</ele></trkpt>
<trkpt lat="45.259970" lon="6.324090"><ele>799.0</ele></trkpt>
<trkpt lat="45.259880" lon="6.323890"><ele>800.0</ele></trkpt>
<trkpt lat="45.259800" lon="6.323740"><ele>801.0</ele></trkpt>
<trkpt lat="45.259720" lon="6.323600"><ele>802.0</ele></trkpt>
<trkpt lat="45.259720" lon="6.323590"><ele>803.0</ele></trkpt>
<trkpt lat="45.259640" lon="6.323470"><ele>804.0</ele></trkpt>
<trkpt lat="45.259580" lon="6.323380"><ele>805.0</ele></trkpt>
<trkpt lat="45.259470" lon="6.323230"><ele>806.0</ele></trkpt>
<trkpt lat="45.259230" lon="6.322920"><ele>807.0</ele></trkpt>
<trkpt lat="45.259070" lon="6.322720"><ele>809.0</ele></trkpt>
<trkpt lat="45.258770" lon="6.322340"><ele>812.0</ele></trkpt>
<trkpt lat="45.258490" lon="6.321990"><ele>815.0</ele></trkpt>
<trkpt lat="45.258320" lon="6.321760"><ele>817.0</ele></trkpt>
<trkpt lat="45.258100" lon="6.321470"><ele>820.0</ele></trkpt>
<trkpt lat="45.257810" lon="6.321020"><ele>824.0</ele></trkpt>
<trkpt lat="45.257760" lon="6.320940"><ele>826.0</ele></trkpt>
<trkpt lat="45.257640" lon="6.320750"><ele>829.0</ele></trkpt>
<trkpt lat="45.257560" lon="6.320620"><ele>831.0</ele></trkpt>
<trkpt lat="45.257400" lon="6.320360"><ele>833.0</ele></trkpt>
<trkpt lat="45.257250" lon="6.320150"><ele>835.0</ele></trkpt>
<trkpt lat="45.257120" lon="6.319990"><ele>837.0</ele></trkpt>
<trkpt lat="45.256990" lon="6.319860"><ele>840.0</ele></trkpt>
<trkpt lat="45.256960" lon="6.319830"><ele>841.0</ele></trkpt>
<trkpt lat="45.256910" lon="6.319770"><ele>842.0</ele></trkpt>
<trkpt lat="45.256550" lon="6.319400"><ele>845.0</ele></trkpt>
<trkpt lat="45.256140" lon="6.318980"><ele>848.0</ele></trkpt>
<trkpt lat="45.256120" lon="6.318960"><ele>851.0</ele></trkpt>
<trkpt lat="45.255990" lon="6.318800"><ele>853.0</ele></trkpt>
<trkpt lat="45.255970" lon="6.318780"><ele>854.0</ele></trkpt>
<trkpt lat="45.255910" lon="6.318710"><ele>855.0</ele></trkpt>
<trkpt lat="45.255870" lon="6.318630"><ele>856.0</ele></trkpt>
<trkpt lat="45.255860" lon="6.318610"><ele>857.0</ele></trkpt>
<trkpt lat="45.255820" lon="6.318530"><ele>857.0</ele></trkpt>
<trkpt lat="45.255780" lon="6.318390"><ele>858.0</ele></trkpt>
<trkpt lat="45.255740" lon="6.318240"><ele>858.0</ele></trkpt>
<trkpt lat="45.255710" lon="6.318150"><ele>859.0</ele></trkpt>
<trkpt lat="45.255650" lon="6.318060"><ele>859.0</ele></trkpt>
<trkpt lat="45.255620" lon="6.318020"><ele>860.0</ele></trkpt>
<trkpt lat="45.255600" lon="6.318000"><ele>860.0</ele></trkpt>
<trkpt lat="45.255550" lon="6.317970"><ele>861.0</ele></trkpt>
<trkpt lat="45.255500" lon="6.317970"><ele>861.0</ele></trkpt>
<trkpt lat="45.255450" lon="6.317970"><ele>861.0</ele></trkpt>
<trkpt lat="45.255400" lon="6.317990"><ele>862.0</ele></trkpt>
<trkpt lat="45.255350" lon="6.318030"><ele>862.0</ele></trkpt>
<trkpt lat="45.255290" lon="6.318090"><ele>862.0</ele></trkpt>
<trkpt lat="45.255250" lon="6.318150"><ele>863.0</ele></trkpt>
<trkpt lat="45.255140" lon="6.318330"><ele>863.0</ele></trkpt>
<trkpt lat="45.255100" lon="6.318380"><ele>864.0</ele></trkpt>
<trkpt lat="45.255040" lon="6.318470"><ele>864.0</ele></trkpt>
<trkpt lat="45.254990" lon="6.318510"><ele>865.0</ele></trkpt>
<trkpt lat="45.254930" lon="6.318550"><ele>865.0</ele></trkpt>
<trkpt lat="45.254870" lon="6.318580"><ele>865.0</ele></trkpt>
<trkpt lat="45.254840" lon="6.318590"><ele>866.0</ele></trkpt>
<trkpt lat="45.254830" lon="6.318590"><ele>866.0</ele></trkpt>
<trkpt lat="45.254800" lon="6.318600"><ele>866.0</ele></trkpt>
<trkpt lat="45.254730" lon="6.318610"><ele>866.0</ele></trkpt>
<trkpt lat="45.254660" lon="6.318610"><ele>866.0</ele></trkpt>
<trkpt lat="45.254630" lon="6.318610"><ele>866.0</ele></trkpt>
<trkpt lat="45.254570" lon="6.318600"><ele>866.0</ele></trkpt>
<trkpt lat="45.254490" lon="6.318580"><ele>866.0</ele></trkpt>
<trkpt lat="45.254400" lon="6.318540"><ele>866.0</ele></trkpt>
<trkpt lat="45.254350" lon="6.318510"><ele>866.0</ele></trkpt>
<trkpt lat="45.254310" lon="6.318490"><ele>866.0</ele></trkpt>
<trkpt lat="45.254240" lon="6.318440"><ele>866.0</ele></trkpt>
<trkpt lat="45.254150" lon="6.318370"><ele>866.0</ele></trkpt>
<trkpt lat="45.254130" lon="6.318340"><ele>865.0</ele></trkpt>
<trkpt lat="45.253990" lon="6.318200"><ele>865.0</ele></trkpt>
<trkpt lat="45.253840" lon="6.318010"><ele>865.0</ele></trkpt>
<trkpt lat="45.253790" lon="6.317940"><ele>865.0</ele></trkpt>
<trkpt lat="45.253730" lon="6.317860"><ele>865.0</ele></trkpt>
<trkpt lat="45.253690" lon="6.317800"><ele>865.0</ele></trkpt>
<trkpt lat="45.253660" lon="6.317760"><ele>865.0</ele></trkpt>
<trkpt lat="45.253620" lon="6.317670"><ele>864.0</ele></trkpt>
<trkpt lat="45.253570" lon="6.317580"><ele>864.0</ele></trkpt>
<trkpt lat="45.253570" lon="6.317580"><ele>864.0</ele></trkpt>
<trkpt lat="45.253540" lon="6.317580"><ele>864.0</ele></trkpt>
<trkpt lat="45.253510" lon="6.317560"><ele>864.0</ele></trkpt>
<trkpt lat="45.253490" lon="6.317540"><ele>864.0</ele></trkpt>
<trkpt lat="45.253460" lon="6.317490"><ele>864.0</ele></trkpt>
<trkpt lat="45.253420" lon="6.317380"><ele>864.0</ele></trkpt>
<trkpt lat="45.253400" lon="6.317230"><ele>864.0</ele></trkpt>
<trkpt lat="45.253390" lon="6.317190"><ele>864.0</ele></trkpt>
<trkpt lat="45.253380" lon="6.317160"><ele>863.0</ele></trkpt>
<trkpt lat="45.253360" lon="6.317080"><ele>863.0</ele></trkpt>
<trkpt lat="45.253330" lon="6.317000"><ele>863.0</ele></trkpt>
<trkpt lat="45.253280" lon="6.316930"><ele>862.0</ele></trkpt>
<trkpt lat="45.253220" lon="6.316870"><ele>862.0</ele></trkpt>
<trkpt lat="45.253220" lon="6.316860"><ele>861.0</ele></trkpt>
<trkpt lat="45.253150" lon="6.316830"><ele>861.0</ele></trkpt>
<trkpt lat="45.253080" lon="6.316790"><ele>860.0</ele></trkpt>
<trkpt lat="45.252970" lon="6.316740"><ele>860.0</ele></trkpt>
<trkpt lat="45.252860" lon="6.316690"><ele>859.0</ele></trkpt>
<trkpt lat="45.252830" lon="6.316680"><ele>858.0</ele></trkpt>
<trkpt lat="45.252720" lon="6.316640"><ele>858.0</ele></trkpt>
<trkpt lat="45.252630" lon="6.316600"><ele>857.0</ele></trkpt>
<trkpt lat="45.252560" lon="6.316570"><ele>856.0</ele></trkpt>
<trkpt lat="45.252520" lon="6.316530"><ele>856.0</ele></trkpt>
<trkpt lat="45.252470" lon="6.316490"><ele>855.0</ele></trkpt>
<trkpt lat="45.252420" lon="6.316450"><ele>854.0</ele></trkpt>
<trkpt lat="45.252380" lon="6.316430"><ele>854.0</ele></trkpt>
<trkpt lat="45.252340" lon="6.316420"><ele>853.0</ele></trkpt>
<trkpt lat="45.252290" lon="6.316430"><ele>853.0</ele></trkpt>
<trkpt lat="45.252250" lon="6.316460"><ele>853.0</ele></trkpt>
<trkpt lat="45.252220" lon="6.316490"><ele>852.0</ele></trkpt>
<trkpt lat="45.252180" lon="6.316550"><ele>852.0</ele></trkpt>
<trkpt lat="45.252140" lon="6.316640"><ele>851.0</ele></trkpt>
<trkpt lat="45.252100" lon="6.316730"><ele>851.0</ele></trkpt>
<trkpt lat="45.252050" lon="6.316830"><ele>850.0</ele></trkpt>
<trkpt lat="45.252000" lon="6.316940"><ele>849.0</ele></trkpt>
<trkpt lat="45.251950" lon="6.317000"><ele>849.0</ele></trkpt>
<trkpt lat="45.251940" lon="6.317000"><ele>848.0</ele></trkpt>
<trkpt lat="45.251890" lon="6.317070"><ele>848.0</ele></trkpt>
<trkpt lat="45.251800" lon="6.317140"><ele>847.0</ele></trkpt>
<trkpt lat="45.251790" lon="6.317150"><ele>847.0</ele></trkpt>
<trkpt lat="45.251670" lon="6.317200"><ele>847.0</ele></trkpt>
<trkpt lat="45.251550" lon="6.317230"><ele>846.0</ele></trkpt>
<trkpt lat="45.251460" lon="6.317240"><ele>846.0</ele></trkpt>
<trkpt lat="45.251380" lon="6.317240"><ele>845.0</ele></trkpt>
<trkpt lat="45.251260" lon="6.317250"><ele>845.0</ele></trkpt>
<trkpt lat="45.251160" lon="6.317230"><ele>844.0</ele></trkpt>
<trkpt lat="45.251090" lon="6.317210"><ele>843.0</ele></trkpt>
<trkpt lat="45.251080" lon="6.317210"><ele>843.0</ele></trkpt>
<trkpt lat="45.251010" lon="6.317170"><ele>843.0</ele></trkpt>
<trkpt lat="45.250930" lon="6.317090"><ele>842.0</ele></trkpt>
<trkpt lat="45.250910" lon="6.317080"><ele>842.0</ele></trkpt>
<trkpt lat="45.250850" lon="6.316980"><ele>842.0</ele></trkpt>
<trkpt lat="45.250820" lon="6.316890"><ele>841.0</ele></trkpt>
<trkpt lat="45.250810" lon="6.316880"><ele>841.0</ele></trkpt>
<trkpt lat="45.250770" lon="6.316750"><ele>841.0</ele></trkpt>
<trkpt lat="45.250750" lon="6.316660"><ele>840.0</ele></trkpt>
<trkpt lat="45.250750" lon="6.316580"><ele>840.0</ele></trkpt>
<trkpt lat="45.250740" lon="6.316460"><ele>839.0</ele></trkpt>
<trkpt lat="45.250750" lon="6.316400"><ele>839.0</ele></trkpt>
<trkpt lat="45.250750" lon="6.316310"><ele>839.0</ele></trkpt>
<trkpt lat="45.250760" lon="6.316170"><ele>838.0</ele></trkpt>
<trkpt lat="45.250750" lon="6.316150"><ele>838.0</ele></trkpt>
<trkpt lat="45.250750" lon="6.316070"><ele>838.0</ele></trkpt>
<trkpt lat="45.250720" lon="6.315970"><ele>838.0</ele></trkpt>
<trkpt lat="45.250700" lon="6.315910"><ele>838.0</ele></trkpt>
<trkpt lat="45.250690" lon="6.315900"><ele>838.0</ele></trkpt>
<trkpt lat="45.250670" lon="6.315860"><ele>838.0</ele></trkpt>
<trkpt lat="45.250630" lon="6.315850"><ele>838.0</ele></trkpt>
<trkpt lat="45.250560" lon="6.315830"><ele>838.0</ele></trkpt>
<trkpt lat="45.250490" lon="6.315850"><ele>838.0</ele></trkpt>
<trkpt lat="45.250410" lon="6.315890"><ele>839.0</ele></trkpt>
<trkpt lat="45.250330" lon="6.315990"><ele>839.0</ele></trkpt>
<trkpt lat="45.250260" lon="6.316040"><ele>839.0</ele></trkpt>
<trkpt lat="45.250220" lon="6.316070"><ele>839.0</ele></trkpt>
<trkpt lat="45.250190" lon="6.316090"><ele>839.0</ele></trkpt>
<trkpt lat="45.250050" lon="6.316160"><ele>840.0</ele></trkpt>
<trkpt lat="45.249980" lon="6.316200"><ele>840.0</ele></trkpt>
<trkpt lat="45.249880" lon="6.316230"><ele>840.0</ele></trkpt>
<trkpt lat="45.249850" lon="6.316240"><ele>840.0</ele></trkpt>
<trkpt lat="45.249780" lon="6.316250"><ele>840.0</ele></trkpt>
<trkpt lat="45.249720" lon="6.316250"><ele>841.0</ele></trkpt>
<trkpt lat="45.249700" lon="6.316240"><ele>841.0</ele></trkpt>
<trkpt lat="45.249670" lon="6.316240"><ele>841.0</ele></trkpt>
<trkpt lat="45.249610" lon="6.316210"><ele>841.0</ele></trkpt>
<trkpt lat="45.249560" lon="6.316160"><ele>841.0</ele></trkpt>
<trkpt lat="45.249490" lon="6.316080"><ele>841.0</ele></trkpt>
<trkpt lat="45.249410" lon="6.315970"><ele>842.0</ele></trkpt>
<trkpt lat="45.249400" lon="6.315970"><ele>842.0</ele></trkpt>
<trkpt lat="45.249300" lon="6.315860"><ele>842.0</ele></trkpt>
<trkpt lat="45.249260" lon="6.315820"><ele>842.0</ele></trkpt>
<trkpt lat="45.249190" lon="6.315750"><ele>842.0</ele></trkpt>
<trkpt lat="45.249110" lon="6.315680"><ele>843.0</ele></trkpt>
<trkpt lat="45.249080" lon="6.315660"><ele>843.0</ele></trkpt>
<trkpt lat="45.248980" lon="6.315570"><ele>843.0</ele></trkpt>
<trkpt lat="45.248950" lon="6.315550"><ele>844.0</ele></trkpt>
<trkpt lat="45.248880" lon="6.315480"><ele>844.0</ele></trkpt>
<trkpt lat="45.248800" lon="6.315430"><ele>845.0</ele></trkpt>
<trkpt lat="45.248790" lon="6.315420"><ele>845.0</ele></trkpt>
<trkpt lat="45.248710" lon="6.315410"><ele>845.0</ele></trkpt>
<trkpt lat="45.248620" lon="6.315430"><ele>846.0</ele></trkpt>
<trkpt lat="45.248600" lon="6.315440"><ele>846.0</ele></trkpt>
<trkpt lat="45.248500" lon="6.315480"><ele>846.0</ele></trkpt>
<trkpt lat="45.248390" lon="6.315510"><ele>847.0</ele></trkpt>
<trkpt lat="45.248280" lon="6.315520"><ele>847.0</ele></trkpt>
<trkpt lat="45.248270" lon="6.315520"><ele>848.0</ele></trkpt>
<trkpt lat="45.248150" lon="6.315510"><ele>848.0</ele></trkpt>
<trkpt lat="45.248090" lon="6.315500"><ele>849.0</ele></trkpt>
<trkpt lat="45.248060" lon="6.315500"><ele>849.0</ele></trkpt>
<trkpt lat="45.247990" lon="6.315490"><ele>849.0</ele></trkpt>
<trkpt lat="45.247920" lon="6.315500"><ele>850.0</ele></trkpt>
<trkpt lat="45.247910" lon="6.315510"><ele>850.0</ele></trkpt>
<trkpt lat="45.247850" lon="6.315530"><ele>850.0</ele></trkpt>
<trkpt lat="45.247780" lon="6.315600"><ele>851.0</ele></trkpt>
<trkpt lat="45.247750" lon="6.315630"><ele>851.0</ele></trkpt>
<trkpt lat="45.247660" lon="6.315720"><ele>851.0</ele></trkpt>
<trkpt lat="45.247600" lon="6.315760"><ele>852.0</ele></trkpt>
<trkpt lat="45.247550" lon="6.315790"><ele>852.0</ele></trkpt>
<trkpt lat="45.247460" lon="6.315830"><ele>852.0</ele></trkpt>
<trkpt lat="45.247430" lon="6.315850"><ele>852.0</ele></trkpt>
<trkpt lat="45.247360" lon="6.315910"><ele>852.0</ele></trkpt>
<trkpt lat="45.247290" lon="6.316010"><ele>852.0</ele></trkpt>
<trkpt lat="45.247240" lon="6.316090"><ele>851.0</ele></trkpt>
<trkpt lat="45.247170" lon="6.316210"><ele>851.0</ele></trkpt>
<trkpt lat="45.247100" lon="6.316330"><ele>851.0</ele></trkpt>
<trkpt lat="45.247060" lon="6.316400"><ele>850.0</ele></trkpt>
<trkpt lat="45.247020" lon="6.316480"><ele>850.0</ele></trkpt>
<trkpt lat="45.246950" lon="6.316600"><ele>850.0</ele></trkpt>
<trkpt lat="45.246940" lon="6.316610"><ele>849.0</ele></trkpt>
<trkpt lat="45.246830" lon="6.316800"><ele>849.0</ele></trkpt>
<trkpt lat="45.246790" lon="6.316860"><ele>849.0</ele></trkpt>
<trkpt lat="45.246720" lon="6.316990"><ele>848.0</ele></trkpt>
<trkpt lat="45.246720" lon="6.317000"><ele>848.0</ele></trkpt>
<trkpt lat="45.246620" lon="6.317160"><ele>848.0</ele></trkpt>
<trkpt lat="45.246600" lon="6.317190"><ele>847.0</ele></trkpt>
<trkpt lat="45.246510" lon="6.317320"><ele>847.0</ele></trkpt>
<trkpt lat="45.246410" lon="6.317410"><ele>847.0</ele></trkpt>
<trkpt lat="45.246340" lon="6.317460"><ele>846.0</ele></trkpt>
<trkpt lat="45.246310" lon="6.317470"><ele>846.0</ele></trkpt>
<trkpt lat="45.246280" lon="6.317470"><ele>846.0</ele></trkpt>
<trkpt lat="45.246260" lon="6.317470"><ele>846.0</ele></trkpt>
<trkpt lat="45.246250" lon="6.317470"><ele>846.0</ele></trkpt>
<trkpt lat="45.246210" lon="6.317470"><ele>845.0</ele></trkpt>
<trkpt lat="45.246170" lon="6.317450"><ele>845.0</ele></trkpt>
<trkpt lat="45.246140" lon="6.317420"><ele>845.0</ele></trkpt>
<trkpt lat="45.246110" lon="6.317360"><ele>845.0</ele></trkpt>
<trkpt lat="45.246090" lon="6.317310"><ele>845.0</ele></trkpt>
<trkpt lat="45.246070" lon="6.317210"><ele>845.0</ele></trkpt>
<trkpt lat="45.246040" lon="6.316970"><ele>845.0</ele></trkpt>
<trkpt lat="45.246010" lon="6.316770"><ele>844.0</ele></trkpt>
<trkpt lat="45.245990" lon="6.316680"><ele>844.0</ele></trkpt>
<trkpt lat="45.245990" lon="6.316660"><ele>844.0</ele></trkpt>
<trkpt lat="45.245950" lon="6.316560"><ele>844.0</ele></trkpt>
<trkpt lat="45.245920" lon="6.316500"><ele>843.0</ele></trkpt>
<trkpt lat="45.245890" lon="6.316470"><ele>843.0</ele></trkpt>
<trkpt lat="45.245880" lon="6.316460"><ele>843.0</ele></trkpt>
<trkpt lat="45.245810" lon="6.316400"><ele>843.0</ele></trkpt>
<trkpt lat="45.245720" lon="6.316370"><ele>843.0</ele></trkpt>
<trkpt lat="45.245640" lon="6.316350"><ele>843.0</ele></trkpt>
<trkpt lat="45.245570" lon="6.316360"><ele>842.0</ele></trkpt>
<trkpt lat="45.245510" lon="6.316380"><ele>842.0</ele></trkpt>
<trkpt lat="45.245480" lon="6.316390"><ele>842.0</ele></trkpt>
<trkpt lat="45.245440" lon="6.316420"><ele>842.0</ele></trkpt>
<trkpt lat="45.245330" lon="6.316510"><ele>842.0</ele></trkpt>
<trkpt lat="45.245240" lon="6.316590"><ele>842.0</ele></trkpt>
<trkpt lat="45.245190" lon="6.316640"><ele>841.0</ele></trkpt>
<trkpt lat="45.245150" lon="6.316690"><ele>841.0</ele></trkpt>
<trkpt lat="45.245060" lon="6.316770"><ele>841.0</ele></trkpt>
<trkpt lat="45.245010" lon="6.316800"><ele>841.0</ele></trkpt>
<trkpt lat="45.244960" lon="6.316810"><ele>841.0</ele></trkpt>
<trkpt lat="45.244900" lon="6.316800"><ele>840.0</ele></trkpt>
<trkpt lat="45.244870" lon="6.316790"><ele>840.0</ele></trkpt>
<trkpt lat="45.244830" lon="6.316780"><ele>840.0</ele></trkpt>
<trkpt lat="45.244720" lon="6.316730"><ele>840.0</ele></trkpt>
<trkpt lat="45.244540" lon="6.316640"><ele>840.0</ele></trkpt>
<trkpt lat="45.244410" lon="6.316560"><ele>839.0</ele></trkpt>
<trkpt lat="45.244360" lon="6.316530"><ele>839.0</ele></trkpt>
<trkpt lat="45.244330" lon="6.316510"><ele>839.0</ele></trkpt>
<trkpt lat="45.244270" lon="6.316450"><ele>838.0</ele></trkpt>
<trkpt lat="45.244210" lon="6.316390"><ele>838.0</ele></trkpt>
<trkpt lat="45.244110" lon="6.316280"><ele>838.0</ele></trkpt>
<trkpt lat="45.244090" lon="6.316260"><ele>838.0</ele></trkpt>
<trkpt lat="45.244000" lon="6.316200"><ele>837.0</ele></trkpt>
<trkpt lat="45.243920" lon="6.316170"><ele>837.0</ele></trkpt>
<trkpt lat="45.243860" lon="6.316160"><ele>837.0</ele></trkpt>
<trkpt lat="45.243810" lon="6.316150"><ele>837.0</ele></trkpt>
<trkpt lat="45.243720" lon="6.316150"><ele>837.0</ele></trkpt>
<trkpt lat="45.243660" lon="6.316140"><ele>836.0</ele></trkpt>
<trkpt lat="45.243600" lon="6.316120"><ele>836.0</ele></trkpt>
<trkpt lat="45.243520" lon="6.316090"><ele>836.0</ele></trkpt>
<trkpt lat="45.243410" lon="6.316050"><ele>836.0</ele></trkpt>
<trkpt lat="45.243220" lon="6.315940"><ele>835.0</ele></trkpt>
<trkpt lat="45.243050" lon="6.315850"><ele>835.0</ele></trkpt>
<trkpt lat="45.243030" lon="6.315840"><ele>835.0</ele></trkpt>
<trkpt lat="45.242880" lon="6.315760"><ele>834.0</ele></trkpt>
<trkpt lat="45.242750" lon="6.315720"><ele>834.0</ele></trkpt>
<trkpt lat="45.242690" lon="6.315710"><ele>834.0</ele></trkpt>
<trkpt lat="45.242650" lon="6.315700"><ele>833.0</ele></trkpt>
<trkpt lat="45.242570" lon="6.315680"><ele>833.0</ele></trkpt>
<trkpt lat="45.242480" lon="6.315670"><ele>833.0</ele></trkpt>
<trkpt lat="45.242350" lon="6.315660"><ele>833.0</ele></trkpt>
<trkpt lat="45.242330" lon="6.315660"><ele>832.0</ele></trkpt>
<trkpt lat="45.242270" lon="6.315650"><ele>832.0</ele></trkpt>
<trkpt lat="45.242210" lon="6.315650"><ele>832.0</ele></trkpt>
<trkpt lat="45.242150" lon="6.315650"><ele>832.0</ele></trkpt>
<trkpt lat="45.242100" lon="6.315650"><ele>832.0</ele></trkpt>
<trkpt lat="45.242050" lon="6.315660"><ele>831.0</ele></trkpt>
<trkpt lat="45.242010" lon="6.315680"><ele>831.0</ele></trkpt>
<trkpt lat="45.241980" lon="6.315710"><ele>831.0</ele></trkpt>
<trkpt lat="45.241860" lon="6.315860"><ele>831.0</ele></trkpt>
<trkpt lat="45.241760" lon="6.316010"><ele>831.0</ele></trkpt>
<trkpt lat="45.241720" lon="6.316070"><ele>830.0</ele></trkpt>
<trkpt lat="45.241710" lon="6.316100"><ele>830.0</ele></trkpt>
<trkpt lat="45.241650" lon="6.316150"><ele>830.0</ele></trkpt>
<trkpt lat="45.241610" lon="6.316170"><ele>830.0</ele></trkpt>
<trkpt lat="45.241590" lon="6.316180"><ele>830.0</ele></trkpt>
<trkpt lat="45.241570" lon="6.316180"><ele>830.0</ele></trkpt>
<trkpt lat="45.241550" lon="6.316180"><ele>829.0</ele></trkpt>
<trkpt lat="45.241520" lon="6.316170"><ele>829.0</ele></trkpt>
<trkpt lat="45.241470" lon="6.316150"><ele>829.0</ele></trkpt>
<trkpt lat="45.241410" lon="6.316110"><ele>829.0</ele></trkpt>
<trkpt lat="45.241400" lon="6.316100"><ele>828.0</ele></trkpt>
<trkpt lat="45.241320" lon="6.316010"><ele>828.0</ele></trkpt>
<trkpt lat="45.241250" lon="6.315970"><ele>827.0</ele></trkpt>
<trkpt lat="45.241180" lon="6.315950"><ele>826.0</ele></trkpt>
<trkpt lat="45.241100" lon="6.315980"><ele>826.0</ele></trkpt>
<trkpt lat="45.240960" lon="6.316050"><ele>825.0</ele></trkpt>
<trkpt lat="45.240910" lon="6.316080"><ele>824.0</ele></trkpt>
<trkpt lat="45.240900" lon="6.316080"><ele>824.0</ele></trkpt>
<trkpt lat="45.240820" lon="6.316100"><ele>823.0</ele></trkpt>
<trkpt lat="45.240740" lon="6.316100"><ele>822.0</ele></trkpt>
<trkpt lat="45.240640" lon="6.316060"><ele>822.0</ele></trkpt>
<trkpt lat="45.240570" lon="6.316030"><ele>821.0</ele></trkpt>
<trkpt lat="45.240460" lon="6.315970"><ele>820.0</ele></trkpt>
<trkpt lat="45.240290" lon="6.315880"><ele>819.0</ele></trkpt>
<trkpt lat="45.240220" lon="6.315830"><ele>818.0</ele></trkpt>
<trkpt lat="45.240130" lon="6.315780"><ele>817.0</ele></trkpt>
<trkpt lat="45.239990" lon="6.315700"><ele>816.0</ele></trkpt>
<trkpt lat="45.239900" lon="6.315640"><ele>815.0</ele></trkpt>
<trkpt lat="45.239830" lon="6.315560"><ele>814.0</ele></trkpt>
<trkpt lat="45.239780" lon="6.315460"><ele>813.0</ele></trkpt>
<trkpt lat="45.239720" lon="6.315250"><ele>813.0</ele></trkpt>
<trkpt lat="45.239670" lon="6.315070"><ele>812.0</ele></trkpt>
<trkpt lat="45.239660" lon="6.314950"><ele>812.0</ele></trkpt>
<trkpt lat="45.239650" lon="6.314870"><ele>811.0</ele></trkpt>
<trkpt lat="45.239650" lon="6.314700"><ele>811.0</ele></trkpt>
<trkpt lat="45.239650" lon="6.314580"><ele>811.0</ele></trkpt>
<trkpt lat="45.239660" lon="6.314440"><ele>810.0</ele></trkpt>
<trkpt lat="45.239660" lon="6.314320"><ele>810.0</ele></trkpt>
<trkpt lat="45.239650" lon="6.314190"><ele>810.0</ele></trkpt>
<trkpt lat="45.239650" lon="6.314160"><ele>809.0</ele></trkpt>
<trkpt lat="45.239650" lon="6.314030"><ele>809.0</ele></trkpt>
<trkpt lat="45.239660" lon="6.313900"><ele>809.0</ele></trkpt>
<trkpt lat="45.239660" lon="6.313720"><ele>808.0</ele></trkpt>
<trkpt lat="45.239680" lon="6.313380"><ele>808.0</ele></trkpt>
<trkpt lat="45.239680" lon="6.313320"><ele>808.0</ele></trkpt>
<trkpt lat="45.239680" lon="6.313220"><ele>807.0</ele></trkpt>
<trkpt lat="45.239670" lon="6.313150"><ele>807.0</ele></trkpt>
<trkpt lat="45.239660" lon="6.313080"><ele>807.0</ele></trkpt>
<trkpt lat="45.239640" lon="6.312990"><ele>807.0</ele></trkpt>
<trkpt lat="45.239610" lon="6.312870"><ele>807.0</ele></trkpt>
<trkpt lat="45.239580" lon="6.312720"><ele>807.0</ele></trkpt>
<trkpt lat="45.239540" lon="6.312540"><ele>807.0</ele></trkpt>
<trkpt lat="45.239510" lon="6.312360"><ele>807.0</ele></trkpt>
<trkpt lat="45.239480" lon="6.312160"><ele>807.0</ele></trkpt>
<trkpt lat="45.239480" lon="6.312150"><ele>807.0</ele></trkpt>
<trkpt lat="45.239460" lon="6.311950"><ele>807.0</ele></trkpt>
<trkpt lat="45.239450" lon="6.311890"><ele>807.0</ele></trkpt>
<trkpt lat="45.239440" lon="6.311750"><ele>807.0</ele></trkpt>
<trkpt lat="45.239440" lon="6.311540"><ele>807.0</ele></trkpt>
<trkpt lat="45.239450" lon="6.311350"><ele>807.0</ele></trkpt>
<trkpt lat="45.239470" lon="6.311170"><ele>807.0</ele></trkpt>
<trkpt lat="45.239500" lon="6.311030"><ele>807.0</ele></trkpt>
<trkpt lat="45.239510" lon="6.310900"><ele>807.0</ele></trkpt>
<trkpt lat="45.239510" lon="6.310880"><ele>807.0</ele></trkpt>
<trkpt lat="45.239520" lon="6.310770"><ele>807.0</ele></trkpt>
<trkpt lat="45.239540" lon="6.310630"><ele>807.0</ele></trkpt>
<trkpt lat="45.239540" lon="6.310500"><ele>807.0</ele></trkpt>
<trkpt lat="45.239530" lon="6.310400"><ele>807.0</ele></trkpt>
<trkpt lat="45.239530" lon="6.310370"><ele>808.0</ele></trkpt>
<trkpt lat="45.239520" lon="6.310320"><ele>808.0</ele></trkpt>
<trkpt lat="45.239500" lon="6.310240"><ele>808.0</ele></trkpt>
<trkpt lat="45.239460" lon="6.310170"><ele>809.0</ele></trkpt>
<trkpt lat="45.239450" lon="6.310150"><ele>809.0</ele></trkpt>
<trkpt lat="45.239430" lon="6.310120"><ele>810.0</ele></trkpt>
<trkpt lat="45.239380" lon="6.310070"><ele>810.0</ele></trkpt>
<trkpt lat="45.239350" lon="6.310050"><ele>810.0</ele></trkpt>
<trkpt lat="45.239300" lon="6.310020"><ele>811.0</ele></trkpt>
<trkpt lat="45.239290" lon="6.310020"><ele>811.0</ele></trkpt>
<trkpt lat="45.239260" lon="6.310010"><ele>811.0</ele></trkpt>
<trkpt lat="45.239190" lon="6.310000"><ele>812.0</ele></trkpt>
<trkpt lat="45.239040" lon="6.310000"><ele>813.0</ele></trkpt>
<trkpt lat="45.239010" lon="6.310010"><ele>813.0</ele></trkpt>
<trkpt lat="45.238890" lon="6.310010"><ele>814.0</ele></trkpt>
<trkpt lat="45.238850" lon="6.310020"><ele>815.0</ele></trkpt>
<trkpt lat="45.238800" lon="6.310040"><ele>815.0</ele></trkpt>
<trkpt lat="45.238760" lon="6.310060"><ele>816.0</ele></trkpt>
<trkpt lat="45.238720" lon="6.310090"><ele>816.0</ele></trkpt>
<trkpt lat="45.238690" lon="6.310130"><ele>817.0</ele></trkpt>
<trkpt lat="45.238650" lon="6.310170"><ele>817.0</ele></trkpt>
<trkpt lat="45.238610" lon="6.310210"><ele>818.0</ele></trkpt>
<trkpt lat="45.238590" lon="6.310250"><ele>818.0</ele></trkpt>
<trkpt lat="45.238580" lon="6.310260"><ele>819.0</ele></trkpt>
<trkpt lat="45.238550" lon="6.310330"><ele>819.0</ele></trkpt>
<trkpt lat="45.238530" lon="6.310370"><ele>819.0</ele></trkpt>
<trkpt lat="45.238500" lon="6.310420"><ele>820.0</ele></trkpt>
<trkpt lat="45.238480" lon="6.310490"><ele>820.0</ele></trkpt>
<trkpt lat="45.238470" lon="6.310550"><ele>821.0</ele></trkpt>
<trkpt lat="45.238440" lon="6.310670"><ele>821.0</ele></trkpt>
<trkpt lat="45.238420" lon="6.310810"><ele>822.0</ele></trkpt>
<trkpt lat="45.238390" lon="6.310980"><ele>823.0</ele></trkpt>
<trkpt lat="45.238340" lon="6.311170"><ele>823.0</ele></trkpt>
<trkpt lat="45.238330" lon="6.311270"><ele>823.0</ele></trkpt>
<trkpt lat="45.238320" lon="6.311370"><ele>823.0</ele></trkpt>
<trkpt lat="45.238310" lon="6.311540"><ele>822.0</ele></trkpt>
<trkpt lat="45.238310" lon="6.311620"><ele>822.0</ele></trkpt>
<trkpt lat="45.238300" lon="6.311890"><ele>821.0</ele></trkpt>
<trkpt lat="45.238300" lon="6.312100"><ele>820.0</ele></trkpt>
<trkpt lat="45.238300" lon="6.312190"><ele>820.0</ele></trkpt>
<trkpt lat="45.238310" lon="6.312250"><ele>819.0</ele></trkpt>
<trkpt lat="45.238320" lon="6.312310"><ele>819.0</ele></trkpt>
<trkpt lat="45.238330" lon="6.312380"><ele>818.0</ele></trkpt>
<trkpt lat="45.238330" lon="6.312440"><ele>818.0</ele></trkpt>
<trkpt lat="45.238340" lon="6.312500"><ele>817.0</ele></trkpt>
<trkpt lat="45.238340" lon="6.312540"><ele>817.0</ele></trkpt>
<trkpt lat="45.238340" lon="6.312590"><ele>817.0</ele></trkpt>
<trkpt lat="45.238340" lon="6.312620"><ele>817.0</ele></trkpt>
<trkpt lat="45.238330" lon="6.312670"><ele>816.0</ele></trkpt>
<trkpt lat="45.238320" lon="6.312730"><ele>816.0</ele></trkpt>
<trkpt lat="45.238310" lon="6.312790"><ele>816.0</ele></trkpt>
<trkpt lat="45.238280" lon="6.312860"><ele>815.0</ele></trkpt>
<trkpt lat="45.238220" lon="6.313000"><ele>815.0</ele></trkpt>
<trkpt lat="45.238170" lon="6.313110"><ele>814.0</ele></trkpt>
<trkpt lat="45.238130" lon="6.313190"><ele>814.0</ele></trkpt>
<trkpt lat="45.238090" lon="6.313240"><ele>813.0</ele></trkpt>
<trkpt lat="45.238070" lon="6.313270"><ele>813.0</ele></trkpt>
<trkpt lat="45.238050" lon="6.313280"><ele>813.0</ele></trkpt>
<trkpt lat="45.238020" lon="6.313280"><ele>812.0</ele></trkpt>
<trkpt lat="45.238000" lon="6.313280"><ele>812.0</ele></trkpt>
<trkpt lat="45.237980" lon="6.313280"><ele>812.0</ele></trkpt>
<trkpt lat="45.237960" lon="6.313270"><ele>812.0</ele></trkpt>
<trkpt lat="45.237930" lon="6.313250"><ele>812.0</ele></trkpt>
<trkpt lat="45.237910" lon="6.313230"><ele>813.0</ele></trkpt>
<trkpt lat="45.237880" lon="6.313200"><ele>813.0</ele></trkpt>
<trkpt lat="45.237810" lon="6.313110"><ele>815.0</ele></trkpt>
<trkpt lat="45.237760" lon="6.313060"><ele>816.0</ele></trkpt>
<trkpt lat="45.237660" lon="6.312960"><ele>818.0</ele></trkpt>
<trkpt lat="45.237590" lon="6.312880"><ele>820.0</ele></trkpt>
<trkpt lat="45.237510" lon="6.312820"><ele>822.0</ele></trkpt>
<trkpt lat="45.237410" lon="6.312730"><ele>825.0</ele></trkpt>
<trkpt lat="45.237350" lon="6.312700"><ele>827.0</ele></trkpt>
<trkpt lat="45.237190" lon="6.312600"><ele>830.0</ele></trkpt>
<trkpt lat="45.237130" lon="6.312560"><ele>833.0</ele></trkpt>
<trkpt lat="45.237020" lon="6.312510"><ele>836.0</ele></trkpt>
<trkpt lat="45.236910" lon="6.312450"><ele>839.0</ele></trkpt>
<trkpt lat="45.236850" lon="6.312430"><ele>841.0</ele></trkpt>
<trkpt lat="45.236760" lon="6.312390"><ele>844.0</ele></trkpt>
<trkpt lat="45.236680" lon="6.312370"><ele>846.0</ele></trkpt>
<trkpt lat="45.236620" lon="6.312360"><ele>848.0</ele></trkpt>
<trkpt lat="45.236520" lon="6.312360"><ele>850.0</ele></trkpt>
<trkpt lat="45.236350" lon="6.312360"><ele>853.0</ele></trkpt>
<trkpt lat="45.236180" lon="6.312390"><ele>856.0</ele></trkpt>
<trkpt lat="45.236140" lon="6.312400"><ele>857.0</ele></trkpt>
<trkpt lat="45.236120" lon="6.312410"><ele>858.0</ele></trkpt>
<trkpt lat="45.236050" lon="6.312420"><ele>859.0</ele></trkpt>
<trkpt lat="45.235990" lon="6.312410"><ele>860.0</ele></trkpt>
<trkpt lat="45.235930" lon="6.312410"><ele>860.0</ele></trkpt>
<trkpt lat="45.235850" lon="6.312400"><ele>861.0</ele></trkpt>
<trkpt lat="45.235790" lon="6.312370"><ele>861.0</ele></trkpt>
<trkpt lat="45.235640" lon="6.312320"><ele>862.0</ele></trkpt>
<trkpt lat="45.235550" lon="6.312310"><ele>862.0</ele></trkpt>
<trkpt lat="45.235460" lon="6.312290"><ele>863.0</ele></trkpt>
<trkpt lat="45.235330" lon="6.312280"><ele>863.0</ele></trkpt>
<trkpt lat="45.235250" lon="6.312260"><ele>864.0</ele></trkpt>
<trkpt lat="45.235070" lon="6.312240"><ele>865.0</ele></trkpt>
<trkpt lat="45.234980" lon="6.312220"><ele>865.0</ele></trkpt>
<trkpt lat="45.234890" lon="6.312200"><ele>866.0</ele></trkpt>
<trkpt lat="45.234850" lon="6.312180"><ele>866.0</ele></trkpt>
<trkpt lat="45.234800" lon="6.312150"><ele>866.0</ele></trkpt>
<trkpt lat="45.234560" lon="6.312010"><ele>867.0</ele></trkpt>
<trkpt lat="45.234540" lon="6.312000"><ele>868.0</ele></trkpt>
<trkpt lat="45.234280" lon="6.311830"><ele>868.0</ele></trkpt>
<trkpt lat="45.234010" lon="6.311670"><ele>868.0</ele></trkpt>
<trkpt lat="45.233920" lon="6.311630"><ele>868.0</ele></trkpt>
<trkpt lat="45.233850" lon="6.311610"><ele>869.0</ele></trkpt>
<trkpt lat="45.233780" lon="6.311590"><ele>869.0</ele></trkpt>
<trkpt lat="45.233730" lon="6.311580"><ele>869.0</ele></trkpt>
<trkpt lat="45.233690" lon="6.311570"><ele>869.0</ele></trkpt>
<trkpt lat="45.233640" lon="6.311570"><ele>869.0</ele></trkpt>
<trkpt lat="45.233590" lon="6.311570"><ele>869.0</ele></trkpt>
<trkpt lat="45.233570" lon="6.311580"><ele>869.0</ele></trkpt>
<trkpt lat="45.233550" lon="6.311580"><ele>869.0</ele></trkpt>
<trkpt lat="45.233500" lon="6.311580"><ele>869.0</ele></trkpt>
<trkpt lat="45.233450" lon="6.311580"><ele>869.0</ele></trkpt>
<trkpt lat="45.233400" lon="6.311580"><ele>869.0</ele></trkpt>
<trkpt lat="45.233390" lon="6.311580"><ele>869.0</ele></trkpt>
<trkpt lat="45.233350" lon="6.311580"><ele>869.0</ele></trkpt>
<trkpt lat="45.233300" lon="6.311580"><ele>869.0</ele></trkpt>
<trkpt lat="45.233240" lon="6.311600"><ele>869.0</ele></trkpt>
<trkpt lat="45.233200" lon="6.311610"><ele>869.0</ele></trkpt>
<trkpt lat="45.233160" lon="6.311630"><ele>869.0</ele></trkpt>
<trkpt lat="45.233110" lon="6.311640"><ele>869.0</ele></trkpt>
<trkpt lat="45.233070" lon="6.311650"><ele>869.0</ele></trkpt>
<trkpt lat="45.233040" lon="6.311660"><ele>869.0</ele></trkpt>
<trkpt lat="45.233030" lon="6.311660"><ele>869.0</ele></trkpt>
<trkpt lat="45.232980" lon="6.311660"><ele>869.0</ele></trkpt>
<trkpt lat="45.232950" lon="6.311660"><ele>869.0</ele></trkpt>
<trkpt lat="45.232920" lon="6.311650"><ele>869.0</ele></trkpt>
<trkpt lat="45.232890" lon="6.311640"><ele>869.0</ele></trkpt>
<trkpt lat="45.232860" lon="6.311620"><ele>869.0</ele></trkpt>
<trkpt lat="45.232840" lon="6.311600"><ele>869.0</ele></trkpt>
<trkpt lat="45.232820" lon="6.311570"><ele>869.0</ele></trkpt>
<trkpt lat="45.232780" lon="6.311510"><ele>870.0</ele></trkpt>
<trkpt lat="45.232740" lon="6.311430"><ele>871.0</ele></trkpt>
<trkpt lat="45.232680" lon="6.311330"><ele>872.0</ele></trkpt>
<trkpt lat="45.232650" lon="6.311290"><ele>873.0</ele></trkpt>
<trkpt lat="45.232610" lon="6.311260"><ele>874.0</ele></trkpt>
<trkpt lat="45.232570" lon="6.311230"><ele>876.0</ele></trkpt>
<trkpt lat="45.232530" lon="6.311220"><ele>877.0</ele></trkpt>
<trkpt lat="45.232480" lon="6.311210"><ele>878.0</ele></trkpt>
<trkpt lat="45.232410" lon="6.311200"><ele>879.0</ele></trkpt>
<trkpt lat="45.232320" lon="6.311170"><ele>881.0</ele></trkpt>
<trkpt lat="45.232270" lon="6.311160"><ele>882.0</ele></trkpt>
<trkpt lat="45.232240" lon="6.311140"><ele>883.0</ele></trkpt>
<trkpt lat="45.232210" lon="6.311120"><ele>884.0</ele></trkpt>
<trkpt lat="45.232180" lon="6.311100"><ele>885.0</ele></trkpt>
<trkpt lat="45.232160" lon="6.311080"><ele>886.0</ele></trkpt>
<trkpt lat="45.232130" lon="6.311050"><ele>887.0</ele></trkpt>
<trkpt lat="45.232100" lon="6.311040"><ele>888.0</ele></trkpt>
<trkpt lat="45.232080" lon="6.311030"><ele>889.0</ele></trkpt>
<trkpt lat="45.232050" lon="6.311020"><ele>889.0</ele></trkpt>
<trkpt lat="45.232020" lon="6.311010"><ele>890.0</ele></trkpt>
<trkpt lat="45.231930" lon="6.311010"><ele>891.0</ele></trkpt>
<trkpt lat="45.231920" lon="6.311010"><ele>892.0</ele></trkpt>
<trkpt lat="45.231810" lon="6.310980"><ele>894.0</ele></trkpt>
<trkpt lat="45.231740" lon="6.310940"><ele>895.0</ele></trkpt>
<trkpt lat="45.231720" lon="6.310910"><ele>897.0</ele></trkpt>
<trkpt lat="45.231680" lon="6.310860"><ele>898.0</ele></trkpt>
<trkpt lat="45.231630" lon="6.310760"><ele>899.0</ele></trkpt>
<trkpt lat="45.231630" lon="6.310750"><ele>900.0</ele></trkpt>
<trkpt lat="45.231510" lon="6.310440"><ele>903.0</ele></trkpt>
<trkpt lat="45.231450" lon="6.310290"><ele>906.0</ele></trkpt>
<trkpt lat="45.231410" lon="6.310180"><ele>908.0</ele></trkpt>
<trkpt lat="45.231380" lon="6.310140"><ele>910.0</ele></trkpt>
<trkpt lat="45.231350" lon="6.310110"><ele>912.0</ele></trkpt>
<trkpt lat="45.231340" lon="6.310100"><ele>913.0</ele></trkpt>
<trkpt lat="45.231300" lon="6.310100"><ele>913.0</ele></trkpt>
<trkpt lat="45.231260" lon="6.310100"><ele>914.0</ele></trkpt>
<trkpt lat="45.231230" lon="6.310100"><ele>914.0</ele></trkpt>
<trkpt lat="45.231200" lon="6.310120"><ele>915.0</ele></trkpt>
<trkpt lat="45.231180" lon="6.310140"><ele>915.0</ele></trkpt>
<trkpt lat="45.231170" lon="6.310150"><ele>916.0</ele></trkpt>
<trkpt lat="45.231150" lon="6.310180"><ele>916.0</ele></trkpt>
<trkpt lat="45.231130" lon="6.310220"><ele>916.0</ele></trkpt>
<trkpt lat="45.231060" lon="6.310300"><ele>917.0</ele></trkpt>
<trkpt lat="45.231040" lon="6.310310"><ele>917.0</ele></trkpt>
<trkpt lat="45.230970" lon="6.310400"><ele>918.0</ele></trkpt>
<trkpt lat="45.230890" lon="6.310450"><ele>918.0</ele></trkpt>
<trkpt lat="45.230780" lon="6.310490"><ele>919.0</ele></trkpt>
<trkpt lat="45.230720" lon="6.310510"><ele>920.0</ele></trkpt>
<trkpt lat="45.230710" lon="6.310510"><ele>920.0</ele></trkpt>
<trkpt lat="45.230670" lon="6.310510"><ele>921.0</ele></trkpt>
<trkpt lat="45.230620" lon="6.310510"><ele>921.0</ele></trkpt>
<trkpt lat="45.230440" lon="6.310470"><ele>922.0</ele></trkpt>
<trkpt lat="45.230360" lon="6.310440"><ele>923.0</ele></trkpt>
<trkpt lat="45.230270" lon="6.310410"><ele>924.0</ele></trkpt>
<trkpt lat="45.230190" lon="6.310380"><ele>925.0</ele></trkpt>
<trkpt lat="45.230140" lon="6.310350"><ele>926.0</ele></trkpt>
<trkpt lat="45.230030" lon="6.310290"><ele>927.0</ele></trkpt>
<trkpt lat="45.229960" lon="6.310230"><ele>928.0</ele></trkpt>
<trkpt lat="45.229880" lon="6.310150"><ele>928.0</ele></trkpt>
<trkpt lat="45.229870" lon="6.310140"><ele>929.0</ele></trkpt>
<trkpt lat="45.229790" lon="6.310030"><ele>930.0</ele></trkpt>
<trkpt lat="45.229680" lon="6.309890"><ele>931.0</ele></trkpt>
<trkpt lat="45.229630" lon="6.309850"><ele>932.0</ele></trkpt>
<trkpt lat="45.229590" lon="6.309830"><ele>933.0</ele></trkpt>
<trkpt lat="45.229560" lon="6.309810"><ele>933.0</ele></trkpt>
<trkpt lat="45.229490" lon="6.309810"><ele>934.0</ele></trkpt>
<trkpt lat="45.229430" lon="6.309850"><ele>935.0</ele></trkpt>
<trkpt lat="45.229420" lon="6.309850"><ele>935.0</ele></trkpt>
<trkpt lat="45.229340" lon="6.309950"><ele>936.0</ele></trkpt>
<trkpt lat="45.229190" lon="6.310230"><ele>937.0</ele></trkpt>
<trkpt lat="45.229180" lon="6.310240"><ele>938.0</ele></trkpt>
<trkpt lat="45.229100" lon="6.310320"><ele>939.0</ele></trkpt>
<trkpt lat="45.229030" lon="6.310360"><ele>940.0</ele></trkpt>
<trkpt lat="45.229010" lon="6.310370"><ele>941.0</ele></trkpt>
<trkpt lat="45.228890" lon="6.310370"><ele>942.0</ele></trkpt>
<trkpt lat="45.228850" lon="6.310370"><ele>942.0</ele></trkpt>
<trkpt lat="45.228790" lon="6.310380"><ele>943.0</ele></trkpt>
<trkpt lat="45.228680" lon="6.310440"><ele>944.0</ele></trkpt>
<trkpt lat="45.228550" lon="6.310510"><ele>945.0</ele></trkpt>
<trkpt lat="45.228510" lon="6.310520"><ele>946.0</ele></trkpt>
<trkpt lat="45.228490" lon="6.310530"><ele>947.0</ele></trkpt>
<trkpt lat="45.228450" lon="6.310520"><ele>947.0</ele></trkpt>
<trkpt lat="45.228390" lon="6.310460"><ele>948.0</ele></trkpt>
<trkpt lat="45.228360" lon="6.310410"><ele>948.0</ele></trkpt>
<trkpt lat="45.228310" lon="6.310330"><ele>949.0</ele></trkpt>
<trkpt lat="45.228230" lon="6.310240"><ele>950.0</ele></trkpt>
<trkpt lat="45.228100" lon="6.310070"><ele>951.0</ele></trkpt>
<trkpt lat="45.228090" lon="6.310060"><ele>953.0</ele></trkpt>
<trkpt lat="45.227940" lon="6.309940"><ele>954.0</ele></trkpt>
<trkpt lat="45.227870" lon="6.309890"><ele>956.0</ele></trkpt>
<trkpt lat="45.227770" lon="6.309850"><ele>958.0</ele></trkpt>
<trkpt lat="45.227680" lon="6.309820"><ele>959.0</ele></trkpt>
<trkpt lat="45.227600" lon="6.309800"><ele>961.0</ele></trkpt>
<trkpt lat="45.227420" lon="6.309760"><ele>963.0</ele></trkpt>
<trkpt lat="45.227360" lon="6.309740"><ele>965.0</ele></trkpt>
<trkpt lat="45.227260" lon="6.309760"><ele>967.0</ele></trkpt>
<trkpt lat="45.227180" lon="6.309810"><ele>969.0</ele></trkpt>
<trkpt lat="45.227090" lon="6.309900"><ele>970.0</ele></trkpt>
<trkpt lat="45.226940" lon="6.310040"><ele>973.0</ele></trkpt>
<trkpt lat="45.226800" lon="6.310170"><ele>975.0</ele></trkpt>
<trkpt lat="45.226790" lon="6.310180"><ele>977.0</ele></trkpt>
<trkpt lat="45.226650" lon="6.310340"><ele>979.0</ele></trkpt>
<trkpt lat="45.226520" lon="6.310470"><ele>981.0</ele></trkpt>
<trkpt lat="45.226500" lon="6.310480"><ele>982.0</ele></trkpt>
<trkpt lat="45.226420" lon="6.310540"><ele>983.0</ele></trkpt>
<trkpt lat="45.226330" lon="6.310560"><ele>984.0</ele></trkpt>
<trkpt lat="45.226280" lon="6.310580"><ele>984.0</ele></trkpt>
<trkpt lat="45.226160" lon="6.310640"><ele>985.0</ele></trkpt>
<trkpt lat="45.226010" lon="6.310770"><ele>985.0</ele></trkpt>
<trkpt lat="45.225990" lon="6.310790"><ele>986.0</ele></trkpt>
<trkpt lat="45.225890" lon="6.310830"><ele>986.0</ele></trkpt>
<trkpt lat="45.225850" lon="6.310830"><ele>987.0</ele></trkpt>
<trkpt lat="45.225830" lon="6.310830"><ele>987.0</ele></trkpt>
<trkpt lat="45.225770" lon="6.310810"><ele>987.0</ele></trkpt>
<trkpt lat="45.225690" lon="6.310720"><ele>988.0</ele></trkpt>
<trkpt lat="45.225540" lon="6.310560"><ele>988.0</ele></trkpt>
<trkpt lat="45.225520" lon="6.310530"><ele>988.0</ele></trkpt>
<trkpt lat="45.225430" lon="6.310450"><ele>989.0</ele></trkpt>
<trkpt lat="45.225380" lon="6.310420"><ele>989.0</ele></trkpt>
<trkpt lat="45.225350" lon="6.310390"><ele>989.0</ele></trkpt>
<trkpt lat="45.225190" lon="6.310280"><ele>990.0</ele></trkpt>
<trkpt lat="45.225060" lon="6.310190"><ele>990.0</ele></trkpt>
<trkpt lat="45.225000" lon="6.310140"><ele>991.0</ele></trkpt>
<trkpt lat="45.224920" lon="6.310050"><ele>992.0</ele></trkpt>
<trkpt lat="45.224920" lon="6.310040"><ele>992.0</ele></trkpt>
<trkpt lat="45.224860" lon="6.309950"><ele>993.0</ele></trkpt>
<trkpt lat="45.224790" lon="6.309680"><ele>994.0</ele></trkpt>
<trkpt lat="45.224760" lon="6.309570"><ele>995.0</ele></trkpt>
<trkpt lat="45.224740" lon="6.309490"><ele>995.0</ele></trkpt>
<trkpt lat="45.224690" lon="6.309370"><ele>996.0</ele></trkpt>
<trkpt lat="45.224680" lon="6.309360"><ele>997.0</ele></trkpt>
<trkpt lat="45.224660" lon="6.309310"><ele>997.0</ele></trkpt>
<trkpt lat="45.224610" lon="6.309220"><ele>998.0</ele></trkpt>
<trkpt lat="45.224480" lon="6.309020"><ele>999.0</ele></trkpt>
<trkpt lat="45.224450" lon="6.308970"><ele>1000.0</ele></trkpt>
<trkpt lat="45.224410" lon="6.308910"><ele>1000.0</ele></trkpt>
<trkpt lat="45.224260" lon="6.308730"><ele>1001.0</ele></trkpt>
<trkpt lat="45.224170" lon="6.308640"><ele>1002.0</ele></trkpt>
<trkpt lat="45.224120" lon="6.308580"><ele>1003.0</ele></trkpt>
<trkpt lat="45.224020" lon="6.308500"><ele>1004.0</ele></trkpt>
<trkpt lat="45.224010" lon="6.308490"><ele>1005.0</ele></trkpt>
<trkpt lat="45.223930" lon="6.308450"><ele>1005.0</ele></trkpt>
<trkpt lat="45.223870" lon="6.308430"><ele>1006.0</ele></trkpt>
<trkpt lat="45.223850" lon="6.308430"><ele>1007.0</ele></trkpt>
<trkpt lat="45.223790" lon="6.308430"><ele>1007.0</ele></trkpt>
<trkpt lat="45.223600" lon="6.308430"><ele>1008.0</ele></trkpt>
<trkpt lat="45.223490" lon="6.308430"><ele>1008.0</ele></trkpt>
<trkpt lat="45.223350" lon="6.308420"><ele>1009.0</ele></trkpt>
<trkpt lat="45.223310" lon="6.308420"><ele>1009.0</ele></trkpt>
<trkpt lat="45.223290" lon="6.308420"><ele>1010.0</ele></trkpt>
<trkpt lat="45.223270" lon="6.308410"><ele>1010.0</ele></trkpt>
<trkpt lat="45.223250" lon="6.308400"><ele>1010.0</ele></trkpt>
<trkpt lat="45.223240" lon="6.308390"><ele>1011.0</ele></trkpt>
<trkpt lat="45.223230" lon="6.308380"><ele>1011.0</ele></trkpt>
<trkpt lat="45.223210" lon="6.308360"><ele>1011.0</ele></trkpt>
<trkpt lat="45.223210" lon="6.308340"><ele>1011.0</ele></trkpt>
<trkpt lat="45.223210" lon="6.308320"><ele>1011.0</ele></trkpt>
<trkpt lat="45.223200" lon="6.308310"><ele>1011.0</ele></trkpt>
<trkpt lat="45.223210" lon="6.308290"><ele>1011.0</ele></trkpt>
<trkpt lat="45.223210" lon="6.308270"><ele>1011.0</ele></trkpt>
<trkpt lat="45.223230" lon="6.308230"><ele>1011.0</ele></trkpt>
<trkpt lat="45.223260" lon="6.308200"><ele>1012.0</ele></trkpt>
<trkpt lat="45.223290" lon="6.308190"><ele>1012.0</ele></trkpt>
<trkpt lat="45.223470" lon="6.308190"><ele>1012.0</ele></trkpt>
<trkpt lat="45.223550" lon="6.308190"><ele>1013.0</ele></trkpt>
<trkpt lat="45.223870" lon="6.308200"><ele>1013.0</ele></trkpt>
<trkpt lat="45.223910" lon="6.308200"><ele>1014.0</ele></trkpt>
<trkpt lat="45.223920" lon="6.308210"><ele>1015.0</ele></trkpt>
<trkpt lat="45.223990" lon="6.308220"><ele>1015.0</ele></trkpt>
<trkpt lat="45.224070" lon="6.308260"><ele>1016.0</ele></trkpt>
<trkpt lat="45.224080" lon="6.308270"><ele>1016.0</ele></trkpt>
<trkpt lat="45.224250" lon="6.308380"><ele>1016.0</ele></trkpt>
<trkpt lat="45.224300" lon="6.308420"><ele>1017.0</ele></trkpt>
<trkpt lat="45.224500" lon="6.308550"><ele>1018.0</ele></trkpt>
<trkpt lat="45.224590" lon="6.308620"><ele>1019.0</ele></trkpt>
<trkpt lat="45.224670" lon="6.308690"><ele>1019.0</ele></trkpt>
<trkpt lat="45.224720" lon="6.308750"><ele>1020.0</ele></trkpt>
<trkpt lat="45.224740" lon="6.308780"><ele>1021.0</ele></trkpt>
<trkpt lat="45.224850" lon="6.308920"><ele>1021.0</ele></trkpt>
<trkpt lat="45.224960" lon="6.309060"><ele>1022.0</ele></trkpt>
<trkpt lat="45.224990" lon="6.309090"><ele>1023.0</ele></trkpt>
<trkpt lat="45.225020" lon="6.309130"><ele>1024.0</ele></trkpt>
<trkpt lat="45.225160" lon="6.309250"><ele>1024.0</ele></trkpt>
<trkpt lat="45.225170" lon="6.309260"><ele>1025.0</ele></trkpt>
<trkpt lat="45.225330" lon="6.309360"><ele>1026.0</ele></trkpt>
<trkpt lat="45.225460" lon="6.309440"><ele>1027.0</ele></trkpt>
<trkpt lat="45.225550" lon="6.309490"><ele>1027.0</ele></trkpt>
<trkpt lat="45.225620" lon="6.309550"><ele>1028.0</ele></trkpt>
<trkpt lat="45.225700" lon="6.309610"><ele>1029.0</ele></trkpt>
<trkpt lat="45.225760" lon="6.309660"><ele>1030.0</ele></trkpt>
<trkpt lat="45.225780" lon="6.309670"><ele>1030.0</ele></trkpt>
<trkpt lat="45.225830" lon="6.309680"><ele>1031.0</ele></trkpt>
<trkpt lat="45.225880" lon="6.309690"><ele>1031.0</ele></trkpt>
<trkpt lat="45.225930" lon="6.309690"><ele>1032.0</ele></trkpt>
<trkpt lat="45.225960" lon="6.309680"><ele>1032.0</ele></trkpt>
<trkpt lat="45.225990" lon="6.309670"><ele>1033.0</ele></trkpt>
<trkpt lat="45.226040" lon="6.309630"><ele>1033.0</ele></trkpt>
<trkpt lat="45.226100" lon="6.309530"><ele>1034.0</ele></trkpt>
<trkpt lat="45.226240" lon="6.309360"><ele>1036.0</ele></trkpt>
<trkpt lat="45.226250" lon="6.309340"><ele>1037.0</ele></trkpt>
<trkpt lat="45.226370" lon="6.309200"><ele>1038.0</ele></trkpt>
<trkpt lat="45.226510" lon="6.309030"><ele>1040.0</ele></trkpt>
<trkpt lat="45.226540" lon="6.308990"><ele>1042.0</ele></trkpt>
<trkpt lat="45.226660" lon="6.308890"><ele>1043.0</ele></trkpt>
<trkpt lat="45.226670" lon="6.308880"><ele>1044.0</ele></trkpt>
<trkpt lat="45.226760" lon="6.308770"><ele>1046.0</ele></trkpt>
<trkpt lat="45.226790" lon="6.308720"><ele>1047.0</ele></trkpt>
<trkpt lat="45.226800" lon="6.308710"><ele>1048.0</ele></trkpt>
<trkpt lat="45.226840" lon="6.308610"><ele>1049.0</ele></trkpt>
<trkpt lat="45.226900" lon="6.308510"><ele>1050.0</ele></trkpt>
<trkpt lat="45.226920" lon="6.308470"><ele>1050.0</ele></trkpt>
<trkpt lat="45.227000" lon="6.308380"><ele>1052.0</ele></trkpt>
<trkpt lat="45.227040" lon="6.308350"><ele>1052.0</ele></trkpt>
<trkpt lat="45.227080" lon="6.308310"><ele>1053.0</ele></trkpt>
<trkpt lat="45.227150" lon="6.308280"><ele>1054.0</ele></trkpt>
<trkpt lat="45.227200" lon="6.308270"><ele>1055.0</ele></trkpt>
<trkpt lat="45.227230" lon="6.308260"><ele>1056.0</ele></trkpt>
<trkpt lat="45.227380" lon="6.308290"><ele>1057.0</ele></trkpt>
<trkpt lat="45.227410" lon="6.308290"><ele>1058.0</ele></trkpt>
<trkpt lat="45.227550" lon="6.308350"><ele>1059.0</ele></trkpt>
<trkpt lat="45.227560" lon="6.308350"><ele>1060.0</ele></trkpt>
<trkpt lat="45.227610" lon="6.308360"><ele>1060.0</ele></trkpt>
<trkpt lat="45.227650" lon="6.308370"><ele>1061.0</ele></trkpt>
<trkpt lat="45.227700" lon="6.308370"><ele>1061.0</ele></trkpt>
<trkpt lat="45.227730" lon="6.308360"><ele>1061.0</ele></trkpt>
<trkpt lat="45.227750" lon="6.308350"><ele>1062.0</ele></trkpt>
<trkpt lat="45.227800" lon="6.308330"><ele>1062.0</ele></trkpt>
<trkpt lat="45.227900" lon="6.308250"><ele>1062.0</ele></trkpt>
<trkpt lat="45.227920" lon="6.308230"><ele>1063.0</ele></trkpt>
<trkpt lat="45.228050" lon="6.308110"><ele>1063.0</ele></trkpt>
<trkpt lat="45.228140" lon="6.308020"><ele>1064.0</ele></trkpt>
<trkpt lat="45.228350" lon="6.307870"><ele>1065.0</ele></trkpt>
<trkpt lat="45.228450" lon="6.307730"><ele>1066.0</ele></trkpt>
<trkpt lat="45.228490" lon="6.307690"><ele>1067.0</ele></trkpt>
<trkpt lat="45.228540" lon="6.307650"><ele>1068.0</ele></trkpt>
<trkpt lat="45.228650" lon="6.307550"><ele>1068.0</ele></trkpt>
<trkpt lat="45.228680" lon="6.307530"><ele>1069.0</ele></trkpt>
<trkpt lat="45.228780" lon="6.307460"><ele>1070.0</ele></trkpt>
<trkpt lat="45.228800" lon="6.307430"><ele>1070.0</ele></trkpt>
<trkpt lat="45.228820" lon="6.307400"><ele>1071.0</ele></trkpt>
<trkpt lat="45.228840" lon="6.307340"><ele>1071.0</ele></trkpt>
<trkpt lat="45.228850" lon="6.307250"><ele>1071.0</ele></trkpt>
<trkpt lat="45.228840" lon="6.307200"><ele>1072.0</ele></trkpt>
<trkpt lat="45.228820" lon="6.307150"><ele>1072.0</ele></trkpt>
<trkpt lat="45.228730" lon="6.306990"><ele>1073.0</ele></trkpt>
<trkpt lat="45.228710" lon="6.306960"><ele>1073.0</ele></trkpt>
<trkpt lat="45.228620" lon="6.306790"><ele>1074.0</ele></trkpt>
<trkpt lat="45.228580" lon="6.306680"><ele>1075.0</ele></trkpt>
<trkpt lat="45.228560" lon="6.306580"><ele>1076.0</ele></trkpt>
<trkpt lat="45.228540" lon="6.306490"><ele>1076.0</ele></trkpt>
<trkpt lat="45.228540" lon="6.306450"><ele>1077.0</ele></trkpt>
<trkpt lat="45.228540" lon="6.306360"><ele>1077.0</ele></trkpt>
<trkpt lat="45.228560" lon="6.306260"><ele>1078.0</ele></trkpt>
<trkpt lat="45.228590" lon="6.306210"><ele>1078.0</ele></trkpt>
<trkpt lat="45.228610" lon="6.306180"><ele>1079.0</ele></trkpt>
<trkpt lat="45.228690" lon="6.306150"><ele>1079.0</ele></trkpt>
<trkpt lat="45.228710" lon="6.306150"><ele>1080.0</ele></trkpt>
<trkpt lat="45.228760" lon="6.306160"><ele>1080.0</ele></trkpt>
<trkpt lat="45.228770" lon="6.306170"><ele>1081.0</ele></trkpt>
<trkpt lat="45.228840" lon="6.306220"><ele>1081.0</ele></trkpt>
<trkpt lat="45.228920" lon="6.306260"><ele>1082.0</ele></trkpt>
<trkpt lat="45.229020" lon="6.306320"><ele>1082.0</ele></trkpt>
<trkpt lat="45.229090" lon="6.306360"><ele>1083.0</ele></trkpt>
<trkpt lat="45.229180" lon="6.306410"><ele>1084.0</ele></trkpt>
<trkpt lat="45.229260" lon="6.306450"><ele>1084.0</ele></trkpt>
<trkpt lat="45.229350" lon="6.306500"><ele>1085.0</ele></trkpt>
<trkpt lat="45.229430" lon="6.306500"><ele>1086.0</ele></trkpt>
<trkpt lat="45.229460" lon="6.306500"><ele>1086.0</ele></trkpt>
<trkpt lat="45.229500" lon="6.306500"><ele>1087.0</ele></trkpt>
<trkpt lat="45.229550" lon="6.306460"><ele>1087.0</ele></trkpt>
<trkpt lat="45.229580" lon="6.306410"><ele>1088.0</ele></trkpt>
<trkpt lat="45.229620" lon="6.306350"><ele>1089.0</ele></trkpt>
<trkpt lat="45.229650" lon="6.306250"><ele>1089.0</ele></trkpt>
<trkpt lat="45.229660" lon="6.306180"><ele>1090.0</ele></trkpt>
<trkpt lat="45.229670" lon="6.306170"><ele>1090.0</ele></trkpt>
<trkpt lat="45.229700" lon="6.305800"><ele>1092.0</ele></trkpt>
<trkpt lat="45.229710" lon="6.305670"><ele>1093.0</ele></trkpt>
<trkpt lat="45.229730" lon="6.305630"><ele>1094.0</ele></trkpt>
<trkpt lat="45.229740" lon="6.305600"><ele>1095.0</ele></trkpt>
<trkpt lat="45.229780" lon="6.305560"><ele>1095.0</ele></trkpt>
<trkpt lat="45.229840" lon="6.305540"><ele>1096.0</ele></trkpt>
<trkpt lat="45.229880" lon="6.305540"><ele>1096.0</ele></trkpt>
<trkpt lat="45.229930" lon="6.305550"><ele>1097.0</ele></trkpt>
<trkpt lat="45.230020" lon="6.305620"><ele>1098.0</ele></trkpt>
<trkpt lat="45.230110" lon="6.305720"><ele>1099.0</ele></trkpt>
<trkpt lat="45.230190" lon="6.305820"><ele>1100.0</ele></trkpt>
<trkpt lat="45.230200" lon="6.305840"><ele>1101.0</ele></trkpt>
<trkpt lat="45.230300" lon="6.306010"><ele>1102.0</ele></trkpt>
<trkpt lat="45.230390" lon="6.306130"><ele>1103.0</ele></trkpt>
<trkpt lat="45.230490" lon="6.306170"><ele>1104.0</ele></trkpt>
<trkpt lat="45.230580" lon="6.306160"><ele>1105.0</ele></trkpt>
<trkpt lat="45.230740" lon="6.306090"><ele>1107.0</ele></trkpt>
<trkpt lat="45.230820" lon="6.306050"><ele>1108.0</ele></trkpt>
<trkpt lat="45.231000" lon="6.305960"><ele>1109.0</ele></trkpt>
<trkpt lat="45.231080" lon="6.305900"><ele>1111.0</ele></trkpt>
<trkpt lat="45.231150" lon="6.305790"><ele>1112.0</ele></trkpt>
<trkpt lat="45.231220" lon="6.305610"><ele>1113.0</ele></trkpt>
<trkpt lat="45.231270" lon="6.305510"><ele>1115.0</ele></trkpt>
<trkpt lat="45.231310" lon="6.305450"><ele>1116.0</ele></trkpt>
<trkpt lat="45.231360" lon="6.305400"><ele>1117.0</ele></trkpt>
<trkpt lat="45.231450" lon="6.305380"><ele>1117.0</ele></trkpt>
<trkpt lat="45.231580" lon="6.305380"><ele>1119.0</ele></trkpt>
<trkpt lat="45.231720" lon="6.305370"><ele>1120.0</ele></trkpt>
<trkpt lat="45.231830" lon="6.305320"><ele>1121.0</ele></trkpt>
<trkpt lat="45.231980" lon="6.305210"><ele>1122.0</ele></trkpt>
<trkpt lat="45.232120" lon="6.305120"><ele>1124.0</ele></trkpt>
<trkpt lat="45.232350" lon="6.305060"><ele>1126.0</ele></trkpt>
<trkpt lat="45.232480" lon="6.305050"><ele>1127.0</ele></trkpt>
<trkpt lat="45.232660" lon="6.305040"><ele>1129.0</ele></trkpt>
<trkpt lat="45.232660" lon="6.305030"><ele>1130.0</ele></trkpt>
<trkpt lat="45.232840" lon="6.305050"><ele>1131.0</ele></trkpt>
<trkpt lat="45.232880" lon="6.305050"><ele>1132.0</ele></trkpt>
<trkpt lat="45.233110" lon="6.305110"><ele>1133.0</ele></trkpt>
<trkpt lat="45.233220" lon="6.305130"><ele>1134.0</ele></trkpt>
<trkpt lat="45.233280" lon="6.305130"><ele>1135.0</ele></trkpt>
<trkpt lat="45.233320" lon="6.305070"><ele>1136.0</ele></trkpt>
<trkpt lat="45.233320" lon="6.305060"><ele>1136.0</ele></trkpt>
<trkpt lat="45.233330" lon="6.305030"><ele>1137.0</ele></trkpt>
<trkpt lat="45.233330" lon="6.305000"><ele>1137.0</ele></trkpt>
<trkpt lat="45.233330" lon="6.304970"><ele>1137.0</ele></trkpt>
<trkpt lat="45.233320" lon="6.304950"><ele>1138.0</ele></trkpt>
<trkpt lat="45.233310" lon="6.304940"><ele>1138.0</ele></trkpt>
<trkpt lat="45.233300" lon="6.304930"><ele>1138.0</ele></trkpt>
<trkpt lat="45.233280" lon="6.304920"><ele>1138.0</ele></trkpt>
<trkpt lat="45.233240" lon="6.304900"><ele>1138.0</ele></trkpt>
<trkpt lat="45.233210" lon="6.304890"><ele>1139.0</ele></trkpt>
<trkpt lat="45.233180" lon="6.304900"><ele>1139.0</ele></trkpt>
<trkpt lat="45.233110" lon="6.304910"><ele>1139.0</ele></trkpt>
<trkpt lat="45.233080" lon="6.304910"><ele>1139.0</ele></trkpt>
<trkpt lat="45.233000" lon="6.304890"><ele>1140.0</ele></trkpt>
<trkpt lat="45.232980" lon="6.304890"><ele>1140.0</ele></trkpt>
<trkpt lat="45.232850" lon="6.304840"><ele>1141.0</ele></trkpt>
<trkpt lat="45.232830" lon="6.304840"><ele>1141.0</ele></trkpt>
<trkpt lat="45.232650" lon="6.304770"><ele>1142.0</ele></trkpt>
<trkpt lat="45.232540" lon="6.304730"><ele>1143.0</ele></trkpt>
<trkpt lat="45.232480" lon="6.304700"><ele>1144.0</ele></trkpt>
<trkpt lat="45.232310" lon="6.304650"><ele>1145.0</ele></trkpt>
<trkpt lat="45.232090" lon="6.304600"><ele>1147.0</ele></trkpt>
<trkpt lat="45.231820" lon="6.304600"><ele>1149.0</ele></trkpt>
<trkpt lat="45.231610" lon="6.304590"><ele>1151.0</ele></trkpt>
<trkpt lat="45.231520" lon="6.304580"><ele>1153.0</ele></trkpt>
<trkpt lat="45.231470" lon="6.304560"><ele>1155.0</ele></trkpt>
<trkpt lat="45.231410" lon="6.304520"><ele>1156.0</ele></trkpt>
<trkpt lat="45.231330" lon="6.304460"><ele>1157.0</ele></trkpt>
<trkpt lat="45.231240" lon="6.304440"><ele>1158.0</ele></trkpt>
<trkpt lat="45.231200" lon="6.304440"><ele>1159.0</ele></trkpt>
<trkpt lat="45.231140" lon="6.304460"><ele>1160.0</ele></trkpt>
<trkpt lat="45.231080" lon="6.304510"><ele>1161.0</ele></trkpt>
<trkpt lat="45.231040" lon="6.304530"><ele>1162.0</ele></trkpt>
<trkpt lat="45.230910" lon="6.304680"><ele>1163.0</ele></trkpt>
<trkpt lat="45.230860" lon="6.304720"><ele>1164.0</ele></trkpt>
<trkpt lat="45.230800" lon="6.304750"><ele>1165.0</ele></trkpt>
<trkpt lat="45.230670" lon="6.304780"><ele>1166.0</ele></trkpt>
<trkpt lat="45.230520" lon="6.304790"><ele>1167.0</ele></trkpt>
<trkpt lat="45.230410" lon="6.304760"><ele>1168.0</ele></trkpt>
<trkpt lat="45.230330" lon="6.304730"><ele>1170.0</ele></trkpt>
<trkpt lat="45.230210" lon="6.304670"><ele>1171.0</ele></trkpt>
<trkpt lat="45.230150" lon="6.304630"><ele>1172.0</ele></trkpt>
<trkpt lat="45.230070" lon="6.304590"><ele>1173.0</ele></trkpt>
<trkpt lat="45.229990" lon="6.304540"><ele>1174.0</ele></trkpt>
<trkpt lat="45.229910" lon="6.304480"><ele>1175.0</ele></trkpt>
<trkpt lat="45.229900" lon="6.304470"><ele>1176.0</ele></trkpt>
<trkpt lat="45.229800" lon="6.304370"><ele>1177.0</ele></trkpt>
<trkpt lat="45.229740" lon="6.304210"><ele>1178.0</ele></trkpt>
<trkpt lat="45.229690" lon="6.304090"><ele>1179.0</ele></trkpt>
<trkpt lat="45.229660" lon="6.304010"><ele>1180.0</ele></trkpt>
<trkpt lat="45.229630" lon="6.303870"><ele>1181.0</ele></trkpt>
<trkpt lat="45.229630" lon="6.303850"><ele>1182.0</ele></trkpt>
<trkpt lat="45.229610" lon="6.303700"><ele>1183.0</ele></trkpt>
<trkpt lat="45.229610" lon="6.303600"><ele>1184.0</ele></trkpt>
<trkpt lat="45.229610" lon="6.303560"><ele>1184.0</ele></trkpt>
<trkpt lat="45.229600" lon="6.303510"><ele>1185.0</ele></trkpt>
<trkpt lat="45.229580" lon="6.303440"><ele>1186.0</ele></trkpt>
<trkpt lat="45.229540" lon="6.303380"><ele>1186.0</ele></trkpt>
<trkpt lat="45.229540" lon="6.303370"><ele>1187.0</ele></trkpt>
<trkpt lat="45.229510" lon="6.303330"><ele>1187.0</ele></trkpt>
<trkpt lat="45.229490" lon="6.303320"><ele>1187.0</ele></trkpt>
<trkpt lat="45.229440" lon="6.303300"><ele>1188.0</ele></trkpt>
<trkpt lat="45.229370" lon="6.303320"><ele>1188.0</ele></trkpt>
<trkpt lat="45.229330" lon="6.303350"><ele>1189.0</ele></trkpt>
<trkpt lat="45.229280" lon="6.303420"><ele>1189.0</ele></trkpt>
<trkpt lat="45.229220" lon="6.303550"><ele>1190.0</ele></trkpt>
<trkpt lat="45.229180" lon="6.303700"><ele>1190.0</ele></trkpt>
<trkpt lat="45.229170" lon="6.303730"><ele>1191.0</ele></trkpt>
<trkpt lat="45.229150" lon="6.303860"><ele>1192.0</ele></trkpt>
<trkpt lat="45.229120" lon="6.303940"><ele>1192.0</ele></trkpt>
<trkpt lat="45.229110" lon="6.303960"><ele>1193.0</ele></trkpt>
<trkpt lat="45.229080" lon="6.303990"><ele>1193.0</ele></trkpt>
<trkpt lat="45.229050" lon="6.304010"><ele>1193.0</ele></trkpt>
<trkpt lat="45.228980" lon="6.304010"><ele>1194.0</ele></trkpt>
<trkpt lat="45.228940" lon="6.303990"><ele>1194.0</ele></trkpt>
<trkpt lat="45.228930" lon="6.303990"><ele>1195.0</ele></trkpt>
<trkpt lat="45.228870" lon="6.303950"><ele>1195.0</ele></trkpt>
<trkpt lat="45.228770" lon="6.303910"><ele>1195.0</ele></trkpt>
<trkpt lat="45.228740" lon="6.303900"><ele>1196.0</ele></trkpt>
<trkpt lat="45.228600" lon="6.303830"><ele>1197.0</ele></trkpt>
<trkpt lat="45.228560" lon="6.303820"><ele>1197.0</ele></trkpt>
<trkpt lat="45.228530" lon="6.303790"><ele>1198.0</ele></trkpt>
<trkpt lat="45.228500" lon="6.303760"><ele>1198.0</ele></trkpt>
<trkpt lat="45.228460" lon="6.303710"><ele>1199.0</ele></trkpt>
<trkpt lat="45.228440" lon="6.303640"><ele>1199.0</ele></trkpt>
<trkpt lat="45.228390" lon="6.303450"><ele>1200.0</ele></trkpt>
<trkpt lat="45.228330" lon="6.303210"><ele>1201.0</ele></trkpt>
<trkpt lat="45.228310" lon="6.303140"><ele>1201.0</ele></trkpt>
<trkpt lat="45.228260" lon="6.302980"><ele>1203.0</ele></trkpt>
<trkpt lat="45.228180" lon="6.302740"><ele>1204.0</ele></trkpt>
<trkpt lat="45.228160" lon="6.302670"><ele>1206.0</ele></trkpt>
<trkpt lat="45.228140" lon="6.302630"><ele>1207.0</ele></trkpt>
<trkpt lat="45.228110" lon="6.302590"><ele>1208.0</ele></trkpt>
<trkpt lat="45.228090" lon="6.302570"><ele>1209.0</ele></trkpt>
<trkpt lat="45.228070" lon="6.302570"><ele>1209.0</ele></trkpt>
<trkpt lat="45.228060" lon="6.302560"><ele>1210.0</ele></trkpt>
<trkpt lat="45.227990" lon="6.302560"><ele>1210.0</ele></trkpt>
<trkpt lat="45.227930" lon="6.302600"><ele>1211.0</ele></trkpt>
<trkpt lat="45.227900" lon="6.302630"><ele>1212.0</ele></trkpt>
<trkpt lat="45.227830" lon="6.302710"><ele>1213.0</ele></trkpt>
<trkpt lat="45.227640" lon="6.302970"><ele>1215.0</ele></trkpt>
<trkpt lat="45.227640" lon="6.302980"><ele>1216.0</ele></trkpt>
<trkpt lat="45.227530" lon="6.303180"><ele>1218.0</ele></trkpt>
<trkpt lat="45.227500" lon="6.303240"><ele>1219.0</ele></trkpt>
<trkpt lat="45.227400" lon="6.303520"><ele>1221.0</ele></trkpt>
<trkpt lat="45.227350" lon="6.303620"><ele>1223.0</ele></trkpt>
<trkpt lat="45.227290" lon="6.303780"><ele>1225.0</ele></trkpt>
<trkpt lat="45.227260" lon="6.303840"><ele>1227.0</ele></trkpt>
<trkpt lat="45.227170" lon="6.303970"><ele>1228.0</ele></trkpt>
<trkpt lat="45.227110" lon="6.304060"><ele>1229.0</ele></trkpt>
<trkpt lat="45.227030" lon="6.304110"><ele>1230.0</ele></trkpt>
<trkpt lat="45.226930" lon="6.304130"><ele>1231.0</ele></trkpt>
<trkpt lat="45.226790" lon="6.304110"><ele>1231.0</ele></trkpt>
<trkpt lat="45.226780" lon="6.304110"><ele>1232.0</ele></trkpt>
<trkpt lat="45.226540" lon="6.304170"><ele>1233.0</ele></trkpt>
<trkpt lat="45.226320" lon="6.304250"><ele>1234.0</ele></trkpt>
<trkpt lat="45.226150" lon="6.304320"><ele>1235.0</ele></trkpt>
<trkpt lat="45.226010" lon="6.304360"><ele>1236.0</ele></trkpt>
<trkpt lat="45.225900" lon="6.304380"><ele>1237.0</ele></trkpt>
<trkpt lat="45.225850" lon="6.304370"><ele>1238.0</ele></trkpt>
<trkpt lat="45.225810" lon="6.304350"><ele>1239.0</ele></trkpt>
<trkpt lat="45.225750" lon="6.304320"><ele>1239.0</ele></trkpt>
<trkpt lat="45.225700" lon="6.304290"><ele>1240.0</ele></trkpt>
<trkpt lat="45.225680" lon="6.304260"><ele>1240.0</ele></trkpt>
<trkpt lat="45.225600" lon="6.304160"><ele>1241.0</ele></trkpt>
<trkpt lat="45.225440" lon="6.304010"><ele>1241.0</ele></trkpt>
<trkpt lat="45.225270" lon="6.303900"><ele>1242.0</ele></trkpt>
<trkpt lat="45.225080" lon="6.303800"><ele>1243.0</ele></trkpt>
<trkpt lat="45.225050" lon="6.303790"><ele>1244.0</ele></trkpt>
<trkpt lat="45.224920" lon="6.303730"><ele>1245.0</ele></trkpt>
<trkpt lat="45.224860" lon="6.303710"><ele>1245.0</ele></trkpt>
<trkpt lat="45.224770" lon="6.303700"><ele>1246.0</ele></trkpt>
<trkpt lat="45.224700" lon="6.303720"><ele>1246.0</ele></trkpt>
<trkpt lat="45.224620" lon="6.303730"><ele>1247.0</ele></trkpt>
<trkpt lat="45.224430" lon="6.303830"><ele>1248.0</ele></trkpt>
<trkpt lat="45.224080" lon="6.304070"><ele>1249.0</ele></trkpt>
<trkpt lat="45.224060" lon="6.304070"><ele>1250.0</ele></trkpt>
<trkpt lat="45.224010" lon="6.304100"><ele>1251.0</ele></trkpt>
<trkpt lat="45.223920" lon="6.304130"><ele>1251.0</ele></trkpt>
<trkpt lat="45.223860" lon="6.304140"><ele>1252.0</ele></trkpt>
<trkpt lat="45.223790" lon="6.304140"><ele>1252.0</ele></trkpt>
<trkpt lat="45.223780" lon="6.304140"><ele>1253.0</ele></trkpt>
<trkpt lat="45.223720" lon="6.304120"><ele>1253.0</ele></trkpt>
<trkpt lat="45.223640" lon="6.304090"><ele>1254.0</ele></trkpt>
<trkpt lat="45.223560" lon="6.304080"><ele>1254.0</ele></trkpt>
<trkpt lat="45.223500" lon="6.304080"><ele>1255.0</ele></trkpt>
<trkpt lat="45.223430" lon="6.304080"><ele>1255.0</ele></trkpt>
<trkpt lat="45.223380" lon="6.304070"><ele>1255.0</ele></trkpt>
<trkpt lat="45.223350" lon="6.304040"><ele>1256.0</ele></trkpt>
<trkpt lat="45.223300" lon="6.303970"><ele>1256.0</ele></trkpt>
<trkpt lat="45.223250" lon="6.303860"><ele>1257.0</ele></trkpt>
<trkpt lat="45.223220" lon="6.303820"><ele>1257.0</ele></trkpt>
<trkpt lat="45.223200" lon="6.303780"><ele>1258.0</ele></trkpt>
<trkpt lat="45.223150" lon="6.303710"><ele>1258.0</ele></trkpt>
<trkpt lat="45.223120" lon="6.303680"><ele>1258.0</ele></trkpt>
<trkpt lat="45.223080" lon="6.303660"><ele>1259.0</ele></trkpt>
<trkpt lat="45.223020" lon="6.303630"><ele>1259.0</ele></trkpt>
<trkpt lat="45.223000" lon="6.303630"><ele>1259.0</ele></trkpt>
<trkpt lat="45.222950" lon="6.303640"><ele>1260.0</ele></trkpt>
<trkpt lat="45.222910" lon="6.303660"><ele>1260.0</ele></trkpt>
<trkpt lat="45.222820" lon="6.303740"><ele>1260.0</ele></trkpt>
<trkpt lat="45.222660" lon="6.303940"><ele>1261.0</ele></trkpt>
<trkpt lat="45.222640" lon="6.303960"><ele>1262.0</ele></trkpt>
<trkpt lat="45.222520" lon="6.304060"><ele>1263.0</ele></trkpt>
<trkpt lat="45.222510" lon="6.304070"><ele>1263.0</ele></trkpt>
<trkpt lat="45.222480" lon="6.304080"><ele>1263.0</ele></trkpt>
<trkpt lat="45.222470" lon="6.304090"><ele>1264.0</ele></trkpt>
<trkpt lat="45.222420" lon="6.304090"><ele>1264.0</ele></trkpt>
<trkpt lat="45.222360" lon="6.304090"><ele>1264.0</ele></trkpt>
<trkpt lat="45.222310" lon="6.304080"><ele>1265.0</ele></trkpt>
<trkpt lat="45.222290" lon="6.304060"><ele>1265.0</ele></trkpt>
<trkpt lat="45.222190" lon="6.304000"><ele>1266.0</ele></trkpt>
<trkpt lat="45.222080" lon="6.303890"><ele>1268.0</ele></trkpt>
<trkpt lat="45.222010" lon="6.303770"><ele>1270.0</ele></trkpt>
<trkpt lat="45.221960" lon="6.303680"><ele>1272.0</ele></trkpt>
<trkpt lat="45.221910" lon="6.303620"><ele>1273.0</ele></trkpt>
<trkpt lat="45.221880" lon="6.303590"><ele>1275.0</ele></trkpt>
<trkpt lat="45.221860" lon="6.303580"><ele>1276.0</ele></trkpt>
<trkpt lat="45.221820" lon="6.303560"><ele>1277.0</ele></trkpt>
<trkpt lat="45.221770" lon="6.303560"><ele>1278.0</ele></trkpt>
<trkpt lat="45.221730" lon="6.303560"><ele>1279.0</ele></trkpt>
<trkpt lat="45.221700" lon="6.303570"><ele>1279.0</ele></trkpt>
<trkpt lat="45.221690" lon="6.303580"><ele>1280.0</ele></trkpt>
<trkpt lat="45.221540" lon="6.303700"><ele>1282.0</ele></trkpt>
<trkpt lat="45.221530" lon="6.303710"><ele>1283.0</ele></trkpt>
<trkpt lat="45.221450" lon="6.303790"><ele>1284.0</ele></trkpt>
<trkpt lat="45.221390" lon="6.303850"><ele>1286.0</ele></trkpt>
<trkpt lat="45.221350" lon="6.303890"><ele>1287.0</ele></trkpt>
<trkpt lat="45.221260" lon="6.303980"><ele>1289.0</ele></trkpt>
<trkpt lat="45.221190" lon="6.304050"><ele>1291.0</ele></trkpt>
<trkpt lat="45.221070" lon="6.304190"><ele>1293.0</ele></trkpt>
<trkpt lat="45.221050" lon="6.304210"><ele>1294.0</ele></trkpt>
<trkpt lat="45.220980" lon="6.304300"><ele>1296.0</ele></trkpt>
<trkpt lat="45.220980" lon="6.304310"><ele>1297.0</ele></trkpt>
<trkpt lat="45.220930" lon="6.304400"><ele>1299.0</ele></trkpt>
<trkpt lat="45.220910" lon="6.304420"><ele>1300.0</ele></trkpt>
<trkpt lat="45.220880" lon="6.304510"><ele>1301.0</ele></trkpt>
<trkpt lat="45.220860" lon="6.304560"><ele>1302.0</ele></trkpt>
<trkpt lat="45.220750" lon="6.304830"><ele>1302.0</ele></trkpt>
<trkpt lat="45.220720" lon="6.304890"><ele>1302.0</ele></trkpt>
<trkpt lat="45.220650" lon="6.305050"><ele>1302.0</ele></trkpt>
<trkpt lat="45.220640" lon="6.305070"><ele>1302.0</ele></trkpt>
<trkpt lat="45.220580" lon="6.305140"><ele>1302.0</ele></trkpt>
<trkpt lat="45.220520" lon="6.305220"><ele>1301.0</ele></trkpt>
<trkpt lat="45.220510" lon="6.305230"><ele>1301.0</ele></trkpt>
<trkpt lat="45.220440" lon="6.305300"><ele>1301.0</ele></trkpt>
<trkpt lat="45.220370" lon="6.305380"><ele>1301.0</ele></trkpt>
<trkpt lat="45.220370" lon="6.305390"><ele>1300.0</ele></trkpt>
<trkpt lat="45.220290" lon="6.305440"><ele>1300.0</ele></trkpt>
<trkpt lat="45.220160" lon="6.305540"><ele>1300.0</ele></trkpt>
<trkpt lat="45.220050" lon="6.305590"><ele>1299.0</ele></trkpt>
<trkpt lat="45.219960" lon="6.305640"><ele>1299.0</ele></trkpt>
<trkpt lat="45.219920" lon="6.305660"><ele>1298.0</ele></trkpt>
<trkpt lat="45.219790" lon="6.305700"><ele>1298.0</ele></trkpt>
<trkpt lat="45.219700" lon="6.305730"><ele>1298.0</ele></trkpt>
<trkpt lat="45.219510" lon="6.305800"><ele>1297.0</ele></trkpt>
<trkpt lat="45.219440" lon="6.305820"><ele>1296.0</ele></trkpt>
<trkpt lat="45.219400" lon="6.305830"><ele>1296.0</ele></trkpt>
<trkpt lat="45.219350" lon="6.305840"><ele>1296.0</ele></trkpt>
<trkpt lat="45.219280" lon="6.305860"><ele>1297.0</ele></trkpt>
<trkpt lat="45.219180" lon="6.305900"><ele>1297.0</ele></trkpt>
<trkpt lat="45.219140" lon="6.305910"><ele>1298.0</ele></trkpt>
<trkpt lat="45.219030" lon="6.305920"><ele>1299.0</ele></trkpt>
<trkpt lat="45.218940" lon="6.305930"><ele>1300.0</ele></trkpt>
<trkpt lat="45.218840" lon="6.305910"><ele>1301.0</ele></trkpt>
<trkpt lat="45.218750" lon="6.305900"><ele>1302.0</ele></trkpt>
<trkpt lat="45.218590" lon="6.305860"><ele>1303.0</ele></trkpt>
<trkpt lat="45.218520" lon="6.305830"><ele>1304.0</ele></trkpt>
<trkpt lat="45.218460" lon="6.305770"><ele>1305.0</ele></trkpt>
<trkpt lat="45.218390" lon="6.305700"><ele>1306.0</ele></trkpt>
<trkpt lat="45.218330" lon="6.305610"><ele>1307.0</ele></trkpt>
<trkpt lat="45.218320" lon="6.305600"><ele>1307.0</ele></trkpt>
<trkpt lat="45.218260" lon="6.305540"><ele>1306.9</ele></trkpt>
<trkpt lat="45.218170" lon="6.305490"><ele>1306.8</ele></trkpt>
<trkpt lat="45.218160" lon="6.305490"><ele>1306.8</ele></trkpt>
<trkpt lat="45.218070" lon="6.305490"><ele>1306.7</ele></trkpt>
<trkpt lat="45.217980" lon="6.305510"><ele>1306.6</ele></trkpt>
<trkpt lat="45.217630" lon="6.305600"><ele>1306.2</ele></trkpt>
<trkpt lat="45.217450" lon="6.305640"><ele>1306.0</ele></trkpt>
<trkpt lat="45.217100" lon="6.305730"><ele>1305.6</ele></trkpt>
<trkpt lat="45.216840" lon="6.305790"><ele>1305.3</ele></trkpt>
<trkpt lat="45.216510" lon="6.305880"><ele>1305.0</ele></trkpt>
<trkpt lat="45.216500" lon="6.305880"><ele>1305.0</ele></trkpt>
<trkpt lat="45.216450" lon="6.305890"><ele>1304.9</ele></trkpt>
<trkpt lat="45.216140" lon="6.305970"><ele>1304.6</ele></trkpt>
<trkpt lat="45.215790" lon="6.306040"><ele>1304.2</ele></trkpt>
<trkpt lat="45.215610" lon="6.306080"><ele>1304.0</ele></trkpt>
<trkpt lat="45.215250" lon="6.306150"><ele>1303.7</ele></trkpt>
<trkpt lat="45.214900" lon="6.306220"><ele>1303.3</ele></trkpt>
<trkpt lat="45.214720" lon="6.306260"><ele>1303.1</ele></trkpt>
<trkpt lat="45.214010" lon="6.306400"><ele>1302.3</ele></trkpt>
<trkpt lat="45.213830" lon="6.306430"><ele>1302.1</ele></trkpt>
<trkpt lat="45.213470" lon="6.306500"><ele>1301.8</ele></trkpt>
<trkpt lat="45.212940" lon="6.306610"><ele>1301.2</ele></trkpt>
<trkpt lat="45.212580" lon="6.306680"><ele>1300.8</ele></trkpt>
<trkpt lat="45.212400" lon="6.306720"><ele>1300.6</ele></trkpt>
<trkpt lat="45.212010" lon="6.306790"><ele>1300.2</ele></trkpt>
<trkpt lat="45.211660" lon="6.306850"><ele>1299.8</ele></trkpt>
<trkpt lat="45.211610" lon="6.306850"><ele>1299.8</ele></trkpt>
<trkpt lat="45.211550" lon="6.306820"><ele>1299.7</ele></trkpt>
<trkpt lat="45.211520" lon="6.306790"><ele>1299.7</ele></trkpt>
<trkpt lat="45.211470" lon="6.306720"><ele>1299.6</ele></trkpt>
<trkpt lat="45.211420" lon="6.306670"><ele>1299.5</ele></trkpt>
<trkpt lat="45.211390" lon="6.306610"><ele>1299.5</ele></trkpt>
<trkpt lat="45.211360" lon="6.306590"><ele>1299.4</ele></trkpt>
<trkpt lat="45.211310" lon="6.306530"><ele>1299.4</ele></trkpt>
<trkpt lat="45.211280" lon="6.306510"><ele>1299.3</ele></trkpt>
<trkpt lat="45.211190" lon="6.306440"><ele>1299.2</ele></trkpt>
<trkpt lat="45.211100" lon="6.306400"><ele>1299.1</ele></trkpt>
<trkpt lat="45.211080" lon="6.306400"><ele>1299.1</ele></trkpt>
<trkpt lat="45.210960" lon="6.306400"><ele>1299.0</ele></trkpt>
<trkpt lat="45.210940" lon="6.306400"><ele>1299.0</ele></trkpt>
<trkpt lat="45.210830" lon="6.306440"><ele>1298.8</ele></trkpt>
<trkpt lat="45.210710" lon="6.306500"><ele>1298.7</ele></trkpt>
<trkpt lat="45.210660" lon="6.306540"><ele>1298.6</ele></trkpt>
<trkpt lat="45.210590" lon="6.306600"><ele>1298.6</ele></trkpt>
<trkpt lat="45.210510" lon="6.306680"><ele>1298.5</ele></trkpt>
<trkpt lat="45.210390" lon="6.306800"><ele>1298.3</ele></trkpt>
<trkpt lat="45.210150" lon="6.307070"><ele>1298.0</ele></trkpt>
<trkpt lat="45.210150" lon="6.307070"><ele>1297.0</ele></trkpt>
<trkpt lat="45.210130" lon="6.307100"><ele>1296.0</ele></trkpt>
<trkpt lat="45.209860" lon="6.307390"><ele>1296.0</ele></trkpt>
<trkpt lat="45.209800" lon="6.307460"><ele>1296.0</ele></trkpt>
<trkpt lat="45.209670" lon="6.307630"><ele>1295.0</ele></trkpt>
<trkpt lat="45.209660" lon="6.307630"><ele>1295.0</ele></trkpt>
<trkpt lat="45.209490" lon="6.307830"><ele>1295.0</ele></trkpt>
<trkpt lat="45.209330" lon="6.308050"><ele>1295.0</ele></trkpt>
<trkpt lat="45.209220" lon="6.308270"><ele>1295.0</ele></trkpt>
<trkpt lat="45.209040" lon="6.308810"><ele>1295.0</ele></trkpt>
<trkpt lat="45.209020" lon="6.308830"><ele>1295.0</ele></trkpt>
<trkpt lat="45.209000" lon="6.308870"><ele>1295.0</ele></trkpt>
<trkpt lat="45.208960" lon="6.308920"><ele>1295.0</ele></trkpt>
<trkpt lat="45.208860" lon="6.308990"><ele>1294.0</ele></trkpt>
<trkpt lat="45.208700" lon="6.309050"><ele>1294.0</ele></trkpt>
<trkpt lat="45.208560" lon="6.309100"><ele>1294.0</ele></trkpt>
<trkpt lat="45.208530" lon="6.309110"><ele>1294.0</ele></trkpt>
<trkpt lat="45.208350" lon="6.309150"><ele>1294.0</ele></trkpt>
<trkpt lat="45.208220" lon="6.309170"><ele>1294.0</ele></trkpt>
<trkpt lat="45.208170" lon="6.309170"><ele>1294.0</ele></trkpt>
<trkpt lat="45.208130" lon="6.309170"><ele>1294.0</ele></trkpt>
<trkpt lat="45.208050" lon="6.309140"><ele>1294.0</ele></trkpt>
<trkpt lat="45.207790" lon="6.308830"><ele>1293.0</ele></trkpt>
<trkpt lat="45.207730" lon="6.308770"><ele>1293.0</ele></trkpt>
<trkpt lat="45.207710" lon="6.308750"><ele>1293.0</ele></trkpt>
<trkpt lat="45.207620" lon="6.308690"><ele>1293.0</ele></trkpt>
<trkpt lat="45.207560" lon="6.308670"><ele>1293.0</ele></trkpt>
<trkpt lat="45.207380" lon="6.308600"><ele>1293.0</ele></trkpt>
<trkpt lat="45.207210" lon="6.308570"><ele>1293.0</ele></trkpt>
<trkpt lat="45.207040" lon="6.308520"><ele>1292.0</ele></trkpt>
<trkpt lat="45.206980" lon="6.308510"><ele>1292.0</ele></trkpt>
<trkpt lat="45.206860" lon="6.308480"><ele>1292.0</ele></trkpt>
<trkpt lat="45.206680" lon="6.308430"><ele>1292.0</ele></trkpt>
<trkpt lat="45.206500" lon="6.308390"><ele>1292.0</ele></trkpt>
<trkpt lat="45.206290" lon="6.308320"><ele>1291.0</ele></trkpt>
<trkpt lat="45.206010" lon="6.308160"><ele>1291.0</ele></trkpt>
<trkpt lat="45.205590" lon="6.307950"><ele>1290.0</ele></trkpt>
<trkpt lat="45.205190" lon="6.307760"><ele>1290.0</ele></trkpt>
<trkpt lat="45.205040" lon="6.307700"><ele>1289.0</ele></trkpt>
<trkpt lat="45.204940" lon="6.307640"><ele>1289.0</ele></trkpt>
<trkpt lat="45.204850" lon="6.307550"><ele>1288.0</ele></trkpt>
<trkpt lat="45.204680" lon="6.307370"><ele>1288.0</ele></trkpt>
<trkpt lat="45.204600" lon="6.307290"><ele>1288.0</ele></trkpt>
<trkpt lat="45.204540" lon="6.307240"><ele>1287.0</ele></trkpt>
<trkpt lat="45.204520" lon="6.307230"><ele>1287.0</ele></trkpt>
<trkpt lat="45.204300" lon="6.307080"><ele>1287.0</ele></trkpt>
<trkpt lat="45.203970" lon="6.306830"><ele>1286.0</ele></trkpt>
<trkpt lat="45.203900" lon="6.306790"><ele>1285.0</ele></trkpt>
<trkpt lat="45.203790" lon="6.306740"><ele>1284.0</ele></trkpt>
<trkpt lat="45.203710" lon="6.306710"><ele>1282.0</ele></trkpt>
<trkpt lat="45.203710" lon="6.306700"><ele>1280.0</ele></trkpt>
<trkpt lat="45.203610" lon="6.306690"><ele>1279.0</ele></trkpt>
<trkpt lat="45.203530" lon="6.306680"><ele>1277.0</ele></trkpt>
<trkpt lat="45.203450" lon="6.306670"><ele>1275.0</ele></trkpt>
<trkpt lat="45.203350" lon="6.306670"><ele>1272.0</ele></trkpt>
<trkpt lat="45.203240" lon="6.306660"><ele>1270.0</ele></trkpt>
<trkpt lat="45.203170" lon="6.306640"><ele>1268.0</ele></trkpt>
<trkpt lat="45.202970" lon="6.306580"><ele>1264.0</ele></trkpt>
<trkpt lat="45.202690" lon="6.306460"><ele>1259.0</ele></trkpt>
<trkpt lat="45.202650" lon="6.306450"><ele>1255.0</ele></trkpt>
<trkpt lat="45.202440" lon="6.306370"><ele>1251.0</ele></trkpt>
<trkpt lat="45.202360" lon="6.306300"><ele>1247.0</ele></trkpt>
<trkpt lat="45.202330" lon="6.306270"><ele>1244.0</ele></trkpt>
<trkpt lat="45.202300" lon="6.306220"><ele>1242.0</ele></trkpt>
<trkpt lat="45.202280" lon="6.306190"><ele>1240.0</ele></trkpt>
<trkpt lat="45.202270" lon="6.306140"><ele>1239.0</ele></trkpt>
<trkpt lat="45.202270" lon="6.306020"><ele>1238.0</ele></trkpt>
<trkpt lat="45.202270" lon="6.305990"><ele>1237.0</ele></trkpt>
<trkpt lat="45.202280" lon="6.305710"><ele>1237.0</ele></trkpt>
<trkpt lat="45.202300" lon="6.305280"><ele>1236.0</ele></trkpt>
<trkpt lat="45.202310" lon="6.304900"><ele>1236.0</ele></trkpt>
<trkpt lat="45.202310" lon="6.304760"><ele>1236.0</ele></trkpt>
<trkpt lat="45.202310" lon="6.304750"><ele>1236.0</ele></trkpt>
<trkpt lat="45.202310" lon="6.304660"><ele>1236.0</ele></trkpt>
<trkpt lat="45.202290" lon="6.304570"><ele>1237.0</ele></trkpt>
<trkpt lat="45.202270" lon="6.304500"><ele>1237.0</ele></trkpt>
<trkpt lat="45.202240" lon="6.304410"><ele>1237.0</ele></trkpt>
<trkpt lat="45.202130" lon="6.304180"><ele>1237.0</ele></trkpt>
<trkpt lat="45.202080" lon="6.304050"><ele>1237.0</ele></trkpt>
<trkpt lat="45.202060" lon="6.304010"><ele>1237.0</ele></trkpt>
<trkpt lat="45.202020" lon="6.303930"><ele>1237.0</ele></trkpt>
<trkpt lat="45.201830" lon="6.303550"><ele>1237.0</ele></trkpt>
<trkpt lat="45.201640" lon="6.303240"><ele>1238.0</ele></trkpt>
<trkpt lat="45.201630" lon="6.303220"><ele>1239.0</ele></trkpt>
<trkpt lat="45.201510" lon="6.303060"><ele>1240.0</ele></trkpt>
<trkpt lat="45.201420" lon="6.302930"><ele>1241.0</ele></trkpt>
<trkpt lat="45.201390" lon="6.302890"><ele>1242.0</ele></trkpt>
<trkpt lat="45.201260" lon="6.302750"><ele>1243.0</ele></trkpt>
<trkpt lat="45.201250" lon="6.302730"><ele>1244.0</ele></trkpt>
<trkpt lat="45.201170" lon="6.302660"><ele>1245.0</ele></trkpt>
<trkpt lat="45.201090" lon="6.302600"><ele>1245.0</ele></trkpt>
<trkpt lat="45.201080" lon="6.302590"><ele>1246.0</ele></trkpt>
<trkpt lat="45.201000" lon="6.302540"><ele>1247.0</ele></trkpt>
<trkpt lat="45.200810" lon="6.302460"><ele>1248.0</ele></trkpt>
<trkpt lat="45.200780" lon="6.302450"><ele>1249.0</ele></trkpt>
<trkpt lat="45.200590" lon="6.302400"><ele>1250.0</ele></trkpt>
<trkpt lat="45.200570" lon="6.302400"><ele>1251.0</ele></trkpt>
<trkpt lat="45.200390" lon="6.302380"><ele>1252.0</ele></trkpt>
<trkpt lat="45.200230" lon="6.302390"><ele>1253.0</ele></trkpt>
<trkpt lat="45.200210" lon="6.302390"><ele>1254.0</ele></trkpt>
<trkpt lat="45.200050" lon="6.302480"><ele>1254.0</ele></trkpt>
<trkpt lat="45.199780" lon="6.302630"><ele>1252.0</ele></trkpt>
<trkpt lat="45.199550" lon="6.302790"><ele>1250.0</ele></trkpt>
<trkpt lat="45.199480" lon="6.302840"><ele>1248.0</ele></trkpt>
<trkpt lat="45.199390" lon="6.302900"><ele>1247.0</ele></trkpt>
<trkpt lat="45.199270" lon="6.302980"><ele>1245.0</ele></trkpt>
<trkpt lat="45.199230" lon="6.303010"><ele>1244.0</ele></trkpt>
<trkpt lat="45.199130" lon="6.303050"><ele>1243.0</ele></trkpt>
<trkpt lat="45.199060" lon="6.303070"><ele>1242.0</ele></trkpt>
<trkpt lat="45.198950" lon="6.303100"><ele>1240.0</ele></trkpt>
<trkpt lat="45.198880" lon="6.303120"><ele>1239.0</ele></trkpt>
<trkpt lat="45.198700" lon="6.303170"><ele>1238.0</ele></trkpt>
<trkpt lat="45.198680" lon="6.303170"><ele>1237.0</ele></trkpt>
<trkpt lat="45.198530" lon="6.303230"><ele>1235.0</ele></trkpt>
<trkpt lat="45.198450" lon="6.303250"><ele>1235.0</ele></trkpt>
<trkpt lat="45.198330" lon="6.303280"><ele>1234.0</ele></trkpt>
<trkpt lat="45.198270" lon="6.303290"><ele>1234.0</ele></trkpt>
<trkpt lat="45.198240" lon="6.303300"><ele>1235.0</ele></trkpt>
<trkpt lat="45.198220" lon="6.303300"><ele>1235.0</ele></trkpt>
<trkpt lat="45.198210" lon="6.303300"><ele>1235.0</ele></trkpt>
<trkpt lat="45.198190" lon="6.303290"><ele>1235.0</ele></trkpt>
<trkpt lat="45.198160" lon="6.303280"><ele>1235.0</ele></trkpt>
<trkpt lat="45.198140" lon="6.303260"><ele>1235.0</ele></trkpt>
<trkpt lat="45.198120" lon="6.303240"><ele>1235.0</ele></trkpt>
<trkpt lat="45.198110" lon="6.303220"><ele>1236.0</ele></trkpt>
<trkpt lat="45.198100" lon="6.303220"><ele>1236.0</ele></trkpt>
<trkpt lat="45.198080" lon="6.303190"><ele>1236.0</ele></trkpt>
<trkpt lat="45.198050" lon="6.303140"><ele>1236.0</ele></trkpt>
<trkpt lat="45.198030" lon="6.303090"><ele>1236.0</ele></trkpt>
<trkpt lat="45.198020" lon="6.303040"><ele>1237.0</ele></trkpt>
<trkpt lat="45.198010" lon="6.303010"><ele>1237.0</ele></trkpt>
<trkpt lat="45.198010" lon="6.302990"><ele>1237.0</ele></trkpt>
<trkpt lat="45.198000" lon="6.302940"><ele>1237.0</ele></trkpt>
<trkpt lat="45.197990" lon="6.302890"><ele>1238.0</ele></trkpt>
<trkpt lat="45.197990" lon="6.302850"><ele>1238.0</ele></trkpt>
<trkpt lat="45.197990" lon="6.302790"><ele>1238.0</ele></trkpt>
<trkpt lat="45.198000" lon="6.302760"><ele>1238.0</ele></trkpt>
<trkpt lat="45.198000" lon="6.302730"><ele>1239.0</ele></trkpt>
<trkpt lat="45.198020" lon="6.302640"><ele>1239.0</ele></trkpt>
<trkpt lat="45.198050" lon="6.302510"><ele>1239.0</ele></trkpt>
<trkpt lat="45.198100" lon="6.302350"><ele>1240.0</ele></trkpt>
<trkpt lat="45.198110" lon="6.302280"><ele>1240.0</ele></trkpt>
<trkpt lat="45.198120" lon="6.302150"><ele>1241.0</ele></trkpt>
<trkpt lat="45.198130" lon="6.302020"><ele>1242.0</ele></trkpt>
<trkpt lat="45.198130" lon="6.302010"><ele>1242.0</ele></trkpt>
<trkpt lat="45.198130" lon="6.301880"><ele>1243.0</ele></trkpt>
<trkpt lat="45.198120" lon="6.301760"><ele>1243.0</ele></trkpt>
<trkpt lat="45.198120" lon="6.301750"><ele>1244.0</ele></trkpt>
<trkpt lat="45.198090" lon="6.301600"><ele>1244.0</ele></trkpt>
<trkpt lat="45.198060" lon="6.301480"><ele>1245.0</ele></trkpt>
<trkpt lat="45.198040" lon="6.301390"><ele>1245.0</ele></trkpt>
<trkpt lat="45.198010" lon="6.301320"><ele>1246.0</ele></trkpt>
<trkpt lat="45.197990" lon="6.301290"><ele>1246.0</ele></trkpt>
<trkpt lat="45.197960" lon="6.301260"><ele>1246.0</ele></trkpt>
<trkpt lat="45.197940" lon="6.301230"><ele>1246.0</ele></trkpt>
<trkpt lat="45.197900" lon="6.301190"><ele>1245.0</ele></trkpt>
<trkpt lat="45.197850" lon="6.301160"><ele>1245.0</ele></trkpt>
<trkpt lat="45.197840" lon="6.301150"><ele>1245.0</ele></trkpt>
<trkpt lat="45.197790" lon="6.301130"><ele>1245.0</ele></trkpt>
<trkpt lat="45.197720" lon="6.301110"><ele>1244.0</ele></trkpt>
<trkpt lat="45.197660" lon="6.301110"><ele>1244.0</ele></trkpt>
<trkpt lat="45.197650" lon="6.301110"><ele>1244.0</ele></trkpt>
<trkpt lat="45.197480" lon="6.301120"><ele>1243.0</ele></trkpt>
<trkpt lat="45.197470" lon="6.301120"><ele>1243.0</ele></trkpt>
<trkpt lat="45.197300" lon="6.301140"><ele>1242.0</ele></trkpt>
<trkpt lat="45.197260" lon="6.301150"><ele>1242.0</ele></trkpt>
<trkpt lat="45.197130" lon="6.301170"><ele>1241.0</ele></trkpt>
<trkpt lat="45.197110" lon="6.301170"><ele>1240.0</ele></trkpt>
<trkpt lat="45.197030" lon="6.301170"><ele>1240.0</ele></trkpt>
<trkpt lat="45.196930" lon="6.301150"><ele>1239.0</ele></trkpt>
<trkpt lat="45.196790" lon="6.300940"><ele>1239.0</ele></trkpt>
<trkpt lat="45.196650" lon="6.300720"><ele>1237.0</ele></trkpt>
<trkpt lat="45.196520" lon="6.300560"><ele>1236.0</ele></trkpt>
<trkpt lat="45.196440" lon="6.300480"><ele>1235.0</ele></trkpt>
<trkpt lat="45.196350" lon="6.300430"><ele>1235.0</ele></trkpt>
<trkpt lat="45.196290" lon="6.300410"><ele>1234.0</ele></trkpt>
<trkpt lat="45.196270" lon="6.300390"><ele>1234.0</ele></trkpt>
<trkpt lat="45.196240" lon="6.300350"><ele>1234.0</ele></trkpt>
<trkpt lat="45.196200" lon="6.300250"><ele>1234.0</ele></trkpt>
<trkpt lat="45.196120" lon="6.299960"><ele>1234.0</ele></trkpt>
<trkpt lat="45.196040" lon="6.299670"><ele>1234.0</ele></trkpt>
<trkpt lat="45.196010" lon="6.299420"><ele>1235.0</ele></trkpt>
<trkpt lat="45.195990" lon="6.299320"><ele>1235.0</ele></trkpt>
<trkpt lat="45.195970" lon="6.299000"><ele>1235.0</ele></trkpt>
<trkpt lat="45.195960" lon="6.298920"><ele>1235.0</ele></trkpt>
<trkpt lat="45.195950" lon="6.298800"><ele>1235.0</ele></trkpt>
<trkpt lat="45.195890" lon="6.298670"><ele>1236.0</ele></trkpt>
<trkpt lat="45.195800" lon="6.298590"><ele>1236.0</ele></trkpt>
<trkpt lat="45.195640" lon="6.298470"><ele>1236.0</ele></trkpt>
<trkpt lat="45.195580" lon="6.298450"><ele>1236.0</ele></trkpt>
<trkpt lat="45.195410" lon="6.298360"><ele>1237.0</ele></trkpt>
<trkpt lat="45.195290" lon="6.298300"><ele>1237.0</ele></trkpt>
<trkpt lat="45.195070" lon="6.298200"><ele>1238.0</ele></trkpt>
<trkpt lat="45.195020" lon="6.298180"><ele>1238.0</ele></trkpt>
<trkpt lat="45.194830" lon="6.298080"><ele>1239.0</ele></trkpt>
<trkpt lat="45.194730" lon="6.298030"><ele>1239.0</ele></trkpt>
<trkpt lat="45.194550" lon="6.297920"><ele>1240.0</ele></trkpt>
<trkpt lat="45.194310" lon="6.297750"><ele>1241.0</ele></trkpt>
<trkpt lat="45.194100" lon="6.297570"><ele>1242.0</ele></trkpt>
<trkpt lat="45.193960" lon="6.297390"><ele>1243.0</ele></trkpt>
<trkpt lat="45.193950" lon="6.297370"><ele>1243.0</ele></trkpt>
<trkpt lat="45.193840" lon="6.297140"><ele>1244.0</ele></trkpt>
<trkpt lat="45.193760" lon="6.296960"><ele>1245.0</ele></trkpt>
<trkpt lat="45.193630" lon="6.296570"><ele>1246.0</ele></trkpt>
<trkpt lat="45.193610" lon="6.296510"><ele>1247.0</ele></trkpt>
<trkpt lat="45.193540" lon="6.296290"><ele>1247.0</ele></trkpt>
<trkpt lat="45.193490" lon="6.296080"><ele>1248.0</ele></trkpt>
<trkpt lat="45.193450" lon="6.295850"><ele>1249.0</ele></trkpt>
<trkpt lat="45.193440" lon="6.295670"><ele>1250.0</ele></trkpt>
<trkpt lat="45.193430" lon="6.295570"><ele>1250.0</ele></trkpt>
<trkpt lat="45.193410" lon="6.295400"><ele>1251.0</ele></trkpt>
<trkpt lat="45.193390" lon="6.295200"><ele>1252.0</ele></trkpt>
<trkpt lat="45.193360" lon="6.295040"><ele>1252.0</ele></trkpt>
<trkpt lat="45.193360" lon="6.295020"><ele>1253.0</ele></trkpt>
<trkpt lat="45.193340" lon="6.294970"><ele>1253.0</ele></trkpt>
<trkpt lat="45.193290" lon="6.294790"><ele>1253.0</ele></trkpt>
<trkpt lat="45.193260" lon="6.294670"><ele>1254.0</ele></trkpt>
<trkpt lat="45.193100" lon="6.294200"><ele>1254.0</ele></trkpt>
<trkpt lat="45.192900" lon="6.293640"><ele>1255.0</ele></trkpt>
<trkpt lat="45.192870" lon="6.293530"><ele>1256.0</ele></trkpt>
<trkpt lat="45.192860" lon="6.293510"><ele>1256.0</ele></trkpt>
<trkpt lat="45.192810" lon="6.293420"><ele>1257.0</ele></trkpt>
<trkpt lat="45.192780" lon="6.293350"><ele>1257.0</ele></trkpt>
<trkpt lat="45.192690" lon="6.293200"><ele>1258.0</ele></trkpt>
<trkpt lat="45.192550" lon="6.293060"><ele>1258.0</ele></trkpt>
<trkpt lat="45.192500" lon="6.292980"><ele>1258.0</ele></trkpt>
<trkpt lat="45.192430" lon="6.292890"><ele>1259.0</ele></trkpt>
<trkpt lat="45.192420" lon="6.292880"><ele>1259.0</ele></trkpt>
<trkpt lat="45.192400" lon="6.292830"><ele>1259.0</ele></trkpt>
<trkpt lat="45.192360" lon="6.292750"><ele>1260.0</ele></trkpt>
<trkpt lat="45.192360" lon="6.292720"><ele>1260.0</ele></trkpt>
<trkpt lat="45.192340" lon="6.292640"><ele>1260.0</ele></trkpt>
<trkpt lat="45.192340" lon="6.292620"><ele>1260.0</ele></trkpt>
<trkpt lat="45.192340" lon="6.292480"><ele>1261.0</ele></trkpt>
<trkpt lat="45.192340" lon="6.292450"><ele>1261.0</ele></trkpt>
<trkpt lat="45.192370" lon="6.292160"><ele>1261.0</ele></trkpt>
<trkpt lat="45.192380" lon="6.292110"><ele>1262.0</ele></trkpt>
<trkpt lat="45.192400" lon="6.291980"><ele>1262.0</ele></trkpt>
<trkpt lat="45.192410" lon="6.291910"><ele>1263.0</ele></trkpt>
<trkpt lat="45.192420" lon="6.291870"><ele>1263.0</ele></trkpt>
<trkpt lat="45.192480" lon="6.291630"><ele>1263.0</ele></trkpt>
<trkpt lat="45.192530" lon="6.291460"><ele>1264.0</ele></trkpt>
<trkpt lat="45.192590" lon="6.291310"><ele>1265.0</ele></trkpt>
<trkpt lat="45.192730" lon="6.291050"><ele>1265.0</ele></trkpt>
<trkpt lat="45.192830" lon="6.290840"><ele>1266.0</ele></trkpt>
<trkpt lat="45.192860" lon="6.290780"><ele>1267.0</ele></trkpt>
<trkpt lat="45.192880" lon="6.290690"><ele>1268.0</ele></trkpt>
<trkpt lat="45.192890" lon="6.290600"><ele>1268.0</ele></trkpt>
<trkpt lat="45.192890" lon="6.290570"><ele>1268.0</ele></trkpt>
<trkpt lat="45.192890" lon="6.290490"><ele>1269.0</ele></trkpt>
<trkpt lat="45.192880" lon="6.290380"><ele>1269.0</ele></trkpt>
<trkpt lat="45.192870" lon="6.290370"><ele>1269.0</ele></trkpt>
<trkpt lat="45.192850" lon="6.290310"><ele>1270.0</ele></trkpt>
<trkpt lat="45.192840" lon="6.290270"><ele>1270.0</ele></trkpt>
<trkpt lat="45.192840" lon="6.290260"><ele>1270.0</ele></trkpt>
<trkpt lat="45.192780" lon="6.290140"><ele>1270.0</ele></trkpt>
<trkpt lat="45.192780" lon="6.290130"><ele>1270.0</ele></trkpt>
<trkpt lat="45.192760" lon="6.290100"><ele>1270.0</ele></trkpt>
<trkpt lat="45.192670" lon="6.289940"><ele>1271.0</ele></trkpt>
<trkpt lat="45.192580" lon="6.289830"><ele>1271.0</ele></trkpt>
<trkpt lat="45.192360" lon="6.289600"><ele>1272.0</ele></trkpt>
<trkpt lat="45.192290" lon="6.289500"><ele>1272.0</ele></trkpt>
<trkpt lat="45.192270" lon="6.289470"><ele>1272.0</ele></trkpt>
<trkpt lat="45.192240" lon="6.289400"><ele>1273.0</ele></trkpt>
<trkpt lat="45.192230" lon="6.289350"><ele>1273.0</ele></trkpt>
<trkpt lat="45.192220" lon="6.289210"><ele>1273.0</ele></trkpt>
<trkpt lat="45.192230" lon="6.289060"><ele>1274.0</ele></trkpt>
<trkpt lat="45.192230" lon="6.288900"><ele>1274.0</ele></trkpt>
<trkpt lat="45.192240" lon="6.288840"><ele>1274.0</ele></trkpt>
<trkpt lat="45.192240" lon="6.288740"><ele>1274.0</ele></trkpt>
<trkpt lat="45.192230" lon="6.288560"><ele>1275.0</ele></trkpt>
<trkpt lat="45.192220" lon="6.288390"><ele>1275.0</ele></trkpt>
<trkpt lat="45.192230" lon="6.288150"><ele>1276.0</ele></trkpt>
<trkpt lat="45.192250" lon="6.288070"><ele>1276.0</ele></trkpt>
<trkpt lat="45.192280" lon="6.287940"><ele>1276.0</ele></trkpt>
<trkpt lat="45.192330" lon="6.287840"><ele>1277.0</ele></trkpt>
<trkpt lat="45.192430" lon="6.287660"><ele>1277.0</ele></trkpt>
<trkpt lat="45.192580" lon="6.287440"><ele>1278.0</ele></trkpt>
<trkpt lat="45.192680" lon="6.287260"><ele>1278.0</ele></trkpt>
<trkpt lat="45.192740" lon="6.287070"><ele>1279.0</ele></trkpt>
<trkpt lat="45.192750" lon="6.286900"><ele>1279.0</ele></trkpt>
<trkpt lat="45.192750" lon="6.286750"><ele>1280.0</ele></trkpt>
<trkpt lat="45.192720" lon="6.286630"><ele>1280.0</ele></trkpt>
<trkpt lat="45.192690" lon="6.286540"><ele>1281.0</ele></trkpt>
<trkpt lat="45.192690" lon="6.286510"><ele>1281.0</ele></trkpt>
<trkpt lat="45.192610" lon="6.286370"><ele>1281.0</ele></trkpt>
<trkpt lat="45.192590" lon="6.286320"><ele>1282.0</ele></trkpt>
<trkpt lat="45.192510" lon="6.286160"><ele>1282.0</ele></trkpt>
<trkpt lat="45.192480" lon="6.286090"><ele>1282.0</ele></trkpt>
<trkpt lat="45.192460" lon="6.286010"><ele>1283.0</ele></trkpt>
<trkpt lat="45.192470" lon="6.285930"><ele>1283.0</ele></trkpt>
<trkpt lat="45.192470" lon="6.285910"><ele>1283.0</ele></trkpt>
<trkpt lat="45.192490" lon="6.285840"><ele>1283.0</ele></trkpt>
<trkpt lat="45.192510" lon="6.285810"><ele>1284.0</ele></trkpt>
<trkpt lat="45.192530" lon="6.285780"><ele>1284.0</ele></trkpt>
<trkpt lat="45.192710" lon="6.285560"><ele>1285.0</ele></trkpt>
<trkpt lat="45.193210" lon="6.284940"><ele>1287.0</ele></trkpt>
<trkpt lat="45.193440" lon="6.284690"><ele>1289.0</ele></trkpt>
<trkpt lat="45.193680" lon="6.284480"><ele>1291.0</ele></trkpt>
<trkpt lat="45.193700" lon="6.284460"><ele>1292.0</ele></trkpt>
<trkpt lat="45.193830" lon="6.284350"><ele>1294.0</ele></trkpt>
<trkpt lat="45.193980" lon="6.284270"><ele>1295.0</ele></trkpt>
<trkpt lat="45.194290" lon="6.284140"><ele>1296.0</ele></trkpt>
<trkpt lat="45.194550" lon="6.283970"><ele>1297.0</ele></trkpt>
<trkpt lat="45.194690" lon="6.283810"><ele>1298.0</ele></trkpt>
<trkpt lat="45.194920" lon="6.283470"><ele>1299.0</ele></trkpt>
<trkpt lat="45.195050" lon="6.283280"><ele>1300.0</ele></trkpt>
<trkpt lat="45.195210" lon="6.283040"><ele>1301.0</ele></trkpt>
<trkpt lat="45.195440" lon="6.282600"><ele>1302.0</ele></trkpt>
<trkpt lat="45.195690" lon="6.282170"><ele>1304.0</ele></trkpt>
<trkpt lat="45.195810" lon="6.281960"><ele>1305.0</ele></trkpt>
<trkpt lat="45.195840" lon="6.281900"><ele>1306.0</ele></trkpt>
<trkpt lat="45.195920" lon="6.281770"><ele>1307.0</ele></trkpt>
<trkpt lat="45.195970" lon="6.281720"><ele>1308.0</ele></trkpt>
<trkpt lat="45.195980" lon="6.281710"><ele>1309.0</ele></trkpt>
<trkpt lat="45.196000" lon="6.281700"><ele>1309.0</ele></trkpt>
<trkpt lat="45.196070" lon="6.281690"><ele>1310.0</ele></trkpt>
<trkpt lat="45.196100" lon="6.281710"><ele>1310.0</ele></trkpt>
<trkpt lat="45.196120" lon="6.281740"><ele>1310.0</ele></trkpt>
<trkpt lat="45.196230" lon="6.281910"><ele>1311.0</ele></trkpt>
<trkpt lat="45.196250" lon="6.281920"><ele>1311.0</ele></trkpt>
<trkpt lat="45.196330" lon="6.281970"><ele>1312.0</ele></trkpt>
<trkpt lat="45.196420" lon="6.281930"><ele>1312.0</ele></trkpt>
<trkpt lat="45.196460" lon="6.281890"><ele>1313.0</ele></trkpt>
<trkpt lat="45.196560" lon="6.281750"><ele>1313.0</ele></trkpt>
<trkpt lat="45.196660" lon="6.281590"><ele>1314.0</ele></trkpt>
<trkpt lat="45.196720" lon="6.281470"><ele>1315.0</ele></trkpt>
<trkpt lat="45.196740" lon="6.281430"><ele>1315.0</ele></trkpt>
<trkpt lat="45.196800" lon="6.281260"><ele>1316.0</ele></trkpt>
<trkpt lat="45.196870" lon="6.281030"><ele>1318.0</ele></trkpt>
<trkpt lat="45.196960" lon="6.280710"><ele>1319.0</ele></trkpt>
<trkpt lat="45.197070" lon="6.280310"><ele>1322.0</ele></trkpt>
<trkpt lat="45.197150" lon="6.280120"><ele>1324.0</ele></trkpt>
<trkpt lat="45.197160" lon="6.280100"><ele>1326.0</ele></trkpt>
<trkpt lat="45.197170" lon="6.280080"><ele>1327.0</ele></trkpt>
<trkpt lat="45.197210" lon="6.280020"><ele>1328.0</ele></trkpt>
<trkpt lat="45.197290" lon="6.279950"><ele>1329.0</ele></trkpt>
<trkpt lat="45.197310" lon="6.279930"><ele>1330.0</ele></trkpt>
<trkpt lat="45.197460" lon="6.279820"><ele>1331.0</ele></trkpt>
<trkpt lat="45.197580" lon="6.279760"><ele>1332.0</ele></trkpt>
<trkpt lat="45.197750" lon="6.279630"><ele>1334.0</ele></trkpt>
<trkpt lat="45.197850" lon="6.279510"><ele>1335.0</ele></trkpt>
<trkpt lat="45.197960" lon="6.279360"><ele>1337.0</ele></trkpt>
<trkpt lat="45.198040" lon="6.279230"><ele>1338.0</ele></trkpt>
<trkpt lat="45.198100" lon="6.279090"><ele>1338.0</ele></trkpt>
<trkpt lat="45.198120" lon="6.279000"><ele>1339.0</ele></trkpt>
<trkpt lat="45.198120" lon="6.278970"><ele>1339.0</ele></trkpt>
<trkpt lat="45.198150" lon="6.278840"><ele>1340.0</ele></trkpt>
<trkpt lat="45.198190" lon="6.278680"><ele>1340.0</ele></trkpt>
<trkpt lat="45.198240" lon="6.278540"><ele>1341.0</ele></trkpt>
<trkpt lat="45.198250" lon="6.278530"><ele>1341.0</ele></trkpt>
<trkpt lat="45.198300" lon="6.278440"><ele>1341.0</ele></trkpt>
<trkpt lat="45.198430" lon="6.278300"><ele>1342.0</ele></trkpt>
<trkpt lat="45.198700" lon="6.278010"><ele>1342.0</ele></trkpt>
<trkpt lat="45.198920" lon="6.277780"><ele>1343.0</ele></trkpt>
<trkpt lat="45.198950" lon="6.277730"><ele>1344.0</ele></trkpt>
<trkpt lat="45.199010" lon="6.277660"><ele>1344.0</ele></trkpt>
<trkpt lat="45.199040" lon="6.277600"><ele>1345.0</ele></trkpt>
<trkpt lat="45.199070" lon="6.277540"><ele>1345.0</ele></trkpt>
<trkpt lat="45.199080" lon="6.277500"><ele>1345.0</ele></trkpt>
<trkpt lat="45.199110" lon="6.277410"><ele>1346.0</ele></trkpt>
<trkpt lat="45.199250" lon="6.277060"><ele>1347.0</ele></trkpt>
<trkpt lat="45.199380" lon="6.276830"><ele>1348.0</ele></trkpt>
<trkpt lat="45.199460" lon="6.276770"><ele>1349.0</ele></trkpt>
<trkpt lat="45.199490" lon="6.276740"><ele>1350.0</ele></trkpt>
<trkpt lat="45.199540" lon="6.276700"><ele>1351.0</ele></trkpt>
<trkpt lat="45.199580" lon="6.276660"><ele>1351.0</ele></trkpt>
<trkpt lat="45.199630" lon="6.276600"><ele>1352.0</ele></trkpt>
<trkpt lat="45.199640" lon="6.276590"><ele>1352.0</ele></trkpt>
<trkpt lat="45.199700" lon="6.276500"><ele>1353.0</ele></trkpt>
<trkpt lat="45.199760" lon="6.276400"><ele>1353.0</ele></trkpt>
<trkpt lat="45.199950" lon="6.276070"><ele>1355.0</ele></trkpt>
<trkpt lat="45.200040" lon="6.275950"><ele>1356.0</ele></trkpt>
<trkpt lat="45.200130" lon="6.275890"><ele>1357.0</ele></trkpt>
<trkpt lat="45.200240" lon="6.275810"><ele>1358.0</ele></trkpt>
<trkpt lat="45.200330" lon="6.275750"><ele>1359.0</ele></trkpt>
<trkpt lat="45.200390" lon="6.275700"><ele>1359.0</ele></trkpt>
<trkpt lat="45.200440" lon="6.275600"><ele>1359.0</ele></trkpt>
<trkpt lat="45.200500" lon="6.275450"><ele>1360.0</ele></trkpt>
<trkpt lat="45.200530" lon="6.275390"><ele>1360.0</ele></trkpt>
<trkpt lat="45.200590" lon="6.275260"><ele>1359.0</ele></trkpt>
<trkpt lat="45.200660" lon="6.275140"><ele>1359.0</ele></trkpt>
<trkpt lat="45.200730" lon="6.275050"><ele>1359.0</ele></trkpt>
<trkpt lat="45.200730" lon="6.275050"><ele>1359.0</ele></trkpt>
<trkpt lat="45.200750" lon="6.275020"><ele>1359.0</ele></trkpt>
<trkpt lat="45.200860" lon="6.274900"><ele>1359.0</ele></trkpt>
<trkpt lat="45.200910" lon="6.274830"><ele>1358.0</ele></trkpt>
<trkpt lat="45.200990" lon="6.274710"><ele>1358.0</ele></trkpt>
<trkpt lat="45.201040" lon="6.274610"><ele>1358.0</ele></trkpt>
<trkpt lat="45.201090" lon="6.274510"><ele>1358.0</ele></trkpt>
<trkpt lat="45.201170" lon="6.274310"><ele>1357.0</ele></trkpt>
<trkpt lat="45.201200" lon="6.274190"><ele>1357.0</ele></trkpt>
<trkpt lat="45.201210" lon="6.274100"><ele>1357.0</ele></trkpt>
<trkpt lat="45.201210" lon="6.273980"><ele>1357.0</ele></trkpt>
<trkpt lat="45.201190" lon="6.273870"><ele>1356.0</ele></trkpt>
<trkpt lat="45.201150" lon="6.273770"><ele>1356.0</ele></trkpt>
<trkpt lat="45.201080" lon="6.273660"><ele>1356.0</ele></trkpt>
<trkpt lat="45.200930" lon="6.273460"><ele>1356.0</ele></trkpt>
<trkpt lat="45.200820" lon="6.273300"><ele>1356.0</ele></trkpt>
<trkpt lat="45.200800" lon="6.273240"><ele>1356.0</ele></trkpt>
<trkpt lat="45.200780" lon="6.273190"><ele>1357.0</ele></trkpt>
<trkpt lat="45.200760" lon="6.273090"><ele>1357.0</ele></trkpt>
<trkpt lat="45.200760" lon="6.272960"><ele>1357.0</ele></trkpt>
<trkpt lat="45.200800" lon="6.272840"><ele>1357.0</ele></trkpt>
<trkpt lat="45.200860" lon="6.272700"><ele>1358.0</ele></trkpt>
<trkpt lat="45.200960" lon="6.272540"><ele>1358.0</ele></trkpt>
<trkpt lat="45.201000" lon="6.272470"><ele>1358.0</ele></trkpt>
<trkpt lat="45.201050" lon="6.272380"><ele>1358.0</ele></trkpt>
<trkpt lat="45.201090" lon="6.272260"><ele>1359.0</ele></trkpt>
<trkpt lat="45.201130" lon="6.272120"><ele>1359.0</ele></trkpt>
<trkpt lat="45.201140" lon="6.272030"><ele>1359.0</ele></trkpt>
<trkpt lat="45.201180" lon="6.271800"><ele>1360.0</ele></trkpt>
<trkpt lat="45.201200" lon="6.271580"><ele>1360.0</ele></trkpt>
<trkpt lat="45.201230" lon="6.271320"><ele>1361.0</ele></trkpt>
<trkpt lat="45.201300" lon="6.271000"><ele>1361.0</ele></trkpt>
<trkpt lat="45.201420" lon="6.270450"><ele>1363.0</ele></trkpt>
<trkpt lat="45.201440" lon="6.270390"><ele>1364.0</ele></trkpt>
<trkpt lat="45.201590" lon="6.269780"><ele>1366.0</ele></trkpt>
<trkpt lat="45.201620" lon="6.269670"><ele>1367.0</ele></trkpt>
<trkpt lat="45.201680" lon="6.269430"><ele>1368.0</ele></trkpt>
<trkpt lat="45.201720" lon="6.269310"><ele>1369.0</ele></trkpt>
<trkpt lat="45.201770" lon="6.269230"><ele>1370.0</ele></trkpt>
<trkpt lat="45.201870" lon="6.269120"><ele>1371.0</ele></trkpt>
<trkpt lat="45.201970" lon="6.269030"><ele>1372.0</ele></trkpt>
<trkpt lat="45.202070" lon="6.268940"><ele>1373.0</ele></trkpt>
<trkpt lat="45.202070" lon="6.268930"><ele>1373.0</ele></trkpt>
<trkpt lat="45.202170" lon="6.268820"><ele>1374.0</ele></trkpt>
<trkpt lat="45.202210" lon="6.268760"><ele>1374.0</ele></trkpt>
<trkpt lat="45.202240" lon="6.268700"><ele>1375.0</ele></trkpt>
<trkpt lat="45.202320" lon="6.268540"><ele>1375.0</ele></trkpt>
<trkpt lat="45.202400" lon="6.268370"><ele>1376.0</ele></trkpt>
<trkpt lat="45.202420" lon="6.268350"><ele>1376.0</ele></trkpt>
<trkpt lat="45.202520" lon="6.268200"><ele>1377.0</ele></trkpt>
<trkpt lat="45.202600" lon="6.268140"><ele>1377.0</ele></trkpt>
<trkpt lat="45.202690" lon="6.268060"><ele>1378.0</ele></trkpt>
<trkpt lat="45.202770" lon="6.267990"><ele>1378.0</ele></trkpt>
<trkpt lat="45.202840" lon="6.267920"><ele>1379.0</ele></trkpt>
<trkpt lat="45.202960" lon="6.267730"><ele>1380.0</ele></trkpt>
<trkpt lat="45.202970" lon="6.267720"><ele>1380.0</ele></trkpt>
<trkpt lat="45.203050" lon="6.267580"><ele>1381.0</ele></trkpt>
<trkpt lat="45.203130" lon="6.267430"><ele>1381.0</ele></trkpt>
<trkpt lat="45.203180" lon="6.267320"><ele>1382.0</ele></trkpt>
<trkpt lat="45.203240" lon="6.267200"><ele>1382.0</ele></trkpt>
<trkpt lat="45.203270" lon="6.267100"><ele>1383.0</ele></trkpt>
<trkpt lat="45.203340" lon="6.266930"><ele>1384.0</ele></trkpt>
<trkpt lat="45.203350" lon="6.266880"><ele>1384.0</ele></trkpt>
<trkpt lat="45.203370" lon="6.266810"><ele>1385.0</ele></trkpt>
<trkpt lat="45.203380" lon="6.266780"><ele>1385.0</ele></trkpt>
<trkpt lat="45.203440" lon="6.266600"><ele>1385.0</ele></trkpt>
<trkpt lat="45.203500" lon="6.266430"><ele>1386.0</ele></trkpt>
<trkpt lat="45.203550" lon="6.266340"><ele>1387.0</ele></trkpt>
<trkpt lat="45.203580" lon="6.266260"><ele>1387.0</ele></trkpt>
<trkpt lat="45.203610" lon="6.266230"><ele>1388.0</ele></trkpt>
<trkpt lat="45.203650" lon="6.266190"><ele>1388.0</ele></trkpt>
<trkpt lat="45.203700" lon="6.266130"><ele>1388.0</ele></trkpt>
<trkpt lat="45.203750" lon="6.266080"><ele>1389.0</ele></trkpt>
<trkpt lat="45.203760" lon="6.266060"><ele>1389.0</ele></trkpt>
<trkpt lat="45.203830" lon="6.266000"><ele>1390.0</ele></trkpt>
<trkpt lat="45.203900" lon="6.265940"><ele>1390.0</ele></trkpt>
<trkpt lat="45.203970" lon="6.265890"><ele>1390.0</ele></trkpt>
<trkpt lat="45.204060" lon="6.265830"><ele>1391.0</ele></trkpt>
<trkpt lat="45.204060" lon="6.265820"><ele>1391.0</ele></trkpt>
<trkpt lat="45.204130" lon="6.265790"><ele>1392.0</ele></trkpt>
<trkpt lat="45.204190" lon="6.265770"><ele>1392.0</ele></trkpt>
<trkpt lat="45.204270" lon="6.265760"><ele>1393.0</ele></trkpt>
<trkpt lat="45.204420" lon="6.265740"><ele>1393.0</ele></trkpt>
<trkpt lat="45.204430" lon="6.265730"><ele>1394.0</ele></trkpt>
<trkpt lat="45.204590" lon="6.265670"><ele>1394.0</ele></trkpt>
<trkpt lat="45.204700" lon="6.265600"><ele>1395.0</ele></trkpt>
<trkpt lat="45.204750" lon="6.265560"><ele>1395.0</ele></trkpt>
<trkpt lat="45.204810" lon="6.265510"><ele>1396.0</ele></trkpt>
<trkpt lat="45.204900" lon="6.265410"><ele>1396.0</ele></trkpt>
<trkpt lat="45.204960" lon="6.265340"><ele>1397.0</ele></trkpt>
<trkpt lat="45.205150" lon="6.265160"><ele>1397.0</ele></trkpt>
<trkpt lat="45.205200" lon="6.265120"><ele>1398.0</ele></trkpt>
<trkpt lat="45.205350" lon="6.264980"><ele>1399.0</ele></trkpt>
<trkpt lat="45.205560" lon="6.264800"><ele>1400.0</ele></trkpt>
<trkpt lat="45.205600" lon="6.264760"><ele>1400.0</ele></trkpt>
<trkpt lat="45.205650" lon="6.264730"><ele>1401.0</ele></trkpt>
<trkpt lat="45.205780" lon="6.264610"><ele>1401.0</ele></trkpt>
<trkpt lat="45.205830" lon="6.264560"><ele>1402.0</ele></trkpt>
<trkpt lat="45.205880" lon="6.264520"><ele>1402.0</ele></trkpt>
<trkpt lat="45.205950" lon="6.264440"><ele>1403.0</ele></trkpt>
<trkpt lat="45.205960" lon="6.264420"><ele>1403.0</ele></trkpt>
<trkpt lat="45.205980" lon="6.264380"><ele>1403.0</ele></trkpt>
<trkpt lat="45.206010" lon="6.264310"><ele>1404.0</ele></trkpt>
<trkpt lat="45.206030" lon="6.264210"><ele>1404.0</ele></trkpt>
<trkpt lat="45.206030" lon="6.264190"><ele>1404.0</ele></trkpt>
<trkpt lat="45.206050" lon="6.264110"><ele>1404.0</ele></trkpt>
<trkpt lat="45.206070" lon="6.264060"><ele>1405.0</ele></trkpt>
<trkpt lat="45.206080" lon="6.264020"><ele>1405.0</ele></trkpt>
<trkpt lat="45.206120" lon="6.263930"><ele>1405.0</ele></trkpt>
<trkpt lat="45.206170" lon="6.263850"><ele>1405.0</ele></trkpt>
<trkpt lat="45.206230" lon="6.263760"><ele>1405.0</ele></trkpt>
<trkpt lat="45.206240" lon="6.263750"><ele>1405.0</ele></trkpt>
<trkpt lat="45.206300" lon="6.263660"><ele>1406.0</ele></trkpt>
<trkpt lat="45.206390" lon="6.263540"><ele>1406.0</ele></trkpt>
<trkpt lat="45.206530" lon="6.263350"><ele>1406.0</ele></trkpt>
<trkpt lat="45.206630" lon="6.263230"><ele>1407.0</ele></trkpt>
<trkpt lat="45.206730" lon="6.263120"><ele>1407.0</ele></trkpt>
<trkpt lat="45.206810" lon="6.263070"><ele>1407.0</ele></trkpt>
<trkpt lat="45.206860" lon="6.263050"><ele>1408.0</ele></trkpt>
<trkpt lat="45.206920" lon="6.263020"><ele>1408.0</ele></trkpt>
<trkpt lat="45.207240" lon="6.262880"><ele>1409.0</ele></trkpt>
<trkpt lat="45.207380" lon="6.262820"><ele>1409.0</ele></trkpt>
<trkpt lat="45.207480" lon="6.262780"><ele>1410.0</ele></trkpt>
<trkpt lat="45.207890" lon="6.262610"><ele>1410.0</ele></trkpt>
<trkpt lat="45.207980" lon="6.262540"><ele>1411.0</ele></trkpt>
<trkpt lat="45.208050" lon="6.262480"><ele>1411.0</ele></trkpt>
<trkpt lat="45.208230" lon="6.262300"><ele>1412.0</ele></trkpt>
<trkpt lat="45.208500" lon="6.261960"><ele>1413.0</ele></trkpt>
<trkpt lat="45.208570" lon="6.261880"><ele>1413.0</ele></trkpt>
<trkpt lat="45.208640" lon="6.261760"><ele>1414.0</ele></trkpt>
<trkpt lat="45.208680" lon="6.261650"><ele>1414.0</ele></trkpt>
<trkpt lat="45.208730" lon="6.261500"><ele>1415.0</ele></trkpt>
<trkpt lat="45.208830" lon="6.261150"><ele>1415.0</ele></trkpt>
<trkpt lat="45.208830" lon="6.261140"><ele>1416.0</ele></trkpt>
<trkpt lat="45.208900" lon="6.260900"><ele>1416.0</ele></trkpt>
<trkpt lat="45.208970" lon="6.260600"><ele>1417.0</ele></trkpt>
<trkpt lat="45.209060" lon="6.260290"><ele>1417.0</ele></trkpt>
<trkpt lat="45.209130" lon="6.260090"><ele>1417.0</ele></trkpt>
<trkpt lat="45.209240" lon="6.259820"><ele>1418.0</ele></trkpt>
<trkpt lat="45.209320" lon="6.259560"><ele>1418.0</ele></trkpt>
<trkpt lat="45.209400" lon="6.259360"><ele>1419.0</ele></trkpt>
<trkpt lat="45.209440" lon="6.259240"><ele>1419.0</ele></trkpt>
<trkpt lat="45.209580" lon="6.258880"><ele>1419.0</ele></trkpt>
<trkpt lat="45.209730" lon="6.258610"><ele>1420.0</ele></trkpt>
<trkpt lat="45.209900" lon="6.258320"><ele>1420.0</ele></trkpt>
<trkpt lat="45.210070" lon="6.258070"><ele>1420.0</ele></trkpt>
<trkpt lat="45.210220" lon="6.257920"><ele>1421.0</ele></trkpt>
<trkpt lat="45.210370" lon="6.257830"><ele>1421.0</ele></trkpt>
<trkpt lat="45.210580" lon="6.257710"><ele>1422.0</ele></trkpt>
<trkpt lat="45.210820" lon="6.257550"><ele>1422.0</ele></trkpt>
<trkpt lat="45.210830" lon="6.257550"><ele>1422.0</ele></trkpt>
<trkpt lat="45.210900" lon="6.257490"><ele>1422.0</ele></trkpt>
<trkpt lat="45.210950" lon="6.257430"><ele>1423.0</ele></trkpt>
<trkpt lat="45.210970" lon="6.257400"><ele>1423.0</ele></trkpt>
<trkpt lat="45.211020" lon="6.257350"><ele>1423.0</ele></trkpt>
<trkpt lat="45.211080" lon="6.257260"><ele>1423.0</ele></trkpt>
<trkpt lat="45.211120" lon="6.257180"><ele>1423.0</ele></trkpt>
<trkpt lat="45.211170" lon="6.257070"><ele>1423.0</ele></trkpt>
<trkpt lat="45.211280" lon="6.256850"><ele>1424.0</ele></trkpt>
<trkpt lat="45.211540" lon="6.256210"><ele>1425.0</ele></trkpt>
<trkpt lat="45.211570" lon="6.256140"><ele>1426.0</ele></trkpt>
<trkpt lat="45.211670" lon="6.255920"><ele>1427.0</ele></trkpt>
<trkpt lat="45.211850" lon="6.255480"><ele>1428.0</ele></trkpt>
<trkpt lat="45.211860" lon="6.255480"><ele>1429.0</ele></trkpt>
<trkpt lat="45.212060" lon="6.255020"><ele>1431.0</ele></trkpt>
<trkpt lat="45.212110" lon="6.254910"><ele>1432.0</ele></trkpt>
<trkpt lat="45.212240" lon="6.254600"><ele>1433.0</ele></trkpt>
<trkpt lat="45.212340" lon="6.254350"><ele>1434.0</ele></trkpt>
<trkpt lat="45.212390" lon="6.254150"><ele>1435.0</ele></trkpt>
<trkpt lat="45.212440" lon="6.253930"><ele>1436.0</ele></trkpt>
<trkpt lat="45.212470" lon="6.253800"><ele>1437.0</ele></trkpt>
<trkpt lat="45.212500" lon="6.253650"><ele>1437.0</ele></trkpt>
<trkpt lat="45.212540" lon="6.253520"><ele>1438.0</ele></trkpt>
<trkpt lat="45.212580" lon="6.253420"><ele>1438.0</ele></trkpt>
<trkpt lat="45.212660" lon="6.253270"><ele>1439.0</ele></trkpt>
<trkpt lat="45.212940" lon="6.252820"><ele>1439.0</ele></trkpt>
<trkpt lat="45.213000" lon="6.252730"><ele>1440.0</ele></trkpt>
<trkpt lat="45.213020" lon="6.252700"><ele>1441.0</ele></trkpt>
<trkpt lat="45.213100" lon="6.252630"><ele>1441.0</ele></trkpt>
<trkpt lat="45.213190" lon="6.252570"><ele>1441.0</ele></trkpt>
<trkpt lat="45.213250" lon="6.252550"><ele>1442.0</ele></trkpt>
<trkpt lat="45.213900" lon="6.252320"><ele>1443.0</ele></trkpt>
<trkpt lat="45.214380" lon="6.252200"><ele>1446.0</ele></trkpt>
<trkpt lat="45.214550" lon="6.252150"><ele>1448.0</ele></trkpt>
<trkpt lat="45.214650" lon="6.252120"><ele>1449.0</ele></trkpt>
<trkpt lat="45.214730" lon="6.252070"><ele>1450.0</ele></trkpt>
<trkpt lat="45.214800" lon="6.252000"><ele>1451.0</ele></trkpt>
<trkpt lat="45.214860" lon="6.251910"><ele>1452.0</ele></trkpt>
<trkpt lat="45.214890" lon="6.251870"><ele>1453.0</ele></trkpt>
<trkpt lat="45.214920" lon="6.251760"><ele>1453.0</ele></trkpt>
<trkpt lat="45.214940" lon="6.251670"><ele>1454.0</ele></trkpt>
<trkpt lat="45.214960" lon="6.251370"><ele>1455.0</ele></trkpt>
<trkpt lat="45.214980" lon="6.251040"><ele>1456.0</ele></trkpt>
<trkpt lat="45.214980" lon="6.250920"><ele>1457.0</ele></trkpt>
<trkpt lat="45.214980" lon="6.250850"><ele>1458.0</ele></trkpt>
<trkpt lat="45.214990" lon="6.250750"><ele>1458.0</ele></trkpt>
<trkpt lat="45.215000" lon="6.250330"><ele>1459.0</ele></trkpt>
<trkpt lat="45.215010" lon="6.250090"><ele>1460.0</ele></trkpt>
<trkpt lat="45.215010" lon="6.249990"><ele>1461.0</ele></trkpt>
<trkpt lat="45.215020" lon="6.249900"><ele>1462.0</ele></trkpt>
<trkpt lat="45.215020" lon="6.249850"><ele>1463.0</ele></trkpt>
<trkpt lat="45.215040" lon="6.249740"><ele>1463.0</ele></trkpt>
<trkpt lat="45.215060" lon="6.249610"><ele>1464.0</ele></trkpt>
<trkpt lat="45.215090" lon="6.249500"><ele>1464.0</ele></trkpt>
<trkpt lat="45.215090" lon="6.249490"><ele>1465.0</ele></trkpt>
<trkpt lat="45.215140" lon="6.249360"><ele>1465.0</ele></trkpt>
<trkpt lat="45.215210" lon="6.249170"><ele>1466.0</ele></trkpt>
<trkpt lat="45.215270" lon="6.249050"><ele>1467.0</ele></trkpt>
<trkpt lat="45.215370" lon="6.248910"><ele>1467.0</ele></trkpt>
<trkpt lat="45.215400" lon="6.248870"><ele>1467.0</ele></trkpt>
<trkpt lat="45.215490" lon="6.248750"><ele>1468.0</ele></trkpt>
<trkpt lat="45.215570" lon="6.248670"><ele>1468.0</ele></trkpt>
<trkpt lat="45.215660" lon="6.248590"><ele>1468.0</ele></trkpt>
<trkpt lat="45.215690" lon="6.248570"><ele>1468.0</ele></trkpt>
<trkpt lat="45.215840" lon="6.248460"><ele>1468.0</ele></trkpt>
<trkpt lat="45.216190" lon="6.248240"><ele>1469.0</ele></trkpt>
<trkpt lat="45.216230" lon="6.248210"><ele>1469.0</ele></trkpt>
<trkpt lat="45.216330" lon="6.248130"><ele>1469.0</ele></trkpt>
<trkpt lat="45.216410" lon="6.248070"><ele>1469.0</ele></trkpt>
<trkpt lat="45.216480" lon="6.248010"><ele>1470.0</ele></trkpt>
<trkpt lat="45.216490" lon="6.247990"><ele>1470.0</ele></trkpt>
<trkpt lat="45.216560" lon="6.247880"><ele>1470.0</ele></trkpt>
<trkpt lat="45.216580" lon="6.247850"><ele>1470.0</ele></trkpt>
<trkpt lat="45.216700" lon="6.247630"><ele>1470.0</ele></trkpt>
<trkpt lat="45.216820" lon="6.247390"><ele>1471.0</ele></trkpt>
<trkpt lat="45.216900" lon="6.247240"><ele>1472.0</ele></trkpt>
<trkpt lat="45.216900" lon="6.247230"><ele>1472.0</ele></trkpt>
<trkpt lat="45.217130" lon="6.246800"><ele>1473.0</ele></trkpt>
<trkpt lat="45.217220" lon="6.246620"><ele>1475.0</ele></trkpt>
<trkpt lat="45.217240" lon="6.246570"><ele>1475.0</ele></trkpt>
<trkpt lat="45.217320" lon="6.246420"><ele>1476.0</ele></trkpt>
<trkpt lat="45.217320" lon="6.246410"><ele>1477.0</ele></trkpt>
<trkpt lat="45.217490" lon="6.246130"><ele>1478.0</ele></trkpt>
<trkpt lat="45.217550" lon="6.246010"><ele>1479.0</ele></trkpt>
<trkpt lat="45.217580" lon="6.245950"><ele>1480.0</ele></trkpt>
<trkpt lat="45.217600" lon="6.245910"><ele>1480.0</ele></trkpt>
<trkpt lat="45.217620" lon="6.245850"><ele>1481.0</ele></trkpt>
<trkpt lat="45.217640" lon="6.245710"><ele>1481.0</ele></trkpt>
<trkpt lat="45.217650" lon="6.245550"><ele>1482.0</ele></trkpt>
<trkpt lat="45.217660" lon="6.245350"><ele>1483.0</ele></trkpt>
<trkpt lat="45.217660" lon="6.245330"><ele>1483.0</ele></trkpt>
<trkpt lat="45.217650" lon="6.245100"><ele>1484.0</ele></trkpt>
<trkpt lat="45.217640" lon="6.244720"><ele>1485.0</ele></trkpt>
<trkpt lat="45.217640" lon="6.244630"><ele>1485.0</ele></trkpt>
<trkpt lat="45.217660" lon="6.244570"><ele>1485.0</ele></trkpt>
<trkpt lat="45.217670" lon="6.244520"><ele>1486.0</ele></trkpt>
<trkpt lat="45.217690" lon="6.244470"><ele>1486.0</ele></trkpt>
<trkpt lat="45.217760" lon="6.244330"><ele>1486.0</ele></trkpt>
<trkpt lat="45.217850" lon="6.244160"><ele>1486.0</ele></trkpt>
<trkpt lat="45.217860" lon="6.244140"><ele>1487.0</ele></trkpt>
<trkpt lat="45.217940" lon="6.243990"><ele>1487.0</ele></trkpt>
<trkpt lat="45.217960" lon="6.243960"><ele>1487.0</ele></trkpt>
<trkpt lat="45.218070" lon="6.243790"><ele>1487.0</ele></trkpt>
<trkpt lat="45.218180" lon="6.243670"><ele>1488.0</ele></trkpt>
<trkpt lat="45.218270" lon="6.243550"><ele>1488.0</ele></trkpt>
<trkpt lat="45.218360" lon="6.243410"><ele>1488.0</ele></trkpt>
<trkpt lat="45.218460" lon="6.243230"><ele>1489.0</ele></trkpt>
<trkpt lat="45.218580" lon="6.242910"><ele>1489.0</ele></trkpt>
<trkpt lat="45.218760" lon="6.242450"><ele>1490.0</ele></trkpt>
<trkpt lat="45.218890" lon="6.242090"><ele>1490.0</ele></trkpt>
<trkpt lat="45.219050" lon="6.241700"><ele>1491.0</ele></trkpt>
<trkpt lat="45.219070" lon="6.241670"><ele>1491.0</ele></trkpt>
<trkpt lat="45.219130" lon="6.241550"><ele>1491.0</ele></trkpt>
<trkpt lat="45.219250" lon="6.241400"><ele>1491.0</ele></trkpt>
<trkpt lat="45.219380" lon="6.241250"><ele>1492.0</ele></trkpt>
<trkpt lat="45.219420" lon="6.241210"><ele>1492.0</ele></trkpt>
<trkpt lat="45.219450" lon="6.241150"><ele>1492.0</ele></trkpt>
<trkpt lat="45.219460" lon="6.241140"><ele>1492.0</ele></trkpt>
<trkpt lat="45.219510" lon="6.241040"><ele>1493.0</ele></trkpt>
<trkpt lat="45.219610" lon="6.240790"><ele>1493.0</ele></trkpt>
<trkpt lat="45.219710" lon="6.240520"><ele>1494.0</ele></trkpt>
<trkpt lat="45.219820" lon="6.240260"><ele>1495.0</ele></trkpt>
<trkpt lat="45.219920" lon="6.240050"><ele>1496.0</ele></trkpt>
<trkpt lat="45.220020" lon="6.239820"><ele>1497.0</ele></trkpt>
<trkpt lat="45.220070" lon="6.239710"><ele>1498.0</ele></trkpt>
<trkpt lat="45.220100" lon="6.239600"><ele>1499.0</ele></trkpt>
<trkpt lat="45.220120" lon="6.239530"><ele>1499.0</ele></trkpt>
<trkpt lat="45.220130" lon="6.239390"><ele>1500.0</ele></trkpt>
<trkpt lat="45.220140" lon="6.239360"><ele>1501.0</ele></trkpt>
<trkpt lat="45.220170" lon="6.239090"><ele>1501.0</ele></trkpt>
<trkpt lat="45.220210" lon="6.238690"><ele>1502.0</ele></trkpt>
<trkpt lat="45.220250" lon="6.238310"><ele>1503.0</ele></trkpt>
<trkpt lat="45.220280" lon="6.238090"><ele>1504.0</ele></trkpt>
<trkpt lat="45.220280" lon="6.237980"><ele>1505.0</ele></trkpt>
<trkpt lat="45.220280" lon="6.237980"><ele>1505.0</ele></trkpt>
<trkpt lat="45.220290" lon="6.237980"><ele>1505.0</ele></trkpt>
<trkpt lat="45.220300" lon="6.237970"><ele>1505.0</ele></trkpt>
<trkpt lat="45.220310" lon="6.237960"><ele>1505.0</ele></trkpt>
<trkpt lat="45.220310" lon="6.237950"><ele>1506.0</ele></trkpt>
<trkpt lat="45.220320" lon="6.237950"><ele>1506.0</ele></trkpt>
<trkpt lat="45.220320" lon="6.237940"><ele>1506.0</ele></trkpt>
<trkpt lat="45.220320" lon="6.237930"><ele>1506.0</ele></trkpt>
<trkpt lat="45.220330" lon="6.237930"><ele>1506.0</ele></trkpt>
<trkpt lat="45.220330" lon="6.237920"><ele>1506.0</ele></trkpt>
<trkpt lat="45.220330" lon="6.237910"><ele>1506.0</ele></trkpt>
<trkpt lat="45.220330" lon="6.237900"><ele>1506.0</ele></trkpt>
<trkpt lat="45.220330" lon="6.237890"><ele>1506.0</ele></trkpt>
<trkpt lat="45.220330" lon="6.237880"><ele>1506.0</ele></trkpt>
<trkpt lat="45.220330" lon="6.237870"><ele>1506.0</ele></trkpt>
<trkpt lat="45.220330" lon="6.237860"><ele>1506.0</ele></trkpt>
<trkpt lat="45.220330" lon="6.237850"><ele>1506.0</ele></trkpt>
<trkpt lat="45.220320" lon="6.237850"><ele>1506.0</ele></trkpt>
<trkpt lat="45.220320" lon="6.237840"><ele>1506.0</ele></trkpt>
<trkpt lat="45.220320" lon="6.237830"><ele>1506.0</ele></trkpt>
<trkpt lat="45.220310" lon="6.237830"><ele>1506.0</ele></trkpt>
<trkpt lat="45.220310" lon="6.237820"><ele>1506.0</ele></trkpt>
<trkpt lat="45.220300" lon="6.237820"><ele>1506.0</ele></trkpt>
<trkpt lat="45.220360" lon="6.237720"><ele>1506.0</ele></trkpt>
<trkpt lat="45.220410" lon="6.237640"><ele>1506.0</ele></trkpt>
<trkpt lat="45.220470" lon="6.237550"><ele>1506.0</ele></trkpt>
<trkpt lat="45.220540" lon="6.237450"><ele>1506.0</ele></trkpt>
<trkpt lat="45.220660" lon="6.237290"><ele>1507.0</ele></trkpt>
<trkpt lat="45.220740" lon="6.237180"><ele>1507.0</ele></trkpt>
<trkpt lat="45.220790" lon="6.236990"><ele>1507.0</ele></trkpt>
<trkpt lat="45.220800" lon="6.236890"><ele>1507.0</ele></trkpt>
<trkpt lat="45.220840" lon="6.236650"><ele>1508.0</ele></trkpt>
<trkpt lat="45.220870" lon="6.236440"><ele>1508.0</ele></trkpt>
<trkpt lat="45.220900" lon="6.236210"><ele>1508.0</ele></trkpt>
<trkpt lat="45.220910" lon="6.236190"><ele>1508.0</ele></trkpt>
<trkpt lat="45.220960" lon="6.235950"><ele>1509.0</ele></trkpt>
<trkpt lat="45.221000" lon="6.235790"><ele>1509.0</ele></trkpt>
<trkpt lat="45.221030" lon="6.235470"><ele>1509.0</ele></trkpt>
<trkpt lat="45.221030" lon="6.235310"><ele>1510.0</ele></trkpt>
<trkpt lat="45.221060" lon="6.235000"><ele>1510.0</ele></trkpt>
<trkpt lat="45.221090" lon="6.234610"><ele>1510.0</ele></trkpt>
<trkpt lat="45.221150" lon="6.234240"><ele>1511.0</ele></trkpt>
<trkpt lat="45.221220" lon="6.233970"><ele>1511.0</ele></trkpt>
<trkpt lat="45.221230" lon="6.233930"><ele>1512.0</ele></trkpt>
<trkpt lat="45.221320" lon="6.233550"><ele>1512.0</ele></trkpt>
<trkpt lat="45.221420" lon="6.233180"><ele>1512.0</ele></trkpt>
<trkpt lat="45.221480" lon="6.232940"><ele>1513.0</ele></trkpt>
<trkpt lat="45.221530" lon="6.232790"><ele>1513.0</ele></trkpt>
<trkpt lat="45.221560" lon="6.232710"><ele>1513.0</ele></trkpt>
<trkpt lat="45.221580" lon="6.232610"><ele>1513.0</ele></trkpt>
<trkpt lat="45.221580" lon="6.232580"><ele>1513.0</ele></trkpt>
<trkpt lat="45.221580" lon="6.232540"><ele>1513.0</ele></trkpt>
<trkpt lat="45.221570" lon="6.232490"><ele>1513.0</ele></trkpt>
<trkpt lat="45.221550" lon="6.232440"><ele>1513.0</ele></trkpt>
<trkpt lat="45.221530" lon="6.232350"><ele>1513.0</ele></trkpt>
<trkpt lat="45.221490" lon="6.232200"><ele>1513.0</ele></trkpt>
<trkpt lat="45.221450" lon="6.232030"><ele>1513.0</ele></trkpt>
<trkpt lat="45.221450" lon="6.231960"><ele>1513.0</ele></trkpt>
<trkpt lat="45.221430" lon="6.231770"><ele>1513.0</ele></trkpt>
<trkpt lat="45.221420" lon="6.231710"><ele>1513.0</ele></trkpt>
<trkpt lat="45.221420" lon="6.231540"><ele>1513.0</ele></trkpt>
<trkpt lat="45.221420" lon="6.231330"><ele>1513.0</ele></trkpt>
<trkpt lat="45.221420" lon="6.231280"><ele>1514.0</ele></trkpt>
<trkpt lat="45.221420" lon="6.231100"><ele>1514.0</ele></trkpt>
<trkpt lat="45.221420" lon="6.230930"><ele>1515.0</ele></trkpt>
<trkpt lat="45.221420" lon="6.230840"><ele>1515.0</ele></trkpt>
<trkpt lat="45.221450" lon="6.229710"><ele>1518.0</ele></trkpt>
<trkpt lat="45.221450" lon="6.229520"><ele>1520.0</ele></trkpt>
<trkpt lat="45.221450" lon="6.229390"><ele>1521.0</ele></trkpt>
<trkpt lat="45.221440" lon="6.228720"><ele>1524.0</ele></trkpt>
<trkpt lat="45.221440" lon="6.228250"><ele>1526.0</ele></trkpt>
<trkpt lat="45.221430" lon="6.228010"><ele>1529.0</ele></trkpt>
<trkpt lat="45.221420" lon="6.227720"><ele>1531.0</ele></trkpt>
<trkpt lat="45.221380" lon="6.227070"><ele>1534.0</ele></trkpt>
<trkpt lat="45.221370" lon="6.226940"><ele>1536.0</ele></trkpt>
<trkpt lat="45.221330" lon="6.226840"><ele>1538.0</ele></trkpt>
<trkpt lat="45.221270" lon="6.226750"><ele>1540.0</ele></trkpt>
<trkpt lat="45.221210" lon="6.226680"><ele>1541.0</ele></trkpt>
<trkpt lat="45.221150" lon="6.226610"><ele>1542.0</ele></trkpt>
<trkpt lat="45.221110" lon="6.226540"><ele>1543.0</ele></trkpt>
<trkpt lat="45.221070" lon="6.226430"><ele>1544.0</ele></trkpt>
<trkpt lat="45.221060" lon="6.226310"><ele>1545.0</ele></trkpt>
<trkpt lat="45.221050" lon="6.226010"><ele>1546.0</ele></trkpt>
<trkpt lat="45.221050" lon="6.225730"><ele>1547.0</ele></trkpt>
<trkpt lat="45.221050" lon="6.225650"><ele>1549.0</ele></trkpt>
<trkpt lat="45.221050" lon="6.225370"><ele>1550.0</ele></trkpt>
<trkpt lat="45.221070" lon="6.225130"><ele>1551.0</ele></trkpt>
<trkpt lat="45.221120" lon="6.224830"><ele>1553.0</ele></trkpt>
<trkpt lat="45.221170" lon="6.224510"><ele>1555.0</ele></trkpt>
<trkpt lat="45.221200" lon="6.224380"><ele>1556.0</ele></trkpt>
<trkpt lat="45.221200" lon="6.224340"><ele>1557.0</ele></trkpt>
<trkpt lat="45.221200" lon="6.224310"><ele>1558.0</ele></trkpt>
<trkpt lat="45.221190" lon="6.224260"><ele>1559.0</ele></trkpt>
<trkpt lat="45.221170" lon="6.224190"><ele>1560.0</ele></trkpt>
<trkpt lat="45.221150" lon="6.224150"><ele>1560.0</ele></trkpt>
<trkpt lat="45.221150" lon="6.224130"><ele>1560.0</ele></trkpt>
<trkpt lat="45.221120" lon="6.224100"><ele>1561.0</ele></trkpt>
<trkpt lat="45.221070" lon="6.224060"><ele>1561.0</ele></trkpt>
<trkpt lat="45.221010" lon="6.224010"><ele>1562.0</ele></trkpt>
<trkpt lat="45.220640" lon="6.223780"><ele>1563.0</ele></trkpt>
<trkpt lat="45.220580" lon="6.223740"><ele>1565.0</ele></trkpt>
<trkpt lat="45.220480" lon="6.223670"><ele>1566.0</ele></trkpt>
<trkpt lat="45.220370" lon="6.223600"><ele>1567.0</ele></trkpt>
<trkpt lat="45.220330" lon="6.223550"><ele>1568.0</ele></trkpt>
<trkpt lat="45.220310" lon="6.223530"><ele>1569.0</ele></trkpt>
<trkpt lat="45.220310" lon="6.223520"><ele>1570.0</ele></trkpt>
<trkpt lat="45.220300" lon="6.223500"><ele>1570.0</ele></trkpt>
<trkpt lat="45.220300" lon="6.223470"><ele>1570.0</ele></trkpt>
<trkpt lat="45.220300" lon="6.223420"><ele>1571.0</ele></trkpt>
<trkpt lat="45.220320" lon="6.223370"><ele>1571.0</ele></trkpt>
<trkpt lat="45.220340" lon="6.223330"><ele>1572.0</ele></trkpt>
<trkpt lat="45.220370" lon="6.223310"><ele>1572.0</ele></trkpt>
<trkpt lat="45.220400" lon="6.223300"><ele>1572.0</ele></trkpt>
<trkpt lat="45.220450" lon="6.223310"><ele>1573.0</ele></trkpt>
<trkpt lat="45.220520" lon="6.223320"><ele>1573.0</ele></trkpt>
<trkpt lat="45.220620" lon="6.223310"><ele>1574.0</ele></trkpt>
<trkpt lat="45.220720" lon="6.223280"><ele>1575.0</ele></trkpt>
<trkpt lat="45.220900" lon="6.223160"><ele>1576.0</ele></trkpt>
<trkpt lat="45.221090" lon="6.223020"><ele>1578.0</ele></trkpt>
<trkpt lat="45.221210" lon="6.222930"><ele>1579.0</ele></trkpt>
<trkpt lat="45.221290" lon="6.222890"><ele>1581.0</ele></trkpt>
<trkpt lat="45.221470" lon="6.222840"><ele>1582.0</ele></trkpt>
<trkpt lat="45.221570" lon="6.222810"><ele>1584.0</ele></trkpt>
<trkpt lat="45.221670" lon="6.222800"><ele>1585.0</ele></trkpt>
<trkpt lat="45.221740" lon="6.222830"><ele>1586.0</ele></trkpt>
<trkpt lat="45.221750" lon="6.222840"><ele>1586.0</ele></trkpt>
<trkpt lat="45.221790" lon="6.222870"><ele>1587.0</ele></trkpt>
<trkpt lat="45.221810" lon="6.222900"><ele>1587.0</ele></trkpt>
<trkpt lat="45.221840" lon="6.222930"><ele>1588.0</ele></trkpt>
<trkpt lat="45.221860" lon="6.223000"><ele>1588.0</ele></trkpt>
<trkpt lat="45.221870" lon="6.223010"><ele>1588.0</ele></trkpt>
<trkpt lat="45.221900" lon="6.223110"><ele>1589.0</ele></trkpt>
<trkpt lat="45.221910" lon="6.223250"><ele>1589.0</ele></trkpt>
<trkpt lat="45.221950" lon="6.223670"><ele>1590.0</ele></trkpt>
<trkpt lat="45.221960" lon="6.223780"><ele>1591.0</ele></trkpt>
<trkpt lat="45.221970" lon="6.223810"><ele>1591.0</ele></trkpt>
<trkpt lat="45.221990" lon="6.223850"><ele>1592.0</ele></trkpt>
<trkpt lat="45.221990" lon="6.223860"><ele>1592.0</ele></trkpt>
<trkpt lat="45.222010" lon="6.223880"><ele>1592.0</ele></trkpt>
<trkpt lat="45.222030" lon="6.223880"><ele>1592.0</ele></trkpt>
<trkpt lat="45.222040" lon="6.223880"><ele>1592.0</ele></trkpt>
<trkpt lat="45.222050" lon="6.223880"><ele>1593.0</ele></trkpt>
<trkpt lat="45.222060" lon="6.223880"><ele>1593.0</ele></trkpt>
<trkpt lat="45.222090" lon="6.223850"><ele>1593.0</ele></trkpt>
<trkpt lat="45.222100" lon="6.223810"><ele>1593.0</ele></trkpt>
<trkpt lat="45.222120" lon="6.223750"><ele>1593.0</ele></trkpt>
<trkpt lat="45.222120" lon="6.223730"><ele>1593.0</ele></trkpt>
<trkpt lat="45.222120" lon="6.223650"><ele>1594.0</ele></trkpt>
<trkpt lat="45.222120" lon="6.223470"><ele>1594.0</ele></trkpt>
<trkpt lat="45.222130" lon="6.223190"><ele>1595.0</ele></trkpt>
<trkpt lat="45.222130" lon="6.223070"><ele>1595.0</ele></trkpt>
<trkpt lat="45.222130" lon="6.222980"><ele>1596.0</ele></trkpt>
<trkpt lat="45.222120" lon="6.222830"><ele>1596.0</ele></trkpt>
<trkpt lat="45.222100" lon="6.222640"><ele>1597.0</ele></trkpt>
<trkpt lat="45.222070" lon="6.222430"><ele>1598.0</ele></trkpt>
<trkpt lat="45.222050" lon="6.222310"><ele>1599.0</ele></trkpt>
<trkpt lat="45.222000" lon="6.222180"><ele>1600.0</ele></trkpt>
<trkpt lat="45.221960" lon="6.222090"><ele>1601.0</ele></trkpt>
<trkpt lat="45.221860" lon="6.221910"><ele>1603.0</ele></trkpt>
<trkpt lat="45.221750" lon="6.221710"><ele>1604.0</ele></trkpt>
<trkpt lat="45.221740" lon="6.221700"><ele>1605.0</ele></trkpt>
<trkpt lat="45.221600" lon="6.221420"><ele>1606.0</ele></trkpt>
<trkpt lat="45.221550" lon="6.221330"><ele>1608.0</ele></trkpt>
<trkpt lat="45.221540" lon="6.221290"><ele>1609.0</ele></trkpt>
<trkpt lat="45.221510" lon="6.221230"><ele>1610.0</ele></trkpt>
<trkpt lat="45.221470" lon="6.221120"><ele>1610.0</ele></trkpt>
<trkpt lat="45.221450" lon="6.221060"><ele>1611.0</ele></trkpt>
<trkpt lat="45.221450" lon="6.220930"><ele>1612.0</ele></trkpt>
<trkpt lat="45.221460" lon="6.220710"><ele>1613.0</ele></trkpt>
<trkpt lat="45.221470" lon="6.220630"><ele>1614.0</ele></trkpt>
<trkpt lat="45.221460" lon="6.220530"><ele>1615.0</ele></trkpt>
<trkpt lat="45.221440" lon="6.220450"><ele>1616.0</ele></trkpt>
<trkpt lat="45.221400" lon="6.220390"><ele>1616.0</ele></trkpt>
<trkpt lat="45.221270" lon="6.220310"><ele>1617.0</ele></trkpt>
<trkpt lat="45.221150" lon="6.220230"><ele>1619.0</ele></trkpt>
<trkpt lat="45.221070" lon="6.220160"><ele>1620.0</ele></trkpt>
<trkpt lat="45.221010" lon="6.220120"><ele>1621.0</ele></trkpt>
<trkpt lat="45.220960" lon="6.220060"><ele>1622.0</ele></trkpt>
<trkpt lat="45.220910" lon="6.220000"><ele>1623.0</ele></trkpt>
<trkpt lat="45.220870" lon="6.219900"><ele>1624.0</ele></trkpt>
<trkpt lat="45.220810" lon="6.219690"><ele>1625.0</ele></trkpt>
<trkpt lat="45.220770" lon="6.219520"><ele>1626.0</ele></trkpt>
<trkpt lat="45.220700" lon="6.219190"><ele>1628.0</ele></trkpt>
<trkpt lat="45.220640" lon="6.218920"><ele>1630.0</ele></trkpt>
<trkpt lat="45.220630" lon="6.218870"><ele>1632.0</ele></trkpt>
<trkpt lat="45.220570" lon="6.218630"><ele>1633.0</ele></trkpt>
<trkpt lat="45.220520" lon="6.218410"><ele>1635.0</ele></trkpt>
<trkpt lat="45.220490" lon="6.218230"><ele>1637.0</ele></trkpt>
<trkpt lat="45.220410" lon="6.217900"><ele>1639.0</ele></trkpt>
<trkpt lat="45.220340" lon="6.217670"><ele>1641.0</ele></trkpt>
<trkpt lat="45.220300" lon="6.217600"><ele>1642.0</ele></trkpt>
<trkpt lat="45.220220" lon="6.217480"><ele>1644.0</ele></trkpt>
<trkpt lat="45.220160" lon="6.217410"><ele>1645.0</ele></trkpt>
<trkpt lat="45.220120" lon="6.217390"><ele>1646.0</ele></trkpt>
<trkpt lat="45.220080" lon="6.217370"><ele>1647.0</ele></trkpt>
<trkpt lat="45.219980" lon="6.217340"><ele>1648.0</ele></trkpt>
<trkpt lat="45.219880" lon="6.217320"><ele>1649.0</ele></trkpt>
<trkpt lat="45.219840" lon="6.217290"><ele>1650.0</ele></trkpt>
<trkpt lat="45.219830" lon="6.217290"><ele>1650.0</ele></trkpt>
<trkpt lat="45.219820" lon="6.217280"><ele>1651.0</ele></trkpt>
<trkpt lat="45.219800" lon="6.217250"><ele>1651.0</ele></trkpt>
<trkpt lat="45.219800" lon="6.217240"><ele>1651.0</ele></trkpt>
<trkpt lat="45.219800" lon="6.217220"><ele>1651.0</ele></trkpt>
<trkpt lat="45.219800" lon="6.217200"><ele>1652.0</ele></trkpt>
<trkpt lat="45.219800" lon="6.217190"><ele>1652.0</ele></trkpt>
<trkpt lat="45.219810" lon="6.217150"><ele>1652.0</ele></trkpt>
<trkpt lat="45.219820" lon="6.217130"><ele>1652.0</ele></trkpt>
<trkpt lat="45.219830" lon="6.217120"><ele>1652.0</ele></trkpt>
<trkpt lat="45.219840" lon="6.217110"><ele>1653.0</ele></trkpt>
<trkpt lat="45.219850" lon="6.217100"><ele>1653.0</ele></trkpt>
<trkpt lat="45.219900" lon="6.217100"><ele>1653.0</ele></trkpt>
<trkpt lat="45.219980" lon="6.217100"><ele>1654.0</ele></trkpt>
<trkpt lat="45.220100" lon="6.217110"><ele>1654.0</ele></trkpt>
<trkpt lat="45.220130" lon="6.217120"><ele>1655.0</ele></trkpt>
<trkpt lat="45.220230" lon="6.217140"><ele>1656.0</ele></trkpt>
<trkpt lat="45.220330" lon="6.217170"><ele>1657.0</ele></trkpt>
<trkpt lat="45.220450" lon="6.217230"><ele>1658.0</ele></trkpt>
<trkpt lat="45.220560" lon="6.217300"><ele>1659.0</ele></trkpt>
<trkpt lat="45.220630" lon="6.217330"><ele>1660.0</ele></trkpt>
<trkpt lat="45.220690" lon="6.217350"><ele>1661.0</ele></trkpt>
<trkpt lat="45.220790" lon="6.217340"><ele>1662.0</ele></trkpt>
<trkpt lat="45.220900" lon="6.217310"><ele>1663.0</ele></trkpt>
<trkpt lat="45.221020" lon="6.217250"><ele>1664.0</ele></trkpt>
<trkpt lat="45.221130" lon="6.217120"><ele>1666.0</ele></trkpt>
<trkpt lat="45.221220" lon="6.216950"><ele>1667.0</ele></trkpt>
<trkpt lat="45.221380" lon="6.216800"><ele>1669.0</ele></trkpt>
<trkpt lat="45.221650" lon="6.216650"><ele>1671.0</ele></trkpt>
<trkpt lat="45.221820" lon="6.216560"><ele>1673.0</ele></trkpt>
<trkpt lat="45.221830" lon="6.216550"><ele>1675.0</ele></trkpt>
<trkpt lat="45.221990" lon="6.216440"><ele>1676.0</ele></trkpt>
<trkpt lat="45.222040" lon="6.216410"><ele>1677.0</ele></trkpt>
<trkpt lat="45.222140" lon="6.216320"><ele>1679.0</ele></trkpt>
<trkpt lat="45.222300" lon="6.216190"><ele>1680.0</ele></trkpt>
<trkpt lat="45.222410" lon="6.216100"><ele>1682.0</ele></trkpt>
<trkpt lat="45.222500" lon="6.216030"><ele>1683.0</ele></trkpt>
<trkpt lat="45.222600" lon="6.215950"><ele>1684.0</ele></trkpt>
<trkpt lat="45.222670" lon="6.215910"><ele>1685.0</ele></trkpt>
<trkpt lat="45.222760" lon="6.215880"><ele>1687.0</ele></trkpt>
<trkpt lat="45.222910" lon="6.215850"><ele>1688.0</ele></trkpt>
<trkpt lat="45.222980" lon="6.215860"><ele>1689.0</ele></trkpt>
<trkpt lat="45.223070" lon="6.215890"><ele>1690.0</ele></trkpt>
<trkpt lat="45.223120" lon="6.215950"><ele>1691.0</ele></trkpt>
<trkpt lat="45.223170" lon="6.216020"><ele>1692.0</ele></trkpt>
<trkpt lat="45.223220" lon="6.216060"><ele>1692.0</ele></trkpt>
<trkpt lat="45.223300" lon="6.216080"><ele>1693.0</ele></trkpt>
<trkpt lat="45.223310" lon="6.216090"><ele>1694.0</ele></trkpt>
<trkpt lat="45.223460" lon="6.216100"><ele>1695.0</ele></trkpt>
<trkpt lat="45.223560" lon="6.216120"><ele>1696.0</ele></trkpt>
<trkpt lat="45.223730" lon="6.216180"><ele>1697.0</ele></trkpt>
<trkpt lat="45.223830" lon="6.216240"><ele>1698.0</ele></trkpt>
<trkpt lat="45.223990" lon="6.216300"><ele>1699.0</ele></trkpt>
<trkpt lat="45.224240" lon="6.216490"><ele>1701.0</ele></trkpt>
<trkpt lat="45.224600" lon="6.216720"><ele>1704.0</ele></trkpt>
<trkpt lat="45.224670" lon="6.216770"><ele>1706.0</ele></trkpt>
<trkpt lat="45.224840" lon="6.216880"><ele>1707.0</ele></trkpt>
<trkpt lat="45.224910" lon="6.216920"><ele>1709.0</ele></trkpt>
<trkpt lat="45.225000" lon="6.217030"><ele>1710.0</ele></trkpt>
<trkpt lat="45.225050" lon="6.217130"><ele>1711.0</ele></trkpt>
<trkpt lat="45.225100" lon="6.217220"><ele>1712.0</ele></trkpt>
<trkpt lat="45.225140" lon="6.217260"><ele>1713.0</ele></trkpt>
<trkpt lat="45.225170" lon="6.217280"><ele>1714.0</ele></trkpt>
<trkpt lat="45.225180" lon="6.217280"><ele>1714.0</ele></trkpt>
<trkpt lat="45.225200" lon="6.217280"><ele>1715.0</ele></trkpt>
<trkpt lat="45.225210" lon="6.217280"><ele>1715.0</ele></trkpt>
<trkpt lat="45.225220" lon="6.217280"><ele>1715.0</ele></trkpt>
<trkpt lat="45.225230" lon="6.217270"><ele>1715.0</ele></trkpt>
<trkpt lat="45.225250" lon="6.217230"><ele>1716.0</ele></trkpt>
<trkpt lat="45.225260" lon="6.217190"><ele>1716.0</ele></trkpt>
<trkpt lat="45.225260" lon="6.217180"><ele>1716.0</ele></trkpt>
<trkpt lat="45.225260" lon="6.217170"><ele>1716.0</ele></trkpt>
<trkpt lat="45.225260" lon="6.217150"><ele>1716.0</ele></trkpt>
<trkpt lat="45.225260" lon="6.217120"><ele>1716.0</ele></trkpt>
<trkpt lat="45.225250" lon="6.217100"><ele>1717.0</ele></trkpt>
<trkpt lat="45.225190" lon="6.216970"><ele>1717.0</ele></trkpt>
<trkpt lat="45.225120" lon="6.216870"><ele>1717.0</ele></trkpt>
<trkpt lat="45.225000" lon="6.216690"><ele>1718.0</ele></trkpt>
<trkpt lat="45.224870" lon="6.216500"><ele>1719.0</ele></trkpt>
<trkpt lat="45.224530" lon="6.215970"><ele>1721.0</ele></trkpt>
<trkpt lat="45.224510" lon="6.215940"><ele>1722.0</ele></trkpt>
<trkpt lat="45.224380" lon="6.215760"><ele>1723.0</ele></trkpt>
<trkpt lat="45.224300" lon="6.215640"><ele>1724.0</ele></trkpt>
<trkpt lat="45.224260" lon="6.215570"><ele>1725.0</ele></trkpt>
<trkpt lat="45.224140" lon="6.215380"><ele>1726.0</ele></trkpt>
<trkpt lat="45.224100" lon="6.215290"><ele>1727.0</ele></trkpt>
<trkpt lat="45.224090" lon="6.215160"><ele>1728.0</ele></trkpt>
<trkpt lat="45.224080" lon="6.215140"><ele>1729.0</ele></trkpt>
<trkpt lat="45.224070" lon="6.214960"><ele>1729.0</ele></trkpt>
<trkpt lat="45.224070" lon="6.214890"><ele>1730.0</ele></trkpt>
<trkpt lat="45.224060" lon="6.214740"><ele>1731.0</ele></trkpt>
<trkpt lat="45.224000" lon="6.214480"><ele>1732.0</ele></trkpt>
<trkpt lat="45.223900" lon="6.214260"><ele>1733.0</ele></trkpt>
<trkpt lat="45.223860" lon="6.214200"><ele>1735.0</ele></trkpt>
<trkpt lat="45.223650" lon="6.213890"><ele>1736.0</ele></trkpt>
<trkpt lat="45.223610" lon="6.213830"><ele>1738.0</ele></trkpt>
<trkpt lat="45.223480" lon="6.213660"><ele>1739.0</ele></trkpt>
<trkpt lat="45.223320" lon="6.213460"><ele>1741.0</ele></trkpt>
<trkpt lat="45.222900" lon="6.213050"><ele>1744.0</ele></trkpt>
<trkpt lat="45.222870" lon="6.213010"><ele>1746.0</ele></trkpt>
<trkpt lat="45.222750" lon="6.212910"><ele>1748.0</ele></trkpt>
<trkpt lat="45.222460" lon="6.212660"><ele>1750.0</ele></trkpt>
<trkpt lat="45.222180" lon="6.212480"><ele>1752.0</ele></trkpt>
<trkpt lat="45.221950" lon="6.212400"><ele>1754.0</ele></trkpt>
<trkpt lat="45.221930" lon="6.212400"><ele>1756.0</ele></trkpt>
<trkpt lat="45.221750" lon="6.212380"><ele>1757.0</ele></trkpt>
<trkpt lat="45.221740" lon="6.212380"><ele>1758.0</ele></trkpt>
<trkpt lat="45.221650" lon="6.212370"><ele>1759.0</ele></trkpt>
<trkpt lat="45.221540" lon="6.212410"><ele>1760.0</ele></trkpt>
<trkpt lat="45.221450" lon="6.212460"><ele>1761.0</ele></trkpt>
<trkpt lat="45.221410" lon="6.212480"><ele>1762.0</ele></trkpt>
<trkpt lat="45.221360" lon="6.212510"><ele>1762.0</ele></trkpt>
<trkpt lat="45.221330" lon="6.212510"><ele>1763.0</ele></trkpt>
<trkpt lat="45.221290" lon="6.212510"><ele>1763.0</ele></trkpt>
<trkpt lat="45.221270" lon="6.212480"><ele>1764.0</ele></trkpt>
<trkpt lat="45.221250" lon="6.212450"><ele>1764.0</ele></trkpt>
<trkpt lat="45.221250" lon="6.212450"><ele>1764.0</ele></trkpt>
<trkpt lat="45.221240" lon="6.212420"><ele>1764.0</ele></trkpt>
<trkpt lat="45.221240" lon="6.212390"><ele>1764.0</ele></trkpt>
<trkpt lat="45.221240" lon="6.212380"><ele>1765.0</ele></trkpt>
<trkpt lat="45.221250" lon="6.212370"><ele>1765.0</ele></trkpt>
<trkpt lat="45.221250" lon="6.212360"><ele>1765.0</ele></trkpt>
<trkpt lat="45.221260" lon="6.212340"><ele>1765.0</ele></trkpt>
<trkpt lat="45.221290" lon="6.212310"><ele>1765.0</ele></trkpt>
<trkpt lat="45.221430" lon="6.212220"><ele>1766.0</ele></trkpt>
<trkpt lat="45.221590" lon="6.212110"><ele>1766.0</ele></trkpt>
<trkpt lat="45.221600" lon="6.212110"><ele>1767.0</ele></trkpt>
<trkpt lat="45.221760" lon="6.212000"><ele>1768.0</ele></trkpt>
<trkpt lat="45.221870" lon="6.211920"><ele>1769.0</ele></trkpt>
<trkpt lat="45.221920" lon="6.211890"><ele>1770.0</ele></trkpt>
<trkpt lat="45.222060" lon="6.211800"><ele>1770.0</ele></trkpt>
<trkpt lat="45.222250" lon="6.211750"><ele>1772.0</ele></trkpt>
<trkpt lat="45.222580" lon="6.211690"><ele>1773.0</ele></trkpt>
<trkpt lat="45.222830" lon="6.211650"><ele>1775.0</ele></trkpt>
<trkpt lat="45.222980" lon="6.211670"><ele>1776.0</ele></trkpt>
<trkpt lat="45.223150" lon="6.211710"><ele>1778.0</ele></trkpt>
<trkpt lat="45.223170" lon="6.211710"><ele>1779.0</ele></trkpt>
<trkpt lat="45.223330" lon="6.211770"><ele>1780.0</ele></trkpt>
<trkpt lat="45.223390" lon="6.211790"><ele>1781.0</ele></trkpt>
<trkpt lat="45.223560" lon="6.211860"><ele>1782.0</ele></trkpt>
<trkpt lat="45.223710" lon="6.211980"><ele>1784.0</ele></trkpt>
<trkpt lat="45.223870" lon="6.212150"><ele>1785.0</ele></trkpt>
<trkpt lat="45.224020" lon="6.212320"><ele>1787.0</ele></trkpt>
<trkpt lat="45.224180" lon="6.212570"><ele>1788.0</ele></trkpt>
<trkpt lat="45.224320" lon="6.212830"><ele>1790.0</ele></trkpt>
<trkpt lat="45.224440" lon="6.212990"><ele>1792.0</ele></trkpt>
<trkpt lat="45.224560" lon="6.213120"><ele>1793.0</ele></trkpt>
<trkpt lat="45.224850" lon="6.213380"><ele>1796.0</ele></trkpt>
<trkpt lat="45.225080" lon="6.213570"><ele>1798.0</ele></trkpt>
<trkpt lat="45.225200" lon="6.213670"><ele>1800.0</ele></trkpt>
<trkpt lat="45.225260" lon="6.213720"><ele>1802.0</ele></trkpt>
<trkpt lat="45.225450" lon="6.213820"><ele>1803.0</ele></trkpt>
<trkpt lat="45.225700" lon="6.213960"><ele>1806.0</ele></trkpt>
<trkpt lat="45.226040" lon="6.214210"><ele>1808.0</ele></trkpt>
<trkpt lat="45.226270" lon="6.214380"><ele>1811.0</ele></trkpt>
<trkpt lat="45.226360" lon="6.214460"><ele>1813.0</ele></trkpt>
<trkpt lat="45.226530" lon="6.214580"><ele>1815.0</ele></trkpt>
<trkpt lat="45.226780" lon="6.214850"><ele>1817.0</ele></trkpt>
<trkpt lat="45.226790" lon="6.214860"><ele>1818.0</ele></trkpt>
<trkpt lat="45.227060" lon="6.215130"><ele>1820.0</ele></trkpt>
<trkpt lat="45.227200" lon="6.215350"><ele>1822.0</ele></trkpt>
<trkpt lat="45.227290" lon="6.215480"><ele>1823.0</ele></trkpt>
<trkpt lat="45.227320" lon="6.215530"><ele>1824.0</ele></trkpt>
<trkpt lat="45.227450" lon="6.215710"><ele>1825.0</ele></trkpt>
<trkpt lat="45.227470" lon="6.215740"><ele>1826.0</ele></trkpt>
<trkpt lat="45.227600" lon="6.216000"><ele>1827.0</ele></trkpt>
<trkpt lat="45.227700" lon="6.216320"><ele>1829.0</ele></trkpt>
<trkpt lat="45.227720" lon="6.216370"><ele>1830.0</ele></trkpt>
<trkpt lat="45.227800" lon="6.216600"><ele>1831.0</ele></trkpt>
<trkpt lat="45.227820" lon="6.216660"><ele>1832.0</ele></trkpt>
<trkpt lat="45.227870" lon="6.216770"><ele>1833.0</ele></trkpt>
<trkpt lat="45.227890" lon="6.216810"><ele>1834.0</ele></trkpt>
<trkpt lat="45.227900" lon="6.216810"><ele>1834.0</ele></trkpt>
<trkpt lat="45.227920" lon="6.216830"><ele>1835.0</ele></trkpt>
<trkpt lat="45.227940" lon="6.216840"><ele>1835.0</ele></trkpt>
<trkpt lat="45.227950" lon="6.216840"><ele>1835.0</ele></trkpt>
<trkpt lat="45.227960" lon="6.216830"><ele>1835.0</ele></trkpt>
<trkpt lat="45.227970" lon="6.216820"><ele>1835.0</ele></trkpt>
<trkpt lat="45.227980" lon="6.216820"><ele>1836.0</ele></trkpt>
<trkpt lat="45.227980" lon="6.216810"><ele>1836.0</ele></trkpt>
<trkpt lat="45.227990" lon="6.216790"><ele>1836.0</ele></trkpt>
<trkpt lat="45.228000" lon="6.216750"><ele>1836.0</ele></trkpt>
<trkpt lat="45.228000" lon="6.216740"><ele>1836.0</ele></trkpt>
<trkpt lat="45.227990" lon="6.216660"><ele>1836.0</ele></trkpt>
<trkpt lat="45.227960" lon="6.216560"><ele>1837.0</ele></trkpt>
<trkpt lat="45.227850" lon="6.216230"><ele>1838.0</ele></trkpt>
<trkpt lat="45.227850" lon="6.216210"><ele>1839.0</ele></trkpt>
<trkpt lat="45.227780" lon="6.215990"><ele>1840.0</ele></trkpt>
<trkpt lat="45.227720" lon="6.215830"><ele>1841.0</ele></trkpt>
<trkpt lat="45.227700" lon="6.215760"><ele>1841.0</ele></trkpt>
<trkpt lat="45.227600" lon="6.215490"><ele>1843.0</ele></trkpt>
<trkpt lat="45.227530" lon="6.215320"><ele>1844.0</ele></trkpt>
<trkpt lat="45.227470" lon="6.215200"><ele>1845.0</ele></trkpt>
<trkpt lat="45.227270" lon="6.214760"><ele>1847.0</ele></trkpt>
<trkpt lat="45.227120" lon="6.214470"><ele>1849.0</ele></trkpt>
<trkpt lat="45.227120" lon="6.214460"><ele>1850.0</ele></trkpt>
<trkpt lat="45.227010" lon="6.214220"><ele>1851.0</ele></trkpt>
<trkpt lat="45.226910" lon="6.214020"><ele>1852.0</ele></trkpt>
<trkpt lat="45.226800" lon="6.213810"><ele>1854.0</ele></trkpt>
<trkpt lat="45.226720" lon="6.213680"><ele>1855.0</ele></trkpt>
<trkpt lat="45.226700" lon="6.213650"><ele>1856.0</ele></trkpt>
<trkpt lat="45.226610" lon="6.213500"><ele>1857.0</ele></trkpt>
<trkpt lat="45.226420" lon="6.213290"><ele>1858.0</ele></trkpt>
<trkpt lat="45.226220" lon="6.213030"><ele>1859.0</ele></trkpt>
<trkpt lat="45.226170" lon="6.212960"><ele>1860.0</ele></trkpt>
<trkpt lat="45.226070" lon="6.212860"><ele>1861.0</ele></trkpt>
<trkpt lat="45.225930" lon="6.212750"><ele>1863.0</ele></trkpt>
<trkpt lat="45.225890" lon="6.212720"><ele>1863.0</ele></trkpt>
<trkpt lat="45.225850" lon="6.212680"><ele>1864.0</ele></trkpt>
<trkpt lat="45.225820" lon="6.212610"><ele>1865.0</ele></trkpt>
<trkpt lat="45.225820" lon="6.212570"><ele>1865.0</ele></trkpt>
<trkpt lat="45.225830" lon="6.212520"><ele>1866.0</ele></trkpt>
<trkpt lat="45.225860" lon="6.212480"><ele>1866.0</ele></trkpt>
<trkpt lat="45.225880" lon="6.212470"><ele>1867.0</ele></trkpt>
<trkpt lat="45.225900" lon="6.212460"><ele>1867.0</ele></trkpt>
<trkpt lat="45.225910" lon="6.212460"><ele>1867.0</ele></trkpt>
<trkpt lat="45.225970" lon="6.212490"><ele>1867.0</ele></trkpt>
<trkpt lat="45.226080" lon="6.212610"><ele>1868.0</ele></trkpt>
<trkpt lat="45.226100" lon="6.212640"><ele>1868.0</ele></trkpt>
<trkpt lat="45.226220" lon="6.212780"><ele>1869.0</ele></trkpt>
<trkpt lat="45.226420" lon="6.212940"><ele>1870.0</ele></trkpt>
<trkpt lat="45.226570" lon="6.213010"><ele>1872.0</ele></trkpt>
<trkpt lat="45.226710" lon="6.213070"><ele>1873.0</ele></trkpt>
<trkpt lat="45.226970" lon="6.213200"><ele>1874.0</ele></trkpt>
<trkpt lat="45.227150" lon="6.213370"><ele>1876.0</ele></trkpt>
<trkpt lat="45.227180" lon="6.213410"><ele>1877.0</ele></trkpt>
<trkpt lat="45.227240" lon="6.213480"><ele>1879.0</ele></trkpt>
<trkpt lat="45.227290" lon="6.213540"><ele>1879.0</ele></trkpt>
<trkpt lat="45.227310" lon="6.213570"><ele>1880.0</ele></trkpt>
<trkpt lat="45.227390" lon="6.213730"><ele>1881.0</ele></trkpt>
<trkpt lat="45.227410" lon="6.213780"><ele>1882.0</ele></trkpt>
<trkpt lat="45.227460" lon="6.213930"><ele>1883.0</ele></trkpt>
<trkpt lat="45.227540" lon="6.214170"><ele>1884.0</ele></trkpt>
<trkpt lat="45.227610" lon="6.214400"><ele>1886.0</ele></trkpt>
<trkpt lat="45.227690" lon="6.214630"><ele>1887.0</ele></trkpt>
<trkpt lat="45.227770" lon="6.214800"><ele>1889.0</ele></trkpt>
<trkpt lat="45.227920" lon="6.214960"><ele>1890.0</ele></trkpt>
<trkpt lat="45.228050" lon="6.215060"><ele>1892.0</ele></trkpt>
<trkpt lat="45.228160" lon="6.215110"><ele>1893.0</ele></trkpt>
<trkpt lat="45.228180" lon="6.215120"><ele>1894.0</ele></trkpt>
<trkpt lat="45.228360" lon="6.215190"><ele>1896.0</ele></trkpt>
<trkpt lat="45.228610" lon="6.215320"><ele>1898.0</ele></trkpt>
<trkpt lat="45.228790" lon="6.215420"><ele>1899.0</ele></trkpt>
<trkpt lat="45.228840" lon="6.215470"><ele>1901.0</ele></trkpt>
<trkpt lat="45.228960" lon="6.215590"><ele>1902.0</ele></trkpt>
<trkpt lat="45.229110" lon="6.215780"><ele>1904.0</ele></trkpt>
<trkpt lat="45.229230" lon="6.215890"><ele>1905.0</ele></trkpt>
<trkpt lat="45.229360" lon="6.215980"><ele>1906.0</ele></trkpt>
<trkpt lat="45.229530" lon="6.216020"><ele>1908.0</ele></trkpt>
<trkpt lat="45.229980" lon="6.216060"><ele>1910.0</ele></trkpt>
<trkpt lat="45.230330" lon="6.216090"><ele>1913.0</ele></trkpt>
<trkpt lat="45.230500" lon="6.216110"><ele>1915.0</ele></trkpt>
<trkpt lat="45.230600" lon="6.216150"><ele>1917.0</ele></trkpt>
<trkpt lat="45.230670" lon="6.216190"><ele>1918.0</ele></trkpt>
<trkpt lat="45.230730" lon="6.216270"><ele>1919.0</ele></trkpt>
<trkpt lat="45.230790" lon="6.216350"><ele>1920.0</ele></trkpt>
<trkpt lat="45.230920" lon="6.216580"><ele>1921.0</ele></trkpt>
<trkpt lat="45.230940" lon="6.216620"><ele>1922.0</ele></trkpt>
<trkpt lat="45.231000" lon="6.216730"><ele>1923.0</ele></trkpt>
<trkpt lat="45.231000" lon="6.216740"><ele>1924.0</ele></trkpt>
<trkpt lat="45.231020" lon="6.216760"><ele>1924.0</ele></trkpt>
<trkpt lat="45.231050" lon="6.216760"><ele>1924.0</ele></trkpt>
<trkpt lat="45.231080" lon="6.216760"><ele>1925.0</ele></trkpt>
<trkpt lat="45.231090" lon="6.216750"><ele>1925.0</ele></trkpt>
<trkpt lat="45.231100" lon="6.216740"><ele>1925.0</ele></trkpt>
<trkpt lat="45.231110" lon="6.216720"><ele>1925.0</ele></trkpt>
<trkpt lat="45.231120" lon="6.216690"><ele>1925.0</ele></trkpt>
<trkpt lat="45.231120" lon="6.216680"><ele>1925.0</ele></trkpt>
<trkpt lat="45.231120" lon="6.216620"><ele>1926.0</ele></trkpt>
<trkpt lat="45.231110" lon="6.216610"><ele>1926.0</ele></trkpt>
<trkpt lat="45.231060" lon="6.216470"><ele>1926.0</ele></trkpt>
<trkpt lat="45.230880" lon="6.216140"><ele>1927.0</ele></trkpt>
<trkpt lat="45.230780" lon="6.215930"><ele>1928.0</ele></trkpt>
<trkpt lat="45.230660" lon="6.215720"><ele>1929.0</ele></trkpt>
<trkpt lat="45.230530" lon="6.215540"><ele>1930.0</ele></trkpt>
<trkpt lat="45.230380" lon="6.215400"><ele>1932.0</ele></trkpt>
<trkpt lat="45.230230" lon="6.215280"><ele>1933.0</ele></trkpt>
<trkpt lat="45.230020" lon="6.215170"><ele>1935.0</ele></trkpt>
<trkpt lat="45.229890" lon="6.215140"><ele>1936.0</ele></trkpt>
<trkpt lat="45.229730" lon="6.215090"><ele>1937.0</ele></trkpt>
<trkpt lat="45.229500" lon="6.215020"><ele>1939.0</ele></trkpt>
<trkpt lat="45.229350" lon="6.214950"><ele>1940.0</ele></trkpt>
<trkpt lat="45.229240" lon="6.214820"><ele>1942.0</ele></trkpt>
<trkpt lat="45.229200" lon="6.214680"><ele>1943.0</ele></trkpt>
<trkpt lat="45.229190" lon="6.214450"><ele>1944.0</ele></trkpt>
<trkpt lat="45.229170" lon="6.214220"><ele>1945.0</ele></trkpt>
<trkpt lat="45.229120" lon="6.214040"><ele>1947.0</ele></trkpt>
<trkpt lat="45.229050" lon="6.213940"><ele>1948.0</ele></trkpt>
<trkpt lat="45.228930" lon="6.213820"><ele>1949.0</ele></trkpt>
<trkpt lat="45.228690" lon="6.213640"><ele>1951.0</ele></trkpt>
<trkpt lat="45.228650" lon="6.213610"><ele>1953.0</ele></trkpt>
<trkpt lat="45.228610" lon="6.213570"><ele>1954.0</ele></trkpt>
<trkpt lat="45.228600" lon="6.213550"><ele>1955.0</ele></trkpt>
<trkpt lat="45.228580" lon="6.213500"><ele>1955.0</ele></trkpt>
<trkpt lat="45.228570" lon="6.213420"><ele>1956.0</ele></trkpt>
<trkpt lat="45.228570" lon="6.213330"><ele>1957.0</ele></trkpt>
<trkpt lat="45.228570" lon="6.213310"><ele>1957.0</ele></trkpt>
<trkpt lat="45.228590" lon="6.213230"><ele>1958.0</ele></trkpt>
<trkpt lat="45.228660" lon="6.213040"><ele>1958.0</ele></trkpt>
<trkpt lat="45.228780" lon="6.212820"><ele>1960.0</ele></trkpt>
<trkpt lat="45.228890" lon="6.212600"><ele>1961.0</ele></trkpt>
<trkpt lat="45.228950" lon="6.212460"><ele>1963.0</ele></trkpt>
<trkpt lat="45.228950" lon="6.212450"><ele>1964.0</ele></trkpt>
<trkpt lat="45.228970" lon="6.212210"><ele>1965.0</ele></trkpt>
<trkpt lat="45.228970" lon="6.212190"><ele>1966.0</ele></trkpt>
<trkpt lat="45.228980" lon="6.211980"><ele>1967.0</ele></trkpt>
<trkpt lat="45.228980" lon="6.211940"><ele>1968.0</ele></trkpt>
<trkpt lat="45.228970" lon="6.211700"><ele>1969.0</ele></trkpt>
<trkpt lat="45.228970" lon="6.211680"><ele>1969.0</ele></trkpt>
<trkpt lat="45.228930" lon="6.211430"><ele>1971.0</ele></trkpt>
<trkpt lat="45.228900" lon="6.211260"><ele>1972.0</ele></trkpt>
<trkpt lat="45.228880" lon="6.211190"><ele>1973.0</ele></trkpt>
<trkpt lat="45.228870" lon="6.211160"><ele>1973.0</ele></trkpt>
<trkpt lat="45.228870" lon="6.211050"><ele>1974.0</ele></trkpt>
<trkpt lat="45.228900" lon="6.210870"><ele>1975.0</ele></trkpt>
<trkpt lat="45.228960" lon="6.210580"><ele>1976.0</ele></trkpt>
<trkpt lat="45.228980" lon="6.210440"><ele>1978.0</ele></trkpt>
<trkpt lat="45.228990" lon="6.210290"><ele>1979.0</ele></trkpt>
<trkpt lat="45.229000" lon="6.209940"><ele>1980.0</ele></trkpt>
<trkpt lat="45.229010" lon="6.209680"><ele>1982.0</ele></trkpt>
<trkpt lat="45.229010" lon="6.209660"><ele>1983.0</ele></trkpt>
<trkpt lat="45.229010" lon="6.209420"><ele>1984.0</ele></trkpt>
<trkpt lat="45.229010" lon="6.209350"><ele>1985.0</ele></trkpt>
<trkpt lat="45.229000" lon="6.209170"><ele>1986.0</ele></trkpt>
<trkpt lat="45.229000" lon="6.209060"><ele>1987.0</ele></trkpt>
<trkpt lat="45.228980" lon="6.208940"><ele>1988.0</ele></trkpt>
<trkpt lat="45.228980" lon="6.208920"><ele>1989.0</ele></trkpt>
<trkpt lat="45.228980" lon="6.208840"><ele>1989.0</ele></trkpt>
<trkpt lat="45.229000" lon="6.208780"><ele>1990.0</ele></trkpt>
<trkpt lat="45.229010" lon="6.208770"><ele>1990.0</ele></trkpt>
<trkpt lat="45.229020" lon="6.208760"><ele>1991.0</ele></trkpt>
<trkpt lat="45.229030" lon="6.208760"><ele>1991.0</ele></trkpt>
<trkpt lat="45.229040" lon="6.208750"><ele>1991.0</ele></trkpt>
<trkpt lat="45.229080" lon="6.208760"><ele>1991.0</ele></trkpt>
<trkpt lat="45.229100" lon="6.208760"><ele>1992.0</ele></trkpt>
<trkpt lat="45.229160" lon="6.208800"><ele>1992.0</ele></trkpt>
<trkpt lat="45.229290" lon="6.208900"><ele>1993.0</ele></trkpt>
<trkpt lat="45.229420" lon="6.208990"><ele>1993.0</ele></trkpt>
<trkpt lat="45.229460" lon="6.209010"><ele>1994.0</ele></trkpt>
<trkpt lat="45.229620" lon="6.209120"><ele>1995.0</ele></trkpt>
<trkpt lat="45.229950" lon="6.209330"><ele>1997.0</ele></trkpt>
<trkpt lat="45.230290" lon="6.209520"><ele>1999.0</ele></trkpt>
<trkpt lat="45.230340" lon="6.209560"><ele>2001.0</ele></trkpt>
<trkpt lat="45.230440" lon="6.209660"><ele>2002.0</ele></trkpt>
<trkpt lat="45.230500" lon="6.209760"><ele>2003.0</ele></trkpt>
<trkpt lat="45.230560" lon="6.209910"><ele>2004.0</ele></trkpt>
<trkpt lat="45.230560" lon="6.209950"><ele>2005.0</ele></trkpt>
<trkpt lat="45.230590" lon="6.210080"><ele>2005.0</ele></trkpt>
<trkpt lat="45.230600" lon="6.210200"><ele>2006.0</ele></trkpt>
<trkpt lat="45.230600" lon="6.210240"><ele>2007.0</ele></trkpt>
<trkpt lat="45.230590" lon="6.210450"><ele>2007.0</ele></trkpt>
<trkpt lat="45.230590" lon="6.210510"><ele>2008.0</ele></trkpt>
<trkpt lat="45.230590" lon="6.210620"><ele>2009.0</ele></trkpt>
<trkpt lat="45.230590" lon="6.210640"><ele>2009.0</ele></trkpt>
<trkpt lat="45.230600" lon="6.210660"><ele>2009.0</ele></trkpt>
<trkpt lat="45.230610" lon="6.210670"><ele>2010.0</ele></trkpt>
<trkpt lat="45.230630" lon="6.210680"><ele>2010.0</ele></trkpt>
<trkpt lat="45.230650" lon="6.210680"><ele>2010.0</ele></trkpt>
<trkpt lat="45.230690" lon="6.210670"><ele>2010.0</ele></trkpt>
<trkpt lat="45.230720" lon="6.210630"><ele>2010.0</ele></trkpt>
<trkpt lat="45.230740" lon="6.210550"><ele>2011.0</ele></trkpt>
<trkpt lat="45.230740" lon="6.210380"><ele>2011.0</ele></trkpt>
<trkpt lat="45.230720" lon="6.210210"><ele>2012.0</ele></trkpt>
<trkpt lat="45.230710" lon="6.209950"><ele>2013.0</ele></trkpt>
<trkpt lat="45.230700" lon="6.209700"><ele>2014.0</ele></trkpt>
<trkpt lat="45.230690" lon="6.209650"><ele>2015.0</ele></trkpt>
<trkpt lat="45.230680" lon="6.209440"><ele>2016.0</ele></trkpt>
<trkpt lat="45.230670" lon="6.209320"><ele>2017.0</ele></trkpt>
<trkpt lat="45.230640" lon="6.209200"><ele>2018.0</ele></trkpt>
<trkpt lat="45.230600" lon="6.209080"><ele>2019.0</ele></trkpt>
<trkpt lat="45.230460" lon="6.208790"><ele>2020.0</ele></trkpt>
<trkpt lat="45.230440" lon="6.208770"><ele>2021.0</ele></trkpt>
<trkpt lat="45.230340" lon="6.208560"><ele>2022.0</ele></trkpt>
<trkpt lat="45.230230" lon="6.208360"><ele>2024.0</ele></trkpt>
<trkpt lat="45.230160" lon="6.208230"><ele>2025.0</ele></trkpt>
<trkpt lat="45.230120" lon="6.208150"><ele>2026.0</ele></trkpt>
<trkpt lat="45.229920" lon="6.207740"><ele>2028.0</ele></trkpt>
<trkpt lat="45.229800" lon="6.207530"><ele>2030.0</ele></trkpt>
<trkpt lat="45.229700" lon="6.207320"><ele>2032.0</ele></trkpt>
<trkpt lat="45.229690" lon="6.207300"><ele>2033.0</ele></trkpt>
<trkpt lat="45.229450" lon="6.206860"><ele>2035.0</ele></trkpt>
<trkpt lat="45.229320" lon="6.206560"><ele>2037.0</ele></trkpt>
<trkpt lat="45.229290" lon="6.206480"><ele>2039.0</ele></trkpt>
<trkpt lat="45.229220" lon="6.206250"><ele>2041.0</ele></trkpt>
<trkpt lat="45.229220" lon="6.206240"><ele>2042.0</ele></trkpt>
<trkpt lat="45.229050" lon="6.205920"><ele>2044.0</ele></trkpt>
<trkpt lat="45.229010" lon="6.205830"><ele>2045.0</ele></trkpt>
<trkpt lat="45.228790" lon="6.205390"><ele>2047.0</ele></trkpt>
<trkpt lat="45.228690" lon="6.205220"><ele>2049.0</ele></trkpt>
<trkpt lat="45.228570" lon="6.205020"><ele>2051.0</ele></trkpt>
<trkpt lat="45.228450" lon="6.204800"><ele>2053.0</ele></trkpt>
<trkpt lat="45.228400" lon="6.204710"><ele>2054.0</ele></trkpt>
<trkpt lat="45.228360" lon="6.204670"><ele>2055.0</ele></trkpt>
<trkpt lat="45.228330" lon="6.204650"><ele>2056.0</ele></trkpt>
<trkpt lat="45.228320" lon="6.204640"><ele>2057.0</ele></trkpt>
<trkpt lat="45.228250" lon="6.204610"><ele>2057.0</ele></trkpt>
<trkpt lat="45.228160" lon="6.204600"><ele>2058.0</ele></trkpt>
<trkpt lat="45.228120" lon="6.204590"><ele>2059.0</ele></trkpt>
<trkpt lat="45.228000" lon="6.204590"><ele>2060.0</ele></trkpt>
<trkpt lat="45.227820" lon="6.204560"><ele>2061.0</ele></trkpt>
<trkpt lat="45.227690" lon="6.204460"><ele>2062.0</ele></trkpt>
<trkpt lat="45.227650" lon="6.204410"><ele>2063.0</ele></trkpt>
<trkpt lat="45.227590" lon="6.204330"><ele>2064.0</ele></trkpt>
<trkpt lat="45.227550" lon="6.204210"><ele>2064.0</ele></trkpt>
<trkpt lat="45.227540" lon="6.204180"><ele>2065.0</ele></trkpt>
<trkpt lat="45.227510" lon="6.204010"><ele>2066.0</ele></trkpt>
<trkpt lat="45.227510" lon="6.203960"><ele>2067.0</ele></trkpt>
<trkpt lat="45.227490" lon="6.203720"><ele>2068.0</ele></trkpt>
<trkpt lat="45.227490" lon="6.203520"><ele>2068.0</ele></trkpt>
<trkpt lat="45.227490" lon="6.203480"><ele>2068.0</ele></trkpt>
<trkpt lat="45.227490" lon="6.203360"><ele>2068.0</ele></trkpt>
<trkpt lat="45.227500" lon="6.203270"><ele>2068.0</ele></trkpt>
<trkpt lat="45.227520" lon="6.203160"><ele>2068.0</ele></trkpt>
<trkpt lat="45.227540" lon="6.203080"><ele>2067.0</ele></trkpt>
<trkpt lat="45.227560" lon="6.203020"><ele>2067.0</ele></trkpt>
<trkpt lat="45.227630" lon="6.202880"><ele>2066.0</ele></trkpt>
<trkpt lat="45.227740" lon="6.202740"><ele>2066.0</ele></trkpt>
<trkpt lat="45.227820" lon="6.202700"><ele>2065.0</ele></trkpt>
<trkpt lat="45.228020" lon="6.202610"><ele>2064.0</ele></trkpt>
<trkpt lat="45.228110" lon="6.202570"><ele>2064.0</ele></trkpt>
<trkpt lat="45.228190" lon="6.202540"><ele>2063.0</ele></trkpt>
<trkpt lat="45.228200" lon="6.202540"><ele>2062.0</ele></trkpt>
<trkpt lat="45.228310" lon="6.202490"><ele>2062.0</ele></trkpt>
<trkpt lat="45.228500" lon="6.202430"><ele>2061.0</ele></trkpt>
<trkpt lat="45.228540" lon="6.202420"><ele>2060.0</ele></trkpt>
<trkpt lat="45.228800" lon="6.202340"><ele>2059.0</ele></trkpt>
<trkpt lat="45.229030" lon="6.202290"><ele>2058.0</ele></trkpt>
<trkpt lat="45.229260" lon="6.202260"><ele>2057.0</ele></trkpt>
<trkpt lat="45.229450" lon="6.202240"><ele>2056.0</ele></trkpt>
<trkpt lat="45.229520" lon="6.202210"><ele>2055.0</ele></trkpt>
<trkpt lat="45.229610" lon="6.202150"><ele>2054.0</ele></trkpt>
<trkpt lat="45.229650" lon="6.202120"><ele>2054.0</ele></trkpt>
<trkpt lat="45.229700" lon="6.202060"><ele>2053.0</ele></trkpt>
<trkpt lat="45.229740" lon="6.202010"><ele>2052.0</ele></trkpt>
<trkpt lat="45.229770" lon="6.201980"><ele>2052.0</ele></trkpt>
<trkpt lat="45.229840" lon="6.201880"><ele>2052.0</ele></trkpt>
<trkpt lat="45.229960" lon="6.201710"><ele>2051.0</ele></trkpt>
<trkpt lat="45.230130" lon="6.201480"><ele>2050.0</ele></trkpt>
<trkpt lat="45.230250" lon="6.201320"><ele>2049.0</ele></trkpt>
<trkpt lat="45.230560" lon="6.200850"><ele>2048.0</ele></trkpt>
<trkpt lat="45.230850" lon="6.200340"><ele>2045.0</ele></trkpt>
<trkpt lat="45.231020" lon="6.200030"><ele>2043.0</ele></trkpt>
<trkpt lat="45.231100" lon="6.199890"><ele>2041.0</ele></trkpt>
<trkpt lat="45.231160" lon="6.199760"><ele>2040.0</ele></trkpt>
<trkpt lat="45.231220" lon="6.199630"><ele>2039.0</ele></trkpt>
<trkpt lat="45.231340" lon="6.199340"><ele>2037.0</ele></trkpt>
<trkpt lat="45.231430" lon="6.199150"><ele>2036.0</ele></trkpt>
<trkpt lat="45.231560" lon="6.198850"><ele>2034.0</ele></trkpt>
<trkpt lat="45.231680" lon="6.198580"><ele>2033.0</ele></trkpt>
<trkpt lat="45.231720" lon="6.198500"><ele>2031.0</ele></trkpt>
<trkpt lat="45.231800" lon="6.198380"><ele>2030.0</ele></trkpt>
<trkpt lat="45.231850" lon="6.198300"><ele>2030.0</ele></trkpt>
<trkpt lat="45.231980" lon="6.198150"><ele>2029.0</ele></trkpt>
<trkpt lat="45.232150" lon="6.197920"><ele>2027.0</ele></trkpt>
<trkpt lat="45.232230" lon="6.197820"><ele>2026.0</ele></trkpt>
<trkpt lat="45.232270" lon="6.197770"><ele>2026.0</ele></trkpt>
<trkpt lat="45.232340" lon="6.197680"><ele>2025.0</ele></trkpt>
<trkpt lat="45.232380" lon="6.197630"><ele>2024.0</ele></trkpt>
<trkpt lat="45.232470" lon="6.197530"><ele>2024.0</ele></trkpt>
<trkpt lat="45.232600" lon="6.197430"><ele>2023.0</ele></trkpt>
<trkpt lat="45.232640" lon="6.197400"><ele>2022.0</ele></trkpt>
<trkpt lat="45.232670" lon="6.197360"><ele>2022.0</ele></trkpt>
<trkpt lat="45.232710" lon="6.197300"><ele>2021.0</ele></trkpt>
<trkpt lat="45.232740" lon="6.197260"><ele>2021.0</ele></trkpt>
<trkpt lat="45.232790" lon="6.197170"><ele>2020.0</ele></trkpt>
<trkpt lat="45.232870" lon="6.197020"><ele>2020.0</ele></trkpt>
<trkpt lat="45.233070" lon="6.196660"><ele>2019.0</ele></trkpt>
<trkpt lat="45.233130" lon="6.196540"><ele>2018.0</ele></trkpt>
<trkpt lat="45.233190" lon="6.196400"><ele>2017.0</ele></trkpt>
<trkpt lat="45.233240" lon="6.196280"><ele>2016.0</ele></trkpt>
<trkpt lat="45.233250" lon="6.196220"><ele>2015.0</ele></trkpt>
<trkpt lat="45.233260" lon="6.196160"><ele>2015.0</ele></trkpt>
<trkpt lat="45.233270" lon="6.196110"><ele>2014.0</ele></trkpt>
<trkpt lat="45.233280" lon="6.196040"><ele>2014.0</ele></trkpt>
<trkpt lat="45.233290" lon="6.195900"><ele>2013.0</ele></trkpt>
<trkpt lat="45.233320" lon="6.195640"><ele>2012.0</ele></trkpt>
<trkpt lat="45.233340" lon="6.195520"><ele>2012.0</ele></trkpt>
<trkpt lat="45.233360" lon="6.195410"><ele>2011.0</ele></trkpt>
<trkpt lat="45.233370" lon="6.195370"><ele>2010.0</ele></trkpt>
<trkpt lat="45.233380" lon="6.195330"><ele>2010.0</ele></trkpt>
<trkpt lat="45.233410" lon="6.195180"><ele>2009.0</ele></trkpt>
<trkpt lat="45.233430" lon="6.195130"><ele>2009.0</ele></trkpt>
<trkpt lat="45.233460" lon="6.195050"><ele>2008.0</ele></trkpt>
<trkpt lat="45.233510" lon="6.194940"><ele>2008.0</ele></trkpt>
<trkpt lat="45.233570" lon="6.194840"><ele>2007.0</ele></trkpt>
<trkpt lat="45.233620" lon="6.194740"><ele>2007.0</ele></trkpt>
<trkpt lat="45.233640" lon="6.194710"><ele>2006.0</ele></trkpt>
<trkpt lat="45.233680" lon="6.194640"><ele>2006.0</ele></trkpt>
<trkpt lat="45.233720" lon="6.194540"><ele>2005.0</ele></trkpt>
<trkpt lat="45.233820" lon="6.194270"><ele>2004.0</ele></trkpt>
<trkpt lat="45.233900" lon="6.194040"><ele>2003.0</ele></trkpt>
<trkpt lat="45.234010" lon="6.193740"><ele>2003.0</ele></trkpt>
<trkpt lat="45.234080" lon="6.193510"><ele>2002.0</ele></trkpt>
<trkpt lat="45.234090" lon="6.193490"><ele>2001.0</ele></trkpt>
<trkpt lat="45.234120" lon="6.193430"><ele>2001.0</ele></trkpt>
<trkpt lat="45.234170" lon="6.193310"><ele>2001.0</ele></trkpt>
<trkpt lat="45.234200" lon="6.193270"><ele>2000.0</ele></trkpt>
<trkpt lat="45.234240" lon="6.193240"><ele>2000.0</ele></trkpt>
<trkpt lat="45.234290" lon="6.193240"><ele>2000.0</ele></trkpt>
<trkpt lat="45.234360" lon="6.193220"><ele>1999.0</ele></trkpt>
<trkpt lat="45.234610" lon="6.193200"><ele>1999.0</ele></trkpt>
<trkpt lat="45.234790" lon="6.193180"><ele>1999.0</ele></trkpt>
<trkpt lat="45.234890" lon="6.193140"><ele>1998.0</ele></trkpt>
<trkpt lat="45.235310" lon="6.192940"><ele>1997.0</ele></trkpt>
<trkpt lat="45.235340" lon="6.192920"><ele>1997.0</ele></trkpt>
<trkpt lat="45.235510" lon="6.192830"><ele>1996.0</ele></trkpt>
<trkpt lat="45.235530" lon="6.192820"><ele>1995.0</ele></trkpt>
<trkpt lat="45.235620" lon="6.192730"><ele>1994.0</ele></trkpt>
<trkpt lat="45.235720" lon="6.192610"><ele>1994.0</ele></trkpt>
<trkpt lat="45.235970" lon="6.192240"><ele>1992.0</ele></trkpt>
<trkpt lat="45.236030" lon="6.192140"><ele>1991.0</ele></trkpt>
<trkpt lat="45.236160" lon="6.191950"><ele>1990.0</ele></trkpt>
<trkpt lat="45.236290" lon="6.191780"><ele>1989.0</ele></trkpt>
<trkpt lat="45.236490" lon="6.191520"><ele>1987.0</ele></trkpt>
<trkpt lat="45.236550" lon="6.191430"><ele>1986.0</ele></trkpt>
<trkpt lat="45.236670" lon="6.191230"><ele>1985.0</ele></trkpt>
<trkpt lat="45.236680" lon="6.191220"><ele>1984.0</ele></trkpt>
<trkpt lat="45.236890" lon="6.190880"><ele>1983.0</ele></trkpt>
<trkpt lat="45.236900" lon="6.190850"><ele>1982.0</ele></trkpt>
<trkpt lat="45.236950" lon="6.190740"><ele>1981.0</ele></trkpt>
<trkpt lat="45.236980" lon="6.190640"><ele>1980.0</ele></trkpt>
<trkpt lat="45.236980" lon="6.190620"><ele>1980.0</ele></trkpt>
<trkpt lat="45.236990" lon="6.190560"><ele>1979.0</ele></trkpt>
<trkpt lat="45.237020" lon="6.190440"><ele>1979.0</ele></trkpt>
<trkpt lat="45.237090" lon="6.190200"><ele>1978.0</ele></trkpt>
<trkpt lat="45.237160" lon="6.189900"><ele>1977.0</ele></trkpt>
<trkpt lat="45.237160" lon="6.189890"><ele>1976.0</ele></trkpt>
<trkpt lat="45.237210" lon="6.189660"><ele>1975.0</ele></trkpt>
<trkpt lat="45.237220" lon="6.189660"><ele>1975.0</ele></trkpt>
<trkpt lat="45.237280" lon="6.189410"><ele>1974.0</ele></trkpt>
<trkpt lat="45.237360" lon="6.189180"><ele>1973.0</ele></trkpt>
<trkpt lat="45.237460" lon="6.188910"><ele>1972.0</ele></trkpt>
<trkpt lat="45.237510" lon="6.188740"><ele>1971.0</ele></trkpt>
<trkpt lat="45.237510" lon="6.188730"><ele>1970.0</ele></trkpt>
<trkpt lat="45.237540" lon="6.188660"><ele>1969.0</ele></trkpt>
<trkpt lat="45.237610" lon="6.188260"><ele>1968.0</ele></trkpt>
<trkpt lat="45.237610" lon="6.188240"><ele>1967.0</ele></trkpt>
<trkpt lat="45.237630" lon="6.188150"><ele>1967.0</ele></trkpt>
<trkpt lat="45.237670" lon="6.188010"><ele>1966.0</ele></trkpt>
<trkpt lat="45.237760" lon="6.187790"><ele>1965.0</ele></trkpt>
<trkpt lat="45.237870" lon="6.187610"><ele>1964.0</ele></trkpt>
<trkpt lat="45.237960" lon="6.187410"><ele>1963.0</ele></trkpt>
<trkpt lat="45.238050" lon="6.187180"><ele>1962.0</ele></trkpt>
<trkpt lat="45.238060" lon="6.187140"><ele>1961.0</ele></trkpt>
<trkpt lat="45.238170" lon="6.186860"><ele>1960.0</ele></trkpt>
<trkpt lat="45.238310" lon="6.186520"><ele>1958.0</ele></trkpt>
<trkpt lat="45.238400" lon="6.186290"><ele>1957.0</ele></trkpt>
<trkpt lat="45.238450" lon="6.186150"><ele>1956.0</ele></trkpt>
<trkpt lat="45.238570" lon="6.185980"><ele>1954.0</ele></trkpt>
<trkpt lat="45.238660" lon="6.185880"><ele>1953.0</ele></trkpt>
<trkpt lat="45.238680" lon="6.185860"><ele>1952.0</ele></trkpt>
<trkpt lat="45.238790" lon="6.185760"><ele>1952.0</ele></trkpt>
<trkpt lat="45.238810" lon="6.185750"><ele>1951.0</ele></trkpt>
<trkpt lat="45.238960" lon="6.185720"><ele>1950.0</ele></trkpt>
<trkpt lat="45.239060" lon="6.185690"><ele>1949.0</ele></trkpt>
<trkpt lat="45.239110" lon="6.185680"><ele>1949.0</ele></trkpt>
<trkpt lat="45.239150" lon="6.185650"><ele>1948.0</ele></trkpt>
<trkpt lat="45.239170" lon="6.185630"><ele>1948.0</ele></trkpt>
<trkpt lat="45.239200" lon="6.185600"><ele>1947.0</ele></trkpt>
<trkpt lat="45.239220" lon="6.185570"><ele>1947.0</ele></trkpt>
<trkpt lat="45.239260" lon="6.185440"><ele>1946.0</ele></trkpt>
<trkpt lat="45.239260" lon="6.185410"><ele>1946.0</ele></trkpt>
<trkpt lat="45.239270" lon="6.185250"><ele>1945.0</ele></trkpt>
<trkpt lat="45.239260" lon="6.185190"><ele>1945.0</ele></trkpt>
<trkpt lat="45.239250" lon="6.185130"><ele>1945.0</ele></trkpt>
<trkpt lat="45.239250" lon="6.185100"><ele>1944.0</ele></trkpt>
<trkpt lat="45.239190" lon="6.184960"><ele>1944.0</ele></trkpt>
<trkpt lat="45.239170" lon="6.184930"><ele>1943.0</ele></trkpt>
<trkpt lat="45.239000" lon="6.184690"><ele>1942.0</ele></trkpt>
<trkpt lat="45.238920" lon="6.184510"><ele>1941.0</ele></trkpt>
<trkpt lat="45.238890" lon="6.184350"><ele>1941.0</ele></trkpt>
<trkpt lat="45.238890" lon="6.184200"><ele>1940.0</ele></trkpt>
<trkpt lat="45.238930" lon="6.184000"><ele>1939.0</ele></trkpt>
<trkpt lat="45.238970" lon="6.183620"><ele>1938.0</ele></trkpt>
<trkpt lat="45.238970" lon="6.183580"><ele>1937.0</ele></trkpt>
<trkpt lat="45.238970" lon="6.183400"><ele>1936.0</ele></trkpt>
<trkpt lat="45.238960" lon="6.183180"><ele>1935.0</ele></trkpt>
<trkpt lat="45.238930" lon="6.182770"><ele>1934.0</ele></trkpt>
<trkpt lat="45.238930" lon="6.182430"><ele>1932.0</ele></trkpt>
<trkpt lat="45.238940" lon="6.182310"><ele>1931.0</ele></trkpt>
<trkpt lat="45.238960" lon="6.182160"><ele>1930.0</ele></trkpt>
<trkpt lat="45.238980" lon="6.182060"><ele>1930.0</ele></trkpt>
<trkpt lat="45.239010" lon="6.181900"><ele>1929.0</ele></trkpt>
<trkpt lat="45.239050" lon="6.181780"><ele>1928.0</ele></trkpt>
<trkpt lat="45.239090" lon="6.181620"><ele>1928.0</ele></trkpt>
<trkpt lat="45.239100" lon="6.181520"><ele>1927.0</ele></trkpt>
<trkpt lat="45.239100" lon="6.181370"><ele>1927.0</ele></trkpt>
<trkpt lat="45.239090" lon="6.181310"><ele>1926.0</ele></trkpt>
<trkpt lat="45.239090" lon="6.181170"><ele>1926.0</ele></trkpt>
<trkpt lat="45.239090" lon="6.181080"><ele>1925.0</ele></trkpt>
<trkpt lat="45.239110" lon="6.180980"><ele>1925.0</ele></trkpt>
<trkpt lat="45.239110" lon="6.180850"><ele>1924.0</ele></trkpt>
<trkpt lat="45.239110" lon="6.180810"><ele>1924.0</ele></trkpt>
<trkpt lat="45.239110" lon="6.180740"><ele>1924.0</ele></trkpt>
<trkpt lat="45.239090" lon="6.180600"><ele>1923.0</ele></trkpt>
<trkpt lat="45.239080" lon="6.180560"><ele>1923.0</ele></trkpt>
<trkpt lat="45.239040" lon="6.180350"><ele>1922.0</ele></trkpt>
<trkpt lat="45.239020" lon="6.180050"><ele>1922.0</ele></trkpt>
<trkpt lat="45.239000" lon="6.179790"><ele>1921.0</ele></trkpt>
<trkpt lat="45.239000" lon="6.179560"><ele>1920.0</ele></trkpt>
<trkpt lat="45.238990" lon="6.179340"><ele>1919.0</ele></trkpt>
<trkpt lat="45.238990" lon="6.179300"><ele>1919.0</ele></trkpt>
<trkpt lat="45.238970" lon="6.179110"><ele>1918.0</ele></trkpt>
<trkpt lat="45.238960" lon="6.179040"><ele>1917.0</ele></trkpt>
<trkpt lat="45.238930" lon="6.178880"><ele>1917.0</ele></trkpt>
<trkpt lat="45.238910" lon="6.178800"><ele>1916.0</ele></trkpt>
<trkpt lat="45.238880" lon="6.178670"><ele>1915.0</ele></trkpt>
<trkpt lat="45.238860" lon="6.178550"><ele>1915.0</ele></trkpt>
<trkpt lat="45.238840" lon="6.178480"><ele>1914.0</ele></trkpt>
<trkpt lat="45.238810" lon="6.178320"><ele>1914.0</ele></trkpt>
<trkpt lat="45.238810" lon="6.178310"><ele>1913.0</ele></trkpt>
<trkpt lat="45.238800" lon="6.178130"><ele>1913.0</ele></trkpt>
<trkpt lat="45.238780" lon="6.178010"><ele>1912.0</ele></trkpt>
<trkpt lat="45.238770" lon="6.177890"><ele>1912.0</ele></trkpt>
<trkpt lat="45.238760" lon="6.177880"><ele>1911.0</ele></trkpt>
<trkpt lat="45.238750" lon="6.177870"><ele>1911.0</ele></trkpt>
<trkpt lat="45.238740" lon="6.177860"><ele>1911.0</ele></trkpt>
<trkpt lat="45.238720" lon="6.177790"><ele>1910.0</ele></trkpt>
<trkpt lat="45.238710" lon="6.177740"><ele>1910.0</ele></trkpt>
<trkpt lat="45.238700" lon="6.177690"><ele>1910.0</ele></trkpt>
<trkpt lat="45.238720" lon="6.177510"><ele>1910.0</ele></trkpt>
<trkpt lat="45.238730" lon="6.177420"><ele>1909.0</ele></trkpt>
<trkpt lat="45.238740" lon="6.177380"><ele>1909.0</ele></trkpt>
<trkpt lat="45.238730" lon="6.177270"><ele>1908.0</ele></trkpt>
<trkpt lat="45.238730" lon="6.177200"><ele>1908.0</ele></trkpt>
<trkpt lat="45.238720" lon="6.177170"><ele>1908.0</ele></trkpt>
<trkpt lat="45.238700" lon="6.177070"><ele>1907.0</ele></trkpt>
<trkpt lat="45.238650" lon="6.176930"><ele>1907.0</ele></trkpt>
<trkpt lat="45.238630" lon="6.176850"><ele>1906.0</ele></trkpt>
<trkpt lat="45.238570" lon="6.176620"><ele>1905.0</ele></trkpt>
<trkpt lat="45.238530" lon="6.176450"><ele>1904.0</ele></trkpt>
<trkpt lat="45.238510" lon="6.176360"><ele>1903.0</ele></trkpt>
<trkpt lat="45.238500" lon="6.176100"><ele>1902.0</ele></trkpt>
<trkpt lat="45.238510" lon="6.176000"><ele>1901.0</ele></trkpt>
<trkpt lat="45.238500" lon="6.175880"><ele>1900.0</ele></trkpt>
<trkpt lat="45.238480" lon="6.175790"><ele>1899.0</ele></trkpt>
<trkpt lat="45.238430" lon="6.175690"><ele>1898.0</ele></trkpt>
<trkpt lat="45.238340" lon="6.175570"><ele>1897.0</ele></trkpt>
<trkpt lat="45.238160" lon="6.175420"><ele>1896.0</ele></trkpt>
<trkpt lat="45.238120" lon="6.175390"><ele>1895.0</ele></trkpt>
<trkpt lat="45.237880" lon="6.175240"><ele>1893.0</ele></trkpt>
<trkpt lat="45.237640" lon="6.175170"><ele>1891.0</ele></trkpt>
<trkpt lat="45.237610" lon="6.175160"><ele>1890.0</ele></trkpt>
<trkpt lat="45.237530" lon="6.175120"><ele>1889.0</ele></trkpt>
<trkpt lat="45.237440" lon="6.175060"><ele>1888.0</ele></trkpt>
<trkpt lat="45.237350" lon="6.175000"><ele>1887.0</ele></trkpt>
<trkpt lat="45.237290" lon="6.174930"><ele>1886.0</ele></trkpt>
<trkpt lat="45.237260" lon="6.174900"><ele>1885.0</ele></trkpt>
<trkpt lat="45.237170" lon="6.174840"><ele>1884.0</ele></trkpt>
<trkpt lat="45.237040" lon="6.174790"><ele>1883.0</ele></trkpt>
<trkpt lat="45.236920" lon="6.174760"><ele>1882.0</ele></trkpt>
<trkpt lat="45.236810" lon="6.174660"><ele>1881.0</ele></trkpt>
<trkpt lat="45.236800" lon="6.174640"><ele>1880.0</ele></trkpt>
<trkpt lat="45.236710" lon="6.174530"><ele>1879.0</ele></trkpt>
<trkpt lat="45.236670" lon="6.174460"><ele>1878.0</ele></trkpt>
<trkpt lat="45.236610" lon="6.174340"><ele>1877.0</ele></trkpt>
<trkpt lat="45.236550" lon="6.174170"><ele>1876.0</ele></trkpt>
<trkpt lat="45.236500" lon="6.173970"><ele>1875.0</ele></trkpt>
<trkpt lat="45.236450" lon="6.173780"><ele>1874.0</ele></trkpt>
<trkpt lat="45.236400" lon="6.173660"><ele>1872.0</ele></trkpt>
<trkpt lat="45.236360" lon="6.173590"><ele>1871.0</ele></trkpt>
<trkpt lat="45.236220" lon="6.173530"><ele>1870.0</ele></trkpt>
<trkpt lat="45.236100" lon="6.173440"><ele>1869.0</ele></trkpt>
<trkpt lat="45.236020" lon="6.173360"><ele>1868.0</ele></trkpt>
<trkpt lat="45.236020" lon="6.173350"><ele>1867.0</ele></trkpt>
<trkpt lat="45.235960" lon="6.173260"><ele>1867.0</ele></trkpt>
<trkpt lat="45.235890" lon="6.173120"><ele>1866.0</ele></trkpt>
<trkpt lat="45.235800" lon="6.172880"><ele>1865.0</ele></trkpt>
<trkpt lat="45.235720" lon="6.172750"><ele>1863.0</ele></trkpt>
<trkpt lat="45.235650" lon="6.172620"><ele>1862.0</ele></trkpt>
<trkpt lat="45.235580" lon="6.172530"><ele>1861.0</ele></trkpt>
<trkpt lat="45.235500" lon="6.172460"><ele>1860.0</ele></trkpt>
<trkpt lat="45.235380" lon="6.172360"><ele>1859.0</ele></trkpt>
<trkpt lat="45.235190" lon="6.172260"><ele>1858.0</ele></trkpt>
<trkpt lat="45.235010" lon="6.172180"><ele>1856.0</ele></trkpt>
<trkpt lat="45.234930" lon="6.172110"><ele>1855.0</ele></trkpt>
<trkpt lat="45.234860" lon="6.172020"><ele>1854.0</ele></trkpt>
<trkpt lat="45.234850" lon="6.172000"><ele>1853.0</ele></trkpt>
<trkpt lat="45.234790" lon="6.171900"><ele>1852.0</ele></trkpt>
<trkpt lat="45.234700" lon="6.171680"><ele>1851.0</ele></trkpt>
<trkpt lat="45.234540" lon="6.171340"><ele>1850.0</ele></trkpt>
<trkpt lat="45.234440" lon="6.171100"><ele>1849.0</ele></trkpt>
<trkpt lat="45.234380" lon="6.170940"><ele>1847.0</ele></trkpt>
<trkpt lat="45.234370" lon="6.170910"><ele>1846.0</ele></trkpt>
<trkpt lat="45.234310" lon="6.170700"><ele>1845.0</ele></trkpt>
<trkpt lat="45.234290" lon="6.170620"><ele>1845.0</ele></trkpt>
<trkpt lat="45.234210" lon="6.170290"><ele>1843.0</ele></trkpt>
<trkpt lat="45.234160" lon="6.170070"><ele>1842.0</ele></trkpt>
<trkpt lat="45.234110" lon="6.169890"><ele>1841.0</ele></trkpt>
<trkpt lat="45.234040" lon="6.169720"><ele>1840.0</ele></trkpt>
<trkpt lat="45.233930" lon="6.169560"><ele>1839.0</ele></trkpt>
<trkpt lat="45.233910" lon="6.169520"><ele>1838.0</ele></trkpt>
<trkpt lat="45.233800" lon="6.169330"><ele>1837.0</ele></trkpt>
<trkpt lat="45.233730" lon="6.169140"><ele>1835.0</ele></trkpt>
<trkpt lat="45.233620" lon="6.168870"><ele>1834.0</ele></trkpt>
<trkpt lat="45.233590" lon="6.168770"><ele>1833.0</ele></trkpt>
<trkpt lat="45.233560" lon="6.168650"><ele>1832.0</ele></trkpt>
<trkpt lat="45.233540" lon="6.168530"><ele>1831.0</ele></trkpt>
<trkpt lat="45.233520" lon="6.168380"><ele>1830.0</ele></trkpt>
<trkpt lat="45.233490" lon="6.168210"><ele>1829.0</ele></trkpt>
<trkpt lat="45.233440" lon="6.168060"><ele>1828.0</ele></trkpt>
<trkpt lat="45.233370" lon="6.167900"><ele>1827.0</ele></trkpt>
<trkpt lat="45.233320" lon="6.167790"><ele>1826.0</ele></trkpt>
<trkpt lat="45.233260" lon="6.167670"><ele>1825.0</ele></trkpt>
<trkpt lat="45.233190" lon="6.167410"><ele>1824.0</ele></trkpt>
<trkpt lat="45.233130" lon="6.167200"><ele>1823.0</ele></trkpt>
<trkpt lat="45.233070" lon="6.166960"><ele>1821.0</ele></trkpt>
<trkpt lat="45.233040" lon="6.166690"><ele>1820.0</ele></trkpt>
<trkpt lat="45.233030" lon="6.166530"><ele>1819.0</ele></trkpt>
<trkpt lat="45.233000" lon="6.166410"><ele>1818.0</ele></trkpt>
<trkpt lat="45.232910" lon="6.166190"><ele>1817.0</ele></trkpt>
<trkpt lat="45.232830" lon="6.165980"><ele>1816.0</ele></trkpt>
<trkpt lat="45.232800" lon="6.165900"><ele>1815.0</ele></trkpt>
<trkpt lat="45.232720" lon="6.165640"><ele>1814.0</ele></trkpt>
<trkpt lat="45.232660" lon="6.165330"><ele>1812.0</ele></trkpt>
<trkpt lat="45.232560" lon="6.164960"><ele>1811.0</ele></trkpt>
<trkpt lat="45.232510" lon="6.164790"><ele>1809.0</ele></trkpt>
<trkpt lat="45.232460" lon="6.164640"><ele>1808.0</ele></trkpt>
<trkpt lat="45.232440" lon="6.164560"><ele>1807.0</ele></trkpt>
<trkpt lat="45.232320" lon="6.164220"><ele>1805.0</ele></trkpt>
<trkpt lat="45.232230" lon="6.163880"><ele>1804.0</ele></trkpt>
<trkpt lat="45.232150" lon="6.163530"><ele>1802.0</ele></trkpt>
<trkpt lat="45.232100" lon="6.163210"><ele>1800.0</ele></trkpt>
<trkpt lat="45.232030" lon="6.162840"><ele>1798.0</ele></trkpt>
<trkpt lat="45.232020" lon="6.162790"><ele>1796.0</ele></trkpt>
<trkpt lat="45.232000" lon="6.162620"><ele>1795.0</ele></trkpt>
<trkpt lat="45.231950" lon="6.162330"><ele>1794.0</ele></trkpt>
<trkpt lat="45.231920" lon="6.162170"><ele>1792.0</ele></trkpt>
<trkpt lat="45.231900" lon="6.162070"><ele>1791.0</ele></trkpt>
<trkpt lat="45.231800" lon="6.161830"><ele>1790.0</ele></trkpt>
<trkpt lat="45.231740" lon="6.161670"><ele>1789.0</ele></trkpt>
<trkpt lat="45.231690" lon="6.161520"><ele>1788.0</ele></trkpt>
<trkpt lat="45.231590" lon="6.161350"><ele>1786.0</ele></trkpt>
<trkpt lat="45.231440" lon="6.161210"><ele>1785.0</ele></trkpt>
<trkpt lat="45.231380" lon="6.161170"><ele>1784.0</ele></trkpt>
<trkpt lat="45.231290" lon="6.161030"><ele>1783.0</ele></trkpt>
<trkpt lat="45.231260" lon="6.160940"><ele>1782.0</ele></trkpt>
<trkpt lat="45.231220" lon="6.160850"><ele>1781.0</ele></trkpt>
<trkpt lat="45.231190" lon="6.160740"><ele>1781.0</ele></trkpt>
<trkpt lat="45.231180" lon="6.160720"><ele>1780.0</ele></trkpt>
<trkpt lat="45.231150" lon="6.160610"><ele>1780.0</ele></trkpt>
<trkpt lat="45.231080" lon="6.160510"><ele>1779.0</ele></trkpt>
<trkpt lat="45.231040" lon="6.160440"><ele>1778.0</ele></trkpt>
<trkpt lat="45.230910" lon="6.160250"><ele>1777.0</ele></trkpt>
<trkpt lat="45.230790" lon="6.160020"><ele>1776.0</ele></trkpt>
<trkpt lat="45.230710" lon="6.159840"><ele>1775.0</ele></trkpt>
<trkpt lat="45.230630" lon="6.159680"><ele>1774.0</ele></trkpt>
<trkpt lat="45.230560" lon="6.159550"><ele>1773.0</ele></trkpt>
<trkpt lat="45.230520" lon="6.159520"><ele>1773.0</ele></trkpt>
<trkpt lat="45.230480" lon="6.159490"><ele>1772.0</ele></trkpt>
<trkpt lat="45.230370" lon="6.159390"><ele>1771.0</ele></trkpt>
<trkpt lat="45.230320" lon="6.159340"><ele>1771.0</ele></trkpt>
<trkpt lat="45.230220" lon="6.159250"><ele>1770.0</ele></trkpt>
<trkpt lat="45.230180" lon="6.159220"><ele>1769.0</ele></trkpt>
<trkpt lat="45.230120" lon="6.159120"><ele>1769.0</ele></trkpt>
<trkpt lat="45.230090" lon="6.159050"><ele>1768.0</ele></trkpt>
<trkpt lat="45.230010" lon="6.158790"><ele>1768.0</ele></trkpt>
<trkpt lat="45.229930" lon="6.158540"><ele>1767.0</ele></trkpt>
<trkpt lat="45.229840" lon="6.158320"><ele>1766.0</ele></trkpt>
<trkpt lat="45.229790" lon="6.158140"><ele>1765.0</ele></trkpt>
<trkpt lat="45.229770" lon="6.158060"><ele>1764.0</ele></trkpt>
<trkpt lat="45.229760" lon="6.157960"><ele>1763.0</ele></trkpt>
<trkpt lat="45.229730" lon="6.157730"><ele>1762.0</ele></trkpt>
<trkpt lat="45.229680" lon="6.157560"><ele>1761.0</ele></trkpt>
<trkpt lat="45.229610" lon="6.157340"><ele>1760.0</ele></trkpt>
<trkpt lat="45.229460" lon="6.157120"><ele>1758.0</ele></trkpt>
<trkpt lat="45.229270" lon="6.156830"><ele>1756.0</ele></trkpt>
<trkpt lat="45.229050" lon="6.156460"><ele>1754.0</ele></trkpt>
<trkpt lat="45.228850" lon="6.156120"><ele>1752.0</ele></trkpt>
<trkpt lat="45.228720" lon="6.155830"><ele>1749.0</ele></trkpt>
<trkpt lat="45.228590" lon="6.155560"><ele>1747.0</ele></trkpt>
<trkpt lat="45.228500" lon="6.155400"><ele>1745.0</ele></trkpt>
<trkpt lat="45.228450" lon="6.155230"><ele>1744.0</ele></trkpt>
<trkpt lat="45.228440" lon="6.155060"><ele>1743.0</ele></trkpt>
<trkpt lat="45.228460" lon="6.154810"><ele>1741.0</ele></trkpt>
<trkpt lat="45.228490" lon="6.154690"><ele>1740.0</ele></trkpt>
<trkpt lat="45.228500" lon="6.154580"><ele>1739.0</ele></trkpt>
<trkpt lat="45.228540" lon="6.154440"><ele>1739.0</ele></trkpt>
<trkpt lat="45.228570" lon="6.154340"><ele>1738.0</ele></trkpt>
<trkpt lat="45.228580" lon="6.154240"><ele>1737.0</ele></trkpt>
<trkpt lat="45.228570" lon="6.154120"><ele>1736.0</ele></trkpt>
<trkpt lat="45.228490" lon="6.153830"><ele>1736.0</ele></trkpt>
<trkpt lat="45.228460" lon="6.153720"><ele>1735.0</ele></trkpt>
<trkpt lat="45.228410" lon="6.153480"><ele>1734.0</ele></trkpt>
<trkpt lat="45.228390" lon="6.153430"><ele>1733.0</ele></trkpt>
<trkpt lat="45.228300" lon="6.153100"><ele>1732.0</ele></trkpt>
<trkpt lat="45.228230" lon="6.152950"><ele>1732.0</ele></trkpt>
<trkpt lat="45.228180" lon="6.152830"><ele>1731.0</ele></trkpt>
<trkpt lat="45.228100" lon="6.152650"><ele>1730.0</ele></trkpt>
<trkpt lat="45.228050" lon="6.152510"><ele>1730.0</ele></trkpt>
<trkpt lat="45.228030" lon="6.152470"><ele>1730.0</ele></trkpt>
<trkpt lat="45.227990" lon="6.152290"><ele>1729.0</ele></trkpt>
<trkpt lat="45.227950" lon="6.152030"><ele>1729.0</ele></trkpt>
<trkpt lat="45.227950" lon="6.152020"><ele>1729.0</ele></trkpt>
<trkpt lat="45.227920" lon="6.151790"><ele>1728.0</ele></trkpt>
<trkpt lat="45.227910" lon="6.151770"><ele>1728.0</ele></trkpt>
<trkpt lat="45.227850" lon="6.151620"><ele>1728.0</ele></trkpt>
<trkpt lat="45.227810" lon="6.151560"><ele>1727.0</ele></trkpt>
<trkpt lat="45.227780" lon="6.151520"><ele>1727.0</ele></trkpt>
<trkpt lat="45.227670" lon="6.151400"><ele>1727.0</ele></trkpt>
<trkpt lat="45.227660" lon="6.151390"><ele>1726.0</ele></trkpt>
<trkpt lat="45.227570" lon="6.151290"><ele>1726.0</ele></trkpt>
<trkpt lat="45.227530" lon="6.151240"><ele>1726.0</ele></trkpt>
<trkpt lat="45.227480" lon="6.151160"><ele>1726.0</ele></trkpt>
<trkpt lat="45.227450" lon="6.151020"><ele>1726.0</ele></trkpt>
<trkpt lat="45.227440" lon="6.150980"><ele>1726.0</ele></trkpt>
<trkpt lat="45.227420" lon="6.150740"><ele>1726.0</ele></trkpt>
<trkpt lat="45.227390" lon="6.150520"><ele>1727.0</ele></trkpt>
<trkpt lat="45.227390" lon="6.150490"><ele>1727.0</ele></trkpt>
<trkpt lat="45.227370" lon="6.150240"><ele>1728.0</ele></trkpt>
<trkpt lat="45.227340" lon="6.150080"><ele>1728.0</ele></trkpt>
<trkpt lat="45.227310" lon="6.150020"><ele>1729.0</ele></trkpt>
<trkpt lat="45.227260" lon="6.149900"><ele>1729.0</ele></trkpt>
<trkpt lat="45.227170" lon="6.149740"><ele>1729.0</ele></trkpt>
<trkpt lat="45.226980" lon="6.149530"><ele>1730.0</ele></trkpt>
<trkpt lat="45.226940" lon="6.149480"><ele>1731.0</ele></trkpt>
<trkpt lat="45.226830" lon="6.149350"><ele>1731.0</ele></trkpt>
<trkpt lat="45.226810" lon="6.149310"><ele>1732.0</ele></trkpt>
<trkpt lat="45.226740" lon="6.149150"><ele>1732.0</ele></trkpt>
<trkpt lat="45.226700" lon="6.149010"><ele>1733.0</ele></trkpt>
<trkpt lat="45.226670" lon="6.148850"><ele>1733.0</ele></trkpt>
<trkpt lat="45.226670" lon="6.148710"><ele>1734.0</ele></trkpt>
<trkpt lat="45.226680" lon="6.148550"><ele>1734.0</ele></trkpt>
<trkpt lat="45.226700" lon="6.148290"><ele>1735.0</ele></trkpt>
<trkpt lat="45.226710" lon="6.147970"><ele>1736.0</ele></trkpt>
<trkpt lat="45.226710" lon="6.147680"><ele>1737.0</ele></trkpt>
<trkpt lat="45.226690" lon="6.147480"><ele>1738.0</ele></trkpt>
<trkpt lat="45.226680" lon="6.147330"><ele>1739.0</ele></trkpt>
<trkpt lat="45.226670" lon="6.147180"><ele>1740.0</ele></trkpt>
<trkpt lat="45.226630" lon="6.146720"><ele>1741.0</ele></trkpt>
<trkpt lat="45.226580" lon="6.146040"><ele>1743.0</ele></trkpt>
<trkpt lat="45.226530" lon="6.145580"><ele>1745.0</ele></trkpt>
<trkpt lat="45.226480" lon="6.145260"><ele>1746.0</ele></trkpt>
<trkpt lat="45.226410" lon="6.144970"><ele>1748.0</ele></trkpt>
<trkpt lat="45.226280" lon="6.144600"><ele>1750.0</ele></trkpt>
<trkpt lat="45.226270" lon="6.144560"><ele>1751.0</ele></trkpt>
<trkpt lat="45.226200" lon="6.144380"><ele>1752.0</ele></trkpt>
<trkpt lat="45.226140" lon="6.144210"><ele>1753.0</ele></trkpt>
<trkpt lat="45.226080" lon="6.143970"><ele>1754.0</ele></trkpt>
<trkpt lat="45.225950" lon="6.143570"><ele>1755.0</ele></trkpt>
<trkpt lat="45.225790" lon="6.143160"><ele>1756.0</ele></trkpt>
<trkpt lat="45.225690" lon="6.142890"><ele>1758.0</ele></trkpt>
<trkpt lat="45.225580" lon="6.142630"><ele>1759.0</ele></trkpt>
<trkpt lat="45.225550" lon="6.142550"><ele>1760.0</ele></trkpt>
<trkpt lat="45.225360" lon="6.142080"><ele>1761.0</ele></trkpt>
<trkpt lat="45.225210" lon="6.141640"><ele>1762.0</ele></trkpt>
<trkpt lat="45.225130" lon="6.141310"><ele>1764.0</ele></trkpt>
<trkpt lat="45.225030" lon="6.140770"><ele>1765.0</ele></trkpt>
<trkpt lat="45.224950" lon="6.140360"><ele>1767.0</ele></trkpt>
<trkpt lat="45.224890" lon="6.140190"><ele>1768.0</ele></trkpt>
<trkpt lat="45.224800" lon="6.139910"><ele>1770.0</ele></trkpt>
<trkpt lat="45.224720" lon="6.139740"><ele>1771.0</ele></trkpt>
<trkpt lat="45.224500" lon="6.139240"><ele>1772.0</ele></trkpt>
<trkpt lat="45.224430" lon="6.139080"><ele>1773.0</ele></trkpt>
<trkpt lat="45.224380" lon="6.138960"><ele>1774.0</ele></trkpt>
<trkpt lat="45.224320" lon="6.138840"><ele>1775.0</ele></trkpt>
<trkpt lat="45.224320" lon="6.138840"><ele>1776.0</ele></trkpt>
<trkpt lat="45.224320" lon="6.138820"><ele>1776.0</ele></trkpt>
<trkpt lat="45.224260" lon="6.138710"><ele>1777.0</ele></trkpt>
<trkpt lat="45.224210" lon="6.138660"><ele>1777.0</ele></trkpt>
<trkpt lat="45.224170" lon="6.138620"><ele>1778.0</ele></trkpt>
<trkpt lat="45.224130" lon="6.138590"><ele>1778.0</ele></trkpt>
<trkpt lat="45.224080" lon="6.138570"><ele>1778.0</ele></trkpt>
<trkpt lat="45.224020" lon="6.138560"><ele>1778.0</ele></trkpt>
<trkpt lat="45.223970" lon="6.138560"><ele>1779.0</ele></trkpt>
<trkpt lat="45.223940" lon="6.138560"><ele>1779.0</ele></trkpt>
<trkpt lat="45.223880" lon="6.138580"><ele>1779.0</ele></trkpt>
<trkpt lat="45.223860" lon="6.138590"><ele>1779.0</ele></trkpt>
<trkpt lat="45.223840" lon="6.138600"><ele>1780.0</ele></trkpt>
<trkpt lat="45.223700" lon="6.138690"><ele>1780.0</ele></trkpt>
<trkpt lat="45.223680" lon="6.138700"><ele>1780.0</ele></trkpt>
<trkpt lat="45.223540" lon="6.138790"><ele>1781.0</ele></trkpt>
<trkpt lat="45.223480" lon="6.138810"><ele>1781.0</ele></trkpt>
<trkpt lat="45.223410" lon="6.138820"><ele>1781.0</ele></trkpt>
<trkpt lat="45.223350" lon="6.138830"><ele>1782.0</ele></trkpt>
<trkpt lat="45.223290" lon="6.138820"><ele>1782.0</ele></trkpt>
<trkpt lat="45.223220" lon="6.138810"><ele>1782.0</ele></trkpt>
<trkpt lat="45.223180" lon="6.138800"><ele>1782.0</ele></trkpt>
<trkpt lat="45.223140" lon="6.138780"><ele>1783.0</ele></trkpt>
<trkpt lat="45.223090" lon="6.138740"><ele>1783.0</ele></trkpt>
<trkpt lat="45.223030" lon="6.138700"><ele>1783.0</ele></trkpt>
<trkpt lat="45.222980" lon="6.138640"><ele>1784.0</ele></trkpt>
<trkpt lat="45.222930" lon="6.138580"><ele>1784.0</ele></trkpt>
<trkpt lat="45.222860" lon="6.138460"><ele>1784.0</ele></trkpt>
<trkpt lat="45.222810" lon="6.138340"><ele>1785.0</ele></trkpt>
<trkpt lat="45.222710" lon="6.138110"><ele>1785.0</ele></trkpt>
<trkpt lat="45.222580" lon="6.137760"><ele>1786.0</ele></trkpt>
<trkpt lat="45.222420" lon="6.137370"><ele>1787.0</ele></trkpt>
<trkpt lat="45.222330" lon="6.137170"><ele>1787.0</ele></trkpt>
<trkpt lat="45.222250" lon="6.137020"><ele>1788.0</ele></trkpt>
<trkpt lat="45.222170" lon="6.136910"><ele>1788.0</ele></trkpt>
<trkpt lat="45.222060" lon="6.136800"><ele>1789.0</ele></trkpt>
<trkpt lat="45.222000" lon="6.136750"><ele>1789.0</ele></trkpt>
<trkpt lat="45.221850" lon="6.136670"><ele>1790.0</ele></trkpt>
<trkpt lat="45.221630" lon="6.136530"><ele>1790.0</ele></trkpt>
<trkpt lat="45.221550" lon="6.136480"><ele>1791.0</ele></trkpt>
<trkpt lat="45.221390" lon="6.136390"><ele>1791.0</ele></trkpt>
<trkpt lat="45.221310" lon="6.136340"><ele>1791.0</ele></trkpt>
<trkpt lat="45.221160" lon="6.136200"><ele>1792.0</ele></trkpt>
<trkpt lat="45.221140" lon="6.136190"><ele>1792.0</ele></trkpt>
<trkpt lat="45.220990" lon="6.136050"><ele>1792.0</ele></trkpt>
<trkpt lat="45.220960" lon="6.136020"><ele>1792.0</ele></trkpt>
<trkpt lat="45.220700" lon="6.135850"><ele>1792.0</ele></trkpt>
<trkpt lat="45.220500" lon="6.135740"><ele>1792.0</ele></trkpt>
<trkpt lat="45.220380" lon="6.135680"><ele>1791.0</ele></trkpt>
<trkpt lat="45.220220" lon="6.135610"><ele>1791.0</ele></trkpt>
<trkpt lat="45.220100" lon="6.135530"><ele>1791.0</ele></trkpt>
<trkpt lat="45.219940" lon="6.135390"><ele>1791.0</ele></trkpt>
<trkpt lat="45.219690" lon="6.135140"><ele>1790.0</ele></trkpt>
<trkpt lat="45.219560" lon="6.135020"><ele>1790.0</ele></trkpt>
<trkpt lat="45.219380" lon="6.134850"><ele>1790.0</ele></trkpt>
<trkpt lat="45.219070" lon="6.134550"><ele>1789.0</ele></trkpt>
<trkpt lat="45.218960" lon="6.134450"><ele>1788.0</ele></trkpt>
<trkpt lat="45.218770" lon="6.134280"><ele>1788.0</ele></trkpt>
<trkpt lat="45.218450" lon="6.134030"><ele>1787.0</ele></trkpt>
<trkpt lat="45.218170" lon="6.133810"><ele>1786.0</ele></trkpt>
<trkpt lat="45.218020" lon="6.133700"><ele>1785.0</ele></trkpt>
<trkpt lat="45.217830" lon="6.133570"><ele>1784.0</ele></trkpt>
<trkpt lat="45.217470" lon="6.133310"><ele>1783.0</ele></trkpt>
<trkpt lat="45.217260" lon="6.133140"><ele>1781.0</ele></trkpt>
<trkpt lat="45.217150" lon="6.133020"><ele>1780.0</ele></trkpt>
<trkpt lat="45.216980" lon="6.132850"><ele>1779.0</ele></trkpt>
<trkpt lat="45.216890" lon="6.132760"><ele>1778.0</ele></trkpt>
<trkpt lat="45.216510" lon="6.132410"><ele>1776.0</ele></trkpt>
<trkpt lat="45.215740" lon="6.131850"><ele>1774.0</ele></trkpt>
<trkpt lat="45.215370" lon="6.131590"><ele>1771.0</ele></trkpt>
<trkpt lat="45.215110" lon="6.131460"><ele>1769.0</ele></trkpt>
<trkpt lat="45.214990" lon="6.131400"><ele>1767.0</ele></trkpt>
<trkpt lat="45.214750" lon="6.131270"><ele>1766.0</ele></trkpt>
<trkpt lat="45.214550" lon="6.131180"><ele>1764.0</ele></trkpt>
<trkpt lat="45.214510" lon="6.131160"><ele>1763.0</ele></trkpt>
<trkpt lat="45.214510" lon="6.131160"><ele>1762.0</ele></trkpt>
<trkpt lat="45.214420" lon="6.131100"><ele>1762.0</ele></trkpt>
<trkpt lat="45.214350" lon="6.131020"><ele>1761.0</ele></trkpt>
<trkpt lat="45.214170" lon="6.130770"><ele>1760.0</ele></trkpt>
<trkpt lat="45.214060" lon="6.130640"><ele>1759.0</ele></trkpt>
<trkpt lat="45.213970" lon="6.130530"><ele>1758.0</ele></trkpt>
<trkpt lat="45.213730" lon="6.130320"><ele>1757.0</ele></trkpt>
<trkpt lat="45.213490" lon="6.130090"><ele>1756.0</ele></trkpt>
<trkpt lat="45.213480" lon="6.130080"><ele>1756.0</ele></trkpt>
<trkpt lat="45.213190" lon="6.129780"><ele>1754.0</ele></trkpt>
<trkpt lat="45.212960" lon="6.129540"><ele>1753.0</ele></trkpt>
<trkpt lat="45.212690" lon="6.129230"><ele>1752.0</ele></trkpt>
<trkpt lat="45.212620" lon="6.129150"><ele>1751.0</ele></trkpt>
<trkpt lat="45.212480" lon="6.128990"><ele>1750.0</ele></trkpt>
<trkpt lat="45.212460" lon="6.128950"><ele>1749.0</ele></trkpt>
<trkpt lat="45.212340" lon="6.128830"><ele>1748.0</ele></trkpt>
<trkpt lat="45.212260" lon="6.128730"><ele>1747.0</ele></trkpt>
<trkpt lat="45.212170" lon="6.128610"><ele>1747.0</ele></trkpt>
<trkpt lat="45.212120" lon="6.128500"><ele>1746.0</ele></trkpt>
<trkpt lat="45.211980" lon="6.128180"><ele>1745.0</ele></trkpt>
<trkpt lat="45.211920" lon="6.128040"><ele>1745.0</ele></trkpt>
<trkpt lat="45.211860" lon="6.127940"><ele>1744.0</ele></trkpt>
<trkpt lat="45.211800" lon="6.127840"><ele>1743.0</ele></trkpt>
<trkpt lat="45.211740" lon="6.127770"><ele>1743.0</ele></trkpt>
<trkpt lat="45.211660" lon="6.127710"><ele>1742.0</ele></trkpt>
<trkpt lat="45.211550" lon="6.127660"><ele>1742.0</ele></trkpt>
<trkpt lat="45.211470" lon="6.127630"><ele>1741.0</ele></trkpt>
<trkpt lat="45.211460" lon="6.127620"><ele>1741.0</ele></trkpt>
<trkpt lat="45.211370" lon="6.127600"><ele>1741.0</ele></trkpt>
<trkpt lat="45.211280" lon="6.127550"><ele>1740.0</ele></trkpt>
<trkpt lat="45.211210" lon="6.127480"><ele>1740.0</ele></trkpt>
<trkpt lat="45.211150" lon="6.127410"><ele>1739.0</ele></trkpt>
<trkpt lat="45.211100" lon="6.127370"><ele>1739.0</ele></trkpt>
<trkpt lat="45.211050" lon="6.127290"><ele>1739.0</ele></trkpt>
<trkpt lat="45.210910" lon="6.127030"><ele>1738.0</ele></trkpt>
<trkpt lat="45.210870" lon="6.126940"><ele>1738.0</ele></trkpt>
<trkpt lat="45.210600" lon="6.126410"><ele>1737.0</ele></trkpt>
<trkpt lat="45.210500" lon="6.126200"><ele>1736.0</ele></trkpt>
<trkpt lat="45.210400" lon="6.126000"><ele>1735.0</ele></trkpt>
<trkpt lat="45.210320" lon="6.125780"><ele>1734.0</ele></trkpt>
<trkpt lat="45.210280" lon="6.125650"><ele>1733.0</ele></trkpt>
<trkpt lat="45.210260" lon="6.125570"><ele>1733.0</ele></trkpt>
<trkpt lat="45.210210" lon="6.125410"><ele>1732.0</ele></trkpt>
<trkpt lat="45.210190" lon="6.125300"><ele>1732.0</ele></trkpt>
<trkpt lat="45.210170" lon="6.125190"><ele>1731.0</ele></trkpt>
<trkpt lat="45.210130" lon="6.125010"><ele>1731.0</ele></trkpt>
<trkpt lat="45.210090" lon="6.124790"><ele>1730.0</ele></trkpt>
<trkpt lat="45.210040" lon="6.124650"><ele>1729.0</ele></trkpt>
<trkpt lat="45.209900" lon="6.124140"><ele>1728.0</ele></trkpt>
<trkpt lat="45.209710" lon="6.123660"><ele>1726.0</ele></trkpt>
<trkpt lat="45.209680" lon="6.123560"><ele>1725.0</ele></trkpt>
<trkpt lat="45.209630" lon="6.123430"><ele>1724.0</ele></trkpt>
<trkpt lat="45.209540" lon="6.123210"><ele>1722.0</ele></trkpt>
<trkpt lat="45.209510" lon="6.123130"><ele>1722.0</ele></trkpt>
<trkpt lat="45.209340" lon="6.122720"><ele>1720.0</ele></trkpt>
<trkpt lat="45.209240" lon="6.122460"><ele>1719.0</ele></trkpt>
<trkpt lat="45.209200" lon="6.122390"><ele>1718.0</ele></trkpt>
<trkpt lat="45.209100" lon="6.122180"><ele>1717.0</ele></trkpt>
<trkpt lat="45.209070" lon="6.122120"><ele>1716.0</ele></trkpt>
<trkpt lat="45.208990" lon="6.121890"><ele>1716.0</ele></trkpt>
<trkpt lat="45.208970" lon="6.121860"><ele>1715.0</ele></trkpt>
<trkpt lat="45.208860" lon="6.121420"><ele>1714.0</ele></trkpt>
<trkpt lat="45.208840" lon="6.121330"><ele>1714.0</ele></trkpt>
<trkpt lat="45.208740" lon="6.120940"><ele>1713.0</ele></trkpt>
<trkpt lat="45.208740" lon="6.120920"><ele>1712.0</ele></trkpt>
<trkpt lat="45.208680" lon="6.120700"><ele>1711.0</ele></trkpt>
<trkpt lat="45.208640" lon="6.120530"><ele>1711.0</ele></trkpt>
<trkpt lat="45.208630" lon="6.120450"><ele>1710.0</ele></trkpt>
<trkpt lat="45.208600" lon="6.120250"><ele>1710.0</ele></trkpt>
<trkpt lat="45.208590" lon="6.120040"><ele>1709.0</ele></trkpt>
<trkpt lat="45.208590" lon="6.119940"><ele>1709.0</ele></trkpt>
<trkpt lat="45.208590" lon="6.119760"><ele>1709.0</ele></trkpt>
<trkpt lat="45.208600" lon="6.119690"><ele>1709.0</ele></trkpt>
<trkpt lat="45.208610" lon="6.119500"><ele>1709.0</ele></trkpt>
<trkpt lat="45.208610" lon="6.119440"><ele>1709.0</ele></trkpt>
<trkpt lat="45.208630" lon="6.119200"><ele>1709.0</ele></trkpt>
<trkpt lat="45.208630" lon="6.119040"><ele>1709.0</ele></trkpt>
<trkpt lat="45.208620" lon="6.118910"><ele>1709.0</ele></trkpt>
<trkpt lat="45.208580" lon="6.118780"><ele>1709.0</ele></trkpt>
<trkpt lat="45.208550" lon="6.118700"><ele>1709.0</ele></trkpt>
<trkpt lat="45.208500" lon="6.118580"><ele>1710.0</ele></trkpt>
<trkpt lat="45.208470" lon="6.118460"><ele>1710.0</ele></trkpt>
<trkpt lat="45.208450" lon="6.118350"><ele>1710.0</ele></trkpt>
<trkpt lat="45.208450" lon="6.118210"><ele>1710.0</ele></trkpt>
<trkpt lat="45.208450" lon="6.118150"><ele>1710.0</ele></trkpt>
<trkpt lat="45.208460" lon="6.117960"><ele>1710.0</ele></trkpt>
<trkpt lat="45.208470" lon="6.117790"><ele>1710.0</ele></trkpt>
<trkpt lat="45.208500" lon="6.117420"><ele>1710.0</ele></trkpt>
<trkpt lat="45.208510" lon="6.117100"><ele>1710.0</ele></trkpt>
<trkpt lat="45.208510" lon="6.116940"><ele>1710.0</ele></trkpt>
<trkpt lat="45.208500" lon="6.116830"><ele>1710.0</ele></trkpt>
<trkpt lat="45.208490" lon="6.116710"><ele>1709.0</ele></trkpt>
<trkpt lat="45.208460" lon="6.116320"><ele>1709.0</ele></trkpt>
<trkpt lat="45.208460" lon="6.116310"><ele>1709.0</ele></trkpt>
<trkpt lat="45.208450" lon="6.116180"><ele>1708.0</ele></trkpt>
<trkpt lat="45.208430" lon="6.116070"><ele>1708.0</ele></trkpt>
<trkpt lat="45.208420" lon="6.115950"><ele>1708.0</ele></trkpt>
<trkpt lat="45.208370" lon="6.115600"><ele>1707.0</ele></trkpt>
<trkpt lat="45.208360" lon="6.115570"><ele>1707.0</ele></trkpt>
<trkpt lat="45.208340" lon="6.115460"><ele>1707.0</ele></trkpt>
<trkpt lat="45.208310" lon="6.115320"><ele>1706.0</ele></trkpt>
<trkpt lat="45.208310" lon="6.115310"><ele>1706.0</ele></trkpt>
<trkpt lat="45.208220" lon="6.115010"><ele>1706.0</ele></trkpt>
<trkpt lat="45.208190" lon="6.114940"><ele>1705.0</ele></trkpt>
<trkpt lat="45.208160" lon="6.114860"><ele>1705.0</ele></trkpt>
<trkpt lat="45.208120" lon="6.114780"><ele>1705.0</ele></trkpt>
<trkpt lat="45.208080" lon="6.114650"><ele>1704.0</ele></trkpt>
<trkpt lat="45.208060" lon="6.114540"><ele>1704.0</ele></trkpt>
<trkpt lat="45.208040" lon="6.114350"><ele>1704.0</ele></trkpt>
<trkpt lat="45.208010" lon="6.114170"><ele>1703.0</ele></trkpt>
<trkpt lat="45.207950" lon="6.113980"><ele>1702.0</ele></trkpt>
<trkpt lat="45.207890" lon="6.113750"><ele>1702.0</ele></trkpt>
<trkpt lat="45.207870" lon="6.113660"><ele>1701.0</ele></trkpt>
<trkpt lat="45.207860" lon="6.113600"><ele>1701.0</ele></trkpt>
<trkpt lat="45.207860" lon="6.113490"><ele>1700.0</ele></trkpt>
<trkpt lat="45.207870" lon="6.113410"><ele>1700.0</ele></trkpt>
<trkpt lat="45.207870" lon="6.113380"><ele>1700.0</ele></trkpt>
<trkpt lat="45.207890" lon="6.113260"><ele>1699.0</ele></trkpt>
<trkpt lat="45.207930" lon="6.113100"><ele>1699.0</ele></trkpt>
<trkpt lat="45.207930" lon="6.112930"><ele>1698.0</ele></trkpt>
<trkpt lat="45.207930" lon="6.112850"><ele>1698.0</ele></trkpt>
<trkpt lat="45.207900" lon="6.112670"><ele>1697.0</ele></trkpt>
<trkpt lat="45.207840" lon="6.112410"><ele>1697.0</ele></trkpt>
<trkpt lat="45.207830" lon="6.112360"><ele>1696.0</ele></trkpt>
<trkpt lat="45.207800" lon="6.112170"><ele>1696.0</ele></trkpt>
<trkpt lat="45.207760" lon="6.111980"><ele>1695.0</ele></trkpt>
<trkpt lat="45.207740" lon="6.111810"><ele>1694.0</ele></trkpt>
<trkpt lat="45.207750" lon="6.111640"><ele>1693.0</ele></trkpt>
<trkpt lat="45.207750" lon="6.111460"><ele>1692.0</ele></trkpt>
<trkpt lat="45.207780" lon="6.111260"><ele>1691.0</ele></trkpt>
<trkpt lat="45.207790" lon="6.111160"><ele>1691.0</ele></trkpt>
<trkpt lat="45.207810" lon="6.111000"><ele>1690.0</ele></trkpt>
<trkpt lat="45.207820" lon="6.110910"><ele>1689.0</ele></trkpt>
<trkpt lat="45.207840" lon="6.110740"><ele>1688.0</ele></trkpt>
<trkpt lat="45.207830" lon="6.110400"><ele>1687.0</ele></trkpt>
<trkpt lat="45.207830" lon="6.110380"><ele>1687.0</ele></trkpt>
<trkpt lat="45.207840" lon="6.110150"><ele>1686.0</ele></trkpt>
<trkpt lat="45.207840" lon="6.110140"><ele>1685.0</ele></trkpt>
<trkpt lat="45.207850" lon="6.110010"><ele>1684.0</ele></trkpt>
<trkpt lat="45.207860" lon="6.109890"><ele>1684.0</ele></trkpt>
<trkpt lat="45.207870" lon="6.109840"><ele>1683.0</ele></trkpt>
<trkpt lat="45.207900" lon="6.109690"><ele>1683.0</ele></trkpt>
<trkpt lat="45.207910" lon="6.109500"><ele>1682.0</ele></trkpt>
<trkpt lat="45.207900" lon="6.109380"><ele>1681.0</ele></trkpt>
<trkpt lat="45.207880" lon="6.109260"><ele>1680.0</ele></trkpt>
<trkpt lat="45.207860" lon="6.109170"><ele>1680.0</ele></trkpt>
<trkpt lat="45.207850" lon="6.109140"><ele>1679.0</ele></trkpt>
<trkpt lat="45.207820" lon="6.109000"><ele>1679.0</ele></trkpt>
<trkpt lat="45.207750" lon="6.108760"><ele>1678.0</ele></trkpt>
<trkpt lat="45.207690" lon="6.108570"><ele>1677.0</ele></trkpt>
<trkpt lat="45.207630" lon="6.108380"><ele>1676.0</ele></trkpt>
<trkpt lat="45.207570" lon="6.108220"><ele>1675.0</ele></trkpt>
<trkpt lat="45.207530" lon="6.108030"><ele>1674.0</ele></trkpt>
<trkpt lat="45.207510" lon="6.107890"><ele>1673.0</ele></trkpt>
<trkpt lat="45.207500" lon="6.107760"><ele>1672.0</ele></trkpt>
<trkpt lat="45.207480" lon="6.107550"><ele>1671.0</ele></trkpt>
<trkpt lat="45.207460" lon="6.107460"><ele>1670.0</ele></trkpt>
<trkpt lat="45.207450" lon="6.107340"><ele>1669.0</ele></trkpt>
<trkpt lat="45.207420" lon="6.107240"><ele>1669.0</ele></trkpt>
<trkpt lat="45.207380" lon="6.107100"><ele>1668.0</ele></trkpt>
<trkpt lat="45.207250" lon="6.106790"><ele>1666.0</ele></trkpt>
<trkpt lat="45.207240" lon="6.106770"><ele>1665.0</ele></trkpt>
<trkpt lat="45.207150" lon="6.106570"><ele>1664.0</ele></trkpt>
<trkpt lat="45.207150" lon="6.106550"><ele>1663.0</ele></trkpt>
<trkpt lat="45.207080" lon="6.106350"><ele>1662.0</ele></trkpt>
<trkpt lat="45.207040" lon="6.106210"><ele>1661.0</ele></trkpt>
<trkpt lat="45.206980" lon="6.105980"><ele>1660.0</ele></trkpt>
<trkpt lat="45.206940" lon="6.105840"><ele>1659.0</ele></trkpt>
<trkpt lat="45.206920" lon="6.105780"><ele>1658.0</ele></trkpt>
<trkpt lat="45.206880" lon="6.105670"><ele>1657.0</ele></trkpt>
<trkpt lat="45.206830" lon="6.105530"><ele>1656.0</ele></trkpt>
<trkpt lat="45.206810" lon="6.105460"><ele>1655.0</ele></trkpt>
<trkpt lat="45.206720" lon="6.105320"><ele>1655.0</ele></trkpt>
<trkpt lat="45.206650" lon="6.105220"><ele>1654.0</ele></trkpt>
<trkpt lat="45.206560" lon="6.105080"><ele>1653.0</ele></trkpt>
<trkpt lat="45.206520" lon="6.105030"><ele>1652.0</ele></trkpt>
<trkpt lat="45.206470" lon="6.104950"><ele>1651.0</ele></trkpt>
<trkpt lat="45.206410" lon="6.104860"><ele>1650.0</ele></trkpt>
<trkpt lat="45.206400" lon="6.104840"><ele>1649.0</ele></trkpt>
<trkpt lat="45.206330" lon="6.104690"><ele>1648.0</ele></trkpt>
<trkpt lat="45.206310" lon="6.104620"><ele>1647.0</ele></trkpt>
<trkpt lat="45.206290" lon="6.104560"><ele>1646.0</ele></trkpt>
<trkpt lat="45.206240" lon="6.104390"><ele>1645.0</ele></trkpt>
<trkpt lat="45.206240" lon="6.104380"><ele>1644.0</ele></trkpt>
<trkpt lat="45.206180" lon="6.104230"><ele>1643.0</ele></trkpt>
<trkpt lat="45.206150" lon="6.104160"><ele>1642.0</ele></trkpt>
<trkpt lat="45.206100" lon="6.104050"><ele>1641.0</ele></trkpt>
<trkpt lat="45.206050" lon="6.103950"><ele>1640.0</ele></trkpt>
<trkpt lat="45.206000" lon="6.103860"><ele>1638.0</ele></trkpt>
<trkpt lat="45.205960" lon="6.103770"><ele>1637.0</ele></trkpt>
<trkpt lat="45.205940" lon="6.103740"><ele>1637.0</ele></trkpt>
<trkpt lat="45.205910" lon="6.103660"><ele>1636.0</ele></trkpt>
<trkpt lat="45.205870" lon="6.103530"><ele>1635.0</ele></trkpt>
<trkpt lat="45.205870" lon="6.103510"><ele>1634.0</ele></trkpt>
<trkpt lat="45.205860" lon="6.103440"><ele>1633.0</ele></trkpt>
<trkpt lat="45.205860" lon="6.103320"><ele>1632.0</ele></trkpt>
<trkpt lat="45.205850" lon="6.103240"><ele>1631.0</ele></trkpt>
<trkpt lat="45.205840" lon="6.103210"><ele>1631.0</ele></trkpt>
<trkpt lat="45.205820" lon="6.103180"><ele>1630.0</ele></trkpt>
<trkpt lat="45.205810" lon="6.103160"><ele>1630.0</ele></trkpt>
<trkpt lat="45.205790" lon="6.103150"><ele>1629.0</ele></trkpt>
<trkpt lat="45.205760" lon="6.103150"><ele>1629.0</ele></trkpt>
<trkpt lat="45.205750" lon="6.103150"><ele>1629.0</ele></trkpt>
<trkpt lat="45.205730" lon="6.103150"><ele>1628.0</ele></trkpt>
<trkpt lat="45.205710" lon="6.103160"><ele>1628.0</ele></trkpt>
<trkpt lat="45.205690" lon="6.103180"><ele>1628.0</ele></trkpt>
<trkpt lat="45.205670" lon="6.103230"><ele>1627.0</ele></trkpt>
<trkpt lat="45.205660" lon="6.103260"><ele>1627.0</ele></trkpt>
<trkpt lat="45.205650" lon="6.103290"><ele>1627.0</ele></trkpt>
<trkpt lat="45.205660" lon="6.103320"><ele>1626.0</ele></trkpt>
<trkpt lat="45.205670" lon="6.103370"><ele>1626.0</ele></trkpt>
<trkpt lat="45.205680" lon="6.103380"><ele>1626.0</ele></trkpt>
<trkpt lat="45.205760" lon="6.103550"><ele>1626.0</ele></trkpt>
<trkpt lat="45.205780" lon="6.103590"><ele>1626.0</ele></trkpt>
<trkpt lat="45.205850" lon="6.103730"><ele>1626.0</ele></trkpt>
<trkpt lat="45.205890" lon="6.103790"><ele>1626.0</ele></trkpt>
<trkpt lat="45.205940" lon="6.103880"><ele>1626.0</ele></trkpt>
<trkpt lat="45.206000" lon="6.103990"><ele>1626.0</ele></trkpt>
<trkpt lat="45.206040" lon="6.104090"><ele>1626.0</ele></trkpt>
<trkpt lat="45.206080" lon="6.104220"><ele>1626.0</ele></trkpt>
<trkpt lat="45.206080" lon="6.104250"><ele>1626.0</ele></trkpt>
<trkpt lat="45.206100" lon="6.104320"><ele>1626.0</ele></trkpt>
<trkpt lat="45.206120" lon="6.104470"><ele>1626.0</ele></trkpt>
<trkpt lat="45.206150" lon="6.104610"><ele>1626.0</ele></trkpt>
<trkpt lat="45.206180" lon="6.104800"><ele>1627.0</ele></trkpt>
<trkpt lat="45.206230" lon="6.105000"><ele>1627.0</ele></trkpt>
<trkpt lat="45.206250" lon="6.105080"><ele>1627.0</ele></trkpt>
<trkpt lat="45.206300" lon="6.105190"><ele>1627.0</ele></trkpt>
<trkpt lat="45.206300" lon="6.105200"><ele>1627.0</ele></trkpt>
<trkpt lat="45.206350" lon="6.105300"><ele>1627.0</ele></trkpt>
<trkpt lat="45.206420" lon="6.105440"><ele>1627.0</ele></trkpt>
<trkpt lat="45.206440" lon="6.105490"><ele>1627.0</ele></trkpt>
<trkpt lat="45.206480" lon="6.105620"><ele>1627.0</ele></trkpt>
<trkpt lat="45.206480" lon="6.105630"><ele>1627.0</ele></trkpt>
<trkpt lat="45.206500" lon="6.105780"><ele>1627.0</ele></trkpt>
<trkpt lat="45.206510" lon="6.105880"><ele>1627.0</ele></trkpt>
<trkpt lat="45.206510" lon="6.105980"><ele>1626.0</ele></trkpt>
<trkpt lat="45.206520" lon="6.106180"><ele>1626.0</ele></trkpt>
<trkpt lat="45.206540" lon="6.106310"><ele>1625.0</ele></trkpt>
<trkpt lat="45.206560" lon="6.106400"><ele>1625.0</ele></trkpt>
<trkpt lat="45.206590" lon="6.106580"><ele>1624.0</ele></trkpt>
<trkpt lat="45.206590" lon="6.106630"><ele>1623.0</ele></trkpt>
<trkpt lat="45.206690" lon="6.107130"><ele>1622.0</ele></trkpt>
<trkpt lat="45.206700" lon="6.107180"><ele>1621.0</ele></trkpt>
<trkpt lat="45.206720" lon="6.107350"><ele>1620.0</ele></trkpt>
<trkpt lat="45.206720" lon="6.107380"><ele>1620.0</ele></trkpt>
<trkpt lat="45.206740" lon="6.107540"><ele>1619.0</ele></trkpt>
<trkpt lat="45.206740" lon="6.107630"><ele>1618.0</ele></trkpt>
<trkpt lat="45.206740" lon="6.107750"><ele>1618.0</ele></trkpt>
<trkpt lat="45.206760" lon="6.107880"><ele>1617.0</ele></trkpt>
<trkpt lat="45.206770" lon="6.108010"><ele>1616.0</ele></trkpt>
<trkpt lat="45.206790" lon="6.108130"><ele>1616.0</ele></trkpt>
<trkpt lat="45.206810" lon="6.108230"><ele>1615.0</ele></trkpt>
<trkpt lat="45.206840" lon="6.108380"><ele>1615.0</ele></trkpt>
<trkpt lat="45.206870" lon="6.108520"><ele>1614.0</ele></trkpt>
<trkpt lat="45.206900" lon="6.108620"><ele>1613.0</ele></trkpt>
<trkpt lat="45.206920" lon="6.108690"><ele>1613.0</ele></trkpt>
<trkpt lat="45.206930" lon="6.108760"><ele>1612.0</ele></trkpt>
<trkpt lat="45.206940" lon="6.108820"><ele>1612.0</ele></trkpt>
<trkpt lat="45.206930" lon="6.108870"><ele>1611.0</ele></trkpt>
<trkpt lat="45.206920" lon="6.108880"><ele>1611.0</ele></trkpt>
<trkpt lat="45.206910" lon="6.108900"><ele>1611.0</ele></trkpt>
<trkpt lat="45.206910" lon="6.108910"><ele>1611.0</ele></trkpt>
<trkpt lat="45.206900" lon="6.108920"><ele>1610.0</ele></trkpt>
<trkpt lat="45.206890" lon="6.108930"><ele>1610.0</ele></trkpt>
<trkpt lat="45.206880" lon="6.108930"><ele>1610.0</ele></trkpt>
<trkpt lat="45.206860" lon="6.108940"><ele>1610.0</ele></trkpt>
<trkpt lat="45.206830" lon="6.108930"><ele>1610.0</ele></trkpt>
<trkpt lat="45.206810" lon="6.108930"><ele>1610.0</ele></trkpt>
<trkpt lat="45.206800" lon="6.108920"><ele>1610.0</ele></trkpt>
<trkpt lat="45.206790" lon="6.108910"><ele>1610.0</ele></trkpt>
<trkpt lat="45.206780" lon="6.108880"><ele>1609.0</ele></trkpt>
<trkpt lat="45.206770" lon="6.108870"><ele>1609.0</ele></trkpt>
<trkpt lat="45.206760" lon="6.108830"><ele>1609.0</ele></trkpt>
<trkpt lat="45.206750" lon="6.108750"><ele>1609.0</ele></trkpt>
<trkpt lat="45.206750" lon="6.108640"><ele>1609.0</ele></trkpt>
<trkpt lat="45.206750" lon="6.108440"><ele>1608.0</ele></trkpt>
<trkpt lat="45.206750" lon="6.108390"><ele>1607.0</ele></trkpt>
<trkpt lat="45.206750" lon="6.108340"><ele>1607.0</ele></trkpt>
<trkpt lat="45.206740" lon="6.108220"><ele>1607.0</ele></trkpt>
<trkpt lat="45.206720" lon="6.108140"><ele>1606.0</ele></trkpt>
<trkpt lat="45.206700" lon="6.108060"><ele>1606.0</ele></trkpt>
<trkpt lat="45.206670" lon="6.107910"><ele>1605.0</ele></trkpt>
<trkpt lat="45.206660" lon="6.107890"><ele>1605.0</ele></trkpt>
<trkpt lat="45.206600" lon="6.107690"><ele>1604.0</ele></trkpt>
<trkpt lat="45.206600" lon="6.107660"><ele>1604.0</ele></trkpt>
<trkpt lat="45.206580" lon="6.107570"><ele>1603.0</ele></trkpt>
<trkpt lat="45.206490" lon="6.107290"><ele>1602.0</ele></trkpt>
<trkpt lat="45.206420" lon="6.107080"><ele>1601.0</ele></trkpt>
<trkpt lat="45.206370" lon="6.106960"><ele>1600.0</ele></trkpt>
<trkpt lat="45.206360" lon="6.106940"><ele>1599.0</ele></trkpt>
<trkpt lat="45.206280" lon="6.106750"><ele>1598.0</ele></trkpt>
<trkpt lat="45.206180" lon="6.106530"><ele>1597.0</ele></trkpt>
<trkpt lat="45.206120" lon="6.106400"><ele>1596.0</ele></trkpt>
<trkpt lat="45.206010" lon="6.106140"><ele>1594.0</ele></trkpt>
<trkpt lat="45.205900" lon="6.105870"><ele>1592.0</ele></trkpt>
<trkpt lat="45.205890" lon="6.105830"><ele>1591.0</ele></trkpt>
<trkpt lat="45.205780" lon="6.105570"><ele>1589.0</ele></trkpt>
<trkpt lat="45.205710" lon="6.105380"><ele>1588.0</ele></trkpt>
<trkpt lat="45.205620" lon="6.105150"><ele>1586.0</ele></trkpt>
<trkpt lat="45.205560" lon="6.104970"><ele>1585.0</ele></trkpt>
<trkpt lat="45.205560" lon="6.104950"><ele>1584.0</ele></trkpt>
<trkpt lat="45.205500" lon="6.104730"><ele>1582.0</ele></trkpt>
<trkpt lat="45.205500" lon="6.104710"><ele>1582.0</ele></trkpt>
<trkpt lat="45.205410" lon="6.104290"><ele>1580.0</ele></trkpt>
<trkpt lat="45.205360" lon="6.104080"><ele>1579.0</ele></trkpt>
<trkpt lat="45.205300" lon="6.103860"><ele>1578.0</ele></trkpt>
<trkpt lat="45.205270" lon="6.103770"><ele>1577.0</ele></trkpt>
<trkpt lat="45.205210" lon="6.103550"><ele>1575.0</ele></trkpt>
<trkpt lat="45.205120" lon="6.103300"><ele>1574.0</ele></trkpt>
<trkpt lat="45.205100" lon="6.103230"><ele>1573.0</ele></trkpt>
<trkpt lat="45.205040" lon="6.103050"><ele>1572.0</ele></trkpt>
<trkpt lat="45.205010" lon="6.102940"><ele>1571.0</ele></trkpt>
<trkpt lat="45.204960" lon="6.102800"><ele>1570.0</ele></trkpt>
<trkpt lat="45.204880" lon="6.102650"><ele>1569.0</ele></trkpt>
<trkpt lat="45.204810" lon="6.102480"><ele>1568.0</ele></trkpt>
<trkpt lat="45.204710" lon="6.102290"><ele>1567.0</ele></trkpt>
<trkpt lat="45.204670" lon="6.102200"><ele>1567.0</ele></trkpt>
<trkpt lat="45.204630" lon="6.102100"><ele>1566.0</ele></trkpt>
<trkpt lat="45.204590" lon="6.102000"><ele>1565.0</ele></trkpt>
<trkpt lat="45.204590" lon="6.101980"><ele>1565.0</ele></trkpt>
<trkpt lat="45.204540" lon="6.101770"><ele>1564.0</ele></trkpt>
<trkpt lat="45.204530" lon="6.101700"><ele>1564.0</ele></trkpt>
<trkpt lat="45.204510" lon="6.101500"><ele>1563.0</ele></trkpt>
<trkpt lat="45.204510" lon="6.101350"><ele>1562.0</ele></trkpt>
<trkpt lat="45.204490" lon="6.100970"><ele>1561.0</ele></trkpt>
<trkpt lat="45.204470" lon="6.100810"><ele>1560.0</ele></trkpt>
<trkpt lat="45.204470" lon="6.100720"><ele>1559.0</ele></trkpt>
<trkpt lat="45.204430" lon="6.100210"><ele>1558.0</ele></trkpt>
<trkpt lat="45.204420" lon="6.100090"><ele>1557.0</ele></trkpt>
<trkpt lat="45.204410" lon="6.099960"><ele>1556.0</ele></trkpt>
<trkpt lat="45.204390" lon="6.099700"><ele>1555.0</ele></trkpt>
<trkpt lat="45.204380" lon="6.099460"><ele>1553.0</ele></trkpt>
<trkpt lat="45.204360" lon="6.099260"><ele>1551.0</ele></trkpt>
<trkpt lat="45.204350" lon="6.099000"><ele>1549.0</ele></trkpt>
<trkpt lat="45.204340" lon="6.098940"><ele>1548.0</ele></trkpt>
<trkpt lat="45.204340" lon="6.098750"><ele>1546.0</ele></trkpt>
<trkpt lat="45.204340" lon="6.098660"><ele>1545.0</ele></trkpt>
<trkpt lat="45.204360" lon="6.098420"><ele>1543.0</ele></trkpt>
<trkpt lat="45.204400" lon="6.098250"><ele>1542.0</ele></trkpt>
<trkpt lat="45.204450" lon="6.098000"><ele>1540.0</ele></trkpt>
<trkpt lat="45.204450" lon="6.097980"><ele>1538.0</ele></trkpt>
<trkpt lat="45.204510" lon="6.097760"><ele>1537.0</ele></trkpt>
<trkpt lat="45.204560" lon="6.097570"><ele>1535.0</ele></trkpt>
<trkpt lat="45.204590" lon="6.097350"><ele>1533.0</ele></trkpt>
<trkpt lat="45.204590" lon="6.097230"><ele>1532.0</ele></trkpt>
<trkpt lat="45.204560" lon="6.097000"><ele>1530.0</ele></trkpt>
<trkpt lat="45.204530" lon="6.096720"><ele>1528.0</ele></trkpt>
<trkpt lat="45.204520" lon="6.096530"><ele>1527.0</ele></trkpt>
<trkpt lat="45.204530" lon="6.096510"><ele>1525.0</ele></trkpt>
<trkpt lat="45.204550" lon="6.096260"><ele>1524.0</ele></trkpt>
<trkpt lat="45.204560" lon="6.096120"><ele>1523.0</ele></trkpt>
<trkpt lat="45.204640" lon="6.095480"><ele>1520.0</ele></trkpt>
<trkpt lat="45.204690" lon="6.095000"><ele>1517.0</ele></trkpt>
<trkpt lat="45.204700" lon="6.094840"><ele>1515.0</ele></trkpt>
<trkpt lat="45.204710" lon="6.094740"><ele>1513.0</ele></trkpt>
<trkpt lat="45.204710" lon="6.094600"><ele>1512.0</ele></trkpt>
<trkpt lat="45.204700" lon="6.094490"><ele>1510.0</ele></trkpt>
<trkpt lat="45.204700" lon="6.094380"><ele>1509.0</ele></trkpt>
<trkpt lat="45.204680" lon="6.094230"><ele>1508.0</ele></trkpt>
<trkpt lat="45.204660" lon="6.094070"><ele>1507.0</ele></trkpt>
<trkpt lat="45.204660" lon="6.094030"><ele>1506.0</ele></trkpt>
<trkpt lat="45.204620" lon="6.093780"><ele>1505.0</ele></trkpt>
<trkpt lat="45.204610" lon="6.093740"><ele>1504.0</ele></trkpt>
<trkpt lat="45.204590" lon="6.093650"><ele>1503.0</ele></trkpt>
<trkpt lat="45.204560" lon="6.093540"><ele>1502.0</ele></trkpt>
<trkpt lat="45.204550" lon="6.093480"><ele>1501.0</ele></trkpt>
<trkpt lat="45.204490" lon="6.093310"><ele>1500.0</ele></trkpt>
<trkpt lat="45.204460" lon="6.093220"><ele>1499.0</ele></trkpt>
<trkpt lat="45.204420" lon="6.093100"><ele>1498.0</ele></trkpt>
<trkpt lat="45.204410" lon="6.093080"><ele>1498.0</ele></trkpt>
<trkpt lat="45.204340" lon="6.092880"><ele>1497.0</ele></trkpt>
<trkpt lat="45.204330" lon="6.092850"><ele>1496.0</ele></trkpt>
<trkpt lat="45.204320" lon="6.092810"><ele>1495.0</ele></trkpt>
<trkpt lat="45.204290" lon="6.092710"><ele>1494.0</ele></trkpt>
<trkpt lat="45.204270" lon="6.092610"><ele>1494.0</ele></trkpt>
<trkpt lat="45.204260" lon="6.092590"><ele>1493.0</ele></trkpt>
<trkpt lat="45.204230" lon="6.092480"><ele>1493.0</ele></trkpt>
<trkpt lat="45.204200" lon="6.092370"><ele>1492.0</ele></trkpt>
<trkpt lat="45.204150" lon="6.092150"><ele>1491.0</ele></trkpt>
<trkpt lat="45.204140" lon="6.092130"><ele>1490.0</ele></trkpt>
<trkpt lat="45.204110" lon="6.092000"><ele>1489.0</ele></trkpt>
<trkpt lat="45.204090" lon="6.091890"><ele>1488.0</ele></trkpt>
<trkpt lat="45.204080" lon="6.091840"><ele>1488.0</ele></trkpt>
<trkpt lat="45.204050" lon="6.091640"><ele>1487.0</ele></trkpt>
<trkpt lat="45.204030" lon="6.091450"><ele>1486.0</ele></trkpt>
<trkpt lat="45.204010" lon="6.091340"><ele>1485.0</ele></trkpt>
<trkpt lat="45.203990" lon="6.091270"><ele>1484.0</ele></trkpt>
<trkpt lat="45.203960" lon="6.091180"><ele>1483.0</ele></trkpt>
<trkpt lat="45.203930" lon="6.091110"><ele>1483.0</ele></trkpt>
<trkpt lat="45.203880" lon="6.091030"><ele>1482.0</ele></trkpt>
<trkpt lat="45.203820" lon="6.090920"><ele>1481.0</ele></trkpt>
<trkpt lat="45.203780" lon="6.090830"><ele>1480.0</ele></trkpt>
<trkpt lat="45.203760" lon="6.090770"><ele>1480.0</ele></trkpt>
<trkpt lat="45.203750" lon="6.090730"><ele>1479.0</ele></trkpt>
<trkpt lat="45.203750" lon="6.090720"><ele>1479.0</ele></trkpt>
<trkpt lat="45.203730" lon="6.090640"><ele>1478.0</ele></trkpt>
<trkpt lat="45.203720" lon="6.090560"><ele>1478.0</ele></trkpt>
<trkpt lat="45.203710" lon="6.090420"><ele>1477.0</ele></trkpt>
<trkpt lat="45.203710" lon="6.090310"><ele>1477.0</ele></trkpt>
<trkpt lat="45.203730" lon="6.090230"><ele>1476.0</ele></trkpt>
<trkpt lat="45.203730" lon="6.090180"><ele>1476.0</ele></trkpt>
<trkpt lat="45.203780" lon="6.089980"><ele>1475.0</ele></trkpt>
<trkpt lat="45.203810" lon="6.089890"><ele>1474.0</ele></trkpt>
<trkpt lat="45.203830" lon="6.089760"><ele>1473.0</ele></trkpt>
<trkpt lat="45.203830" lon="6.089670"><ele>1472.0</ele></trkpt>
<trkpt lat="45.203820" lon="6.089640"><ele>1472.0</ele></trkpt>
<trkpt lat="45.203820" lon="6.089570"><ele>1472.0</ele></trkpt>
<trkpt lat="45.203790" lon="6.089410"><ele>1471.0</ele></trkpt>
<trkpt lat="45.203780" lon="6.089390"><ele>1471.0</ele></trkpt>
<trkpt lat="45.203740" lon="6.089230"><ele>1471.0</ele></trkpt>
<trkpt lat="45.203640" lon="6.088870"><ele>1470.0</ele></trkpt>
<trkpt lat="45.203630" lon="6.088820"><ele>1470.0</ele></trkpt>
<trkpt lat="45.203590" lon="6.088680"><ele>1469.0</ele></trkpt>
<trkpt lat="45.203510" lon="6.088450"><ele>1469.0</ele></trkpt>
<trkpt lat="45.203400" lon="6.088190"><ele>1468.0</ele></trkpt>
<trkpt lat="45.203360" lon="6.088120"><ele>1468.0</ele></trkpt>
<trkpt lat="45.203300" lon="6.088030"><ele>1467.0</ele></trkpt>
<trkpt lat="45.203220" lon="6.087910"><ele>1467.0</ele></trkpt>
<trkpt lat="45.203180" lon="6.087850"><ele>1467.0</ele></trkpt>
<trkpt lat="45.203090" lon="6.087730"><ele>1466.0</ele></trkpt>
<trkpt lat="45.203040" lon="6.087680"><ele>1466.0</ele></trkpt>
<trkpt lat="45.202900" lon="6.087520"><ele>1465.0</ele></trkpt>
<trkpt lat="45.202880" lon="6.087500"><ele>1465.0</ele></trkpt>
<trkpt lat="45.202760" lon="6.087360"><ele>1464.0</ele></trkpt>
<trkpt lat="45.202640" lon="6.087250"><ele>1464.0</ele></trkpt>
<trkpt lat="45.202610" lon="6.087210"><ele>1463.0</ele></trkpt>
<trkpt lat="45.202470" lon="6.087060"><ele>1462.0</ele></trkpt>
<trkpt lat="45.202380" lon="6.086960"><ele>1461.0</ele></trkpt>
<trkpt lat="45.202190" lon="6.086740"><ele>1460.0</ele></trkpt>
<trkpt lat="45.202080" lon="6.086630"><ele>1458.0</ele></trkpt>
<trkpt lat="45.202040" lon="6.086590"><ele>1457.0</ele></trkpt>
<trkpt lat="45.201910" lon="6.086420"><ele>1456.0</ele></trkpt>
<trkpt lat="45.201840" lon="6.086340"><ele>1455.0</ele></trkpt>
<trkpt lat="45.201780" lon="6.086250"><ele>1454.0</ele></trkpt>
<trkpt lat="45.201680" lon="6.086090"><ele>1453.0</ele></trkpt>
<trkpt lat="45.201660" lon="6.086060"><ele>1453.0</ele></trkpt>
<trkpt lat="45.201550" lon="6.085850"><ele>1452.0</ele></trkpt>
<trkpt lat="45.201520" lon="6.085790"><ele>1451.0</ele></trkpt>
<trkpt lat="45.201440" lon="6.085650"><ele>1450.0</ele></trkpt>
<trkpt lat="45.201380" lon="6.085540"><ele>1448.0</ele></trkpt>
<trkpt lat="45.201330" lon="6.085440"><ele>1447.0</ele></trkpt>
<trkpt lat="45.201270" lon="6.085320"><ele>1446.0</ele></trkpt>
<trkpt lat="45.201240" lon="6.085230"><ele>1445.0</ele></trkpt>
<trkpt lat="45.201180" lon="6.085060"><ele>1444.0</ele></trkpt>
<trkpt lat="45.201160" lon="6.085000"><ele>1443.0</ele></trkpt>
<trkpt lat="45.201120" lon="6.084840"><ele>1442.0</ele></trkpt>
<trkpt lat="45.201050" lon="6.084600"><ele>1441.0</ele></trkpt>
<trkpt lat="45.201020" lon="6.084530"><ele>1439.0</ele></trkpt>
<trkpt lat="45.201010" lon="6.084420"><ele>1438.0</ele></trkpt>
<trkpt lat="45.201000" lon="6.084380"><ele>1437.0</ele></trkpt>
<trkpt lat="45.201000" lon="6.084320"><ele>1437.0</ele></trkpt>
<trkpt lat="45.201010" lon="6.084270"><ele>1436.0</ele></trkpt>
<trkpt lat="45.201020" lon="6.084210"><ele>1435.0</ele></trkpt>
<trkpt lat="45.201030" lon="6.084070"><ele>1435.0</ele></trkpt>
<trkpt lat="45.201050" lon="6.083940"><ele>1434.0</ele></trkpt>
<trkpt lat="45.201070" lon="6.083800"><ele>1433.0</ele></trkpt>
<trkpt lat="45.201080" lon="6.083770"><ele>1432.0</ele></trkpt>
<trkpt lat="45.201110" lon="6.083650"><ele>1431.0</ele></trkpt>
<trkpt lat="45.201150" lon="6.083560"><ele>1430.0</ele></trkpt>
<trkpt lat="45.201160" lon="6.083540"><ele>1430.0</ele></trkpt>
<trkpt lat="45.201200" lon="6.083440"><ele>1429.0</ele></trkpt>
<trkpt lat="45.201240" lon="6.083320"><ele>1428.0</ele></trkpt>
<trkpt lat="45.201250" lon="6.083290"><ele>1428.0</ele></trkpt>
<trkpt lat="45.201280" lon="6.083210"><ele>1427.0</ele></trkpt>
<trkpt lat="45.201290" lon="6.083130"><ele>1426.0</ele></trkpt>
<trkpt lat="45.201290" lon="6.083080"><ele>1426.0</ele></trkpt>
<trkpt lat="45.201300" lon="6.082970"><ele>1425.0</ele></trkpt>
<trkpt lat="45.201290" lon="6.082910"><ele>1425.0</ele></trkpt>
<trkpt lat="45.201290" lon="6.082660"><ele>1424.0</ele></trkpt>
<trkpt lat="45.201290" lon="6.082570"><ele>1423.0</ele></trkpt>
<trkpt lat="45.201290" lon="6.082530"><ele>1422.0</ele></trkpt>
<trkpt lat="45.201260" lon="6.082310"><ele>1421.0</ele></trkpt>
<trkpt lat="45.201250" lon="6.082230"><ele>1420.0</ele></trkpt>
<trkpt lat="45.201230" lon="6.082060"><ele>1419.0</ele></trkpt>
<trkpt lat="45.201190" lon="6.081810"><ele>1418.0</ele></trkpt>
<trkpt lat="45.201180" lon="6.081720"><ele>1417.0</ele></trkpt>
<trkpt lat="45.201170" lon="6.081560"><ele>1416.0</ele></trkpt>
<trkpt lat="45.201170" lon="6.081550"><ele>1415.0</ele></trkpt>
<trkpt lat="45.201160" lon="6.081390"><ele>1414.0</ele></trkpt>
<trkpt lat="45.201160" lon="6.081300"><ele>1413.0</ele></trkpt>
<trkpt lat="45.201160" lon="6.081270"><ele>1412.0</ele></trkpt>
<trkpt lat="45.201170" lon="6.081130"><ele>1412.0</ele></trkpt>
<trkpt lat="45.201180" lon="6.081050"><ele>1411.0</ele></trkpt>
<trkpt lat="45.201190" lon="6.080960"><ele>1410.0</ele></trkpt>
<trkpt lat="45.201220" lon="6.080800"><ele>1409.0</ele></trkpt>
<trkpt lat="45.201230" lon="6.080760"><ele>1409.0</ele></trkpt>
<trkpt lat="45.201270" lon="6.080560"><ele>1408.0</ele></trkpt>
<trkpt lat="45.201330" lon="6.080320"><ele>1407.0</ele></trkpt>
<trkpt lat="45.201370" lon="6.080150"><ele>1406.0</ele></trkpt>
<trkpt lat="45.201390" lon="6.080070"><ele>1405.0</ele></trkpt>
<trkpt lat="45.201390" lon="6.080040"><ele>1404.0</ele></trkpt>
<trkpt lat="45.201410" lon="6.079870"><ele>1403.0</ele></trkpt>
<trkpt lat="45.201410" lon="6.079820"><ele>1402.0</ele></trkpt>
<trkpt lat="45.201430" lon="6.079640"><ele>1402.0</ele></trkpt>
<trkpt lat="45.201440" lon="6.079570"><ele>1401.0</ele></trkpt>
<trkpt lat="45.201450" lon="6.079420"><ele>1400.0</ele></trkpt>
<trkpt lat="45.201450" lon="6.079310"><ele>1399.0</ele></trkpt>
<trkpt lat="45.201450" lon="6.079230"><ele>1398.0</ele></trkpt>
<trkpt lat="45.201470" lon="6.079060"><ele>1398.0</ele></trkpt>
<trkpt lat="45.201470" lon="6.079030"><ele>1397.0</ele></trkpt>
<trkpt lat="45.201500" lon="6.078930"><ele>1396.0</ele></trkpt>
<trkpt lat="45.201520" lon="6.078850"><ele>1396.0</ele></trkpt>
<trkpt lat="45.201560" lon="6.078770"><ele>1395.0</ele></trkpt>
<trkpt lat="45.201590" lon="6.078710"><ele>1394.0</ele></trkpt>
<trkpt lat="45.201660" lon="6.078650"><ele>1394.0</ele></trkpt>
<trkpt lat="45.201670" lon="6.078640"><ele>1393.0</ele></trkpt>
<trkpt lat="45.201760" lon="6.078560"><ele>1393.0</ele></trkpt>
<trkpt lat="45.201810" lon="6.078510"><ele>1393.0</ele></trkpt>
<trkpt lat="45.201960" lon="6.078380"><ele>1392.0</ele></trkpt>
<trkpt lat="45.201960" lon="6.078370"><ele>1392.0</ele></trkpt>
<trkpt lat="45.202110" lon="6.078220"><ele>1391.0</ele></trkpt>
<trkpt lat="45.202130" lon="6.078200"><ele>1391.0</ele></trkpt>
<trkpt lat="45.202250" lon="6.078070"><ele>1391.0</ele></trkpt>
<trkpt lat="45.202360" lon="6.077960"><ele>1390.0</ele></trkpt>
<trkpt lat="45.202400" lon="6.077920"><ele>1390.0</ele></trkpt>
<trkpt lat="45.202540" lon="6.077770"><ele>1390.0</ele></trkpt>
<trkpt lat="45.202620" lon="6.077690"><ele>1389.0</ele></trkpt>
<trkpt lat="45.202690" lon="6.077610"><ele>1389.0</ele></trkpt>
<trkpt lat="45.202770" lon="6.077510"><ele>1389.0</ele></trkpt>
<trkpt lat="45.202830" lon="6.077460"><ele>1388.0</ele></trkpt>
<trkpt lat="45.202890" lon="6.077390"><ele>1388.0</ele></trkpt>
<trkpt lat="45.202970" lon="6.077300"><ele>1388.0</ele></trkpt>
<trkpt lat="45.203110" lon="6.077150"><ele>1387.0</ele></trkpt>
<trkpt lat="45.203120" lon="6.077140"><ele>1387.0</ele></trkpt>
<trkpt lat="45.203250" lon="6.076990"><ele>1386.0</ele></trkpt>
<trkpt lat="45.203400" lon="6.076830"><ele>1385.0</ele></trkpt>
<trkpt lat="45.203450" lon="6.076770"><ele>1384.0</ele></trkpt>
<trkpt lat="45.203540" lon="6.076680"><ele>1383.0</ele></trkpt>
<trkpt lat="45.203680" lon="6.076550"><ele>1382.0</ele></trkpt>
<trkpt lat="45.203690" lon="6.076540"><ele>1381.0</ele></trkpt>
<trkpt lat="45.203740" lon="6.076490"><ele>1380.0</ele></trkpt>
<trkpt lat="45.203760" lon="6.076420"><ele>1380.0</ele></trkpt>
<trkpt lat="45.203770" lon="6.076330"><ele>1379.0</ele></trkpt>
<trkpt lat="45.203730" lon="6.076300"><ele>1378.0</ele></trkpt>
<trkpt lat="45.203710" lon="6.076290"><ele>1378.0</ele></trkpt>
<trkpt lat="45.203680" lon="6.076300"><ele>1377.0</ele></trkpt>
<trkpt lat="45.203640" lon="6.076320"><ele>1377.0</ele></trkpt>
<trkpt lat="45.203600" lon="6.076350"><ele>1377.0</ele></trkpt>
<trkpt lat="45.203550" lon="6.076380"><ele>1376.0</ele></trkpt>
<trkpt lat="45.203440" lon="6.076470"><ele>1375.0</ele></trkpt>
<trkpt lat="45.203420" lon="6.076500"><ele>1375.0</ele></trkpt>
<trkpt lat="45.203280" lon="6.076590"><ele>1374.0</ele></trkpt>
<trkpt lat="45.203240" lon="6.076620"><ele>1373.0</ele></trkpt>
<trkpt lat="45.203120" lon="6.076690"><ele>1372.0</ele></trkpt>
<trkpt lat="45.203020" lon="6.076750"><ele>1371.0</ele></trkpt>
<trkpt lat="45.202950" lon="6.076790"><ele>1370.0</ele></trkpt>
<trkpt lat="45.202820" lon="6.076860"><ele>1369.0</ele></trkpt>
<trkpt lat="45.202790" lon="6.076890"><ele>1369.0</ele></trkpt>
<trkpt lat="45.202660" lon="6.076970"><ele>1368.0</ele></trkpt>
<trkpt lat="45.202620" lon="6.076990"><ele>1367.0</ele></trkpt>
<trkpt lat="45.202560" lon="6.077020"><ele>1366.0</ele></trkpt>
<trkpt lat="45.202450" lon="6.077070"><ele>1365.0</ele></trkpt>
<trkpt lat="45.202440" lon="6.077070"><ele>1365.0</ele></trkpt>
<trkpt lat="45.202350" lon="6.077090"><ele>1364.0</ele></trkpt>
<trkpt lat="45.202270" lon="6.077080"><ele>1363.0</ele></trkpt>
<trkpt lat="45.202250" lon="6.077080"><ele>1363.0</ele></trkpt>
<trkpt lat="45.202170" lon="6.077050"><ele>1362.0</ele></trkpt>
<trkpt lat="45.202100" lon="6.077010"><ele>1362.0</ele></trkpt>
<trkpt lat="45.202090" lon="6.077000"><ele>1361.0</ele></trkpt>
<trkpt lat="45.201960" lon="6.076910"><ele>1361.0</ele></trkpt>
<trkpt lat="45.201940" lon="6.076890"><ele>1360.0</ele></trkpt>
<trkpt lat="45.201900" lon="6.076850"><ele>1360.0</ele></trkpt>
<trkpt lat="45.201880" lon="6.076820"><ele>1359.0</ele></trkpt>
<trkpt lat="45.201870" lon="6.076810"><ele>1359.0</ele></trkpt>
<trkpt lat="45.201860" lon="6.076770"><ele>1358.0</ele></trkpt>
<trkpt lat="45.201860" lon="6.076740"><ele>1358.0</ele></trkpt>
<trkpt lat="45.201860" lon="6.076730"><ele>1358.0</ele></trkpt>
<trkpt lat="45.201860" lon="6.076720"><ele>1358.0</ele></trkpt>
<trkpt lat="45.201870" lon="6.076700"><ele>1358.0</ele></trkpt>
<trkpt lat="45.201870" lon="6.076690"><ele>1358.0</ele></trkpt>
<trkpt lat="45.201880" lon="6.076680"><ele>1357.0</ele></trkpt>
<trkpt lat="45.201880" lon="6.076670"><ele>1357.0</ele></trkpt>
<trkpt lat="45.201890" lon="6.076660"><ele>1357.0</ele></trkpt>
<trkpt lat="45.201910" lon="6.076650"><ele>1357.0</ele></trkpt>
<trkpt lat="45.201930" lon="6.076650"><ele>1357.0</ele></trkpt>
<trkpt lat="45.201940" lon="6.076650"><ele>1357.0</ele></trkpt>
<trkpt lat="45.201980" lon="6.076660"><ele>1357.0</ele></trkpt>
<trkpt lat="45.202040" lon="6.076680"><ele>1356.0</ele></trkpt>
<trkpt lat="45.202060" lon="6.076690"><ele>1356.0</ele></trkpt>
<trkpt lat="45.202150" lon="6.076720"><ele>1356.0</ele></trkpt>
<trkpt lat="45.202190" lon="6.076720"><ele>1355.0</ele></trkpt>
<trkpt lat="45.202220" lon="6.076720"><ele>1355.0</ele></trkpt>
<trkpt lat="45.202260" lon="6.076720"><ele>1354.0</ele></trkpt>
<trkpt lat="45.202300" lon="6.076700"><ele>1354.0</ele></trkpt>
<trkpt lat="45.202370" lon="6.076660"><ele>1354.0</ele></trkpt>
<trkpt lat="45.202390" lon="6.076650"><ele>1353.0</ele></trkpt>
<trkpt lat="45.202430" lon="6.076610"><ele>1353.0</ele></trkpt>
<trkpt lat="45.202490" lon="6.076540"><ele>1352.0</ele></trkpt>
<trkpt lat="45.202530" lon="6.076490"><ele>1352.0</ele></trkpt>
<trkpt lat="45.202590" lon="6.076400"><ele>1351.0</ele></trkpt>
<trkpt lat="45.202630" lon="6.076320"><ele>1350.0</ele></trkpt>
<trkpt lat="45.202650" lon="6.076300"><ele>1350.0</ele></trkpt>
<trkpt lat="45.202720" lon="6.076160"><ele>1349.0</ele></trkpt>
<trkpt lat="45.202750" lon="6.076090"><ele>1348.0</ele></trkpt>
<trkpt lat="45.202770" lon="6.076070"><ele>1348.0</ele></trkpt>
<trkpt lat="45.202840" lon="6.075990"><ele>1347.0</ele></trkpt>
<trkpt lat="45.202890" lon="6.075930"><ele>1346.0</ele></trkpt>
<trkpt lat="45.202910" lon="6.075920"><ele>1346.0</ele></trkpt>
<trkpt lat="45.203050" lon="6.075810"><ele>1345.0</ele></trkpt>
<trkpt lat="45.203050" lon="6.075800"><ele>1344.0</ele></trkpt>
<trkpt lat="45.203200" lon="6.075660"><ele>1343.0</ele></trkpt>
<trkpt lat="45.203310" lon="6.075540"><ele>1342.0</ele></trkpt>
<trkpt lat="45.203340" lon="6.075510"><ele>1341.0</ele></trkpt>
<trkpt lat="45.203490" lon="6.075360"><ele>1340.0</ele></trkpt>
<trkpt lat="45.203540" lon="6.075310"><ele>1339.0</ele></trkpt>
<trkpt lat="45.203620" lon="6.075190"><ele>1338.0</ele></trkpt>
<trkpt lat="45.203690" lon="6.075090"><ele>1337.0</ele></trkpt>
<trkpt lat="45.203730" lon="6.074990"><ele>1336.0</ele></trkpt>
<trkpt lat="45.203740" lon="6.074970"><ele>1335.0</ele></trkpt>
<trkpt lat="45.203760" lon="6.074900"><ele>1334.0</ele></trkpt>
<trkpt lat="45.203780" lon="6.074810"><ele>1334.0</ele></trkpt>
<trkpt lat="45.203780" lon="6.074750"><ele>1333.0</ele></trkpt>
<trkpt lat="45.203780" lon="6.074740"><ele>1333.0</ele></trkpt>
<trkpt lat="45.203800" lon="6.074610"><ele>1332.0</ele></trkpt>
<trkpt lat="45.203820" lon="6.074500"><ele>1332.0</ele></trkpt>
<trkpt lat="45.203820" lon="6.074490"><ele>1331.0</ele></trkpt>
<trkpt lat="45.203830" lon="6.074430"><ele>1331.0</ele></trkpt>
<trkpt lat="45.203860" lon="6.074370"><ele>1330.0</ele></trkpt>
<trkpt lat="45.203910" lon="6.074280"><ele>1330.0</ele></trkpt>
<trkpt lat="45.203920" lon="6.074270"><ele>1329.0</ele></trkpt>
<trkpt lat="45.203990" lon="6.074160"><ele>1329.0</ele></trkpt>
<trkpt lat="45.204030" lon="6.074100"><ele>1328.0</ele></trkpt>
<trkpt lat="45.204150" lon="6.073910"><ele>1327.0</ele></trkpt>
<trkpt lat="45.204270" lon="6.073710"><ele>1326.0</ele></trkpt>
<trkpt lat="45.204290" lon="6.073670"><ele>1325.0</ele></trkpt>
<trkpt lat="45.204370" lon="6.073510"><ele>1324.0</ele></trkpt>
<trkpt lat="45.204390" lon="6.073450"><ele>1324.0</ele></trkpt>
<trkpt lat="45.204400" lon="6.073390"><ele>1323.0</ele></trkpt>
<trkpt lat="45.204400" lon="6.073330"><ele>1322.0</ele></trkpt>
<trkpt lat="45.204390" lon="6.073260"><ele>1322.0</ele></trkpt>
<trkpt lat="45.204330" lon="6.073060"><ele>1321.0</ele></trkpt>
<trkpt lat="45.204320" lon="6.073030"><ele>1321.0</ele></trkpt>
<trkpt lat="45.204300" lon="6.072980"><ele>1320.0</ele></trkpt>
<trkpt lat="45.204280" lon="6.072910"><ele>1320.0</ele></trkpt>
<trkpt lat="45.204270" lon="6.072840"><ele>1319.0</ele></trkpt>
<trkpt lat="45.204250" lon="6.072740"><ele>1319.0</ele></trkpt>
<trkpt lat="45.204300" lon="6.072610"><ele>1318.0</ele></trkpt>
<trkpt lat="45.204430" lon="6.072370"><ele>1318.0</ele></trkpt>
<trkpt lat="45.204460" lon="6.072320"><ele>1319.0</ele></trkpt>
<trkpt lat="45.204550" lon="6.072170"><ele>1319.0</ele></trkpt>
<trkpt lat="45.204570" lon="6.072120"><ele>1319.0</ele></trkpt>
<trkpt lat="45.204590" lon="6.072090"><ele>1319.0</ele></trkpt>
<trkpt lat="45.204630" lon="6.071980"><ele>1319.0</ele></trkpt>
<trkpt lat="45.204660" lon="6.071900"><ele>1319.0</ele></trkpt>
<trkpt lat="45.204670" lon="6.071860"><ele>1320.0</ele></trkpt>
<trkpt lat="45.204700" lon="6.071720"><ele>1320.0</ele></trkpt>
<trkpt lat="45.204710" lon="6.071650"><ele>1320.0</ele></trkpt>
<trkpt lat="45.204720" lon="6.071580"><ele>1320.0</ele></trkpt>
<trkpt lat="45.204730" lon="6.071450"><ele>1321.0</ele></trkpt>
<trkpt lat="45.204740" lon="6.071400"><ele>1321.0</ele></trkpt>
<trkpt lat="45.204750" lon="6.071340"><ele>1321.0</ele></trkpt>
<trkpt lat="45.204770" lon="6.071270"><ele>1321.0</ele></trkpt>
<trkpt lat="45.204810" lon="6.071170"><ele>1321.0</ele></trkpt>
<trkpt lat="45.204810" lon="6.071160"><ele>1321.0</ele></trkpt>
<trkpt lat="45.204900" lon="6.070950"><ele>1322.0</ele></trkpt>
<trkpt lat="45.204910" lon="6.070920"><ele>1322.0</ele></trkpt>
<trkpt lat="45.204990" lon="6.070720"><ele>1322.0</ele></trkpt>
<trkpt lat="45.205060" lon="6.070530"><ele>1323.0</ele></trkpt>
<trkpt lat="45.205080" lon="6.070500"><ele>1323.0</ele></trkpt>
<trkpt lat="45.205150" lon="6.070270"><ele>1323.0</ele></trkpt>
<trkpt lat="45.205190" lon="6.070170"><ele>1323.0</ele></trkpt>
<trkpt lat="45.205240" lon="6.070040"><ele>1323.0</ele></trkpt>
<trkpt lat="45.205290" lon="6.069900"><ele>1324.0</ele></trkpt>
<trkpt lat="45.205320" lon="6.069820"><ele>1324.0</ele></trkpt>
<trkpt lat="45.205410" lon="6.069590"><ele>1324.0</ele></trkpt>
<trkpt lat="45.205450" lon="6.069480"><ele>1324.0</ele></trkpt>
<trkpt lat="45.205490" lon="6.069370"><ele>1324.0</ele></trkpt>
<trkpt lat="45.205580" lon="6.069140"><ele>1324.0</ele></trkpt>
<trkpt lat="45.205660" lon="6.068920"><ele>1324.0</ele></trkpt>
<trkpt lat="45.205670" lon="6.068900"><ele>1324.0</ele></trkpt>
<trkpt lat="45.205720" lon="6.068740"><ele>1324.0</ele></trkpt>
<trkpt lat="45.205730" lon="6.068690"><ele>1324.0</ele></trkpt>
<trkpt lat="45.205750" lon="6.068630"><ele>1324.0</ele></trkpt>
<trkpt lat="45.205760" lon="6.068520"><ele>1324.0</ele></trkpt>
<trkpt lat="45.205770" lon="6.068440"><ele>1324.0</ele></trkpt>
<trkpt lat="45.205780" lon="6.068400"><ele>1324.0</ele></trkpt>
<trkpt lat="45.205800" lon="6.068270"><ele>1324.0</ele></trkpt>
<trkpt lat="45.205820" lon="6.068190"><ele>1324.0</ele></trkpt>
<trkpt lat="45.205830" lon="6.068160"><ele>1324.0</ele></trkpt>
<trkpt lat="45.205860" lon="6.068060"><ele>1324.0</ele></trkpt>
<trkpt lat="45.205890" lon="6.067980"><ele>1323.0</ele></trkpt>
<trkpt lat="45.205900" lon="6.067960"><ele>1322.0</ele></trkpt>
<trkpt lat="45.205990" lon="6.067780"><ele>1321.0</ele></trkpt>
<trkpt lat="45.206110" lon="6.067550"><ele>1319.0</ele></trkpt>
<trkpt lat="45.206120" lon="6.067540"><ele>1318.0</ele></trkpt>
<trkpt lat="45.206220" lon="6.067340"><ele>1316.0</ele></trkpt>
<trkpt lat="45.206240" lon="6.067300"><ele>1314.0</ele></trkpt>
<trkpt lat="45.206330" lon="6.067140"><ele>1312.0</ele></trkpt>
<trkpt lat="45.206380" lon="6.067050"><ele>1311.0</ele></trkpt>
<trkpt lat="45.206510" lon="6.066780"><ele>1308.0</ele></trkpt>
<trkpt lat="45.206670" lon="6.066460"><ele>1305.0</ele></trkpt>
<trkpt lat="45.206750" lon="6.066320"><ele>1302.0</ele></trkpt>
<trkpt lat="45.206840" lon="6.066160"><ele>1299.0</ele></trkpt>
<trkpt lat="45.206870" lon="6.066120"><ele>1297.0</ele></trkpt>
<trkpt lat="45.206990" lon="6.065930"><ele>1294.0</ele></trkpt>
<trkpt lat="45.207060" lon="6.065820"><ele>1292.0</ele></trkpt>
<trkpt lat="45.207100" lon="6.065740"><ele>1290.0</ele></trkpt>
<trkpt lat="45.207190" lon="6.065570"><ele>1288.0</ele></trkpt>
<trkpt lat="45.207210" lon="6.065530"><ele>1286.0</ele></trkpt>
<trkpt lat="45.207240" lon="6.065470"><ele>1284.0</ele></trkpt>
<trkpt lat="45.207290" lon="6.065310"><ele>1283.0</ele></trkpt>
<trkpt lat="45.207300" lon="6.065280"><ele>1281.0</ele></trkpt>
<trkpt lat="45.207350" lon="6.065110"><ele>1280.0</ele></trkpt>
<trkpt lat="45.207380" lon="6.065040"><ele>1278.0</ele></trkpt>
<trkpt lat="45.207420" lon="6.064970"><ele>1277.0</ele></trkpt>
<trkpt lat="45.207470" lon="6.064900"><ele>1275.0</ele></trkpt>
<trkpt lat="45.207480" lon="6.064880"><ele>1274.0</ele></trkpt>
<trkpt lat="45.207530" lon="6.064820"><ele>1273.0</ele></trkpt>
<trkpt lat="45.207570" lon="6.064760"><ele>1272.0</ele></trkpt>
<trkpt lat="45.207590" lon="6.064690"><ele>1271.0</ele></trkpt>
<trkpt lat="45.207600" lon="6.064680"><ele>1270.0</ele></trkpt>
<trkpt lat="45.207630" lon="6.064580"><ele>1269.0</ele></trkpt>
<trkpt lat="45.207720" lon="6.064330"><ele>1267.0</ele></trkpt>
<trkpt lat="45.207750" lon="6.064220"><ele>1266.0</ele></trkpt>
<trkpt lat="45.207780" lon="6.064150"><ele>1264.0</ele></trkpt>
<trkpt lat="45.207830" lon="6.063990"><ele>1262.0</ele></trkpt>
<trkpt lat="45.207830" lon="6.063980"><ele>1261.0</ele></trkpt>
<trkpt lat="45.207860" lon="6.063840"><ele>1260.0</ele></trkpt>
<trkpt lat="45.207870" lon="6.063770"><ele>1259.0</ele></trkpt>
<trkpt lat="45.207870" lon="6.063740"><ele>1259.0</ele></trkpt>
<trkpt lat="45.207870" lon="6.063670"><ele>1259.0</ele></trkpt>
<trkpt lat="45.207870" lon="6.063540"><ele>1258.0</ele></trkpt>
<trkpt lat="45.207870" lon="6.063490"><ele>1258.0</ele></trkpt>
<trkpt lat="45.207880" lon="6.063290"><ele>1258.0</ele></trkpt>
<trkpt lat="45.207880" lon="6.063230"><ele>1257.0</ele></trkpt>
<trkpt lat="45.207890" lon="6.063090"><ele>1257.0</ele></trkpt>
<trkpt lat="45.207900" lon="6.062980"><ele>1257.0</ele></trkpt>
<trkpt lat="45.207910" lon="6.062930"><ele>1257.0</ele></trkpt>
<trkpt lat="45.207920" lon="6.062840"><ele>1257.0</ele></trkpt>
<trkpt lat="45.207930" lon="6.062730"><ele>1256.0</ele></trkpt>
<trkpt lat="45.207960" lon="6.062480"><ele>1256.0</ele></trkpt>
<trkpt lat="45.207970" lon="6.062380"><ele>1256.0</ele></trkpt>
<trkpt lat="45.207990" lon="6.062220"><ele>1256.0</ele></trkpt>
<trkpt lat="45.208020" lon="6.061970"><ele>1255.0</ele></trkpt>
<trkpt lat="45.208030" lon="6.061930"><ele>1255.0</ele></trkpt>
<trkpt lat="45.208060" lon="6.061720"><ele>1255.0</ele></trkpt>
<trkpt lat="45.208100" lon="6.061480"><ele>1254.0</ele></trkpt>
<trkpt lat="45.208100" lon="6.061450"><ele>1254.0</ele></trkpt>
<trkpt lat="45.208140" lon="6.061230"><ele>1254.0</ele></trkpt>
<trkpt lat="45.208150" lon="6.061200"><ele>1253.0</ele></trkpt>
<trkpt lat="45.208180" lon="6.060980"><ele>1253.0</ele></trkpt>
<trkpt lat="45.208210" lon="6.060820"><ele>1252.0</ele></trkpt>
<trkpt lat="45.208230" lon="6.060730"><ele>1251.0</ele></trkpt>
<trkpt lat="45.208270" lon="6.060500"><ele>1251.0</ele></trkpt>
<trkpt lat="45.208280" lon="6.060490"><ele>1250.0</ele></trkpt>
<trkpt lat="45.208320" lon="6.060240"><ele>1249.0</ele></trkpt>
<trkpt lat="45.208340" lon="6.060070"><ele>1249.0</ele></trkpt>
<trkpt lat="45.208360" lon="6.059970"><ele>1248.0</ele></trkpt>
<trkpt lat="45.208380" lon="6.059870"><ele>1247.0</ele></trkpt>
<trkpt lat="45.208390" lon="6.059790"><ele>1247.0</ele></trkpt>
<trkpt lat="45.208420" lon="6.059620"><ele>1246.0</ele></trkpt>
<trkpt lat="45.208450" lon="6.059430"><ele>1245.0</ele></trkpt>
<trkpt lat="45.208460" lon="6.059370"><ele>1245.0</ele></trkpt>
<trkpt lat="45.208490" lon="6.059170"><ele>1244.0</ele></trkpt>
<trkpt lat="45.208500" lon="6.059120"><ele>1244.0</ele></trkpt>
<trkpt lat="45.208540" lon="6.058880"><ele>1243.0</ele></trkpt>
<trkpt lat="45.208540" lon="6.058860"><ele>1242.0</ele></trkpt>
<trkpt lat="45.208590" lon="6.058630"><ele>1241.0</ele></trkpt>
<trkpt lat="45.208590" lon="6.058600"><ele>1239.0</ele></trkpt>
<trkpt lat="45.208650" lon="6.058390"><ele>1237.0</ele></trkpt>
<trkpt lat="45.208670" lon="6.058300"><ele>1235.0</ele></trkpt>
<trkpt lat="45.208710" lon="6.058150"><ele>1233.0</ele></trkpt>
<trkpt lat="45.208760" lon="6.057980"><ele>1230.0</ele></trkpt>
<trkpt lat="45.208780" lon="6.057910"><ele>1228.0</ele></trkpt>
<trkpt lat="45.208810" lon="6.057810"><ele>1226.0</ele></trkpt>
<trkpt lat="45.208880" lon="6.057700"><ele>1223.0</ele></trkpt>
<trkpt lat="45.209000" lon="6.057620"><ele>1221.0</ele></trkpt>
<trkpt lat="45.209030" lon="6.057610"><ele>1219.0</ele></trkpt>
<trkpt lat="45.209060" lon="6.057600"><ele>1217.0</ele></trkpt>
<trkpt lat="45.209090" lon="6.057590"><ele>1216.0</ele></trkpt>
<trkpt lat="45.209120" lon="6.057590"><ele>1215.0</ele></trkpt>
<trkpt lat="45.209150" lon="6.057570"><ele>1214.0</ele></trkpt>
<trkpt lat="45.209160" lon="6.057550"><ele>1213.0</ele></trkpt>
<trkpt lat="45.209170" lon="6.057540"><ele>1212.0</ele></trkpt>
<trkpt lat="45.209180" lon="6.057530"><ele>1212.0</ele></trkpt>
<trkpt lat="45.209200" lon="6.057500"><ele>1211.0</ele></trkpt>
<trkpt lat="45.209230" lon="6.057420"><ele>1210.0</ele></trkpt>
<trkpt lat="45.209250" lon="6.057380"><ele>1209.0</ele></trkpt>
<trkpt lat="45.209270" lon="6.057340"><ele>1208.0</ele></trkpt>
<trkpt lat="45.209270" lon="6.057330"><ele>1208.0</ele></trkpt>
<trkpt lat="45.209290" lon="6.057240"><ele>1207.0</ele></trkpt>
<trkpt lat="45.209310" lon="6.057180"><ele>1206.0</ele></trkpt>
<trkpt lat="45.209320" lon="6.057110"><ele>1205.0</ele></trkpt>
<trkpt lat="45.209320" lon="6.057090"><ele>1204.0</ele></trkpt>
<trkpt lat="45.209330" lon="6.057040"><ele>1203.0</ele></trkpt>
<trkpt lat="45.209360" lon="6.056840"><ele>1201.0</ele></trkpt>
<trkpt lat="45.209360" lon="6.056810"><ele>1200.0</ele></trkpt>
<trkpt lat="45.209370" lon="6.056610"><ele>1198.0</ele></trkpt>
<trkpt lat="45.209380" lon="6.056580"><ele>1196.0</ele></trkpt>
<trkpt lat="45.209410" lon="6.056330"><ele>1195.0</ele></trkpt>
<trkpt lat="45.209410" lon="6.056320"><ele>1195.0</ele></trkpt>
<trkpt lat="45.209440" lon="6.056080"><ele>1195.0</ele></trkpt>
<trkpt lat="45.209470" lon="6.055880"><ele>1195.0</ele></trkpt>
<trkpt lat="45.209480" lon="6.055830"><ele>1195.0</ele></trkpt>
<trkpt lat="45.209490" lon="6.055740"><ele>1195.0</ele></trkpt>
<trkpt lat="45.209530" lon="6.055590"><ele>1195.0</ele></trkpt>
<trkpt lat="45.209540" lon="6.055530"><ele>1195.0</ele></trkpt>
<trkpt lat="45.209600" lon="6.055360"><ele>1195.0</ele></trkpt>
<trkpt lat="45.209660" lon="6.055190"><ele>1195.0</ele></trkpt>
<trkpt lat="45.209670" lon="6.055170"><ele>1195.0</ele></trkpt>
<trkpt lat="45.209680" lon="6.055140"><ele>1195.0</ele></trkpt>
<trkpt lat="45.209690" lon="6.055130"><ele>1195.0</ele></trkpt>
<trkpt lat="45.209700" lon="6.055120"><ele>1195.0</ele></trkpt>
<trkpt lat="45.209710" lon="6.055110"><ele>1195.0</ele></trkpt>
<trkpt lat="45.209720" lon="6.055100"><ele>1195.0</ele></trkpt>
<trkpt lat="45.209730" lon="6.055100"><ele>1195.0</ele></trkpt>
<trkpt lat="45.209740" lon="6.055100"><ele>1195.0</ele></trkpt>
<trkpt lat="45.209760" lon="6.055100"><ele>1195.0</ele></trkpt>
<trkpt lat="45.209770" lon="6.055100"><ele>1195.0</ele></trkpt>
<trkpt lat="45.209780" lon="6.055110"><ele>1195.0</ele></trkpt>
<trkpt lat="45.209790" lon="6.055120"><ele>1195.0</ele></trkpt>
<trkpt lat="45.209800" lon="6.055140"><ele>1195.0</ele></trkpt>
<trkpt lat="45.209810" lon="6.055150"><ele>1196.0</ele></trkpt>
<trkpt lat="45.209810" lon="6.055180"><ele>1196.0</ele></trkpt>
<trkpt lat="45.209810" lon="6.055200"><ele>1196.0</ele></trkpt>
<trkpt lat="45.209810" lon="6.055230"><ele>1196.0</ele></trkpt>
<trkpt lat="45.209810" lon="6.055270"><ele>1196.0</ele></trkpt>
<trkpt lat="45.209780" lon="6.055390"><ele>1196.0</ele></trkpt>
<trkpt lat="45.209770" lon="6.055450"><ele>1196.0</ele></trkpt>
<trkpt lat="45.209750" lon="6.055540"><ele>1196.0</ele></trkpt>
<trkpt lat="45.209740" lon="6.055590"><ele>1196.0</ele></trkpt>
<trkpt lat="45.209740" lon="6.055640"><ele>1196.0</ele></trkpt>
<trkpt lat="45.209740" lon="6.055670"><ele>1196.0</ele></trkpt>
<trkpt lat="45.209740" lon="6.055700"><ele>1196.0</ele></trkpt>
<trkpt lat="45.209740" lon="6.055800"><ele>1196.0</ele></trkpt>
<trkpt lat="45.209740" lon="6.055880"><ele>1196.0</ele></trkpt>
<trkpt lat="45.209750" lon="6.055950"><ele>1196.0</ele></trkpt>
<trkpt lat="45.209750" lon="6.055960"><ele>1196.0</ele></trkpt>
<trkpt lat="45.209760" lon="6.056030"><ele>1197.0</ele></trkpt>
<trkpt lat="45.209790" lon="6.056240"><ele>1197.0</ele></trkpt>
<trkpt lat="45.209860" lon="6.056600"><ele>1198.0</ele></trkpt>
<trkpt lat="45.209880" lon="6.056700"><ele>1199.0</ele></trkpt>
<trkpt lat="45.209900" lon="6.056820"><ele>1200.0</ele></trkpt>
<trkpt lat="45.209930" lon="6.056940"><ele>1201.0</ele></trkpt>
<trkpt lat="45.209930" lon="6.056950"><ele>1201.0</ele></trkpt>
<trkpt lat="45.209950" lon="6.057000"><ele>1202.0</ele></trkpt>
<trkpt lat="45.209970" lon="6.057080"><ele>1202.0</ele></trkpt>
<trkpt lat="45.209990" lon="6.057130"><ele>1203.0</ele></trkpt>
<trkpt lat="45.210000" lon="6.057170"><ele>1203.0</ele></trkpt>
<trkpt lat="45.210020" lon="6.057220"><ele>1204.0</ele></trkpt>
<trkpt lat="45.210040" lon="6.057260"><ele>1204.0</ele></trkpt>
<trkpt lat="45.210060" lon="6.057280"><ele>1204.0</ele></trkpt>
<trkpt lat="45.210070" lon="6.057290"><ele>1204.0</ele></trkpt>
<trkpt lat="45.210090" lon="6.057300"><ele>1205.0</ele></trkpt>
<trkpt lat="45.210110" lon="6.057310"><ele>1205.0</ele></trkpt>
<trkpt lat="45.210120" lon="6.057310"><ele>1205.0</ele></trkpt>
<trkpt lat="45.210140" lon="6.057300"><ele>1205.0</ele></trkpt>
<trkpt lat="45.210150" lon="6.057290"><ele>1205.0</ele></trkpt>
<trkpt lat="45.210160" lon="6.057270"><ele>1205.0</ele></trkpt>
<trkpt lat="45.210170" lon="6.057250"><ele>1206.0</ele></trkpt>
<trkpt lat="45.210180" lon="6.057230"><ele>1206.0</ele></trkpt>
<trkpt lat="45.210180" lon="6.057210"><ele>1206.0</ele></trkpt>
<trkpt lat="45.210180" lon="6.057190"><ele>1206.0</ele></trkpt>
<trkpt lat="45.210180" lon="6.057160"><ele>1206.0</ele></trkpt>
<trkpt lat="45.210180" lon="6.057130"><ele>1206.0</ele></trkpt>
<trkpt lat="45.210170" lon="6.057080"><ele>1207.0</ele></trkpt>
<trkpt lat="45.210170" lon="6.057070"><ele>1207.0</ele></trkpt>
<trkpt lat="45.210170" lon="6.057020"><ele>1207.0</ele></trkpt>
<trkpt lat="45.210170" lon="6.056940"><ele>1207.0</ele></trkpt>
<trkpt lat="45.210180" lon="6.056860"><ele>1208.0</ele></trkpt>
<trkpt lat="45.210180" lon="6.056820"><ele>1208.0</ele></trkpt>
<trkpt lat="45.210180" lon="6.056810"><ele>1208.0</ele></trkpt>
<trkpt lat="45.210190" lon="6.056760"><ele>1208.0</ele></trkpt>
<trkpt lat="45.210200" lon="6.056680"><ele>1209.0</ele></trkpt>
<trkpt lat="45.210210" lon="6.056610"><ele>1209.0</ele></trkpt>
<trkpt lat="45.210220" lon="6.056560"><ele>1209.0</ele></trkpt>
<trkpt lat="45.210220" lon="6.056540"><ele>1210.0</ele></trkpt>
<trkpt lat="45.210270" lon="6.056320"><ele>1210.0</ele></trkpt>
<trkpt lat="45.210300" lon="6.056200"><ele>1211.0</ele></trkpt>
<trkpt lat="45.210330" lon="6.056080"><ele>1212.0</ele></trkpt>
<trkpt lat="45.210330" lon="6.056070"><ele>1213.0</ele></trkpt>
<trkpt lat="45.210350" lon="6.055960"><ele>1214.0</ele></trkpt>
<trkpt lat="45.210370" lon="6.055860"><ele>1215.0</ele></trkpt>
<trkpt lat="45.210380" lon="6.055830"><ele>1216.0</ele></trkpt>
<trkpt lat="45.210390" lon="6.055730"><ele>1216.0</ele></trkpt>
<trkpt lat="45.210400" lon="6.055660"><ele>1217.0</ele></trkpt>
<trkpt lat="45.210410" lon="6.055620"><ele>1218.0</ele></trkpt>
<trkpt lat="45.210410" lon="6.055580"><ele>1219.0</ele></trkpt>
<trkpt lat="45.210420" lon="6.055580"><ele>1219.0</ele></trkpt>
<trkpt lat="45.210430" lon="6.055540"><ele>1220.0</ele></trkpt>
<trkpt lat="45.210440" lon="6.055510"><ele>1220.0</ele></trkpt>
<trkpt lat="45.210440" lon="6.055500"><ele>1220.0</ele></trkpt>
<trkpt lat="45.210450" lon="6.055490"><ele>1221.0</ele></trkpt>
<trkpt lat="45.210460" lon="6.055480"><ele>1221.0</ele></trkpt>
<trkpt lat="45.210470" lon="6.055480"><ele>1221.0</ele></trkpt>
<trkpt lat="45.210480" lon="6.055470"><ele>1221.0</ele></trkpt>
<trkpt lat="45.210490" lon="6.055480"><ele>1222.0</ele></trkpt>
<trkpt lat="45.210510" lon="6.055490"><ele>1222.0</ele></trkpt>
<trkpt lat="45.210520" lon="6.055500"><ele>1222.0</ele></trkpt>
<trkpt lat="45.210530" lon="6.055520"><ele>1222.0</ele></trkpt>
<trkpt lat="45.210530" lon="6.055530"><ele>1222.0</ele></trkpt>
<trkpt lat="45.210540" lon="6.055550"><ele>1223.0</ele></trkpt>
<trkpt lat="45.210550" lon="6.055580"><ele>1223.0</ele></trkpt>
<trkpt lat="45.210550" lon="6.055610"><ele>1223.0</ele></trkpt>
<trkpt lat="45.210550" lon="6.055630"><ele>1223.0</ele></trkpt>
<trkpt lat="45.210560" lon="6.055700"><ele>1224.0</ele></trkpt>
<trkpt lat="45.210560" lon="6.055790"><ele>1225.0</ele></trkpt>
<trkpt lat="45.210560" lon="6.055880"><ele>1225.0</ele></trkpt>
<trkpt lat="45.210580" lon="6.056040"><ele>1226.0</ele></trkpt>
<trkpt lat="45.210580" lon="6.056070"><ele>1227.0</ele></trkpt>
<trkpt lat="45.210590" lon="6.056150"><ele>1228.0</ele></trkpt>
<trkpt lat="45.210620" lon="6.056290"><ele>1229.0</ele></trkpt>
<trkpt lat="45.210640" lon="6.056420"><ele>1230.0</ele></trkpt>
<trkpt lat="45.210660" lon="6.056520"><ele>1232.0</ele></trkpt>
<trkpt lat="45.210660" lon="6.056540"><ele>1232.0</ele></trkpt>
<trkpt lat="45.210670" lon="6.056610"><ele>1233.0</ele></trkpt>
<trkpt lat="45.210680" lon="6.056670"><ele>1234.0</ele></trkpt>
<trkpt lat="45.210680" lon="6.056720"><ele>1235.0</ele></trkpt>
<trkpt lat="45.210690" lon="6.056780"><ele>1235.0</ele></trkpt>
<trkpt lat="45.210690" lon="6.056790"><ele>1236.0</ele></trkpt>
<trkpt lat="45.210700" lon="6.056840"><ele>1237.0</ele></trkpt>
<trkpt lat="45.210710" lon="6.056880"><ele>1237.0</ele></trkpt>
<trkpt lat="45.210720" lon="6.056900"><ele>1237.0</ele></trkpt>
<trkpt lat="45.210730" lon="6.056910"><ele>1238.0</ele></trkpt>
<trkpt lat="45.210740" lon="6.056920"><ele>1238.0</ele></trkpt>
<trkpt lat="45.210750" lon="6.056930"><ele>1238.0</ele></trkpt>
<trkpt lat="45.210770" lon="6.056930"><ele>1239.0</ele></trkpt>
<trkpt lat="45.210790" lon="6.056920"><ele>1239.0</ele></trkpt>
<trkpt lat="45.210800" lon="6.056920"><ele>1239.0</ele></trkpt>
<trkpt lat="45.210810" lon="6.056910"><ele>1239.0</ele></trkpt>
<trkpt lat="45.210820" lon="6.056900"><ele>1239.0</ele></trkpt>
<trkpt lat="45.210830" lon="6.056870"><ele>1239.0</ele></trkpt>
<trkpt lat="45.210830" lon="6.056840"><ele>1239.0</ele></trkpt>
<trkpt lat="45.210840" lon="6.056820"><ele>1239.0</ele></trkpt>
<trkpt lat="45.210840" lon="6.056800"><ele>1239.0</ele></trkpt>
<trkpt lat="45.210830" lon="6.056690"><ele>1239.0</ele></trkpt>
<trkpt lat="45.210830" lon="6.056670"><ele>1239.0</ele></trkpt>
<trkpt lat="45.210830" lon="6.056450"><ele>1239.0</ele></trkpt>
<trkpt lat="45.210830" lon="6.056410"><ele>1238.0</ele></trkpt>
<trkpt lat="45.210830" lon="6.056300"><ele>1238.0</ele></trkpt>
<trkpt lat="45.210830" lon="6.056200"><ele>1238.0</ele></trkpt>
<trkpt lat="45.210840" lon="6.056160"><ele>1238.0</ele></trkpt>
<trkpt lat="45.210840" lon="6.056130"><ele>1238.0</ele></trkpt>
<trkpt lat="45.210860" lon="6.055920"><ele>1237.0</ele></trkpt>
<trkpt lat="45.210860" lon="6.055900"><ele>1237.0</ele></trkpt>
<trkpt lat="45.210880" lon="6.055720"><ele>1237.0</ele></trkpt>
<trkpt lat="45.210880" lon="6.055650"><ele>1236.0</ele></trkpt>
<trkpt lat="45.210890" lon="6.055400"><ele>1236.0</ele></trkpt>
<trkpt lat="45.210840" lon="6.055240"><ele>1236.0</ele></trkpt>
<trkpt lat="45.210820" lon="6.055160"><ele>1235.0</ele></trkpt>
<trkpt lat="45.210810" lon="6.055070"><ele>1235.0</ele></trkpt>
<trkpt lat="45.210810" lon="6.055040"><ele>1235.0</ele></trkpt>
<trkpt lat="45.210810" lon="6.054920"><ele>1234.0</ele></trkpt>
<trkpt lat="45.210810" lon="6.054910"><ele>1234.0</ele></trkpt>
<trkpt lat="45.210820" lon="6.054780"><ele>1234.0</ele></trkpt>
<trkpt lat="45.210820" lon="6.054710"><ele>1234.0</ele></trkpt>
<trkpt lat="45.210830" lon="6.054650"><ele>1234.0</ele></trkpt>
<trkpt lat="45.210830" lon="6.054530"><ele>1233.0</ele></trkpt>
<trkpt lat="45.210840" lon="6.054400"><ele>1233.0</ele></trkpt>
<trkpt lat="45.210860" lon="6.054150"><ele>1233.0</ele></trkpt>
<trkpt lat="45.210860" lon="6.054140"><ele>1233.0</ele></trkpt>
<trkpt lat="45.210880" lon="6.053890"><ele>1233.0</ele></trkpt>
<trkpt lat="45.210900" lon="6.053640"><ele>1233.0</ele></trkpt>
<trkpt lat="45.210910" lon="6.053440"><ele>1234.0</ele></trkpt>
<trkpt lat="45.210920" lon="6.053260"><ele>1234.0</ele></trkpt>
<trkpt lat="45.210930" lon="6.053130"><ele>1234.0</ele></trkpt>
<trkpt lat="45.210930" lon="6.053070"><ele>1235.0</ele></trkpt>
<trkpt lat="45.210930" lon="6.053000"><ele>1235.0</ele></trkpt>
<trkpt lat="45.210930" lon="6.052870"><ele>1235.0</ele></trkpt>
<trkpt lat="45.210930" lon="6.052790"><ele>1235.0</ele></trkpt>
<trkpt lat="45.210930" lon="6.052750"><ele>1235.0</ele></trkpt>
<trkpt lat="45.210930" lon="6.052670"><ele>1236.0</ele></trkpt>
<trkpt lat="45.210930" lon="6.052620"><ele>1236.0</ele></trkpt>
<trkpt lat="45.210920" lon="6.052520"><ele>1236.0</ele></trkpt>
<trkpt lat="45.210910" lon="6.052500"><ele>1236.0</ele></trkpt>
<trkpt lat="45.210890" lon="6.052370"><ele>1236.0</ele></trkpt>
<trkpt lat="45.210870" lon="6.052250"><ele>1236.0</ele></trkpt>
<trkpt lat="45.210860" lon="6.052200"><ele>1237.0</ele></trkpt>
<trkpt lat="45.210850" lon="6.052120"><ele>1237.0</ele></trkpt>
<trkpt lat="45.210830" lon="6.052000"><ele>1237.0</ele></trkpt>
<trkpt lat="45.210810" lon="6.051870"><ele>1237.0</ele></trkpt>
<trkpt lat="45.210800" lon="6.051820"><ele>1237.0</ele></trkpt>
<trkpt lat="45.210790" lon="6.051750"><ele>1238.0</ele></trkpt>
<trkpt lat="45.210780" lon="6.051620"><ele>1238.0</ele></trkpt>
<trkpt lat="45.210760" lon="6.051500"><ele>1239.0</ele></trkpt>
<trkpt lat="45.210760" lon="6.051480"><ele>1240.0</ele></trkpt>
<trkpt lat="45.210760" lon="6.051360"><ele>1240.0</ele></trkpt>
<trkpt lat="45.210760" lon="6.051280"><ele>1241.0</ele></trkpt>
<trkpt lat="45.210760" lon="6.051240"><ele>1242.0</ele></trkpt>
<trkpt lat="45.210760" lon="6.051230"><ele>1242.0</ele></trkpt>
<trkpt lat="45.210770" lon="6.051170"><ele>1243.0</ele></trkpt>
<trkpt lat="45.210780" lon="6.051120"><ele>1243.0</ele></trkpt>
<trkpt lat="45.210790" lon="6.051110"><ele>1243.0</ele></trkpt>
<trkpt lat="45.210800" lon="6.051080"><ele>1244.0</ele></trkpt>
<trkpt lat="45.210820" lon="6.051040"><ele>1244.0</ele></trkpt>
<trkpt lat="45.210870" lon="6.050970"><ele>1245.0</ele></trkpt>
<trkpt lat="45.211030" lon="6.050820"><ele>1246.0</ele></trkpt>
<trkpt lat="45.211050" lon="6.050780"><ele>1247.0</ele></trkpt>
<trkpt lat="45.211090" lon="6.050730"><ele>1247.0</ele></trkpt>
<trkpt lat="45.211110" lon="6.050690"><ele>1248.0</ele></trkpt>
<trkpt lat="45.211110" lon="6.050670"><ele>1249.0</ele></trkpt>
<trkpt lat="45.211140" lon="6.050620"><ele>1249.0</ele></trkpt>
<trkpt lat="45.211150" lon="6.050570"><ele>1250.0</ele></trkpt>
<trkpt lat="45.211160" lon="6.050560"><ele>1250.0</ele></trkpt>
<trkpt lat="45.211170" lon="6.050520"><ele>1250.0</ele></trkpt>
<trkpt lat="45.211170" lon="6.050450"><ele>1251.0</ele></trkpt>
<trkpt lat="45.211170" lon="6.050400"><ele>1251.0</ele></trkpt>
<trkpt lat="45.211170" lon="6.050350"><ele>1252.0</ele></trkpt>
<trkpt lat="45.211160" lon="6.050320"><ele>1252.0</ele></trkpt>
<trkpt lat="45.211150" lon="6.050250"><ele>1253.0</ele></trkpt>
<trkpt lat="45.211140" lon="6.050220"><ele>1253.0</ele></trkpt>
<trkpt lat="45.211140" lon="6.050210"><ele>1253.0</ele></trkpt>
<trkpt lat="45.211130" lon="6.050170"><ele>1254.0</ele></trkpt>
<trkpt lat="45.211090" lon="6.050090"><ele>1254.0</ele></trkpt>
<trkpt lat="45.211080" lon="6.050070"><ele>1255.0</ele></trkpt>
<trkpt lat="45.210920" lon="6.049860"><ele>1256.0</ele></trkpt>
<trkpt lat="45.210830" lon="6.049740"><ele>1257.0</ele></trkpt>
<trkpt lat="45.210810" lon="6.049700"><ele>1258.0</ele></trkpt>
<trkpt lat="45.210790" lon="6.049660"><ele>1259.0</ele></trkpt>
<trkpt lat="45.210760" lon="6.049600"><ele>1260.0</ele></trkpt>
<trkpt lat="45.210740" lon="6.049540"><ele>1261.0</ele></trkpt>
<trkpt lat="45.210740" lon="6.049520"><ele>1261.0</ele></trkpt>
<trkpt lat="45.210740" lon="6.049500"><ele>1262.0</ele></trkpt>
<trkpt lat="45.210730" lon="6.049470"><ele>1262.0</ele></trkpt>
<trkpt lat="45.210730" lon="6.049420"><ele>1263.0</ele></trkpt>
<trkpt lat="45.210730" lon="6.049390"><ele>1263.0</ele></trkpt>
<trkpt lat="45.210730" lon="6.049330"><ele>1264.0</ele></trkpt>
<trkpt lat="45.210740" lon="6.049270"><ele>1264.0</ele></trkpt>
<trkpt lat="45.210780" lon="6.048920"><ele>1266.0</ele></trkpt>
<trkpt lat="45.210810" lon="6.048640"><ele>1268.0</ele></trkpt>
<trkpt lat="45.210810" lon="6.048620"><ele>1270.0</ele></trkpt>
<trkpt lat="45.210830" lon="6.048530"><ele>1271.0</ele></trkpt>
<trkpt lat="45.210830" lon="6.048510"><ele>1273.0</ele></trkpt>
<trkpt lat="45.210850" lon="6.048410"><ele>1274.0</ele></trkpt>
<trkpt lat="45.210870" lon="6.048370"><ele>1275.0</ele></trkpt>
<trkpt lat="45.210880" lon="6.048340"><ele>1275.0</ele></trkpt>
<trkpt lat="45.210900" lon="6.048310"><ele>1276.0</ele></trkpt>
<trkpt lat="45.210930" lon="6.048260"><ele>1277.0</ele></trkpt>
<trkpt lat="45.210960" lon="6.048230"><ele>1277.0</ele></trkpt>
<trkpt lat="45.210980" lon="6.048210"><ele>1278.0</ele></trkpt>
<trkpt lat="45.211060" lon="6.048140"><ele>1279.0</ele></trkpt>
<trkpt lat="45.211110" lon="6.048090"><ele>1280.0</ele></trkpt>
<trkpt lat="45.211130" lon="6.048070"><ele>1281.0</ele></trkpt>
<trkpt lat="45.211130" lon="6.048060"><ele>1281.0</ele></trkpt>
<trkpt lat="45.211190" lon="6.047980"><ele>1282.0</ele></trkpt>
<trkpt lat="45.211190" lon="6.047970"><ele>1282.0</ele></trkpt>
<trkpt lat="45.211220" lon="6.047930"><ele>1283.0</ele></trkpt>
<trkpt lat="45.211240" lon="6.047890"><ele>1284.0</ele></trkpt>
<trkpt lat="45.211240" lon="6.047870"><ele>1284.0</ele></trkpt>
<trkpt lat="45.211250" lon="6.047840"><ele>1285.0</ele></trkpt>
<trkpt lat="45.211260" lon="6.047810"><ele>1285.0</ele></trkpt>
<trkpt lat="45.211260" lon="6.047760"><ele>1286.0</ele></trkpt>
<trkpt lat="45.211260" lon="6.047720"><ele>1286.0</ele></trkpt>
<trkpt lat="45.211260" lon="6.047670"><ele>1287.0</ele></trkpt>
<trkpt lat="45.211250" lon="6.047620"><ele>1287.0</ele></trkpt>
<trkpt lat="45.211230" lon="6.047570"><ele>1288.0</ele></trkpt>
<trkpt lat="45.211200" lon="6.047540"><ele>1288.0</ele></trkpt>
<trkpt lat="45.211190" lon="6.047520"><ele>1289.0</ele></trkpt>
<trkpt lat="45.211180" lon="6.047500"><ele>1289.0</ele></trkpt>
<trkpt lat="45.211120" lon="6.047460"><ele>1289.0</ele></trkpt>
<trkpt lat="45.211030" lon="6.047400"><ele>1288.0</ele></trkpt>
<trkpt lat="45.211020" lon="6.047390"><ele>1288.0</ele></trkpt>
<trkpt lat="45.210870" lon="6.047290"><ele>1287.0</ele></trkpt>
<trkpt lat="45.210740" lon="6.047190"><ele>1286.0</ele></trkpt>
<trkpt lat="45.210710" lon="6.047170"><ele>1285.0</ele></trkpt>
<trkpt lat="45.210630" lon="6.047120"><ele>1284.0</ele></trkpt>
<trkpt lat="45.210550" lon="6.047090"><ele>1283.0</ele></trkpt>
<trkpt lat="45.210540" lon="6.047090"><ele>1282.0</ele></trkpt>
<trkpt lat="45.210460" lon="6.047070"><ele>1281.0</ele></trkpt>
<trkpt lat="45.210450" lon="6.047070"><ele>1281.0</ele></trkpt>
<trkpt lat="45.210370" lon="6.047030"><ele>1280.0</ele></trkpt>
<trkpt lat="45.210360" lon="6.047020"><ele>1280.0</ele></trkpt>
<trkpt lat="45.210290" lon="6.046970"><ele>1279.0</ele></trkpt>
<trkpt lat="45.210250" lon="6.046950"><ele>1279.0</ele></trkpt>
<trkpt lat="45.210220" lon="6.046900"><ele>1278.0</ele></trkpt>
<trkpt lat="45.210150" lon="6.046810"><ele>1277.0</ele></trkpt>
<trkpt lat="45.210090" lon="6.046720"><ele>1276.0</ele></trkpt>
<trkpt lat="45.210060" lon="6.046670"><ele>1276.0</ele></trkpt>
<trkpt lat="45.209960" lon="6.046600"><ele>1275.0</ele></trkpt>
<trkpt lat="45.209940" lon="6.046590"><ele>1274.0</ele></trkpt>
<trkpt lat="45.209890" lon="6.046580"><ele>1273.0</ele></trkpt>
<trkpt lat="45.209760" lon="6.046570"><ele>1272.0</ele></trkpt>
<trkpt lat="45.209700" lon="6.046560"><ele>1272.0</ele></trkpt>
<trkpt lat="45.209590" lon="6.046530"><ele>1271.0</ele></trkpt>
<trkpt lat="45.209580" lon="6.046520"><ele>1270.0</ele></trkpt>
<trkpt lat="45.209510" lon="6.046470"><ele>1269.0</ele></trkpt>
<trkpt lat="45.209470" lon="6.046390"><ele>1269.0</ele></trkpt>
<trkpt lat="45.209450" lon="6.046350"><ele>1269.0</ele></trkpt>
<trkpt lat="45.209430" lon="6.046290"><ele>1269.0</ele></trkpt>
<trkpt lat="45.209420" lon="6.046160"><ele>1269.0</ele></trkpt>
<trkpt lat="45.209420" lon="6.046110"><ele>1269.0</ele></trkpt>
<trkpt lat="45.209440" lon="6.045940"><ele>1269.0</ele></trkpt>
<trkpt lat="45.209460" lon="6.045730"><ele>1269.0</ele></trkpt>
<trkpt lat="45.209480" lon="6.045590"><ele>1269.0</ele></trkpt>
<trkpt lat="45.209480" lon="6.045480"><ele>1269.0</ele></trkpt>
<trkpt lat="45.209470" lon="6.045380"><ele>1269.0</ele></trkpt>
<trkpt lat="45.209450" lon="6.045350"><ele>1269.0</ele></trkpt>
<trkpt lat="45.209440" lon="6.045300"><ele>1269.0</ele></trkpt>
<trkpt lat="45.209370" lon="6.045230"><ele>1270.0</ele></trkpt>
<trkpt lat="45.209310" lon="6.045220"><ele>1270.0</ele></trkpt>
<trkpt lat="45.209290" lon="6.045210"><ele>1270.0</ele></trkpt>
<trkpt lat="45.209190" lon="6.045230"><ele>1270.0</ele></trkpt>
<trkpt lat="45.209140" lon="6.045270"><ele>1270.0</ele></trkpt>
<trkpt lat="45.209070" lon="6.045310"><ele>1270.0</ele></trkpt>
<trkpt lat="45.208970" lon="6.045360"><ele>1270.0</ele></trkpt>
<trkpt lat="45.208840" lon="6.045440"><ele>1270.0</ele></trkpt>
<trkpt lat="45.208810" lon="6.045450"><ele>1270.0</ele></trkpt>
<trkpt lat="45.208700" lon="6.045490"><ele>1270.0</ele></trkpt>
<trkpt lat="45.208630" lon="6.045490"><ele>1270.0</ele></trkpt>
<trkpt lat="45.208620" lon="6.045490"><ele>1270.0</ele></trkpt>
<trkpt lat="45.208560" lon="6.045470"><ele>1270.0</ele></trkpt>
<trkpt lat="45.208550" lon="6.045460"><ele>1270.0</ele></trkpt>
<trkpt lat="45.208500" lon="6.045410"><ele>1270.0</ele></trkpt>
<trkpt lat="45.208470" lon="6.045380"><ele>1270.0</ele></trkpt>
<trkpt lat="45.208420" lon="6.045320"><ele>1270.0</ele></trkpt>
<trkpt lat="45.208410" lon="6.045300"><ele>1270.0</ele></trkpt>
<trkpt lat="45.208350" lon="6.045190"><ele>1270.0</ele></trkpt>
<trkpt lat="45.208330" lon="6.045130"><ele>1270.0</ele></trkpt>
<trkpt lat="45.208250" lon="6.045010"><ele>1270.0</ele></trkpt>
<trkpt lat="45.208240" lon="6.044990"><ele>1270.0</ele></trkpt>
<trkpt lat="45.208190" lon="6.044910"><ele>1270.0</ele></trkpt>
<trkpt lat="45.208110" lon="6.044860"><ele>1270.0</ele></trkpt>
<trkpt lat="45.208090" lon="6.044850"><ele>1270.0</ele></trkpt>
<trkpt lat="45.208020" lon="6.044820"><ele>1270.0</ele></trkpt>
<trkpt lat="45.207920" lon="6.044810"><ele>1270.0</ele></trkpt>
<trkpt lat="45.207910" lon="6.044810"><ele>1270.0</ele></trkpt>
<trkpt lat="45.207830" lon="6.044810"><ele>1270.0</ele></trkpt>
<trkpt lat="45.207760" lon="6.044810"><ele>1269.0</ele></trkpt>
<trkpt lat="45.207740" lon="6.044800"><ele>1269.0</ele></trkpt>
<trkpt lat="45.207620" lon="6.044790"><ele>1269.0</ele></trkpt>
<trkpt lat="45.207560" lon="6.044780"><ele>1269.0</ele></trkpt>
<trkpt lat="45.207500" lon="6.044780"><ele>1269.0</ele></trkpt>
<trkpt lat="45.207470" lon="6.044770"><ele>1269.0</ele></trkpt>
<trkpt lat="45.207380" lon="6.044760"><ele>1269.0</ele></trkpt>
<trkpt lat="45.207360" lon="6.044750"><ele>1269.0</ele></trkpt>
<trkpt lat="45.207300" lon="6.044730"><ele>1269.0</ele></trkpt>
<trkpt lat="45.207220" lon="6.044690"><ele>1269.0</ele></trkpt>
<trkpt lat="45.207060" lon="6.044610"><ele>1269.0</ele></trkpt>
<trkpt lat="45.207040" lon="6.044600"><ele>1269.0</ele></trkpt>
<trkpt lat="45.206890" lon="6.044510"><ele>1269.0</ele></trkpt>
<trkpt lat="45.206870" lon="6.044500"><ele>1269.0</ele></trkpt>
<trkpt lat="45.206720" lon="6.044390"><ele>1269.0</ele></trkpt>
<trkpt lat="45.206710" lon="6.044380"><ele>1269.0</ele></trkpt>
<trkpt lat="45.206610" lon="6.044270"><ele>1269.0</ele></trkpt>
<trkpt lat="45.206380" lon="6.043980"><ele>1269.0</ele></trkpt>
<trkpt lat="45.206370" lon="6.043980"><ele>1269.0</ele></trkpt>
<trkpt lat="45.206290" lon="6.043900"><ele>1269.0</ele></trkpt>
<trkpt lat="45.206260" lon="6.043860"><ele>1269.0</ele></trkpt>
<trkpt lat="45.206220" lon="6.043830"><ele>1269.0</ele></trkpt>
<trkpt lat="45.206190" lon="6.043820"><ele>1269.0</ele></trkpt>
<trkpt lat="45.206130" lon="6.043790"><ele>1269.0</ele></trkpt>
<trkpt lat="45.206000" lon="6.043730"><ele>1269.0</ele></trkpt>
<trkpt lat="45.205960" lon="6.043710"><ele>1269.0</ele></trkpt>
<trkpt lat="45.205790" lon="6.043660"><ele>1269.0</ele></trkpt>
<trkpt lat="45.205700" lon="6.043640"><ele>1269.0</ele></trkpt>
<trkpt lat="45.205670" lon="6.043630"><ele>1269.0</ele></trkpt>
<trkpt lat="45.205610" lon="6.043600"><ele>1269.0</ele></trkpt>
<trkpt lat="45.205420" lon="6.043530"><ele>1269.0</ele></trkpt>
<trkpt lat="45.205350" lon="6.043480"><ele>1269.0</ele></trkpt>
<trkpt lat="45.205230" lon="6.043380"><ele>1269.0</ele></trkpt>
<trkpt lat="45.205160" lon="6.043320"><ele>1269.0</ele></trkpt>
<trkpt lat="45.205030" lon="6.043120"><ele>1269.0</ele></trkpt>
<trkpt lat="45.205000" lon="6.043050"><ele>1269.0</ele></trkpt>
<trkpt lat="45.204900" lon="6.042760"><ele>1269.0</ele></trkpt>
<trkpt lat="45.204780" lon="6.042450"><ele>1269.0</ele></trkpt>
<trkpt lat="45.204740" lon="6.042340"><ele>1269.0</ele></trkpt>
<trkpt lat="45.204700" lon="6.042220"><ele>1268.0</ele></trkpt>
<trkpt lat="45.204600" lon="6.041970"><ele>1268.0</ele></trkpt>
<trkpt lat="45.204570" lon="6.041890"><ele>1268.0</ele></trkpt>
<trkpt lat="45.204490" lon="6.041780"><ele>1268.0</ele></trkpt>
<trkpt lat="45.204390" lon="6.041650"><ele>1268.0</ele></trkpt>
<trkpt lat="45.204300" lon="6.041550"><ele>1268.0</ele></trkpt>
<trkpt lat="45.204120" lon="6.041370"><ele>1268.0</ele></trkpt>
<trkpt lat="45.204080" lon="6.041330"><ele>1267.0</ele></trkpt>
<trkpt lat="45.203940" lon="6.041180"><ele>1267.0</ele></trkpt>
<trkpt lat="45.203780" lon="6.041020"><ele>1267.0</ele></trkpt>
<trkpt lat="45.203660" lon="6.040890"><ele>1267.0</ele></trkpt>
<trkpt lat="45.203590" lon="6.040810"><ele>1267.0</ele></trkpt>
<trkpt lat="45.203460" lon="6.040670"><ele>1267.0</ele></trkpt>
<trkpt lat="45.203440" lon="6.040650"><ele>1267.0</ele></trkpt>
<trkpt lat="45.203380" lon="6.040560"><ele>1266.0</ele></trkpt>
<trkpt lat="45.203360" lon="6.040530"><ele>1266.0</ele></trkpt>
<trkpt lat="45.203340" lon="6.040490"><ele>1266.0</ele></trkpt>
<trkpt lat="45.203290" lon="6.040410"><ele>1266.0</ele></trkpt>
<trkpt lat="45.203210" lon="6.040310"><ele>1266.0</ele></trkpt>
<trkpt lat="45.203120" lon="6.040250"><ele>1266.0</ele></trkpt>
<trkpt lat="45.203070" lon="6.040230"><ele>1266.0</ele></trkpt>
<trkpt lat="45.203020" lon="6.040220"><ele>1266.0</ele></trkpt>
<trkpt lat="45.202930" lon="6.040210"><ele>1266.0</ele></trkpt>
<trkpt lat="45.202790" lon="6.040230"><ele>1266.0</ele></trkpt>
<trkpt lat="45.202620" lon="6.040300"><ele>1265.0</ele></trkpt>
<trkpt lat="45.202520" lon="6.040320"><ele>1265.0</ele></trkpt>
<trkpt lat="45.202450" lon="6.040310"><ele>1265.0</ele></trkpt>
<trkpt lat="45.202410" lon="6.040300"><ele>1264.0</ele></trkpt>
<trkpt lat="45.202390" lon="6.040300"><ele>1264.0</ele></trkpt>
<trkpt lat="45.202360" lon="6.040290"><ele>1264.0</ele></trkpt>
<trkpt lat="45.202270" lon="6.040220"><ele>1264.0</ele></trkpt>
<trkpt lat="45.202250" lon="6.040200"><ele>1263.0</ele></trkpt>
<trkpt lat="45.202090" lon="6.040070"><ele>1263.0</ele></trkpt>
<trkpt lat="45.202090" lon="6.040060"><ele>1263.0</ele></trkpt>
<trkpt lat="45.201980" lon="6.039930"><ele>1262.0</ele></trkpt>
<trkpt lat="45.201950" lon="6.039900"><ele>1262.0</ele></trkpt>
<trkpt lat="45.201850" lon="6.039780"><ele>1262.0</ele></trkpt>
<trkpt lat="45.201720" lon="6.039630"><ele>1261.0</ele></trkpt>
<trkpt lat="45.201650" lon="6.039570"><ele>1261.0</ele></trkpt>
<trkpt lat="45.201570" lon="6.039530"><ele>1260.0</ele></trkpt>
<trkpt lat="45.201500" lon="6.039510"><ele>1260.0</ele></trkpt>
<trkpt lat="45.201460" lon="6.039500"><ele>1260.0</ele></trkpt>
<trkpt lat="45.201280" lon="6.039500"><ele>1259.0</ele></trkpt>
<trkpt lat="45.201120" lon="6.039490"><ele>1259.0</ele></trkpt>
<trkpt lat="45.200980" lon="6.039480"><ele>1258.0</ele></trkpt>
<trkpt lat="45.200870" lon="6.039450"><ele>1257.0</ele></trkpt>
<trkpt lat="45.200740" lon="6.039390"><ele>1257.0</ele></trkpt>
<trkpt lat="45.200710" lon="6.039380"><ele>1257.0</ele></trkpt>
<trkpt lat="45.200500" lon="6.039280"><ele>1256.0</ele></trkpt>
<trkpt lat="45.200290" lon="6.039200"><ele>1255.0</ele></trkpt>
<trkpt lat="45.200220" lon="6.039170"><ele>1255.0</ele></trkpt>
<trkpt lat="45.200110" lon="6.039140"><ele>1254.0</ele></trkpt>
<trkpt lat="45.200040" lon="6.039130"><ele>1254.0</ele></trkpt>
<trkpt lat="45.199900" lon="6.039100"><ele>1253.0</ele></trkpt>
<trkpt lat="45.199700" lon="6.039080"><ele>1252.0</ele></trkpt>
<trkpt lat="45.199680" lon="6.039080"><ele>1252.0</ele></trkpt>
<trkpt lat="45.199570" lon="6.039110"><ele>1252.0</ele></trkpt>
<trkpt lat="45.199510" lon="6.039130"><ele>1251.0</ele></trkpt>
<trkpt lat="45.199440" lon="6.039160"><ele>1251.0</ele></trkpt>
<trkpt lat="45.199330" lon="6.039200"><ele>1250.0</ele></trkpt>
<trkpt lat="45.199310" lon="6.039210"><ele>1250.0</ele></trkpt>
<trkpt lat="45.199210" lon="6.039220"><ele>1250.0</ele></trkpt>
<trkpt lat="45.199160" lon="6.039230"><ele>1249.0</ele></trkpt>
<trkpt lat="45.199100" lon="6.039240"><ele>1249.0</ele></trkpt>
<trkpt lat="45.199060" lon="6.039250"><ele>1249.0</ele></trkpt>
<trkpt lat="45.199040" lon="6.039260"><ele>1249.0</ele></trkpt>
<trkpt lat="45.198980" lon="6.039280"><ele>1248.0</ele></trkpt>
<trkpt lat="45.198880" lon="6.039340"><ele>1248.0</ele></trkpt>
<trkpt lat="45.198870" lon="6.039340"><ele>1248.0</ele></trkpt>
<trkpt lat="45.198810" lon="6.039370"><ele>1247.0</ele></trkpt>
<trkpt lat="45.198740" lon="6.039360"><ele>1247.0</ele></trkpt>
<trkpt lat="45.198640" lon="6.039340"><ele>1247.0</ele></trkpt>
<trkpt lat="45.198450" lon="6.039260"><ele>1246.0</ele></trkpt>
<trkpt lat="45.198350" lon="6.039220"><ele>1246.0</ele></trkpt>
<trkpt lat="45.198240" lon="6.039170"><ele>1245.0</ele></trkpt>
<trkpt lat="45.198170" lon="6.039150"><ele>1245.0</ele></trkpt>
<trkpt lat="45.198040" lon="6.039120"><ele>1244.0</ele></trkpt>
<trkpt lat="45.198000" lon="6.039110"><ele>1244.0</ele></trkpt>
<trkpt lat="45.197850" lon="6.039080"><ele>1243.0</ele></trkpt>
<trkpt lat="45.197820" lon="6.039070"><ele>1243.0</ele></trkpt>
<trkpt lat="45.197680" lon="6.039020"><ele>1242.0</ele></trkpt>
<trkpt lat="45.197640" lon="6.039000"><ele>1242.0</ele></trkpt>
<trkpt lat="45.197510" lon="6.038950"><ele>1241.0</ele></trkpt>
<trkpt lat="45.197470" lon="6.038940"><ele>1241.0</ele></trkpt>
<trkpt lat="45.197370" lon="6.038920"><ele>1240.0</ele></trkpt>
<trkpt lat="45.197150" lon="6.038900"><ele>1239.0</ele></trkpt>
<trkpt lat="45.196870" lon="6.038850"><ele>1238.0</ele></trkpt>
<trkpt lat="45.196750" lon="6.038840"><ele>1236.0</ele></trkpt>
<trkpt lat="45.196580" lon="6.038810"><ele>1234.0</ele></trkpt>
<trkpt lat="45.196530" lon="6.038800"><ele>1233.0</ele></trkpt>
<trkpt lat="45.196400" lon="6.038780"><ele>1232.0</ele></trkpt>
<trkpt lat="45.196230" lon="6.038750"><ele>1231.0</ele></trkpt>
<trkpt lat="45.196220" lon="6.038750"><ele>1230.0</ele></trkpt>
<trkpt lat="45.196110" lon="6.038720"><ele>1229.0</ele></trkpt>
<trkpt lat="45.196050" lon="6.038680"><ele>1228.0</ele></trkpt>
<trkpt lat="45.196040" lon="6.038680"><ele>1227.0</ele></trkpt>
<trkpt lat="45.195910" lon="6.038580"><ele>1226.0</ele></trkpt>
<trkpt lat="45.195730" lon="6.038430"><ele>1225.0</ele></trkpt>
<trkpt lat="45.195710" lon="6.038410"><ele>1224.0</ele></trkpt>
<trkpt lat="45.195580" lon="6.038310"><ele>1222.0</ele></trkpt>
<trkpt lat="45.195480" lon="6.038230"><ele>1220.0</ele></trkpt>
<trkpt lat="45.195420" lon="6.038180"><ele>1218.0</ele></trkpt>
<trkpt lat="45.195300" lon="6.038090"><ele>1216.0</ele></trkpt>
<trkpt lat="45.195260" lon="6.038060"><ele>1214.0</ele></trkpt>
<trkpt lat="45.195190" lon="6.038020"><ele>1212.0</ele></trkpt>
<trkpt lat="45.195090" lon="6.037990"><ele>1210.0</ele></trkpt>
<trkpt lat="45.195070" lon="6.037990"><ele>1209.0</ele></trkpt>
<trkpt lat="45.194930" lon="6.037980"><ele>1207.0</ele></trkpt>
<trkpt lat="45.194910" lon="6.037970"><ele>1205.0</ele></trkpt>
<trkpt lat="45.194730" lon="6.037930"><ele>1203.0</ele></trkpt>
<trkpt lat="45.194520" lon="6.037880"><ele>1200.0</ele></trkpt>
<trkpt lat="45.194380" lon="6.037820"><ele>1196.0</ele></trkpt>
<trkpt lat="45.194320" lon="6.037790"><ele>1194.0</ele></trkpt>
<trkpt lat="45.194210" lon="6.037730"><ele>1191.0</ele></trkpt>
<trkpt lat="45.194110" lon="6.037680"><ele>1188.0</ele></trkpt>
<trkpt lat="45.194040" lon="6.037640"><ele>1186.0</ele></trkpt>
<trkpt lat="45.193880" lon="6.037540"><ele>1184.0</ele></trkpt>
<trkpt lat="45.193840" lon="6.037520"><ele>1183.0</ele></trkpt>
<trkpt lat="45.193720" lon="6.037430"><ele>1182.0</ele></trkpt>
<trkpt lat="45.193680" lon="6.037390"><ele>1182.0</ele></trkpt>
<trkpt lat="45.193520" lon="6.037250"><ele>1181.0</ele></trkpt>
<trkpt lat="45.193340" lon="6.037030"><ele>1180.0</ele></trkpt>
<trkpt lat="45.193180" lon="6.036850"><ele>1180.0</ele></trkpt>
<trkpt lat="45.193140" lon="6.036820"><ele>1179.0</ele></trkpt>
<trkpt lat="45.193010" lon="6.036700"><ele>1179.0</ele></trkpt>
<trkpt lat="45.192990" lon="6.036680"><ele>1179.0</ele></trkpt>
<trkpt lat="45.192880" lon="6.036610"><ele>1178.0</ele></trkpt>
<trkpt lat="45.192830" lon="6.036580"><ele>1178.0</ele></trkpt>
<trkpt lat="45.192740" lon="6.036530"><ele>1178.0</ele></trkpt>
<trkpt lat="45.192650" lon="6.036510"><ele>1178.0</ele></trkpt>
<trkpt lat="45.192570" lon="6.036490"><ele>1177.0</ele></trkpt>
<trkpt lat="45.192420" lon="6.036500"><ele>1177.0</ele></trkpt>
<trkpt lat="45.192290" lon="6.036490"><ele>1176.0</ele></trkpt>
<trkpt lat="45.192180" lon="6.036440"><ele>1176.0</ele></trkpt>
<trkpt lat="45.192130" lon="6.036410"><ele>1175.0</ele></trkpt>
<trkpt lat="45.192030" lon="6.036340"><ele>1174.0</ele></trkpt>
<trkpt lat="45.191970" lon="6.036290"><ele>1173.0</ele></trkpt>
<trkpt lat="45.191900" lon="6.036240"><ele>1172.0</ele></trkpt>
<trkpt lat="45.191800" lon="6.036190"><ele>1171.0</ele></trkpt>
<trkpt lat="45.191750" lon="6.036160"><ele>1170.0</ele></trkpt>
<trkpt lat="45.191590" lon="6.036120"><ele>1169.0</ele></trkpt>
<trkpt lat="45.191280" lon="6.036050"><ele>1167.0</ele></trkpt>
<trkpt lat="45.191040" lon="6.035970"><ele>1165.0</ele></trkpt>
<trkpt lat="45.190920" lon="6.035930"><ele>1163.0</ele></trkpt>
<trkpt lat="45.190750" lon="6.035870"><ele>1161.0</ele></trkpt>
<trkpt lat="45.190740" lon="6.035870"><ele>1159.0</ele></trkpt>
<trkpt lat="45.190370" lon="6.035740"><ele>1157.0</ele></trkpt>
<trkpt lat="45.190220" lon="6.035690"><ele>1155.0</ele></trkpt>
<trkpt lat="45.190130" lon="6.035650"><ele>1153.0</ele></trkpt>
<trkpt lat="45.190060" lon="6.035600"><ele>1151.0</ele></trkpt>
<trkpt lat="45.190010" lon="6.035560"><ele>1150.0</ele></trkpt>
<trkpt lat="45.189890" lon="6.035490"><ele>1149.0</ele></trkpt>
<trkpt lat="45.189870" lon="6.035470"><ele>1148.0</ele></trkpt>
<trkpt lat="45.189730" lon="6.035390"><ele>1146.0</ele></trkpt>
<trkpt lat="45.189710" lon="6.035380"><ele>1145.0</ele></trkpt>
<trkpt lat="45.189550" lon="6.035330"><ele>1144.0</ele></trkpt>
<trkpt lat="45.189520" lon="6.035310"><ele>1143.0</ele></trkpt>
<trkpt lat="45.189380" lon="6.035260"><ele>1142.0</ele></trkpt>
<trkpt lat="45.189250" lon="6.035220"><ele>1140.0</ele></trkpt>
<trkpt lat="45.189210" lon="6.035200"><ele>1139.0</ele></trkpt>
<trkpt lat="45.189030" lon="6.035120"><ele>1138.0</ele></trkpt>
<trkpt lat="45.188870" lon="6.035020"><ele>1136.0</ele></trkpt>
<trkpt lat="45.188810" lon="6.034990"><ele>1134.0</ele></trkpt>
<trkpt lat="45.188700" lon="6.034920"><ele>1133.0</ele></trkpt>
<trkpt lat="45.188610" lon="6.034860"><ele>1131.0</ele></trkpt>
<trkpt lat="45.188540" lon="6.034810"><ele>1130.0</ele></trkpt>
<trkpt lat="45.188380" lon="6.034700"><ele>1130.0</ele></trkpt>
<trkpt lat="45.188310" lon="6.034650"><ele>1129.0</ele></trkpt>
<trkpt lat="45.188220" lon="6.034580"><ele>1129.0</ele></trkpt>
<trkpt lat="45.188060" lon="6.034460"><ele>1129.0</ele></trkpt>
<trkpt lat="45.187990" lon="6.034400"><ele>1128.0</ele></trkpt>
<trkpt lat="45.187910" lon="6.034330"><ele>1128.0</ele></trkpt>
<trkpt lat="45.187750" lon="6.034200"><ele>1128.0</ele></trkpt>
<trkpt lat="45.187730" lon="6.034190"><ele>1128.0</ele></trkpt>
<trkpt lat="45.187590" lon="6.034080"><ele>1128.0</ele></trkpt>
<trkpt lat="45.187510" lon="6.034020"><ele>1128.0</ele></trkpt>
<trkpt lat="45.187440" lon="6.033960"><ele>1128.0</ele></trkpt>
<trkpt lat="45.187340" lon="6.033880"><ele>1128.0</ele></trkpt>
<trkpt lat="45.187250" lon="6.033820"><ele>1128.0</ele></trkpt>
<trkpt lat="45.187180" lon="6.033790"><ele>1128.0</ele></trkpt>
<trkpt lat="45.187110" lon="6.033770"><ele>1128.0</ele></trkpt>
<trkpt lat="45.187030" lon="6.033760"><ele>1128.0</ele></trkpt>
<trkpt lat="45.187010" lon="6.033760"><ele>1128.0</ele></trkpt>
<trkpt lat="45.186900" lon="6.033780"><ele>1128.0</ele></trkpt>
<trkpt lat="45.186830" lon="6.033810"><ele>1127.0</ele></trkpt>
<trkpt lat="45.186750" lon="6.033850"><ele>1127.0</ele></trkpt>
<trkpt lat="45.186660" lon="6.033890"><ele>1126.0</ele></trkpt>
<trkpt lat="45.186510" lon="6.033950"><ele>1125.0</ele></trkpt>
<trkpt lat="45.186490" lon="6.033960"><ele>1124.0</ele></trkpt>
<trkpt lat="45.186280" lon="6.034050"><ele>1122.0</ele></trkpt>
<trkpt lat="45.186150" lon="6.034120"><ele>1121.0</ele></trkpt>
<trkpt lat="45.186060" lon="6.034170"><ele>1119.0</ele></trkpt>
<trkpt lat="45.185980" lon="6.034230"><ele>1118.0</ele></trkpt>
<trkpt lat="45.185920" lon="6.034270"><ele>1117.0</ele></trkpt>
<trkpt lat="45.185820" lon="6.034330"><ele>1116.0</ele></trkpt>
<trkpt lat="45.185800" lon="6.034340"><ele>1115.0</ele></trkpt>
<trkpt lat="45.185650" lon="6.034410"><ele>1113.0</ele></trkpt>
<trkpt lat="45.185480" lon="6.034450"><ele>1112.0</ele></trkpt>
<trkpt lat="45.185470" lon="6.034450"><ele>1111.0</ele></trkpt>
<trkpt lat="45.185290" lon="6.034470"><ele>1109.0</ele></trkpt>
<trkpt lat="45.185260" lon="6.034470"><ele>1108.0</ele></trkpt>
<trkpt lat="45.185070" lon="6.034480"><ele>1107.0</ele></trkpt>
<trkpt lat="45.184850" lon="6.034530"><ele>1104.0</ele></trkpt>
<trkpt lat="45.184750" lon="6.034550"><ele>1103.0</ele></trkpt>
<trkpt lat="45.184500" lon="6.034600"><ele>1100.0</ele></trkpt>
<trkpt lat="45.184400" lon="6.034620"><ele>1098.0</ele></trkpt>
<trkpt lat="45.184220" lon="6.034660"><ele>1095.0</ele></trkpt>
<trkpt lat="45.184060" lon="6.034690"><ele>1093.0</ele></trkpt>
<trkpt lat="45.183860" lon="6.034730"><ele>1090.0</ele></trkpt>
<trkpt lat="45.183780" lon="6.034750"><ele>1088.0</ele></trkpt>
<trkpt lat="45.183690" lon="6.034770"><ele>1086.0</ele></trkpt>
<trkpt lat="45.183450" lon="6.034830"><ele>1084.0</ele></trkpt>
<trkpt lat="45.183330" lon="6.034850"><ele>1082.0</ele></trkpt>
<trkpt lat="45.183150" lon="6.034880"><ele>1079.0</ele></trkpt>
<trkpt lat="45.183110" lon="6.034890"><ele>1078.0</ele></trkpt>
<trkpt lat="45.182970" lon="6.034910"><ele>1076.0</ele></trkpt>
<trkpt lat="45.182940" lon="6.034920"><ele>1075.0</ele></trkpt>
<trkpt lat="45.182790" lon="6.034920"><ele>1075.0</ele></trkpt>
<trkpt lat="45.182770" lon="6.034920"><ele>1074.0</ele></trkpt>
<trkpt lat="45.182590" lon="6.034900"><ele>1073.0</ele></trkpt>
<trkpt lat="45.182430" lon="6.034900"><ele>1073.0</ele></trkpt>
<trkpt lat="45.182420" lon="6.034900"><ele>1072.0</ele></trkpt>
<trkpt lat="45.182250" lon="6.034920"><ele>1072.0</ele></trkpt>
<trkpt lat="45.182210" lon="6.034920"><ele>1071.0</ele></trkpt>
<trkpt lat="45.182080" lon="6.034950"><ele>1071.0</ele></trkpt>
<trkpt lat="45.181920" lon="6.034970"><ele>1070.0</ele></trkpt>
<trkpt lat="45.181900" lon="6.034980"><ele>1070.0</ele></trkpt>
<trkpt lat="45.181720" lon="6.035030"><ele>1069.0</ele></trkpt>
<trkpt lat="45.181710" lon="6.035030"><ele>1069.0</ele></trkpt>
<trkpt lat="45.181550" lon="6.035100"><ele>1068.0</ele></trkpt>
<trkpt lat="45.181390" lon="6.035170"><ele>1068.0</ele></trkpt>
<trkpt lat="45.181380" lon="6.035180"><ele>1067.0</ele></trkpt>
<trkpt lat="45.181210" lon="6.035250"><ele>1066.0</ele></trkpt>
<trkpt lat="45.181120" lon="6.035290"><ele>1065.0</ele></trkpt>
<trkpt lat="45.180790" lon="6.035430"><ele>1063.0</ele></trkpt>
<trkpt lat="45.180690" lon="6.035480"><ele>1062.0</ele></trkpt>
<trkpt lat="45.180520" lon="6.035560"><ele>1060.0</ele></trkpt>
<trkpt lat="45.180350" lon="6.035630"><ele>1058.0</ele></trkpt>
<trkpt lat="45.180100" lon="6.035740"><ele>1055.0</ele></trkpt>
<trkpt lat="45.180000" lon="6.035790"><ele>1054.0</ele></trkpt>
<trkpt lat="45.179930" lon="6.035820"><ele>1052.0</ele></trkpt>
<trkpt lat="45.179830" lon="6.035860"><ele>1050.0</ele></trkpt>
<trkpt lat="45.179800" lon="6.035880"><ele>1049.0</ele></trkpt>
<trkpt lat="45.179670" lon="6.035970"><ele>1048.0</ele></trkpt>
<trkpt lat="45.179660" lon="6.035980"><ele>1047.0</ele></trkpt>
<trkpt lat="45.179520" lon="6.036120"><ele>1045.0</ele></trkpt>
<trkpt lat="45.179510" lon="6.036140"><ele>1044.0</ele></trkpt>
<trkpt lat="45.179280" lon="6.036350"><ele>1041.0</ele></trkpt>
<trkpt lat="45.179220" lon="6.036390"><ele>1039.0</ele></trkpt>
<trkpt lat="45.179100" lon="6.036480"><ele>1036.0</ele></trkpt>
<trkpt lat="45.179060" lon="6.036500"><ele>1034.0</ele></trkpt>
<trkpt lat="45.178930" lon="6.036570"><ele>1032.0</ele></trkpt>
<trkpt lat="45.178890" lon="6.036580"><ele>1030.0</ele></trkpt>
<trkpt lat="45.178840" lon="6.036600"><ele>1029.0</ele></trkpt>
<trkpt lat="45.178750" lon="6.036620"><ele>1027.0</ele></trkpt>
<trkpt lat="45.178710" lon="6.036610"><ele>1026.0</ele></trkpt>
<trkpt lat="45.178630" lon="6.036610"><ele>1024.0</ele></trkpt>
<trkpt lat="45.178530" lon="6.036600"><ele>1022.0</ele></trkpt>
<trkpt lat="45.178500" lon="6.036590"><ele>1021.0</ele></trkpt>
<trkpt lat="45.178350" lon="6.036580"><ele>1019.0</ele></trkpt>
<trkpt lat="45.178290" lon="6.036570"><ele>1017.0</ele></trkpt>
<trkpt lat="45.178190" lon="6.036580"><ele>1016.0</ele></trkpt>
<trkpt lat="45.178170" lon="6.036590"><ele>1014.0</ele></trkpt>
<trkpt lat="45.178090" lon="6.036620"><ele>1013.0</ele></trkpt>
<trkpt lat="45.177950" lon="6.036700"><ele>1011.0</ele></trkpt>
<trkpt lat="45.177920" lon="6.036710"><ele>1009.0</ele></trkpt>
<trkpt lat="45.177850" lon="6.036740"><ele>1008.0</ele></trkpt>
<trkpt lat="45.177770" lon="6.036740"><ele>1007.0</ele></trkpt>
<trkpt lat="45.177740" lon="6.036720"><ele>1007.0</ele></trkpt>
<trkpt lat="45.177660" lon="6.036680"><ele>1007.0</ele></trkpt>
<trkpt lat="45.177580" lon="6.036620"><ele>1006.0</ele></trkpt>
<trkpt lat="45.177520" lon="6.036580"><ele>1006.0</ele></trkpt>
<trkpt lat="45.177420" lon="6.036500"><ele>1006.0</ele></trkpt>
<trkpt lat="45.177310" lon="6.036400"><ele>1005.0</ele></trkpt>
<trkpt lat="45.177170" lon="6.036280"><ele>1005.0</ele></trkpt>
<trkpt lat="45.177080" lon="6.036270"><ele>1005.0</ele></trkpt>
<trkpt lat="45.177020" lon="6.036280"><ele>1004.0</ele></trkpt>
<trkpt lat="45.176940" lon="6.036340"><ele>1004.0</ele></trkpt>
<trkpt lat="45.176850" lon="6.036450"><ele>1004.0</ele></trkpt>
<trkpt lat="45.176830" lon="6.036470"><ele>1004.0</ele></trkpt>
<trkpt lat="45.176720" lon="6.036610"><ele>1003.0</ele></trkpt>
<trkpt lat="45.176710" lon="6.036620"><ele>1003.0</ele></trkpt>
<trkpt lat="45.176600" lon="6.036730"><ele>1003.0</ele></trkpt>
<trkpt lat="45.176430" lon="6.036870"><ele>1003.0</ele></trkpt>
<trkpt lat="45.176400" lon="6.036880"><ele>1002.0</ele></trkpt>
<trkpt lat="45.176290" lon="6.036920"><ele>1002.0</ele></trkpt>
<trkpt lat="45.176230" lon="6.036940"><ele>1002.0</ele></trkpt>
<trkpt lat="45.176200" lon="6.036950"><ele>1002.0</ele></trkpt>
<trkpt lat="45.176070" lon="6.036940"><ele>1001.0</ele></trkpt>
<trkpt lat="45.175920" lon="6.036910"><ele>1001.0</ele></trkpt>
<trkpt lat="45.175830" lon="6.036890"><ele>1001.0</ele></trkpt>
<trkpt lat="45.175730" lon="6.036880"><ele>1001.0</ele></trkpt>
<trkpt lat="45.175600" lon="6.036910"><ele>1000.0</ele></trkpt>
<trkpt lat="45.175470" lon="6.036980"><ele>1000.0</ele></trkpt>
<trkpt lat="45.175340" lon="6.037030"><ele>1000.0</ele></trkpt>
<trkpt lat="45.175300" lon="6.037040"><ele>999.0</ele></trkpt>
<trkpt lat="45.175200" lon="6.037070"><ele>999.0</ele></trkpt>
<trkpt lat="45.175120" lon="6.037090"><ele>999.0</ele></trkpt>
<trkpt lat="45.175010" lon="6.037100"><ele>998.0</ele></trkpt>
<trkpt lat="45.174940" lon="6.037110"><ele>998.0</ele></trkpt>
<trkpt lat="45.174870" lon="6.037120"><ele>998.0</ele></trkpt>
<trkpt lat="45.174760" lon="6.037150"><ele>998.0</ele></trkpt>
<trkpt lat="45.174660" lon="6.037170"><ele>997.0</ele></trkpt>
<trkpt lat="45.174590" lon="6.037200"><ele>997.0</ele></trkpt>
<trkpt lat="45.174510" lon="6.037230"><ele>997.0</ele></trkpt>
<trkpt lat="45.174420" lon="6.037300"><ele>996.0</ele></trkpt>
<trkpt lat="45.174400" lon="6.037310"><ele>996.0</ele></trkpt>
<trkpt lat="45.174270" lon="6.037450"><ele>995.0</ele></trkpt>
<trkpt lat="45.174150" lon="6.037570"><ele>994.0</ele></trkpt>
<trkpt lat="45.174120" lon="6.037590"><ele>993.0</ele></trkpt>
<trkpt lat="45.174020" lon="6.037670"><ele>992.0</ele></trkpt>
<trkpt lat="45.173960" lon="6.037690"><ele>991.0</ele></trkpt>
<trkpt lat="45.173820" lon="6.037750"><ele>990.0</ele></trkpt>
<trkpt lat="45.173790" lon="6.037760"><ele>989.0</ele></trkpt>
<trkpt lat="45.173650" lon="6.037800"><ele>988.0</ele></trkpt>
<trkpt lat="45.173610" lon="6.037810"><ele>987.0</ele></trkpt>
<trkpt lat="45.173560" lon="6.037810"><ele>986.0</ele></trkpt>
<trkpt lat="45.173460" lon="6.037810"><ele>986.0</ele></trkpt>
<trkpt lat="45.173430" lon="6.037820"><ele>985.0</ele></trkpt>
<trkpt lat="45.173300" lon="6.037820"><ele>984.0</ele></trkpt>
<trkpt lat="45.173250" lon="6.037830"><ele>983.0</ele></trkpt>
<trkpt lat="45.173100" lon="6.037840"><ele>982.0</ele></trkpt>
<trkpt lat="45.173070" lon="6.037840"><ele>981.0</ele></trkpt>
<trkpt lat="45.173020" lon="6.037850"><ele>980.0</ele></trkpt>
<trkpt lat="45.172900" lon="6.037890"><ele>979.0</ele></trkpt>
<trkpt lat="45.172720" lon="6.037950"><ele>978.0</ele></trkpt>
<trkpt lat="45.172670" lon="6.037960"><ele>977.0</ele></trkpt>
<trkpt lat="45.172550" lon="6.038010"><ele>976.0</ele></trkpt>
<trkpt lat="45.172430" lon="6.038040"><ele>975.0</ele></trkpt>
<trkpt lat="45.172370" lon="6.038070"><ele>975.0</ele></trkpt>
<trkpt lat="45.172200" lon="6.038140"><ele>974.0</ele></trkpt>
<trkpt lat="45.172130" lon="6.038170"><ele>973.0</ele></trkpt>
<trkpt lat="45.172030" lon="6.038220"><ele>972.0</ele></trkpt>
<trkpt lat="45.171920" lon="6.038280"><ele>972.0</ele></trkpt>
<trkpt lat="45.171860" lon="6.038320"><ele>971.0</ele></trkpt>
<trkpt lat="45.171700" lon="6.038420"><ele>970.0</ele></trkpt>
<trkpt lat="45.171660" lon="6.038450"><ele>970.0</ele></trkpt>
<trkpt lat="45.171530" lon="6.038530"><ele>969.0</ele></trkpt>
<trkpt lat="45.171410" lon="6.038610"><ele>968.0</ele></trkpt>
<trkpt lat="45.171370" lon="6.038640"><ele>968.0</ele></trkpt>
<trkpt lat="45.171210" lon="6.038740"><ele>967.0</ele></trkpt>
<trkpt lat="45.171070" lon="6.038820"><ele>966.0</ele></trkpt>
<trkpt lat="45.171040" lon="6.038830"><ele>966.0</ele></trkpt>
<trkpt lat="45.170870" lon="6.038930"><ele>965.0</ele></trkpt>
<trkpt lat="45.170710" lon="6.039020"><ele>964.0</ele></trkpt>
<trkpt lat="45.170580" lon="6.039090"><ele>963.0</ele></trkpt>
<trkpt lat="45.170540" lon="6.039120"><ele>962.0</ele></trkpt>
<trkpt lat="45.170370" lon="6.039210"><ele>961.0</ele></trkpt>
<trkpt lat="45.170270" lon="6.039270"><ele>961.0</ele></trkpt>
<trkpt lat="45.170210" lon="6.039320"><ele>960.0</ele></trkpt>
<trkpt lat="45.170100" lon="6.039420"><ele>959.0</ele></trkpt>
<trkpt lat="45.170060" lon="6.039460"><ele>959.0</ele></trkpt>
<trkpt lat="45.169960" lon="6.039550"><ele>958.0</ele></trkpt>
<trkpt lat="45.169900" lon="6.039580"><ele>957.0</ele></trkpt>
<trkpt lat="45.169780" lon="6.039660"><ele>957.0</ele></trkpt>
<trkpt lat="45.169730" lon="6.039670"><ele>956.0</ele></trkpt>
<trkpt lat="45.169600" lon="6.039710"><ele>955.0</ele></trkpt>
<trkpt lat="45.169440" lon="6.039730"><ele>955.0</ele></trkpt>
<trkpt lat="45.169380" lon="6.039750"><ele>954.0</ele></trkpt>
<trkpt lat="45.169230" lon="6.039790"><ele>953.0</ele></trkpt>
<trkpt lat="45.169160" lon="6.039840"><ele>952.0</ele></trkpt>
<trkpt lat="45.169100" lon="6.039880"><ele>952.0</ele></trkpt>
<trkpt lat="45.168980" lon="6.039970"><ele>951.0</ele></trkpt>
<trkpt lat="45.168950" lon="6.040010"><ele>950.0</ele></trkpt>
<trkpt lat="45.168890" lon="6.040070"><ele>949.0</ele></trkpt>
<trkpt lat="45.168860" lon="6.040120"><ele>949.0</ele></trkpt>
<trkpt lat="45.168820" lon="6.040190"><ele>948.0</ele></trkpt>
<trkpt lat="45.168790" lon="6.040240"><ele>948.0</ele></trkpt>
<trkpt lat="45.168770" lon="6.040270"><ele>948.0</ele></trkpt>
<trkpt lat="45.168710" lon="6.040390"><ele>947.0</ele></trkpt>
<trkpt lat="45.168620" lon="6.040610"><ele>946.0</ele></trkpt>
<trkpt lat="45.168570" lon="6.040730"><ele>945.0</ele></trkpt>
<trkpt lat="45.168510" lon="6.040820"><ele>945.0</ele></trkpt>
<trkpt lat="45.168440" lon="6.040960"><ele>944.0</ele></trkpt>
<trkpt lat="45.168390" lon="6.041010"><ele>943.0</ele></trkpt>
<trkpt lat="45.168290" lon="6.041130"><ele>942.0</ele></trkpt>
<trkpt lat="45.168250" lon="6.041160"><ele>942.0</ele></trkpt>
<trkpt lat="45.168150" lon="6.041240"><ele>941.0</ele></trkpt>
<trkpt lat="45.167920" lon="6.041350"><ele>940.0</ele></trkpt>
<trkpt lat="45.167710" lon="6.041450"><ele>938.0</ele></trkpt>
<trkpt lat="45.167670" lon="6.041460"><ele>937.0</ele></trkpt>
<trkpt lat="45.167450" lon="6.041570"><ele>935.0</ele></trkpt>
<trkpt lat="45.167250" lon="6.041680"><ele>933.0</ele></trkpt>
<trkpt lat="45.167100" lon="6.041710"><ele>930.0</ele></trkpt>
<trkpt lat="45.167020" lon="6.041720"><ele>929.0</ele></trkpt>
<trkpt lat="45.166920" lon="6.041740"><ele>927.0</ele></trkpt>
<trkpt lat="45.166840" lon="6.041750"><ele>925.0</ele></trkpt>
<trkpt lat="45.166670" lon="6.041790"><ele>924.0</ele></trkpt>
<trkpt lat="45.166640" lon="6.041800"><ele>922.0</ele></trkpt>
<trkpt lat="45.166490" lon="6.041810"><ele>921.0</ele></trkpt>
<trkpt lat="45.166410" lon="6.041820"><ele>920.0</ele></trkpt>
<trkpt lat="45.166310" lon="6.041810"><ele>918.0</ele></trkpt>
<trkpt lat="45.166240" lon="6.041810"><ele>917.0</ele></trkpt>
<trkpt lat="45.166010" lon="6.041800"><ele>915.0</ele></trkpt>
<trkpt lat="45.165880" lon="6.041820"><ele>913.0</ele></trkpt>
<trkpt lat="45.165770" lon="6.041860"><ele>912.0</ele></trkpt>
<trkpt lat="45.165710" lon="6.041890"><ele>911.0</ele></trkpt>
<trkpt lat="45.165600" lon="6.041950"><ele>909.0</ele></trkpt>
<trkpt lat="45.165570" lon="6.041960"><ele>908.0</ele></trkpt>
<trkpt lat="45.165420" lon="6.041980"><ele>907.0</ele></trkpt>
<trkpt lat="45.165400" lon="6.041980"><ele>906.0</ele></trkpt>
<trkpt lat="45.165130" lon="6.042000"><ele>904.0</ele></trkpt>
<trkpt lat="45.164770" lon="6.042010"><ele>902.0</ele></trkpt>
<trkpt lat="45.164710" lon="6.042020"><ele>900.0</ele></trkpt>
<trkpt lat="45.164440" lon="6.042070"><ele>897.0</ele></trkpt>
<trkpt lat="45.164350" lon="6.042090"><ele>896.0</ele></trkpt>
<trkpt lat="45.164170" lon="6.042120"><ele>894.0</ele></trkpt>
<trkpt lat="45.164150" lon="6.042130"><ele>892.0</ele></trkpt>
<trkpt lat="45.163990" lon="6.042130"><ele>891.0</ele></trkpt>
<trkpt lat="45.163810" lon="6.042130"><ele>890.0</ele></trkpt>
<trkpt lat="45.163630" lon="6.042130"><ele>888.0</ele></trkpt>
<trkpt lat="45.163610" lon="6.042130"><ele>888.0</ele></trkpt>
<trkpt lat="45.163260" lon="6.042160"><ele>886.0</ele></trkpt>
<trkpt lat="45.163060" lon="6.042190"><ele>885.0</ele></trkpt>
<trkpt lat="45.162880" lon="6.042200"><ele>884.0</ele></trkpt>
<trkpt lat="45.162700" lon="6.042220"><ele>883.0</ele></trkpt>
<trkpt lat="45.162680" lon="6.042220"><ele>882.0</ele></trkpt>
<trkpt lat="45.162490" lon="6.042210"><ele>881.0</ele></trkpt>
<trkpt lat="45.162380" lon="6.042210"><ele>880.0</ele></trkpt>
<trkpt lat="45.162270" lon="6.042190"><ele>879.0</ele></trkpt>
<trkpt lat="45.162150" lon="6.042170"><ele>879.0</ele></trkpt>
<trkpt lat="45.161860" lon="6.042110"><ele>879.0</ele></trkpt>
<trkpt lat="45.161790" lon="6.042090"><ele>879.0</ele></trkpt>
<trkpt lat="45.161620" lon="6.042060"><ele>879.0</ele></trkpt>
<trkpt lat="45.161610" lon="6.042050"><ele>879.0</ele></trkpt>
<trkpt lat="45.161450" lon="6.042030"><ele>879.0</ele></trkpt>
<trkpt lat="45.161430" lon="6.042030"><ele>879.0</ele></trkpt>
<trkpt lat="45.161340" lon="6.042010"><ele>879.0</ele></trkpt>
<trkpt lat="45.161220" lon="6.042010"><ele>879.0</ele></trkpt>
<trkpt lat="45.161080" lon="6.042010"><ele>880.0</ele></trkpt>
<trkpt lat="45.160920" lon="6.042010"><ele>880.0</ele></trkpt>
<trkpt lat="45.160900" lon="6.042010"><ele>880.0</ele></trkpt>
<trkpt lat="45.160770" lon="6.042010"><ele>880.0</ele></trkpt>
<trkpt lat="45.160720" lon="6.042020"><ele>881.0</ele></trkpt>
<trkpt lat="45.160650" lon="6.042020"><ele>881.0</ele></trkpt>
<trkpt lat="45.160540" lon="6.042070"><ele>881.0</ele></trkpt>
<trkpt lat="45.160470" lon="6.042090"><ele>881.0</ele></trkpt>
<trkpt lat="45.160370" lon="6.042140"><ele>881.0</ele></trkpt>
<trkpt lat="45.160340" lon="6.042150"><ele>880.0</ele></trkpt>
<trkpt lat="45.160210" lon="6.042250"><ele>880.0</ele></trkpt>
<trkpt lat="45.160170" lon="6.042270"><ele>879.0</ele></trkpt>
<trkpt lat="45.160040" lon="6.042360"><ele>878.0</ele></trkpt>
<trkpt lat="45.159990" lon="6.042400"><ele>877.0</ele></trkpt>
<trkpt lat="45.159880" lon="6.042470"><ele>875.0</ele></trkpt>
<trkpt lat="45.159800" lon="6.042530"><ele>874.0</ele></trkpt>
<trkpt lat="45.159730" lon="6.042580"><ele>873.0</ele></trkpt>
<trkpt lat="45.159720" lon="6.042580"><ele>872.0</ele></trkpt>
<trkpt lat="45.159550" lon="6.042670"><ele>871.0</ele></trkpt>
<trkpt lat="45.159470" lon="6.042710"><ele>870.0</ele></trkpt>
<trkpt lat="45.159170" lon="6.042840"><ele>867.0</ele></trkpt>
<trkpt lat="45.159050" lon="6.042880"><ele>865.0</ele></trkpt>
<trkpt lat="45.159030" lon="6.042890"><ele>864.0</ele></trkpt>
<trkpt lat="45.158960" lon="6.042910"><ele>863.0</ele></trkpt>
<trkpt lat="45.158880" lon="6.042910"><ele>861.0</ele></trkpt>
<trkpt lat="45.158860" lon="6.042920"><ele>860.0</ele></trkpt>
<trkpt lat="45.158850" lon="6.042920"><ele>860.0</ele></trkpt>
<trkpt lat="45.158700" lon="6.042920"><ele>859.0</ele></trkpt>
<trkpt lat="45.158680" lon="6.042930"><ele>858.0</ele></trkpt>
<trkpt lat="45.158610" lon="6.042940"><ele>857.0</ele></trkpt>
<trkpt lat="45.158500" lon="6.042980"><ele>856.0</ele></trkpt>
<trkpt lat="45.158340" lon="6.043100"><ele>855.0</ele></trkpt>
<trkpt lat="45.158270" lon="6.043140"><ele>854.0</ele></trkpt>
<trkpt lat="45.158180" lon="6.043200"><ele>854.0</ele></trkpt>
<trkpt lat="45.158130" lon="6.043230"><ele>853.0</ele></trkpt>
<trkpt lat="45.158000" lon="6.043270"><ele>852.0</ele></trkpt>
<trkpt lat="45.157840" lon="6.043330"><ele>851.0</ele></trkpt>
<trkpt lat="45.157830" lon="6.043330"><ele>850.0</ele></trkpt>
<trkpt lat="45.157650" lon="6.043350"><ele>849.0</ele></trkpt>
<trkpt lat="45.157600" lon="6.043360"><ele>849.0</ele></trkpt>
<trkpt lat="45.157480" lon="6.043410"><ele>848.0</ele></trkpt>
<trkpt lat="45.157360" lon="6.043450"><ele>847.0</ele></trkpt>
<trkpt lat="45.157300" lon="6.043490"><ele>846.0</ele></trkpt>
<trkpt lat="45.157080" lon="6.043640"><ele>845.0</ele></trkpt>
<trkpt lat="45.156980" lon="6.043720"><ele>844.0</ele></trkpt>
<trkpt lat="45.156830" lon="6.043850"><ele>842.0</ele></trkpt>
<trkpt lat="45.156680" lon="6.043990"><ele>840.0</ele></trkpt>
<trkpt lat="45.156640" lon="6.044020"><ele>839.0</ele></trkpt>
<trkpt lat="45.156520" lon="6.044110"><ele>837.0</ele></trkpt>
<trkpt lat="45.156430" lon="6.044170"><ele>836.0</ele></trkpt>
<trkpt lat="45.156210" lon="6.044290"><ele>834.0</ele></trkpt>
<trkpt lat="45.156190" lon="6.044310"><ele>832.0</ele></trkpt>
<trkpt lat="45.156040" lon="6.044400"><ele>830.0</ele></trkpt>
<trkpt lat="45.156030" lon="6.044410"><ele>829.0</ele></trkpt>
<trkpt lat="45.155860" lon="6.044520"><ele>827.0</ele></trkpt>
<trkpt lat="45.155840" lon="6.044530"><ele>826.0</ele></trkpt>
<trkpt lat="45.155710" lon="6.044660"><ele>825.0</ele></trkpt>
<trkpt lat="45.155700" lon="6.044680"><ele>823.0</ele></trkpt>
<trkpt lat="45.155570" lon="6.044840"><ele>822.0</ele></trkpt>
<trkpt lat="45.155460" lon="6.045000"><ele>820.0</ele></trkpt>
<trkpt lat="45.155450" lon="6.045010"><ele>819.0</ele></trkpt>
<trkpt lat="45.155320" lon="6.045110"><ele>818.0</ele></trkpt>
<trkpt lat="45.155290" lon="6.045120"><ele>817.0</ele></trkpt>
<trkpt lat="45.155120" lon="6.045190"><ele>816.0</ele></trkpt>
<trkpt lat="45.155110" lon="6.045200"><ele>815.0</ele></trkpt>
<trkpt lat="45.154940" lon="6.045250"><ele>814.0</ele></trkpt>
<trkpt lat="45.154770" lon="6.045310"><ele>812.0</ele></trkpt>
<trkpt lat="45.154740" lon="6.045320"><ele>811.0</ele></trkpt>
<trkpt lat="45.154590" lon="6.045360"><ele>810.0</ele></trkpt>
<trkpt lat="45.154410" lon="6.045410"><ele>809.0</ele></trkpt>
<trkpt lat="45.154380" lon="6.045420"><ele>808.0</ele></trkpt>
<trkpt lat="45.154060" lon="6.045470"><ele>806.0</ele></trkpt>
<trkpt lat="45.154000" lon="6.045470"><ele>805.0</ele></trkpt>
<trkpt lat="45.153880" lon="6.045480"><ele>804.0</ele></trkpt>
<trkpt lat="45.153660" lon="6.045500"><ele>802.0</ele></trkpt>
<trkpt lat="45.153560" lon="6.045530"><ele>801.0</ele></trkpt>
<trkpt lat="45.153500" lon="6.045550"><ele>800.0</ele></trkpt>
<trkpt lat="45.153400" lon="6.045620"><ele>800.0</ele></trkpt>
<trkpt lat="45.153380" lon="6.045630"><ele>799.0</ele></trkpt>
<trkpt lat="45.153330" lon="6.045660"><ele>799.0</ele></trkpt>
<trkpt lat="45.153240" lon="6.045750"><ele>798.0</ele></trkpt>
<trkpt lat="45.153230" lon="6.045760"><ele>798.0</ele></trkpt>
<trkpt lat="45.153190" lon="6.045800"><ele>798.0</ele></trkpt>
<trkpt lat="45.153100" lon="6.045900"><ele>797.0</ele></trkpt>
<trkpt lat="45.153090" lon="6.045910"><ele>797.0</ele></trkpt>
<trkpt lat="45.152950" lon="6.046040"><ele>797.0</ele></trkpt>
<trkpt lat="45.152950" lon="6.046050"><ele>796.0</ele></trkpt>
<trkpt lat="45.152800" lon="6.046180"><ele>796.0</ele></trkpt>
<trkpt lat="45.152640" lon="6.046290"><ele>795.0</ele></trkpt>
<trkpt lat="45.152630" lon="6.046290"><ele>795.0</ele></trkpt>
<trkpt lat="45.152460" lon="6.046350"><ele>794.0</ele></trkpt>
<trkpt lat="45.152380" lon="6.046380"><ele>794.0</ele></trkpt>
<trkpt lat="45.152290" lon="6.046430"><ele>794.0</ele></trkpt>
<trkpt lat="45.152170" lon="6.046490"><ele>793.0</ele></trkpt>
<trkpt lat="45.152090" lon="6.046570"><ele>793.0</ele></trkpt>
<trkpt lat="45.151900" lon="6.046800"><ele>792.0</ele></trkpt>
<trkpt lat="45.151820" lon="6.046890"><ele>791.0</ele></trkpt>
<trkpt lat="45.151750" lon="6.046970"><ele>791.0</ele></trkpt>
<trkpt lat="45.151670" lon="6.047040"><ele>791.0</ele></trkpt>
<trkpt lat="45.151580" lon="6.047130"><ele>791.0</ele></trkpt>
<trkpt lat="45.151360" lon="6.047280"><ele>791.0</ele></trkpt>
<trkpt lat="45.151320" lon="6.047310"><ele>791.0</ele></trkpt>
<trkpt lat="45.151190" lon="6.047400"><ele>791.0</ele></trkpt>
<trkpt lat="45.151030" lon="6.047510"><ele>791.0</ele></trkpt>
<trkpt lat="45.151000" lon="6.047530"><ele>791.0</ele></trkpt>
<trkpt lat="45.150870" lon="6.047610"><ele>792.0</ele></trkpt>
<trkpt lat="45.150600" lon="6.047760"><ele>792.0</ele></trkpt>
<trkpt lat="45.150380" lon="6.047900"><ele>792.0</ele></trkpt>
<trkpt lat="45.150260" lon="6.047980"><ele>792.0</ele></trkpt>
<trkpt lat="45.150170" lon="6.048040"><ele>792.0</ele></trkpt>
<trkpt lat="45.149930" lon="6.048190"><ele>793.0</ele></trkpt>
<trkpt lat="45.149920" lon="6.048200"><ele>793.0</ele></trkpt>
<trkpt lat="45.149890" lon="6.048210"><ele>793.0</ele></trkpt>
<trkpt lat="45.149760" lon="6.048270"><ele>794.0</ele></trkpt>
<trkpt lat="45.149740" lon="6.048280"><ele>794.0</ele></trkpt>
<trkpt lat="45.149720" lon="6.048290"><ele>794.0</ele></trkpt>
<trkpt lat="45.149620" lon="6.048320"><ele>794.0</ele></trkpt>
<trkpt lat="45.149580" lon="6.048320"><ele>795.0</ele></trkpt>
<trkpt lat="45.149440" lon="6.048340"><ele>795.0</ele></trkpt>
<trkpt lat="45.149290" lon="6.048340"><ele>795.0</ele></trkpt>
<trkpt lat="45.149050" lon="6.048370"><ele>796.0</ele></trkpt>
<trkpt lat="45.149020" lon="6.048380"><ele>796.0</ele></trkpt>
<trkpt lat="45.149000" lon="6.048380"><ele>796.0</ele></trkpt>
<trkpt lat="45.148870" lon="6.048410"><ele>797.0</ele></trkpt>
<trkpt lat="45.148830" lon="6.048420"><ele>797.0</ele></trkpt>
<trkpt lat="45.148820" lon="6.048430"><ele>797.0</ele></trkpt>
<trkpt lat="45.148700" lon="6.048490"><ele>797.0</ele></trkpt>
<trkpt lat="45.148650" lon="6.048510"><ele>798.0</ele></trkpt>
<trkpt lat="45.148580" lon="6.048540"><ele>798.0</ele></trkpt>
<trkpt lat="45.148530" lon="6.048570"><ele>798.0</ele></trkpt>
<trkpt lat="45.148460" lon="6.048610"><ele>798.0</ele></trkpt>
<trkpt lat="45.148370" lon="6.048680"><ele>799.0</ele></trkpt>
<trkpt lat="45.148350" lon="6.048690"><ele>799.0</ele></trkpt>
<trkpt lat="45.148320" lon="6.048730"><ele>799.0</ele></trkpt>
<trkpt lat="45.148260" lon="6.048800"><ele>800.0</ele></trkpt>
<trkpt lat="45.148240" lon="6.048860"><ele>800.0</ele></trkpt>
<trkpt lat="45.148220" lon="6.048880"><ele>800.0</ele></trkpt>
<trkpt lat="45.148190" lon="6.048980"><ele>801.0</ele></trkpt>
<trkpt lat="45.148160" lon="6.049070"><ele>801.0</ele></trkpt>
<trkpt lat="45.148130" lon="6.049210"><ele>802.0</ele></trkpt>
<trkpt lat="45.148080" lon="6.049450"><ele>802.0</ele></trkpt>
<trkpt lat="45.148060" lon="6.049540"><ele>803.0</ele></trkpt>
<trkpt lat="45.148030" lon="6.049650"><ele>804.0</ele></trkpt>
<trkpt lat="45.148010" lon="6.049720"><ele>804.0</ele></trkpt>
<trkpt lat="45.147950" lon="6.049850"><ele>805.0</ele></trkpt>
<trkpt lat="45.147670" lon="6.050260"><ele>806.0</ele></trkpt>
<trkpt lat="45.147650" lon="6.050310"><ele>807.0</ele></trkpt>
<trkpt lat="45.147540" lon="6.050450"><ele>808.0</ele></trkpt>
<trkpt lat="45.147440" lon="6.050580"><ele>809.0</ele></trkpt>
<trkpt lat="45.147340" lon="6.050680"><ele>809.0</ele></trkpt>
<trkpt lat="45.147300" lon="6.050710"><ele>810.0</ele></trkpt>
<trkpt lat="45.147230" lon="6.050750"><ele>810.0</ele></trkpt>
<trkpt lat="45.147140" lon="6.050800"><ele>810.0</ele></trkpt>
<trkpt lat="45.147130" lon="6.050800"><ele>810.0</ele></trkpt>
<trkpt lat="45.147060" lon="6.050810"><ele>810.0</ele></trkpt>
<trkpt lat="45.146990" lon="6.050810"><ele>810.0</ele></trkpt>
<trkpt lat="45.146950" lon="6.050810"><ele>810.0</ele></trkpt>
<trkpt lat="45.146900" lon="6.050820"><ele>810.0</ele></trkpt>
<trkpt lat="45.146850" lon="6.050820"><ele>810.0</ele></trkpt>
<trkpt lat="45.146780" lon="6.050850"><ele>810.0</ele></trkpt>
<trkpt lat="45.146720" lon="6.050890"><ele>810.0</ele></trkpt>
<trkpt lat="45.146630" lon="6.050980"><ele>810.0</ele></trkpt>
<trkpt lat="45.146540" lon="6.051070"><ele>810.0</ele></trkpt>
<trkpt lat="45.146360" lon="6.051330"><ele>810.0</ele></trkpt>
<trkpt lat="45.146280" lon="6.051420"><ele>810.0</ele></trkpt>
<trkpt lat="45.146200" lon="6.051500"><ele>810.0</ele></trkpt>
<trkpt lat="45.146140" lon="6.051580"><ele>810.0</ele></trkpt>
<trkpt lat="45.146080" lon="6.051670"><ele>810.0</ele></trkpt>
<trkpt lat="45.146050" lon="6.051730"><ele>810.0</ele></trkpt>
<trkpt lat="45.146030" lon="6.051780"><ele>810.0</ele></trkpt>
<trkpt lat="45.145980" lon="6.051930"><ele>810.0</ele></trkpt>
<trkpt lat="45.145960" lon="6.052020"><ele>810.0</ele></trkpt>
<trkpt lat="45.145950" lon="6.052120"><ele>809.0</ele></trkpt>
<trkpt lat="45.145910" lon="6.052440"><ele>809.0</ele></trkpt>
<trkpt lat="45.145900" lon="6.052520"><ele>809.0</ele></trkpt>
<trkpt lat="45.145880" lon="6.052680"><ele>809.0</ele></trkpt>
<trkpt lat="45.145870" lon="6.052780"><ele>809.0</ele></trkpt>
<trkpt lat="45.145840" lon="6.053070"><ele>809.0</ele></trkpt>
<trkpt lat="45.145810" lon="6.053280"><ele>809.0</ele></trkpt>
<trkpt lat="45.145780" lon="6.053520"><ele>809.0</ele></trkpt>
<trkpt lat="45.145780" lon="6.053530"><ele>808.0</ele></trkpt>
<trkpt lat="45.145760" lon="6.053640"><ele>808.0</ele></trkpt>
<trkpt lat="45.145650" lon="6.054000"><ele>808.0</ele></trkpt>
<trkpt lat="45.145570" lon="6.054100"><ele>808.0</ele></trkpt>
<trkpt lat="45.145510" lon="6.054170"><ele>808.0</ele></trkpt>
<trkpt lat="45.145480" lon="6.054190"><ele>808.0</ele></trkpt>
<trkpt lat="45.145420" lon="6.054230"><ele>808.0</ele></trkpt>
<trkpt lat="45.145340" lon="6.054270"><ele>808.0</ele></trkpt>
<trkpt lat="45.145340" lon="6.054280"><ele>808.0</ele></trkpt>
<trkpt lat="45.145280" lon="6.054320"><ele>808.0</ele></trkpt>
<trkpt lat="45.145180" lon="6.054350"><ele>808.0</ele></trkpt>
<trkpt lat="45.145080" lon="6.054350"><ele>808.0</ele></trkpt>
<trkpt lat="45.144940" lon="6.054290"><ele>808.0</ele></trkpt>
<trkpt lat="45.144820" lon="6.054240"><ele>809.0</ele></trkpt>
<trkpt lat="45.144720" lon="6.054150"><ele>809.0</ele></trkpt>
<trkpt lat="45.144630" lon="6.054030"><ele>810.0</ele></trkpt>
<trkpt lat="45.144610" lon="6.054000"><ele>810.0</ele></trkpt>
<trkpt lat="45.144550" lon="6.053890"><ele>810.0</ele></trkpt>
<trkpt lat="45.144490" lon="6.053740"><ele>811.0</ele></trkpt>
<trkpt lat="45.144460" lon="6.053580"><ele>811.0</ele></trkpt>
<trkpt lat="45.144450" lon="6.053540"><ele>811.0</ele></trkpt>
<trkpt lat="45.144430" lon="6.053320"><ele>812.0</ele></trkpt>
<trkpt lat="45.144410" lon="6.053110"><ele>812.0</ele></trkpt>
<trkpt lat="45.144410" lon="6.053040"><ele>813.0</ele></trkpt>
<trkpt lat="45.144400" lon="6.052850"><ele>813.0</ele></trkpt>
<trkpt lat="45.144410" lon="6.052700"><ele>813.0</ele></trkpt>
<trkpt lat="45.144420" lon="6.052620"><ele>814.0</ele></trkpt>
<trkpt lat="45.144430" lon="6.052550"><ele>814.0</ele></trkpt>
<trkpt lat="45.144480" lon="6.052430"><ele>813.0</ele></trkpt>
<trkpt lat="45.144530" lon="6.052290"><ele>813.0</ele></trkpt>
<trkpt lat="45.144570" lon="6.052180"><ele>812.0</ele></trkpt>
<trkpt lat="45.144600" lon="6.052090"><ele>811.0</ele></trkpt>
<trkpt lat="45.144610" lon="6.052000"><ele>810.0</ele></trkpt>
<trkpt lat="45.144620" lon="6.051870"><ele>809.0</ele></trkpt>
<trkpt lat="45.144600" lon="6.051730"><ele>808.0</ele></trkpt>
<trkpt lat="45.144580" lon="6.051650"><ele>807.0</ele></trkpt>
<trkpt lat="45.144560" lon="6.051600"><ele>806.0</ele></trkpt>
<trkpt lat="45.144540" lon="6.051560"><ele>805.0</ele></trkpt>
<trkpt lat="45.144520" lon="6.051530"><ele>805.0</ele></trkpt>
<trkpt lat="45.144430" lon="6.051440"><ele>804.0</ele></trkpt>
<trkpt lat="45.144400" lon="6.051420"><ele>803.0</ele></trkpt>
<trkpt lat="45.144280" lon="6.051340"><ele>802.0</ele></trkpt>
<trkpt lat="45.144260" lon="6.051330"><ele>801.0</ele></trkpt>
<trkpt lat="45.144230" lon="6.051310"><ele>801.0</ele></trkpt>
<trkpt lat="45.144100" lon="6.051240"><ele>800.0</ele></trkpt>
<trkpt lat="45.144050" lon="6.051210"><ele>799.0</ele></trkpt>
<trkpt lat="45.143940" lon="6.051120"><ele>797.0</ele></trkpt>
<trkpt lat="45.143910" lon="6.051100"><ele>796.0</ele></trkpt>
<trkpt lat="45.143790" lon="6.050990"><ele>795.0</ele></trkpt>
<trkpt lat="45.143780" lon="6.050990"><ele>794.0</ele></trkpt>
<trkpt lat="45.143650" lon="6.050850"><ele>793.0</ele></trkpt>
<trkpt lat="45.143640" lon="6.050840"><ele>792.0</ele></trkpt>
<trkpt lat="45.143570" lon="6.050760"><ele>792.0</ele></trkpt>
<trkpt lat="45.143520" lon="6.050700"><ele>791.0</ele></trkpt>
<trkpt lat="45.143430" lon="6.050600"><ele>791.0</ele></trkpt>
<trkpt lat="45.143380" lon="6.050550"><ele>791.0</ele></trkpt>
<trkpt lat="45.143280" lon="6.050460"><ele>791.0</ele></trkpt>
<trkpt lat="45.143270" lon="6.050450"><ele>791.0</ele></trkpt>
<trkpt lat="45.143120" lon="6.050340"><ele>791.0</ele></trkpt>
<trkpt lat="45.143010" lon="6.050260"><ele>791.0</ele></trkpt>
<trkpt lat="45.142960" lon="6.050230"><ele>791.0</ele></trkpt>
<trkpt lat="45.142800" lon="6.050110"><ele>791.0</ele></trkpt>
<trkpt lat="45.142720" lon="6.050050"><ele>791.0</ele></trkpt>
<trkpt lat="45.142640" lon="6.050000"><ele>791.0</ele></trkpt>
<trkpt lat="45.142150" lon="6.049680"><ele>791.0</ele></trkpt>
<trkpt lat="45.142150" lon="6.049670"><ele>791.0</ele></trkpt>
<trkpt lat="45.141980" lon="6.049580"><ele>791.0</ele></trkpt>
<trkpt lat="45.141820" lon="6.049490"><ele>790.0</ele></trkpt>
<trkpt lat="45.141690" lon="6.049420"><ele>790.0</ele></trkpt>
<trkpt lat="45.141650" lon="6.049400"><ele>790.0</ele></trkpt>
<trkpt lat="45.141480" lon="6.049310"><ele>790.0</ele></trkpt>
<trkpt lat="45.141350" lon="6.049240"><ele>790.0</ele></trkpt>
<trkpt lat="45.141140" lon="6.049130"><ele>790.0</ele></trkpt>
<trkpt lat="45.141130" lon="6.049120"><ele>789.0</ele></trkpt>
<trkpt lat="45.140980" lon="6.049070"><ele>789.0</ele></trkpt>
<trkpt lat="45.140970" lon="6.049070"><ele>789.0</ele></trkpt>
<trkpt lat="45.140820" lon="6.049020"><ele>789.0</ele></trkpt>
<trkpt lat="45.140790" lon="6.049010"><ele>789.0</ele></trkpt>
<trkpt lat="45.140620" lon="6.048980"><ele>789.0</ele></trkpt>
<trkpt lat="45.140540" lon="6.048970"><ele>788.0</ele></trkpt>
<trkpt lat="45.140290" lon="6.048920"><ele>788.0</ele></trkpt>
<trkpt lat="45.140260" lon="6.048920"><ele>788.0</ele></trkpt>
<trkpt lat="45.140140" lon="6.048920"><ele>788.0</ele></trkpt>
<trkpt lat="45.140080" lon="6.048920"><ele>788.0</ele></trkpt>
<trkpt lat="45.139960" lon="6.048920"><ele>788.0</ele></trkpt>
<trkpt lat="45.139770" lon="6.048940"><ele>788.0</ele></trkpt>
<trkpt lat="45.139600" lon="6.048950"><ele>787.0</ele></trkpt>
<trkpt lat="45.139540" lon="6.048950"><ele>787.0</ele></trkpt>
<trkpt lat="45.139540" lon="6.048950"><ele>787.0</ele></trkpt>
<trkpt lat="45.139420" lon="6.048940"><ele>787.0</ele></trkpt>
<trkpt lat="45.139360" lon="6.048930"><ele>787.0</ele></trkpt>
<trkpt lat="45.139330" lon="6.048920"><ele>787.0</ele></trkpt>
<trkpt lat="45.139200" lon="6.048890"><ele>787.0</ele></trkpt>
<trkpt lat="45.139190" lon="6.048890"><ele>787.0</ele></trkpt>
<trkpt lat="45.139150" lon="6.048870"><ele>787.0</ele></trkpt>
<trkpt lat="45.139030" lon="6.048810"><ele>787.0</ele></trkpt>
<trkpt lat="45.138830" lon="6.048710"><ele>787.0</ele></trkpt>
<trkpt lat="45.138780" lon="6.048670"><ele>787.0</ele></trkpt>
<trkpt lat="45.138700" lon="6.048620"><ele>787.0</ele></trkpt>
<trkpt lat="45.138580" lon="6.048540"><ele>787.0</ele></trkpt>
<trkpt lat="45.138540" lon="6.048520"><ele>787.0</ele></trkpt>
<trkpt lat="45.138390" lon="6.048460"><ele>787.0</ele></trkpt>
<trkpt lat="45.138360" lon="6.048450"><ele>787.0</ele></trkpt>
<trkpt lat="45.138220" lon="6.048420"><ele>786.0</ele></trkpt>
<trkpt lat="45.138180" lon="6.048420"><ele>786.0</ele></trkpt>
<trkpt lat="45.138080" lon="6.048420"><ele>786.0</ele></trkpt>
<trkpt lat="45.138000" lon="6.048420"><ele>785.0</ele></trkpt>
<trkpt lat="45.137950" lon="6.048430"><ele>785.0</ele></trkpt>
<trkpt lat="45.137830" lon="6.048450"><ele>784.0</ele></trkpt>
<trkpt lat="45.137810" lon="6.048460"><ele>784.0</ele></trkpt>
<trkpt lat="45.137680" lon="6.048500"><ele>784.0</ele></trkpt>
<trkpt lat="45.137650" lon="6.048510"><ele>783.0</ele></trkpt>
<trkpt lat="45.137540" lon="6.048570"><ele>783.0</ele></trkpt>
<trkpt lat="45.137380" lon="6.048660"><ele>782.0</ele></trkpt>
<trkpt lat="45.137320" lon="6.048710"><ele>782.0</ele></trkpt>
<trkpt lat="45.137170" lon="6.048830"><ele>781.0</ele></trkpt>
<trkpt lat="45.137160" lon="6.048830"><ele>781.0</ele></trkpt>
<trkpt lat="45.137010" lon="6.048960"><ele>780.0</ele></trkpt>
<trkpt lat="45.136950" lon="6.049010"><ele>779.0</ele></trkpt>
<trkpt lat="45.136800" lon="6.049140"><ele>779.0</ele></trkpt>
<trkpt lat="45.136650" lon="6.049280"><ele>778.0</ele></trkpt>
<trkpt lat="45.136490" lon="6.049410"><ele>777.0</ele></trkpt>
<trkpt lat="45.136460" lon="6.049440"><ele>777.0</ele></trkpt>
<trkpt lat="45.136360" lon="6.049490"><ele>777.0</ele></trkpt>
<trkpt lat="45.136350" lon="6.049500"><ele>776.0</ele></trkpt>
<trkpt lat="45.136330" lon="6.049510"><ele>776.0</ele></trkpt>
<trkpt lat="45.136250" lon="6.049540"><ele>776.0</ele></trkpt>
<trkpt lat="45.136150" lon="6.049570"><ele>776.0</ele></trkpt>
<trkpt lat="45.136070" lon="6.049580"><ele>776.0</ele></trkpt>
<trkpt lat="45.136010" lon="6.049580"><ele>776.0</ele></trkpt>
<trkpt lat="45.135980" lon="6.049570"><ele>776.0</ele></trkpt>
<trkpt lat="45.135810" lon="6.049540"><ele>775.0</ele></trkpt>
<trkpt lat="45.135760" lon="6.049530"><ele>775.0</ele></trkpt>
<trkpt lat="45.135630" lon="6.049500"><ele>775.0</ele></trkpt>
<trkpt lat="45.135450" lon="6.049470"><ele>775.0</ele></trkpt>
<trkpt lat="45.135270" lon="6.049430"><ele>775.0</ele></trkpt>
<trkpt lat="45.135090" lon="6.049400"><ele>774.0</ele></trkpt>
<trkpt lat="45.134920" lon="6.049360"><ele>774.0</ele></trkpt>
<trkpt lat="45.134820" lon="6.049350"><ele>774.0</ele></trkpt>
<trkpt lat="45.134780" lon="6.049340"><ele>774.0</ele></trkpt>
<trkpt lat="45.134640" lon="6.049320"><ele>774.0</ele></trkpt>
<trkpt lat="45.134490" lon="6.049290"><ele>774.0</ele></trkpt>
<trkpt lat="45.134310" lon="6.049250"><ele>774.0</ele></trkpt>
<trkpt lat="45.134270" lon="6.049240"><ele>774.0</ele></trkpt>
<trkpt lat="45.134130" lon="6.049210"><ele>774.0</ele></trkpt>
<trkpt lat="45.133950" lon="6.049160"><ele>774.0</ele></trkpt>
<trkpt lat="45.133780" lon="6.049110"><ele>774.0</ele></trkpt>
<trkpt lat="45.133420" lon="6.049020"><ele>775.0</ele></trkpt>
<trkpt lat="45.133250" lon="6.048970"><ele>775.0</ele></trkpt>
<trkpt lat="45.133070" lon="6.048930"><ele>775.0</ele></trkpt>
<trkpt lat="45.132890" lon="6.048880"><ele>775.0</ele></trkpt>
<trkpt lat="45.132790" lon="6.048860"><ele>775.0</ele></trkpt>
<trkpt lat="45.132750" lon="6.048840"><ele>776.0</ele></trkpt>
<trkpt lat="45.132270" lon="6.048700"><ele>777.0</ele></trkpt>
<trkpt lat="45.131900" lon="6.048580"><ele>779.0</ele></trkpt>
<trkpt lat="45.131730" lon="6.048520"><ele>781.0</ele></trkpt>
<trkpt lat="45.131550" lon="6.048460"><ele>782.0</ele></trkpt>
<trkpt lat="45.131380" lon="6.048400"><ele>784.0</ele></trkpt>
<trkpt lat="45.131370" lon="6.048400"><ele>785.0</ele></trkpt>
<trkpt lat="45.131200" lon="6.048340"><ele>786.0</ele></trkpt>
<trkpt lat="45.131030" lon="6.048270"><ele>787.0</ele></trkpt>
<trkpt lat="45.130860" lon="6.048210"><ele>788.0</ele></trkpt>
<trkpt lat="45.130680" lon="6.048140"><ele>789.0</ele></trkpt>
<trkpt lat="45.130510" lon="6.048080"><ele>790.0</ele></trkpt>
<trkpt lat="45.130370" lon="6.048030"><ele>791.0</ele></trkpt>
<trkpt lat="45.130160" lon="6.047960"><ele>793.0</ele></trkpt>
<trkpt lat="45.130020" lon="6.047920"><ele>794.0</ele></trkpt>
<trkpt lat="45.129940" lon="6.047900"><ele>794.0</ele></trkpt>
<trkpt lat="45.129680" lon="6.047830"><ele>796.0</ele></trkpt>
<trkpt lat="45.129580" lon="6.047790"><ele>796.0</ele></trkpt>
<trkpt lat="45.129500" lon="6.047730"><ele>797.0</ele></trkpt>
<trkpt lat="45.129470" lon="6.047710"><ele>798.0</ele></trkpt>
<trkpt lat="45.129410" lon="6.047650"><ele>798.0</ele></trkpt>
<trkpt lat="45.129360" lon="6.047570"><ele>799.0</ele></trkpt>
<trkpt lat="45.129290" lon="6.047460"><ele>799.0</ele></trkpt>
<trkpt lat="45.129240" lon="6.047380"><ele>800.0</ele></trkpt>
<trkpt lat="45.129010" lon="6.047020"><ele>800.0</ele></trkpt>
<trkpt lat="45.129000" lon="6.047000"><ele>800.0</ele></trkpt>
<trkpt lat="45.128880" lon="6.046810"><ele>800.0</ele></trkpt>
<trkpt lat="45.128760" lon="6.046620"><ele>800.0</ele></trkpt>
<trkpt lat="45.128730" lon="6.046570"><ele>800.0</ele></trkpt>
<trkpt lat="45.128520" lon="6.046240"><ele>800.0</ele></trkpt>
<trkpt lat="45.128460" lon="6.046150"><ele>799.0</ele></trkpt>
<trkpt lat="45.128400" lon="6.046050"><ele>799.0</ele></trkpt>
<trkpt lat="45.128280" lon="6.045860"><ele>799.0</ele></trkpt>
<trkpt lat="45.128150" lon="6.045660"><ele>799.0</ele></trkpt>
<trkpt lat="45.128050" lon="6.045470"><ele>799.0</ele></trkpt>
<trkpt lat="45.128050" lon="6.045470"><ele>799.0</ele></trkpt>
<trkpt lat="45.128170" lon="6.045280"><ele>797.0</ele></trkpt>
<trkpt lat="45.128210" lon="6.045210"><ele>796.0</ele></trkpt>
<trkpt lat="45.128600" lon="6.044570"><ele>791.0</ele></trkpt>
<trkpt lat="45.128730" lon="6.044370"><ele>786.0</ele></trkpt>
<trkpt lat="45.128840" lon="6.044180"><ele>782.0</ele></trkpt>
<trkpt lat="45.128960" lon="6.043990"><ele>778.0</ele></trkpt>
<trkpt lat="45.129080" lon="6.043800"><ele>774.0</ele></trkpt>
<trkpt lat="45.129200" lon="6.043610"><ele>770.0</ele></trkpt>
<trkpt lat="45.129310" lon="6.043410"><ele>766.0</ele></trkpt>
<trkpt lat="45.129430" lon="6.043220"><ele>764.0</ele></trkpt>
<trkpt lat="45.129470" lon="6.043160"><ele>762.0</ele></trkpt>
<trkpt lat="45.129550" lon="6.043030"><ele>761.0</ele></trkpt>
<trkpt lat="45.129670" lon="6.042840"><ele>761.0</ele></trkpt>
<trkpt lat="45.129790" lon="6.042640"><ele>760.0</ele></trkpt>
<trkpt lat="45.130120" lon="6.042100"><ele>761.0</ele></trkpt>
<trkpt lat="45.130590" lon="6.041340"><ele>761.0</ele></trkpt>
<trkpt lat="45.130710" lon="6.041140"><ele>761.0</ele></trkpt>
<trkpt lat="45.130750" lon="6.041050"><ele>761.0</ele></trkpt>
<trkpt lat="45.130760" lon="6.041020"><ele>761.0</ele></trkpt>
<trkpt lat="45.130770" lon="6.040990"><ele>761.0</ele></trkpt>
<trkpt lat="45.130760" lon="6.040900"><ele>761.0</ele></trkpt>
<trkpt lat="45.130730" lon="6.040820"><ele>761.0</ele></trkpt>
<trkpt lat="45.130710" lon="6.040800"><ele>760.0</ele></trkpt>
<trkpt lat="45.130690" lon="6.040790"><ele>760.0</ele></trkpt>
<trkpt lat="45.130640" lon="6.040770"><ele>760.0</ele></trkpt>
<trkpt lat="45.130580" lon="6.040780"><ele>760.0</ele></trkpt>
<trkpt lat="45.130560" lon="6.040790"><ele>760.0</ele></trkpt>
<trkpt lat="45.130540" lon="6.040810"><ele>759.0</ele></trkpt>
<trkpt lat="45.130530" lon="6.040830"><ele>759.0</ele></trkpt>
<trkpt lat="45.130510" lon="6.040850"><ele>759.0</ele></trkpt>
<trkpt lat="45.130500" lon="6.040900"><ele>759.0</ele></trkpt>
<trkpt lat="45.130470" lon="6.040960"><ele>759.0</ele></trkpt>
<trkpt lat="45.130410" lon="6.041180"><ele>758.0</ele></trkpt>
<trkpt lat="45.130360" lon="6.041360"><ele>758.0</ele></trkpt>
<trkpt lat="45.130330" lon="6.041420"><ele>757.0</ele></trkpt>
<trkpt lat="45.130280" lon="6.041490"><ele>757.0</ele></trkpt>
<trkpt lat="45.130230" lon="6.041550"><ele>757.0</ele></trkpt>
<trkpt lat="45.130080" lon="6.041740"><ele>756.0</ele></trkpt>
<trkpt lat="45.129650" lon="6.042290"><ele>754.0</ele></trkpt>
<trkpt lat="45.129560" lon="6.042400"><ele>754.0</ele></trkpt>
<trkpt lat="45.129430" lon="6.042570"><ele>753.0</ele></trkpt>
<trkpt lat="45.129290" lon="6.042740"><ele>753.0</ele></trkpt>
<trkpt lat="45.129020" lon="6.043080"><ele>753.0</ele></trkpt>
<trkpt lat="45.128890" lon="6.043250"><ele>754.0</ele></trkpt>
<trkpt lat="45.128760" lon="6.043420"><ele>754.0</ele></trkpt>
<trkpt lat="45.128620" lon="6.043590"><ele>754.0</ele></trkpt>
<trkpt lat="45.128350" lon="6.043930"><ele>755.0</ele></trkpt>
<trkpt lat="45.128340" lon="6.043940"><ele>755.0</ele></trkpt>
<trkpt lat="45.128220" lon="6.044090"><ele>756.0</ele></trkpt>
<trkpt lat="45.128210" lon="6.044100"><ele>756.0</ele></trkpt>
<trkpt lat="45.128190" lon="6.044120"><ele>756.0</ele></trkpt>
<trkpt lat="45.128160" lon="6.044130"><ele>756.0</ele></trkpt>
<trkpt lat="45.128120" lon="6.044140"><ele>756.0</ele></trkpt>
<trkpt lat="45.128090" lon="6.044140"><ele>755.0</ele></trkpt>
<trkpt lat="45.128070" lon="6.044130"><ele>755.0</ele></trkpt>
<trkpt lat="45.128050" lon="6.044120"><ele>755.0</ele></trkpt>
<trkpt lat="45.128030" lon="6.044100"><ele>755.0</ele></trkpt>
<trkpt lat="45.128020" lon="6.044080"><ele>754.0</ele></trkpt>
<trkpt lat="45.128010" lon="6.044050"><ele>754.0</ele></trkpt>
<trkpt lat="45.128000" lon="6.044020"><ele>754.0</ele></trkpt>
<trkpt lat="45.127990" lon="6.044000"><ele>754.0</ele></trkpt>
<trkpt lat="45.127990" lon="6.043990"><ele>753.0</ele></trkpt>
<trkpt lat="45.127990" lon="6.043960"><ele>753.0</ele></trkpt>
<trkpt lat="45.127990" lon="6.043930"><ele>753.0</ele></trkpt>
<trkpt lat="45.127990" lon="6.043910"><ele>753.0</ele></trkpt>
<trkpt lat="45.128000" lon="6.043890"><ele>753.0</ele></trkpt>
<trkpt lat="45.128000" lon="6.043880"><ele>752.0</ele></trkpt>
<trkpt lat="45.128000" lon="6.043860"><ele>752.0</ele></trkpt>
<trkpt lat="45.128010" lon="6.043840"><ele>752.0</ele></trkpt>
<trkpt lat="45.128030" lon="6.043820"><ele>752.0</ele></trkpt>
<trkpt lat="45.128070" lon="6.043790"><ele>752.0</ele></trkpt>
<trkpt lat="45.128140" lon="6.043750"><ele>751.0</ele></trkpt>
<trkpt lat="45.128200" lon="6.043720"><ele>751.0</ele></trkpt>
<trkpt lat="45.128270" lon="6.043660"><ele>750.0</ele></trkpt>
<trkpt lat="45.128300" lon="6.043620"><ele>749.0</ele></trkpt>
<trkpt lat="45.128390" lon="6.043500"><ele>748.0</ele></trkpt>
<trkpt lat="45.128590" lon="6.043070"><ele>746.0</ele></trkpt>
<trkpt lat="45.129030" lon="6.042180"><ele>742.0</ele></trkpt>
<trkpt lat="45.129090" lon="6.042060"><ele>739.0</ele></trkpt>
<trkpt lat="45.129130" lon="6.041970"><ele>737.0</ele></trkpt>
<trkpt lat="45.129180" lon="6.041880"><ele>736.0</ele></trkpt>
<trkpt lat="45.129220" lon="6.041780"><ele>735.0</ele></trkpt>
<trkpt lat="45.129220" lon="6.041760"><ele>734.0</ele></trkpt>
<trkpt lat="45.129240" lon="6.041680"><ele>734.0</ele></trkpt>
<trkpt lat="45.129240" lon="6.041600"><ele>733.0</ele></trkpt>
<trkpt lat="45.129240" lon="6.041520"><ele>733.0</ele></trkpt>
<trkpt lat="45.129240" lon="6.041430"><ele>733.0</ele></trkpt>
<trkpt lat="45.129210" lon="6.041330"><ele>733.0</ele></trkpt>
<trkpt lat="45.129160" lon="6.041180"><ele>732.0</ele></trkpt>
<trkpt lat="45.129050" lon="6.040910"><ele>732.0</ele></trkpt>
<trkpt lat="45.128960" lon="6.040690"><ele>732.0</ele></trkpt>
<trkpt lat="45.128930" lon="6.040630"><ele>732.0</ele></trkpt>
<trkpt lat="45.128840" lon="6.040420"><ele>731.0</ele></trkpt>
<trkpt lat="45.128500" lon="6.039710"><ele>731.0</ele></trkpt>
<trkpt lat="45.128270" lon="6.039220"><ele>730.0</ele></trkpt>
<trkpt lat="45.128270" lon="6.039220"><ele>730.0</ele></trkpt>
<trkpt lat="45.128250" lon="6.039190"><ele>730.0</ele></trkpt>
<trkpt lat="45.128240" lon="6.039150"><ele>730.0</ele></trkpt>
<trkpt lat="45.127950" lon="6.038440"><ele>730.0</ele></trkpt>
<trkpt lat="45.127900" lon="6.038310"><ele>730.0</ele></trkpt>
<trkpt lat="45.127880" lon="6.038240"><ele>730.0</ele></trkpt>
<trkpt lat="45.127870" lon="6.038170"><ele>730.0</ele></trkpt>
<trkpt lat="45.127870" lon="6.038030"><ele>730.0</ele></trkpt>
<trkpt lat="45.127880" lon="6.037950"><ele>730.0</ele></trkpt>
<trkpt lat="45.127910" lon="6.037780"><ele>730.0</ele></trkpt>
<trkpt lat="45.127930" lon="6.037650"><ele>730.0</ele></trkpt>
<trkpt lat="45.127930" lon="6.037600"><ele>730.0</ele></trkpt>
<trkpt lat="45.127930" lon="6.037540"><ele>730.0</ele></trkpt>
<trkpt lat="45.127870" lon="6.037350"><ele>730.0</ele></trkpt>
<trkpt lat="45.127380" lon="6.036100"><ele>730.0</ele></trkpt>
<trkpt lat="45.127190" lon="6.035630"><ele>729.0</ele></trkpt>
<trkpt lat="45.126960" lon="6.035050"><ele>728.0</ele></trkpt>
<trkpt lat="45.126690" lon="6.034350"><ele>726.0</ele></trkpt>
<trkpt lat="45.126670" lon="6.034300"><ele>726.0</ele></trkpt>
<trkpt lat="45.126660" lon="6.034280"><ele>725.0</ele></trkpt>
<trkpt lat="45.125780" lon="6.032130"><ele>724.0</ele></trkpt>
<trkpt lat="45.125300" lon="6.030980"><ele>722.0</ele></trkpt>
<trkpt lat="45.124770" lon="6.029650"><ele>721.0</ele></trkpt>
<trkpt lat="45.124550" lon="6.029120"><ele>721.0</ele></trkpt>
<trkpt lat="45.124430" lon="6.028820"><ele>720.0</ele></trkpt>
<trkpt lat="45.124400" lon="6.028730"><ele>720.0</ele></trkpt>
<trkpt lat="45.124400" lon="6.028730"><ele>720.0</ele></trkpt>
<trkpt lat="45.123950" lon="6.027630"><ele>720.0</ele></trkpt>
<trkpt lat="45.123880" lon="6.027490"><ele>720.0</ele></trkpt>
<trkpt lat="45.123810" lon="6.027290"><ele>720.0</ele></trkpt>
<trkpt lat="45.123420" lon="6.026310"><ele>719.0</ele></trkpt>
<trkpt lat="45.123330" lon="6.026090"><ele>718.0</ele></trkpt>
<trkpt lat="45.122900" lon="6.025010"><ele>716.0</ele></trkpt>
<trkpt lat="45.122670" lon="6.024440"><ele>716.0</ele></trkpt>
<trkpt lat="45.122620" lon="6.024310"><ele>715.0</ele></trkpt>
<trkpt lat="45.122560" lon="6.024150"><ele>715.0</ele></trkpt>
<trkpt lat="45.122510" lon="6.023980"><ele>715.0</ele></trkpt>
<trkpt lat="45.122470" lon="6.023810"><ele>715.0</ele></trkpt>
<trkpt lat="45.122420" lon="6.023580"><ele>715.0</ele></trkpt>
<trkpt lat="45.122380" lon="6.023400"><ele>715.0</ele></trkpt>
<trkpt lat="45.122360" lon="6.023370"><ele>715.0</ele></trkpt>
<trkpt lat="45.122320" lon="6.023200"><ele>715.0</ele></trkpt>
<trkpt lat="45.122290" lon="6.023140"><ele>715.0</ele></trkpt>
<trkpt lat="45.122270" lon="6.023100"><ele>715.0</ele></trkpt>
<trkpt lat="45.122240" lon="6.023020"><ele>715.0</ele></trkpt>
<trkpt lat="45.122180" lon="6.022930"><ele>715.0</ele></trkpt>
<trkpt lat="45.122120" lon="6.022880"><ele>715.0</ele></trkpt>
<trkpt lat="45.122030" lon="6.022790"><ele>715.0</ele></trkpt>
<trkpt lat="45.122010" lon="6.022790"><ele>715.0</ele></trkpt>
<trkpt lat="45.121970" lon="6.022770"><ele>715.0</ele></trkpt>
<trkpt lat="45.121890" lon="6.022750"><ele>715.0</ele></trkpt>
<trkpt lat="45.121860" lon="6.022740"><ele>715.0</ele></trkpt>
<trkpt lat="45.121760" lon="6.022710"><ele>715.0</ele></trkpt>
<trkpt lat="45.121630" lon="6.022660"><ele>715.0</ele></trkpt>
<trkpt lat="45.121560" lon="6.022640"><ele>715.0</ele></trkpt>
<trkpt lat="45.121500" lon="6.022600"><ele>715.0</ele></trkpt>
<trkpt lat="45.121450" lon="6.022570"><ele>715.0</ele></trkpt>
<trkpt lat="45.121380" lon="6.022500"><ele>715.0</ele></trkpt>
<trkpt lat="45.121360" lon="6.022480"><ele>715.0</ele></trkpt>
<trkpt lat="45.121290" lon="6.022400"><ele>714.0</ele></trkpt>
<trkpt lat="45.121240" lon="6.022330"><ele>714.0</ele></trkpt>
<trkpt lat="45.121210" lon="6.022290"><ele>714.0</ele></trkpt>
<trkpt lat="45.121120" lon="6.022120"><ele>714.0</ele></trkpt>
<trkpt lat="45.121070" lon="6.021980"><ele>714.0</ele></trkpt>
<trkpt lat="45.121050" lon="6.021910"><ele>714.0</ele></trkpt>
<trkpt lat="45.121000" lon="6.021740"><ele>714.0</ele></trkpt>
<trkpt lat="45.120990" lon="6.021670"><ele>713.0</ele></trkpt>
<trkpt lat="45.120950" lon="6.021450"><ele>713.0</ele></trkpt>
<trkpt lat="45.120940" lon="6.021420"><ele>713.0</ele></trkpt>
<trkpt lat="45.120900" lon="6.021180"><ele>713.0</ele></trkpt>
<trkpt lat="45.120890" lon="6.021130"><ele>713.0</ele></trkpt>
<trkpt lat="45.120860" lon="6.021010"><ele>713.0</ele></trkpt>
<trkpt lat="45.120840" lon="6.020940"><ele>713.0</ele></trkpt>
<trkpt lat="45.120760" lon="6.020730"><ele>713.0</ele></trkpt>
<trkpt lat="45.120660" lon="6.020500"><ele>712.0</ele></trkpt>
<trkpt lat="45.120570" lon="6.020290"><ele>712.0</ele></trkpt>
<trkpt lat="45.120520" lon="6.020180"><ele>712.0</ele></trkpt>
<trkpt lat="45.120220" lon="6.019470"><ele>712.0</ele></trkpt>
<trkpt lat="45.119960" lon="6.018800"><ele>712.0</ele></trkpt>
<trkpt lat="45.119750" lon="6.018340"><ele>712.0</ele></trkpt>
<trkpt lat="45.119580" lon="6.018030"><ele>711.0</ele></trkpt>
<trkpt lat="45.119450" lon="6.017790"><ele>711.0</ele></trkpt>
<trkpt lat="45.119380" lon="6.017670"><ele>711.0</ele></trkpt>
<trkpt lat="45.119280" lon="6.017520"><ele>711.0</ele></trkpt>
<trkpt lat="45.119140" lon="6.017320"><ele>711.0</ele></trkpt>
<trkpt lat="45.118990" lon="6.017130"><ele>711.0</ele></trkpt>
<trkpt lat="45.118870" lon="6.016980"><ele>711.0</ele></trkpt>
<trkpt lat="45.118050" lon="6.015990"><ele>710.0</ele></trkpt>
<trkpt lat="45.117720" lon="6.015590"><ele>710.0</ele></trkpt>
<trkpt lat="45.117580" lon="6.015430"><ele>710.0</ele></trkpt>
<trkpt lat="45.117440" lon="6.015280"><ele>710.0</ele></trkpt>
<trkpt lat="45.117220" lon="6.015020"><ele>710.0</ele></trkpt>
<trkpt lat="45.117140" lon="6.014900"><ele>710.0</ele></trkpt>
<trkpt lat="45.116990" lon="6.014690"><ele>710.0</ele></trkpt>
<trkpt lat="45.116830" lon="6.014510"><ele>710.0</ele></trkpt>
<trkpt lat="45.116390" lon="6.014020"><ele>710.0</ele></trkpt>
<trkpt lat="45.115970" lon="6.013580"><ele>710.0</ele></trkpt>
<trkpt lat="45.115940" lon="6.013540"><ele>710.0</ele></trkpt>
<trkpt lat="45.115730" lon="6.013320"><ele>710.0</ele></trkpt>
<trkpt lat="45.115570" lon="6.013150"><ele>710.0</ele></trkpt>
<trkpt lat="45.115500" lon="6.013080"><ele>710.0</ele></trkpt>
<trkpt lat="45.115360" lon="6.012910"><ele>710.0</ele></trkpt>
<trkpt lat="45.115340" lon="6.012880"><ele>710.0</ele></trkpt>
<trkpt lat="45.115220" lon="6.012690"><ele>710.0</ele></trkpt>
<trkpt lat="45.115130" lon="6.012510"><ele>710.0</ele></trkpt>
<trkpt lat="45.115100" lon="6.012410"><ele>710.0</ele></trkpt>
<trkpt lat="45.115090" lon="6.012400"><ele>710.0</ele></trkpt>
<trkpt lat="45.115020" lon="6.012180"><ele>710.0</ele></trkpt>
<trkpt lat="45.114980" lon="6.011980"><ele>710.0</ele></trkpt>
<trkpt lat="45.114940" lon="6.011660"><ele>710.0</ele></trkpt>
<trkpt lat="45.114930" lon="6.011550"><ele>710.0</ele></trkpt>
<trkpt lat="45.114920" lon="6.011430"><ele>710.0</ele></trkpt>
<trkpt lat="45.114860" lon="6.010940"><ele>710.0</ele></trkpt>
<trkpt lat="45.114830" lon="6.010670"><ele>710.0</ele></trkpt>
<trkpt lat="45.114710" lon="6.009530"><ele>710.0</ele></trkpt>
<trkpt lat="45.114660" lon="6.009030"><ele>710.0</ele></trkpt>
<trkpt lat="45.114650" lon="6.008910"><ele>710.0</ele></trkpt>
<trkpt lat="45.114650" lon="6.008860"><ele>710.0</ele></trkpt>
<trkpt lat="45.114640" lon="6.008770"><ele>710.0</ele></trkpt>
<trkpt lat="45.114610" lon="6.008520"><ele>710.0</ele></trkpt>
<trkpt lat="45.114600" lon="6.008350"><ele>711.0</ele></trkpt>
<trkpt lat="45.114580" lon="6.008150"><ele>711.0</ele></trkpt>
<trkpt lat="45.114560" lon="6.008020"><ele>711.0</ele></trkpt>
<trkpt lat="45.114560" lon="6.007990"><ele>711.0</ele></trkpt>
<trkpt lat="45.114510" lon="6.007480"><ele>711.0</ele></trkpt>
<trkpt lat="45.114490" lon="6.007230"><ele>712.0</ele></trkpt>
<trkpt lat="45.114460" lon="6.006980"><ele>712.0</ele></trkpt>
<trkpt lat="45.114460" lon="6.006960"><ele>712.0</ele></trkpt>
<trkpt lat="45.114410" lon="6.006480"><ele>713.0</ele></trkpt>
<trkpt lat="45.114380" lon="6.006230"><ele>713.0</ele></trkpt>
<trkpt lat="45.114390" lon="6.006130"><ele>714.0</ele></trkpt>
<trkpt lat="45.114370" lon="6.006020"><ele>714.0</ele></trkpt>
<trkpt lat="45.114360" lon="6.005980"><ele>715.0</ele></trkpt>
<trkpt lat="45.114330" lon="6.005780"><ele>715.0</ele></trkpt>
<trkpt lat="45.114320" lon="6.005730"><ele>716.0</ele></trkpt>
<trkpt lat="45.114270" lon="6.005550"><ele>716.0</ele></trkpt>
<trkpt lat="45.114270" lon="6.005550"><ele>716.0</ele></trkpt>
<trkpt lat="45.114230" lon="6.005600"><ele>717.0</ele></trkpt>
<trkpt lat="45.114180" lon="6.005640"><ele>717.0</ele></trkpt>
<trkpt lat="45.114020" lon="6.005760"><ele>717.0</ele></trkpt>
<trkpt lat="45.114010" lon="6.005770"><ele>718.0</ele></trkpt>
<trkpt lat="45.113870" lon="6.005840"><ele>718.0</ele></trkpt>
<trkpt lat="45.113860" lon="6.005840"><ele>718.0</ele></trkpt>
<trkpt lat="45.113620" lon="6.005920"><ele>719.0</ele></trkpt>
<trkpt lat="45.113500" lon="6.005960"><ele>719.0</ele></trkpt>
<trkpt lat="45.113410" lon="6.005990"><ele>720.0</ele></trkpt>
<trkpt lat="45.113330" lon="6.006010"><ele>720.0</ele></trkpt>
<trkpt lat="45.113220" lon="6.006040"><ele>720.0</ele></trkpt>
<trkpt lat="45.112700" lon="6.006150"><ele>720.0</ele></trkpt>
<trkpt lat="45.112420" lon="6.006210"><ele>720.0</ele></trkpt>
<trkpt lat="45.110530" lon="6.006690"><ele>719.0</ele></trkpt>
<trkpt lat="45.110040" lon="6.006800"><ele>719.0</ele></trkpt>
<trkpt lat="45.109570" lon="6.006920"><ele>719.0</ele></trkpt>
<trkpt lat="45.109090" lon="6.007030"><ele>718.0</ele></trkpt>
<trkpt lat="45.108610" lon="6.007150"><ele>718.0</ele></trkpt>
<trkpt lat="45.108260" lon="6.007230"><ele>718.0</ele></trkpt>
<trkpt lat="45.107900" lon="6.007310"><ele>718.0</ele></trkpt>
<trkpt lat="45.107720" lon="6.007350"><ele>717.0</ele></trkpt>
<trkpt lat="45.107650" lon="6.007370"><ele>717.0</ele></trkpt>
<trkpt lat="45.106700" lon="6.007590"><ele>717.0</ele></trkpt>
<trkpt lat="45.105740" lon="6.007820"><ele>717.0</ele></trkpt>
<trkpt lat="45.105630" lon="6.007840"><ele>717.0</ele></trkpt>
<trkpt lat="45.105450" lon="6.007880"><ele>717.0</ele></trkpt>
<trkpt lat="45.104810" lon="6.008030"><ele>717.0</ele></trkpt>
<trkpt lat="45.104280" lon="6.008160"><ele>717.0</ele></trkpt>
<trkpt lat="45.104100" lon="6.008200"><ele>717.0</ele></trkpt>
<trkpt lat="45.103920" lon="6.008240"><ele>717.0</ele></trkpt>
<trkpt lat="45.102910" lon="6.008480"><ele>717.0</ele></trkpt>
<trkpt lat="45.101420" lon="6.008840"><ele>717.0</ele></trkpt>
<trkpt lat="45.101000" lon="6.008940"><ele>717.0</ele></trkpt>
<trkpt lat="45.099400" lon="6.009320"><ele>717.0</ele></trkpt>
<trkpt lat="45.099110" lon="6.009390"><ele>717.0</ele></trkpt>
<trkpt lat="45.098370" lon="6.009570"><ele>717.0</ele></trkpt>
<trkpt lat="45.098350" lon="6.009570"><ele>716.0</ele></trkpt>
<trkpt lat="45.098240" lon="6.009540"><ele>716.0</ele></trkpt>
<trkpt lat="45.098120" lon="6.009540"><ele>716.0</ele></trkpt>
<trkpt lat="45.097990" lon="6.009530"><ele>716.0</ele></trkpt>
<trkpt lat="45.097920" lon="6.009510"><ele>715.0</ele></trkpt>
<trkpt lat="45.097880" lon="6.009490"><ele>715.0</ele></trkpt>
<trkpt lat="45.097830" lon="6.009480"><ele>715.0</ele></trkpt>
<trkpt lat="45.097710" lon="6.009470"><ele>715.0</ele></trkpt>
<trkpt lat="45.097640" lon="6.009480"><ele>715.0</ele></trkpt>
<trkpt lat="45.097600" lon="6.009490"><ele>715.0</ele></trkpt>
<trkpt lat="45.097520" lon="6.009520"><ele>714.0</ele></trkpt>
<trkpt lat="45.097440" lon="6.009570"><ele>714.0</ele></trkpt>
<trkpt lat="45.097440" lon="6.009570"><ele>714.0</ele></trkpt>
<trkpt lat="45.097420" lon="6.009570"><ele>714.0</ele></trkpt>
<trkpt lat="45.097270" lon="6.009680"><ele>714.0</ele></trkpt>
<trkpt lat="45.097200" lon="6.009740"><ele>714.0</ele></trkpt>
<trkpt lat="45.097070" lon="6.009820"><ele>714.0</ele></trkpt>
<trkpt lat="45.097000" lon="6.009850"><ele>714.0</ele></trkpt>
<trkpt lat="45.096970" lon="6.009860"><ele>713.0</ele></trkpt>
<trkpt lat="45.096910" lon="6.009900"><ele>713.0</ele></trkpt>
<trkpt lat="45.095870" lon="6.010130"><ele>713.0</ele></trkpt>
<trkpt lat="45.095290" lon="6.010270"><ele>713.0</ele></trkpt>
<trkpt lat="45.094000" lon="6.010580"><ele>713.0</ele></trkpt>
<trkpt lat="45.093410" lon="6.010720"><ele>713.0</ele></trkpt>
<trkpt lat="45.092410" lon="6.010940"><ele>713.0</ele></trkpt>
<trkpt lat="45.092320" lon="6.010970"><ele>713.0</ele></trkpt>
<trkpt lat="45.091110" lon="6.011260"><ele>713.0</ele></trkpt>
<trkpt lat="45.090940" lon="6.011300"><ele>713.0</ele></trkpt>
<trkpt lat="45.090830" lon="6.011310"><ele>713.0</ele></trkpt>
<trkpt lat="45.090700" lon="6.011350"><ele>713.0</ele></trkpt>
<trkpt lat="45.090610" lon="6.011380"><ele>713.0</ele></trkpt>
<trkpt lat="45.090510" lon="6.011450"><ele>713.0</ele></trkpt>
<trkpt lat="45.090440" lon="6.011480"><ele>713.0</ele></trkpt>
<trkpt lat="45.090340" lon="6.011520"><ele>713.0</ele></trkpt>
<trkpt lat="45.090240" lon="6.011530"><ele>713.0</ele></trkpt>
<trkpt lat="45.090100" lon="6.011520"><ele>713.0</ele></trkpt>
<trkpt lat="45.089970" lon="6.011520"><ele>713.0</ele></trkpt>
<trkpt lat="45.089930" lon="6.011530"><ele>713.0</ele></trkpt>
<trkpt lat="45.089830" lon="6.011540"><ele>713.0</ele></trkpt>
<trkpt lat="45.089740" lon="6.011570"><ele>713.0</ele></trkpt>
<trkpt lat="45.089630" lon="6.011620"><ele>713.0</ele></trkpt>
<trkpt lat="45.088970" lon="6.011770"><ele>713.0</ele></trkpt>
<trkpt lat="45.087490" lon="6.012120"><ele>713.0</ele></trkpt>
<trkpt lat="45.085670" lon="6.012550"><ele>713.0</ele></trkpt>
<trkpt lat="45.084560" lon="6.012820"><ele>714.0</ele></trkpt>
<trkpt lat="45.084100" lon="6.012920"><ele>714.0</ele></trkpt>
<trkpt lat="45.082160" lon="6.013380"><ele>714.0</ele></trkpt>
<trkpt lat="45.081740" lon="6.013490"><ele>714.0</ele></trkpt>
<trkpt lat="45.080380" lon="6.013810"><ele>714.0</ele></trkpt>
<trkpt lat="45.079360" lon="6.014060"><ele>714.0</ele></trkpt>
<trkpt lat="45.078930" lon="6.014150"><ele>714.0</ele></trkpt>
<trkpt lat="45.078400" lon="6.014280"><ele>714.0</ele></trkpt>
<trkpt lat="45.078050" lon="6.014370"><ele>715.0</ele></trkpt>
<trkpt lat="45.077870" lon="6.014410"><ele>715.0</ele></trkpt>
<trkpt lat="45.077430" lon="6.014510"><ele>716.0</ele></trkpt>
<trkpt lat="45.076980" lon="6.014620"><ele>716.0</ele></trkpt>
<trkpt lat="45.076810" lon="6.014660"><ele>717.0</ele></trkpt>
<trkpt lat="45.076490" lon="6.014740"><ele>717.0</ele></trkpt>
<trkpt lat="45.076350" lon="6.014800"><ele>718.0</ele></trkpt>
<trkpt lat="45.076270" lon="6.014830"><ele>718.0</ele></trkpt>
<trkpt lat="45.076210" lon="6.014860"><ele>718.0</ele></trkpt>
<trkpt lat="45.076090" lon="6.014940"><ele>719.0</ele></trkpt>
<trkpt lat="45.075900" lon="6.015080"><ele>719.0</ele></trkpt>
<trkpt lat="45.075200" lon="6.015630"><ele>720.0</ele></trkpt>
<trkpt lat="45.074480" lon="6.016200"><ele>721.0</ele></trkpt>
<trkpt lat="45.074180" lon="6.016410"><ele>721.0</ele></trkpt>
<trkpt lat="45.074130" lon="6.016440"><ele>722.0</ele></trkpt>
<trkpt lat="45.074080" lon="6.016480"><ele>722.0</ele></trkpt>
<trkpt lat="45.073980" lon="6.016560"><ele>722.0</ele></trkpt>
<trkpt lat="45.073820" lon="6.016690"><ele>722.0</ele></trkpt>
<trkpt lat="45.073670" lon="6.016810"><ele>722.0</ele></trkpt>
<trkpt lat="45.073670" lon="6.016820"><ele>722.0</ele></trkpt>
<trkpt lat="45.073540" lon="6.016920"><ele>722.0</ele></trkpt>
<trkpt lat="45.073330" lon="6.017050"><ele>722.0</ele></trkpt>
<trkpt lat="45.073090" lon="6.017230"><ele>722.0</ele></trkpt>
<trkpt lat="45.072830" lon="6.017420"><ele>722.0</ele></trkpt>
<trkpt lat="45.072790" lon="6.017450"><ele>723.0</ele></trkpt>
<trkpt lat="45.072580" lon="6.017590"><ele>724.0</ele></trkpt>
<trkpt lat="45.072230" lon="6.017830"><ele>725.0</ele></trkpt>
<trkpt lat="45.072090" lon="6.017920"><ele>727.0</ele></trkpt>
<trkpt lat="45.071660" lon="6.018300"><ele>730.0</ele></trkpt>
<trkpt lat="45.071190" lon="6.018680"><ele>734.0</ele></trkpt>
<trkpt lat="45.070860" lon="6.018920"><ele>735.0</ele></trkpt>
<trkpt lat="45.070720" lon="6.019030"><ele>735.0</ele></trkpt>
<trkpt lat="45.070620" lon="6.019120"><ele>734.0</ele></trkpt>
<trkpt lat="45.070530" lon="6.019190"><ele>733.0</ele></trkpt>
<trkpt lat="45.070140" lon="6.019480"><ele>731.0</ele></trkpt>
<trkpt lat="45.069920" lon="6.019650"><ele>728.0</ele></trkpt>
<trkpt lat="45.069720" lon="6.019800"><ele>725.0</ele></trkpt>
<trkpt lat="45.069510" lon="6.019960"><ele>722.0</ele></trkpt>
<trkpt lat="45.069380" lon="6.020090"><ele>720.0</ele></trkpt>
<trkpt lat="45.068430" lon="6.020810"><ele>719.0</ele></trkpt>
<trkpt lat="45.068270" lon="6.020930"><ele>718.0</ele></trkpt>
<trkpt lat="45.068060" lon="6.021090"><ele>717.0</ele></trkpt>
<trkpt lat="45.066960" lon="6.021960"><ele>717.0</ele></trkpt>
<trkpt lat="45.066410" lon="6.022390"><ele>716.0</ele></trkpt>
<trkpt lat="45.065780" lon="6.022850"><ele>716.0</ele></trkpt>
<trkpt lat="45.065130" lon="6.023330"><ele>716.0</ele></trkpt>
<trkpt lat="45.064710" lon="6.023650"><ele>716.0</ele></trkpt>
<trkpt lat="45.064490" lon="6.023820"><ele>715.0</ele></trkpt>
<trkpt lat="45.064390" lon="6.023900"><ele>715.0</ele></trkpt>
<trkpt lat="45.064060" lon="6.024170"><ele>715.0</ele></trkpt>
<trkpt lat="45.063930" lon="6.024250"><ele>715.0</ele></trkpt>
<trkpt lat="45.063830" lon="6.024320"><ele>715.0</ele></trkpt>
<trkpt lat="45.063670" lon="6.024390"><ele>715.0</ele></trkpt>
<trkpt lat="45.063670" lon="6.024390"><ele>715.0</ele></trkpt>
<trkpt lat="45.063650" lon="6.024390"><ele>715.0</ele></trkpt>
<trkpt lat="45.063630" lon="6.024380"><ele>715.0</ele></trkpt>
<trkpt lat="45.063610" lon="6.024380"><ele>715.0</ele></trkpt>
<trkpt lat="45.063600" lon="6.024370"><ele>715.0</ele></trkpt>
<trkpt lat="45.063580" lon="6.024370"><ele>715.0</ele></trkpt>
<trkpt lat="45.063570" lon="6.024380"><ele>715.0</ele></trkpt>
<trkpt lat="45.063550" lon="6.024380"><ele>715.0</ele></trkpt>
<trkpt lat="45.063540" lon="6.024390"><ele>715.0</ele></trkpt>
<trkpt lat="45.063520" lon="6.024390"><ele>715.0</ele></trkpt>
<trkpt lat="45.063510" lon="6.024400"><ele>715.0</ele></trkpt>
<trkpt lat="45.063500" lon="6.024410"><ele>715.0</ele></trkpt>
<trkpt lat="45.063490" lon="6.024420"><ele>715.0</ele></trkpt>
<trkpt lat="45.063480" lon="6.024430"><ele>715.0</ele></trkpt>
<trkpt lat="45.063460" lon="6.024440"><ele>715.0</ele></trkpt>
<trkpt lat="45.063460" lon="6.024460"><ele>715.0</ele></trkpt>
<trkpt lat="45.063450" lon="6.024470"><ele>715.0</ele></trkpt>
<trkpt lat="45.063430" lon="6.024500"><ele>715.0</ele></trkpt>
<trkpt lat="45.063420" lon="6.024520"><ele>715.0</ele></trkpt>
<trkpt lat="45.063420" lon="6.024540"><ele>715.0</ele></trkpt>
<trkpt lat="45.063410" lon="6.024560"><ele>715.0</ele></trkpt>
<trkpt lat="45.063410" lon="6.024580"><ele>715.0</ele></trkpt>
<trkpt lat="45.063410" lon="6.024600"><ele>715.0</ele></trkpt>
<trkpt lat="45.063400" lon="6.024620"><ele>715.0</ele></trkpt>
<trkpt lat="45.063400" lon="6.024640"><ele>715.0</ele></trkpt>
<trkpt lat="45.063350" lon="6.024680"><ele>715.0</ele></trkpt>
<trkpt lat="45.063280" lon="6.024740"><ele>715.0</ele></trkpt>
<trkpt lat="45.063200" lon="6.024790"><ele>715.0</ele></trkpt>
<trkpt lat="45.063130" lon="6.024820"><ele>715.0</ele></trkpt>
<trkpt lat="45.062980" lon="6.024950"><ele>715.0</ele></trkpt>
<trkpt lat="45.062870" lon="6.025020"><ele>715.0</ele></trkpt>
<trkpt lat="45.062820" lon="6.025090"><ele>715.0</ele></trkpt>
<trkpt lat="45.062690" lon="6.025190"><ele>715.0</ele></trkpt>
<trkpt lat="45.062330" lon="6.025440"><ele>715.0</ele></trkpt>
<trkpt lat="45.062240" lon="6.025510"><ele>715.0</ele></trkpt>
<trkpt lat="45.062100" lon="6.025620"><ele>715.0</ele></trkpt>
<trkpt lat="45.061940" lon="6.025740"><ele>715.0</ele></trkpt>
<trkpt lat="45.061620" lon="6.025980"><ele>715.0</ele></trkpt>
<trkpt lat="45.061120" lon="6.026370"><ele>715.0</ele></trkpt>
<trkpt lat="45.060540" lon="6.026830"><ele>715.0</ele></trkpt>
<trkpt lat="45.060040" lon="6.027220"><ele>715.0</ele></trkpt>
<trkpt lat="45.059830" lon="6.027380"><ele>715.0</ele></trkpt>
<trkpt lat="45.058900" lon="6.028110"><ele>715.0</ele></trkpt>
<trkpt lat="45.058890" lon="6.028120"><ele>716.0</ele></trkpt>
<trkpt lat="45.058570" lon="6.028360"><ele>717.0</ele></trkpt>
<trkpt lat="45.058200" lon="6.028640"><ele>717.0</ele></trkpt>
<trkpt lat="45.058090" lon="6.028700"><ele>718.0</ele></trkpt>
<trkpt lat="45.057700" lon="6.028980"><ele>718.0</ele></trkpt>
<trkpt lat="45.057660" lon="6.029010"><ele>718.0</ele></trkpt>
<trkpt lat="45.057630" lon="6.029040"><ele>718.0</ele></trkpt>
<trkpt lat="45.057460" lon="6.029150"><ele>718.0</ele></trkpt>
<trkpt lat="45.057340" lon="6.029230"><ele>718.0</ele></trkpt>
<trkpt lat="45.057300" lon="6.029250"><ele>718.0</ele></trkpt>
<trkpt lat="45.057070" lon="6.029390"><ele>718.0</ele></trkpt>
<trkpt lat="45.056800" lon="6.029480"><ele>718.0</ele></trkpt>
<trkpt lat="45.056630" lon="6.029530"><ele>718.0</ele></trkpt>
<trkpt lat="45.056550" lon="6.029550"><ele>718.0</ele></trkpt>
<trkpt lat="45.056270" lon="6.029580"><ele>718.0</ele></trkpt>
<trkpt lat="45.056070" lon="6.029630"><ele>718.0</ele></trkpt>
<trkpt lat="45.055970" lon="6.029650"><ele>718.0</ele></trkpt>
<trkpt lat="45.055820" lon="6.029680"><ele>718.0</ele></trkpt>
<trkpt lat="45.055660" lon="6.029690"><ele>718.0</ele></trkpt>
<trkpt lat="45.055620" lon="6.029690"><ele>718.0</ele></trkpt>
<trkpt lat="45.055530" lon="6.029700"><ele>718.0</ele></trkpt>
<trkpt lat="45.055360" lon="6.029750"><ele>718.0</ele></trkpt>
<trkpt lat="45.055260" lon="6.029770"><ele>718.0</ele></trkpt>
<trkpt lat="45.055200" lon="6.029790"><ele>718.0</ele></trkpt>
<trkpt lat="45.055160" lon="6.029810"><ele>718.0</ele></trkpt>
<trkpt lat="45.055110" lon="6.029850"><ele>718.0</ele></trkpt>
<trkpt lat="45.055110" lon="6.029850"><ele>718.0</ele></trkpt>
<trkpt lat="45.055080" lon="6.029930"><ele>718.0</ele></trkpt>
<trkpt lat="45.055020" lon="6.030060"><ele>718.0</ele></trkpt>
<trkpt lat="45.055000" lon="6.030140"><ele>718.0</ele></trkpt>
<trkpt lat="45.054980" lon="6.030260"><ele>718.0</ele></trkpt>
<trkpt lat="45.054970" lon="6.030290"><ele>718.0</ele></trkpt>
<trkpt lat="45.054910" lon="6.030720"><ele>718.0</ele></trkpt>
<trkpt lat="45.054910" lon="6.030720"><ele>718.0</ele></trkpt>
<trkpt lat="45.054910" lon="6.030750"><ele>718.0</ele></trkpt>
<trkpt lat="45.054870" lon="6.031000"><ele>718.0</ele></trkpt>
<trkpt lat="45.054850" lon="6.031190"><ele>718.0</ele></trkpt>
<trkpt lat="45.054820" lon="6.031430"><ele>718.0</ele></trkpt>
<trkpt lat="45.054800" lon="6.031530"><ele>718.0</ele></trkpt>
<trkpt lat="45.054780" lon="6.031700"><ele>718.0</ele></trkpt>
<trkpt lat="45.054770" lon="6.031780"><ele>718.0</ele></trkpt>
<trkpt lat="45.054760" lon="6.031930"><ele>718.0</ele></trkpt>
<trkpt lat="45.054760" lon="6.031980"><ele>718.0</ele></trkpt>
<trkpt lat="45.054770" lon="6.032030"><ele>718.0</ele></trkpt>
<trkpt lat="45.054780" lon="6.032080"><ele>718.0</ele></trkpt>
<trkpt lat="45.054800" lon="6.032140"><ele>718.0</ele></trkpt>
<trkpt lat="45.054810" lon="6.032190"><ele>718.0</ele></trkpt>
<trkpt lat="45.054840" lon="6.032270"><ele>718.0</ele></trkpt>
<trkpt lat="45.054870" lon="6.032350"><ele>718.0</ele></trkpt>
<trkpt lat="45.054920" lon="6.032470"><ele>718.0</ele></trkpt>
<trkpt lat="45.054970" lon="6.032560"><ele>718.0</ele></trkpt>
<trkpt lat="45.055020" lon="6.032650"><ele>718.0</ele></trkpt>
<trkpt lat="45.055080" lon="6.032720"><ele>718.0</ele></trkpt>
<trkpt lat="45.055110" lon="6.032770"><ele>718.0</ele></trkpt>
<trkpt lat="45.055310" lon="6.033020"><ele>718.0</ele></trkpt>
<trkpt lat="45.055640" lon="6.033410"><ele>718.0</ele></trkpt>
<trkpt lat="45.055900" lon="6.033700"><ele>717.0</ele></trkpt>
<trkpt lat="45.056050" lon="6.033880"><ele>717.0</ele></trkpt>
<trkpt lat="45.056320" lon="6.034180"><ele>717.0</ele></trkpt>
<trkpt lat="45.056450" lon="6.034310"><ele>717.0</ele></trkpt>
<trkpt lat="45.056560" lon="6.034430"><ele>717.0</ele></trkpt>
<trkpt lat="45.056590" lon="6.034460"><ele>717.0</ele></trkpt>
<trkpt lat="45.056850" lon="6.034720"><ele>717.0</ele></trkpt>
<trkpt lat="45.056910" lon="6.034790"><ele>717.0</ele></trkpt>
<trkpt lat="45.056980" lon="6.034870"><ele>717.0</ele></trkpt>
<trkpt lat="45.057120" lon="6.035030"><ele>716.0</ele></trkpt>
<trkpt lat="45.057390" lon="6.035360"><ele>716.0</ele></trkpt>
<trkpt lat="45.057880" lon="6.035870"><ele>716.0</ele></trkpt>
<trkpt lat="45.057900" lon="6.035900"><ele>716.0</ele></trkpt>
<trkpt lat="45.058190" lon="6.036260"><ele>715.0</ele></trkpt>
<trkpt lat="45.058380" lon="6.036580"><ele>715.0</ele></trkpt>
<trkpt lat="45.058460" lon="6.036700"><ele>715.0</ele></trkpt>
<trkpt lat="45.058500" lon="6.036760"><ele>715.0</ele></trkpt>
<trkpt lat="45.058570" lon="6.036870"><ele>715.0</ele></trkpt>
<trkpt lat="45.058620" lon="6.036950"><ele>715.0</ele></trkpt>
<trkpt lat="45.058690" lon="6.037060"><ele>715.0</ele></trkpt>
<trkpt lat="45.058740" lon="6.037140"><ele>715.0</ele></trkpt>
<trkpt lat="45.058840" lon="6.037310"><ele>715.0</ele></trkpt>
<trkpt lat="45.058860" lon="6.037360"><ele>715.0</ele></trkpt>
<trkpt lat="45.058890" lon="6.037420"><ele>715.0</ele></trkpt>
<trkpt lat="45.058930" lon="6.037510"><ele>715.0</ele></trkpt>
<trkpt lat="45.059020" lon="6.037660"><ele>715.0</ele></trkpt>
<trkpt lat="45.059070" lon="6.037770"><ele>715.0</ele></trkpt>
<trkpt lat="45.059070" lon="6.037770"><ele>715.0</ele></trkpt>
<trkpt lat="45.059070" lon="6.037790"><ele>715.0</ele></trkpt>
<trkpt lat="45.059070" lon="6.037810"><ele>715.0</ele></trkpt>
<trkpt lat="45.059070" lon="6.037820"><ele>715.0</ele></trkpt>
<trkpt lat="45.059070" lon="6.037840"><ele>715.0</ele></trkpt>
<trkpt lat="45.059070" lon="6.037860"><ele>715.0</ele></trkpt>
<trkpt lat="45.059080" lon="6.037880"><ele>715.0</ele></trkpt>
<trkpt lat="45.059080" lon="6.037900"><ele>715.0</ele></trkpt>
<trkpt lat="45.059090" lon="6.037910"><ele>715.0</ele></trkpt>
<trkpt lat="45.059090" lon="6.037930"><ele>715.0</ele></trkpt>
<trkpt lat="45.059100" lon="6.037950"><ele>715.0</ele></trkpt>
<trkpt lat="45.059110" lon="6.037960"><ele>715.0</ele></trkpt>
<trkpt lat="45.059110" lon="6.037980"><ele>715.0</ele></trkpt>
<trkpt lat="45.059120" lon="6.037990"><ele>715.0</ele></trkpt>
<trkpt lat="45.059130" lon="6.038000"><ele>715.0</ele></trkpt>
<trkpt lat="45.059140" lon="6.038010"><ele>715.0</ele></trkpt>
<trkpt lat="45.059150" lon="6.038020"><ele>715.0</ele></trkpt>
<trkpt lat="45.059170" lon="6.038030"><ele>715.0</ele></trkpt>
<trkpt lat="45.059180" lon="6.038040"><ele>715.0</ele></trkpt>
<trkpt lat="45.059190" lon="6.038040"><ele>715.0</ele></trkpt>
<trkpt lat="45.059200" lon="6.038050"><ele>715.0</ele></trkpt>
<trkpt lat="45.059210" lon="6.038050"><ele>715.0</ele></trkpt>
<trkpt lat="45.059230" lon="6.038050"><ele>715.0</ele></trkpt>
<trkpt lat="45.059250" lon="6.038050"><ele>715.0</ele></trkpt>
<trkpt lat="45.059260" lon="6.038050"><ele>715.0</ele></trkpt>
<trkpt lat="45.059280" lon="6.038050"><ele>715.0</ele></trkpt>
<trkpt lat="45.059290" lon="6.038040"><ele>715.0</ele></trkpt>
<trkpt lat="45.059300" lon="6.038040"><ele>715.0</ele></trkpt>
<trkpt lat="45.059310" lon="6.038030"><ele>715.0</ele></trkpt>
<trkpt lat="45.059320" lon="6.038020"><ele>715.0</ele></trkpt>
<trkpt lat="45.059340" lon="6.038010"><ele>715.0</ele></trkpt>
<trkpt lat="45.059350" lon="6.038000"><ele>715.0</ele></trkpt>
<trkpt lat="45.059360" lon="6.037990"><ele>715.0</ele></trkpt>
<trkpt lat="45.059360" lon="6.037980"><ele>715.0</ele></trkpt>
<trkpt lat="45.059370" lon="6.037960"><ele>715.0</ele></trkpt>
<trkpt lat="45.059380" lon="6.037950"><ele>715.0</ele></trkpt>
<trkpt lat="45.059390" lon="6.037930"><ele>715.0</ele></trkpt>
<trkpt lat="45.059390" lon="6.037920"><ele>715.0</ele></trkpt>
<trkpt lat="45.059400" lon="6.037900"><ele>715.0</ele></trkpt>
<trkpt lat="45.059470" lon="6.037860"><ele>715.0</ele></trkpt>
<trkpt lat="45.059520" lon="6.037840"><ele>715.0</ele></trkpt>
<trkpt lat="45.059620" lon="6.037830"><ele>715.0</ele></trkpt>
<trkpt lat="45.059760" lon="6.037780"><ele>715.0</ele></trkpt>
<trkpt lat="45.060070" lon="6.037760"><ele>715.0</ele></trkpt>
<trkpt lat="45.060170" lon="6.037740"><ele>715.0</ele></trkpt>
<trkpt lat="45.060280" lon="6.037710"><ele>715.0</ele></trkpt>
<trkpt lat="45.060340" lon="6.037690"><ele>715.0</ele></trkpt>
<trkpt lat="45.060480" lon="6.037650"><ele>715.0</ele></trkpt>
<trkpt lat="45.060660" lon="6.037610"><ele>715.0</ele></trkpt>
<trkpt lat="45.060820" lon="6.037580"><ele>715.0</ele></trkpt>
<trkpt lat="45.061120" lon="6.037510"><ele>715.0</ele></trkpt>
<trkpt lat="45.061400" lon="6.037430"><ele>715.0</ele></trkpt>
<trkpt lat="45.061670" lon="6.037330"><ele>715.0</ele></trkpt>
<trkpt lat="45.061930" lon="6.037200"><ele>716.0</ele></trkpt>
<trkpt lat="45.062140" lon="6.037080"><ele>716.0</ele></trkpt>
<trkpt lat="45.062290" lon="6.037000"><ele>716.0</ele></trkpt>
<trkpt lat="45.062330" lon="6.036990"><ele>716.0</ele></trkpt>
<trkpt lat="45.062380" lon="6.036980"><ele>716.0</ele></trkpt>
<trkpt lat="45.062420" lon="6.036970"><ele>716.0</ele></trkpt>
<trkpt lat="45.062470" lon="6.036970"><ele>716.0</ele></trkpt>
<trkpt lat="45.062530" lon="6.036980"><ele>716.0</ele></trkpt>
<trkpt lat="45.062600" lon="6.036990"><ele>716.0</ele></trkpt>
<trkpt lat="45.062680" lon="6.037010"><ele>716.0</ele></trkpt>
<trkpt lat="45.062820" lon="6.037050"><ele>716.0</ele></trkpt>
<trkpt lat="45.062880" lon="6.037070"><ele>716.0</ele></trkpt>
<trkpt lat="45.062960" lon="6.037180"><ele>716.0</ele></trkpt>
<trkpt lat="45.063130" lon="6.037400"><ele>716.0</ele></trkpt>
<trkpt lat="45.063240" lon="6.037560"><ele>717.0</ele></trkpt>
<trkpt lat="45.063370" lon="6.037740"><ele>717.0</ele></trkpt>
<trkpt lat="45.063620" lon="6.038100"><ele>717.0</ele></trkpt>
<trkpt lat="45.063670" lon="6.038170"><ele>718.0</ele></trkpt>
<trkpt lat="45.063710" lon="6.038220"><ele>718.0</ele></trkpt>
<trkpt lat="45.063830" lon="6.038410"><ele>718.0</ele></trkpt>
<trkpt lat="45.063920" lon="6.038540"><ele>718.0</ele></trkpt>
<trkpt lat="45.064080" lon="6.038770"><ele>719.0</ele></trkpt>
<trkpt lat="45.064120" lon="6.038820"><ele>719.0</ele></trkpt>
<trkpt lat="45.064210" lon="6.038950"><ele>719.0</ele></trkpt>
<trkpt lat="45.064260" lon="6.039030"><ele>720.0</ele></trkpt>
<trkpt lat="45.064330" lon="6.039110"><ele>720.0</ele></trkpt>
<trkpt lat="45.064390" lon="6.039200"><ele>720.0</ele></trkpt>
<trkpt lat="45.064430" lon="6.039260"><ele>720.0</ele></trkpt>
<trkpt lat="45.064550" lon="6.039430"><ele>721.0</ele></trkpt>
<trkpt lat="45.064810" lon="6.039790"><ele>722.0</ele></trkpt>
<trkpt lat="45.064840" lon="6.039840"><ele>723.0</ele></trkpt>
<trkpt lat="45.064970" lon="6.040010"><ele>724.0</ele></trkpt>
<trkpt lat="45.065050" lon="6.040090"><ele>724.0</ele></trkpt>
<trkpt lat="45.065080" lon="6.040110"><ele>725.0</ele></trkpt>
<trkpt lat="45.065120" lon="6.040130"><ele>726.0</ele></trkpt>
<trkpt lat="45.065130" lon="6.040130"><ele>726.0</ele></trkpt>
<trkpt lat="45.065170" lon="6.040130"><ele>726.0</ele></trkpt>
<trkpt lat="45.065250" lon="6.040130"><ele>727.0</ele></trkpt>
<trkpt lat="45.065310" lon="6.040120"><ele>727.0</ele></trkpt>
<trkpt lat="45.065400" lon="6.040100"><ele>727.0</ele></trkpt>
<trkpt lat="45.065480" lon="6.040060"><ele>728.0</ele></trkpt>
<trkpt lat="45.065650" lon="6.039990"><ele>729.0</ele></trkpt>
<trkpt lat="45.065680" lon="6.039980"><ele>729.0</ele></trkpt>
<trkpt lat="45.065820" lon="6.039920"><ele>730.0</ele></trkpt>
<trkpt lat="45.065830" lon="6.039920"><ele>730.0</ele></trkpt>
<trkpt lat="45.066000" lon="6.039850"><ele>731.0</ele></trkpt>
<trkpt lat="45.066090" lon="6.039810"><ele>732.0</ele></trkpt>
<trkpt lat="45.066150" lon="6.039780"><ele>732.0</ele></trkpt>
<trkpt lat="45.066150" lon="6.039780"><ele>733.0</ele></trkpt>
<trkpt lat="45.066390" lon="6.039690"><ele>734.0</ele></trkpt>
<trkpt lat="45.066700" lon="6.039600"><ele>735.0</ele></trkpt>
<trkpt lat="45.066720" lon="6.039590"><ele>736.0</ele></trkpt>
<trkpt lat="45.067040" lon="6.039540"><ele>738.0</ele></trkpt>
<trkpt lat="45.067050" lon="6.039540"><ele>739.0</ele></trkpt>
<trkpt lat="45.067230" lon="6.039510"><ele>740.0</ele></trkpt>
<trkpt lat="45.067380" lon="6.039490"><ele>741.0</ele></trkpt>
<trkpt lat="45.067690" lon="6.039450"><ele>742.0</ele></trkpt>
<trkpt lat="45.067820" lon="6.039420"><ele>744.0</ele></trkpt>
<trkpt lat="45.067930" lon="6.039370"><ele>745.0</ele></trkpt>
<trkpt lat="45.067940" lon="6.039370"><ele>746.0</ele></trkpt>
<trkpt lat="45.067960" lon="6.039360"><ele>747.0</ele></trkpt>
<trkpt lat="45.068110" lon="6.039300"><ele>747.0</ele></trkpt>
<trkpt lat="45.068110" lon="6.039290"><ele>748.0</ele></trkpt>
<trkpt lat="45.068270" lon="6.039250"><ele>749.0</ele></trkpt>
<trkpt lat="45.068350" lon="6.039250"><ele>750.0</ele></trkpt>
<trkpt lat="45.068440" lon="6.039270"><ele>750.0</ele></trkpt>
<trkpt lat="45.068540" lon="6.039300"><ele>751.0</ele></trkpt>
<trkpt lat="45.068680" lon="6.039320"><ele>752.0</ele></trkpt>
<trkpt lat="45.068900" lon="6.039290"><ele>753.0</ele></trkpt>
<trkpt lat="45.069100" lon="6.039230"><ele>755.0</ele></trkpt>
<trkpt lat="45.069180" lon="6.039210"><ele>756.0</ele></trkpt>
<trkpt lat="45.069280" lon="6.039180"><ele>757.0</ele></trkpt>
<trkpt lat="45.069350" lon="6.039140"><ele>758.0</ele></trkpt>
<trkpt lat="45.069400" lon="6.039110"><ele>759.0</ele></trkpt>
<trkpt lat="45.069520" lon="6.039040"><ele>760.0</ele></trkpt>
<trkpt lat="45.069620" lon="6.038990"><ele>761.0</ele></trkpt>
<trkpt lat="45.069680" lon="6.038950"><ele>762.0</ele></trkpt>
<trkpt lat="45.069820" lon="6.038860"><ele>764.0</ele></trkpt>
<trkpt lat="45.069850" lon="6.038850"><ele>765.0</ele></trkpt>
<trkpt lat="45.070050" lon="6.038770"><ele>767.0</ele></trkpt>
<trkpt lat="45.070240" lon="6.038720"><ele>770.0</ele></trkpt>
<trkpt lat="45.070390" lon="6.038710"><ele>773.0</ele></trkpt>
<trkpt lat="45.070490" lon="6.038710"><ele>776.0</ele></trkpt>
<trkpt lat="45.070510" lon="6.038710"><ele>778.0</ele></trkpt>
<trkpt lat="45.070540" lon="6.038720"><ele>779.0</ele></trkpt>
<trkpt lat="45.070730" lon="6.038750"><ele>782.0</ele></trkpt>
<trkpt lat="45.070940" lon="6.038810"><ele>785.0</ele></trkpt>
<trkpt lat="45.071080" lon="6.038860"><ele>788.0</ele></trkpt>
<trkpt lat="45.071090" lon="6.038870"><ele>790.0</ele></trkpt>
<trkpt lat="45.071200" lon="6.038910"><ele>792.0</ele></trkpt>
<trkpt lat="45.071260" lon="6.038920"><ele>794.0</ele></trkpt>
<trkpt lat="45.071500" lon="6.038980"><ele>797.0</ele></trkpt>
<trkpt lat="45.071720" lon="6.039020"><ele>799.0</ele></trkpt>
<trkpt lat="45.071790" lon="6.039040"><ele>800.0</ele></trkpt>
<trkpt lat="45.071820" lon="6.039050"><ele>802.0</ele></trkpt>
<trkpt lat="45.071860" lon="6.039090"><ele>802.0</ele></trkpt>
<trkpt lat="45.071870" lon="6.039100"><ele>803.0</ele></trkpt>
<trkpt lat="45.071880" lon="6.039120"><ele>803.0</ele></trkpt>
<trkpt lat="45.071880" lon="6.039130"><ele>803.0</ele></trkpt>
<trkpt lat="45.071890" lon="6.039160"><ele>804.0</ele></trkpt>
<trkpt lat="45.071890" lon="6.039210"><ele>804.0</ele></trkpt>
<trkpt lat="45.071890" lon="6.039230"><ele>804.0</ele></trkpt>
<trkpt lat="45.071880" lon="6.039270"><ele>804.0</ele></trkpt>
<trkpt lat="45.071870" lon="6.039270"><ele>804.0</ele></trkpt>
<trkpt lat="45.071870" lon="6.039280"><ele>804.0</ele></trkpt>
<trkpt lat="45.071860" lon="6.039280"><ele>804.0</ele></trkpt>
<trkpt lat="45.071840" lon="6.039300"><ele>804.0</ele></trkpt>
<trkpt lat="45.071830" lon="6.039300"><ele>804.0</ele></trkpt>
<trkpt lat="45.071820" lon="6.039310"><ele>805.0</ele></trkpt>
<trkpt lat="45.071770" lon="6.039300"><ele>805.0</ele></trkpt>
<trkpt lat="45.071700" lon="6.039290"><ele>805.0</ele></trkpt>
<trkpt lat="45.071660" lon="6.039280"><ele>805.0</ele></trkpt>
<trkpt lat="45.071590" lon="6.039250"><ele>805.0</ele></trkpt>
<trkpt lat="45.071490" lon="6.039220"><ele>805.0</ele></trkpt>
<trkpt lat="45.071460" lon="6.039210"><ele>806.0</ele></trkpt>
<trkpt lat="45.071410" lon="6.039200"><ele>806.0</ele></trkpt>
<trkpt lat="45.071310" lon="6.039170"><ele>806.0</ele></trkpt>
<trkpt lat="45.071240" lon="6.039150"><ele>806.0</ele></trkpt>
<trkpt lat="45.071140" lon="6.039130"><ele>807.0</ele></trkpt>
<trkpt lat="45.071120" lon="6.039130"><ele>807.0</ele></trkpt>
<trkpt lat="45.070940" lon="6.039140"><ele>807.0</ele></trkpt>
<trkpt lat="45.070730" lon="6.039210"><ele>808.0</ele></trkpt>
<trkpt lat="45.070540" lon="6.039310"><ele>808.0</ele></trkpt>
<trkpt lat="45.070440" lon="6.039370"><ele>809.0</ele></trkpt>
<trkpt lat="45.070360" lon="6.039420"><ele>811.0</ele></trkpt>
<trkpt lat="45.070220" lon="6.039550"><ele>813.0</ele></trkpt>
<trkpt lat="45.070140" lon="6.039650"><ele>815.0</ele></trkpt>
<trkpt lat="45.070020" lon="6.039810"><ele>817.0</ele></trkpt>
<trkpt lat="45.070010" lon="6.039820"><ele>819.0</ele></trkpt>
<trkpt lat="45.069910" lon="6.039970"><ele>821.0</ele></trkpt>
<trkpt lat="45.069840" lon="6.040050"><ele>823.0</ele></trkpt>
<trkpt lat="45.069740" lon="6.040150"><ele>825.0</ele></trkpt>
<trkpt lat="45.069690" lon="6.040190"><ele>827.0</ele></trkpt>
<trkpt lat="45.069600" lon="6.040300"><ele>829.0</ele></trkpt>
<trkpt lat="45.069540" lon="6.040380"><ele>831.0</ele></trkpt>
<trkpt lat="45.069510" lon="6.040420"><ele>832.0</ele></trkpt>
<trkpt lat="45.069480" lon="6.040490"><ele>834.0</ele></trkpt>
<trkpt lat="45.069430" lon="6.040580"><ele>835.0</ele></trkpt>
<trkpt lat="45.069410" lon="6.040610"><ele>836.0</ele></trkpt>
<trkpt lat="45.069360" lon="6.040690"><ele>838.0</ele></trkpt>
<trkpt lat="45.069340" lon="6.040730"><ele>839.0</ele></trkpt>
<trkpt lat="45.069260" lon="6.040820"><ele>840.0</ele></trkpt>
<trkpt lat="45.069180" lon="6.040880"><ele>842.0</ele></trkpt>
<trkpt lat="45.068940" lon="6.040940"><ele>844.0</ele></trkpt>
<trkpt lat="45.068700" lon="6.040990"><ele>847.0</ele></trkpt>
<trkpt lat="45.068620" lon="6.041010"><ele>849.0</ele></trkpt>
<trkpt lat="45.068520" lon="6.041030"><ele>850.0</ele></trkpt>
<trkpt lat="45.068490" lon="6.041030"><ele>851.0</ele></trkpt>
<trkpt lat="45.068340" lon="6.041060"><ele>852.0</ele></trkpt>
<trkpt lat="45.068260" lon="6.041080"><ele>853.0</ele></trkpt>
<trkpt lat="45.068170" lon="6.041120"><ele>854.0</ele></trkpt>
<trkpt lat="45.067990" lon="6.041200"><ele>855.0</ele></trkpt>
<trkpt lat="45.067670" lon="6.041350"><ele>857.0</ele></trkpt>
<trkpt lat="45.067320" lon="6.041560"><ele>859.0</ele></trkpt>
<trkpt lat="45.067160" lon="6.041660"><ele>861.0</ele></trkpt>
<trkpt lat="45.066990" lon="6.041770"><ele>863.0</ele></trkpt>
<trkpt lat="45.066830" lon="6.041880"><ele>865.0</ele></trkpt>
<trkpt lat="45.066810" lon="6.041890"><ele>866.0</ele></trkpt>
<trkpt lat="45.066760" lon="6.041920"><ele>867.0</ele></trkpt>
<trkpt lat="45.066660" lon="6.041970"><ele>868.0</ele></trkpt>
<trkpt lat="45.066590" lon="6.042020"><ele>868.0</ele></trkpt>
<trkpt lat="45.066500" lon="6.042060"><ele>869.0</ele></trkpt>
<trkpt lat="45.066480" lon="6.042070"><ele>870.0</ele></trkpt>
<trkpt lat="45.066470" lon="6.042070"><ele>870.0</ele></trkpt>
<trkpt lat="45.066460" lon="6.042090"><ele>870.0</ele></trkpt>
<trkpt lat="45.066450" lon="6.042100"><ele>871.0</ele></trkpt>
<trkpt lat="45.066440" lon="6.042110"><ele>871.0</ele></trkpt>
<trkpt lat="45.066440" lon="6.042120"><ele>871.0</ele></trkpt>
<trkpt lat="45.066430" lon="6.042130"><ele>871.0</ele></trkpt>
<trkpt lat="45.066430" lon="6.042140"><ele>871.0</ele></trkpt>
<trkpt lat="45.066430" lon="6.042170"><ele>871.0</ele></trkpt>
<trkpt lat="45.066420" lon="6.042180"><ele>871.0</ele></trkpt>
<trkpt lat="45.066430" lon="6.042190"><ele>871.0</ele></trkpt>
<trkpt lat="45.066430" lon="6.042220"><ele>872.0</ele></trkpt>
<trkpt lat="45.066440" lon="6.042240"><ele>872.0</ele></trkpt>
<trkpt lat="45.066450" lon="6.042250"><ele>872.0</ele></trkpt>
<trkpt lat="45.066460" lon="6.042260"><ele>872.0</ele></trkpt>
<trkpt lat="45.066470" lon="6.042270"><ele>872.0</ele></trkpt>
<trkpt lat="45.066490" lon="6.042280"><ele>872.0</ele></trkpt>
<trkpt lat="45.066510" lon="6.042280"><ele>872.0</ele></trkpt>
<trkpt lat="45.066530" lon="6.042270"><ele>872.0</ele></trkpt>
<trkpt lat="45.066620" lon="6.042220"><ele>873.0</ele></trkpt>
<trkpt lat="45.066670" lon="6.042190"><ele>873.0</ele></trkpt>
<trkpt lat="45.066690" lon="6.042170"><ele>873.0</ele></trkpt>
<trkpt lat="45.066790" lon="6.042120"><ele>874.0</ele></trkpt>
<trkpt lat="45.066860" lon="6.042090"><ele>874.0</ele></trkpt>
<trkpt lat="45.067130" lon="6.041950"><ele>875.0</ele></trkpt>
<trkpt lat="45.067290" lon="6.041870"><ele>876.0</ele></trkpt>
<trkpt lat="45.067390" lon="6.041820"><ele>877.0</ele></trkpt>
<trkpt lat="45.067570" lon="6.041770"><ele>879.0</ele></trkpt>
<trkpt lat="45.067700" lon="6.041770"><ele>880.0</ele></trkpt>
<trkpt lat="45.067720" lon="6.041780"><ele>881.0</ele></trkpt>
<trkpt lat="45.067820" lon="6.041820"><ele>882.0</ele></trkpt>
<trkpt lat="45.067880" lon="6.041850"><ele>883.0</ele></trkpt>
<trkpt lat="45.067960" lon="6.041880"><ele>884.0</ele></trkpt>
<trkpt lat="45.067980" lon="6.041900"><ele>885.0</ele></trkpt>
<trkpt lat="45.067990" lon="6.041910"><ele>885.0</ele></trkpt>
<trkpt lat="45.067990" lon="6.041920"><ele>885.0</ele></trkpt>
<trkpt lat="45.068000" lon="6.041920"><ele>886.0</ele></trkpt>
<trkpt lat="45.068000" lon="6.041930"><ele>886.0</ele></trkpt>
<trkpt lat="45.068000" lon="6.041940"><ele>886.0</ele></trkpt>
<trkpt lat="45.068000" lon="6.041950"><ele>886.0</ele></trkpt>
<trkpt lat="45.068000" lon="6.041990"><ele>886.0</ele></trkpt>
<trkpt lat="45.067990" lon="6.042040"><ele>887.0</ele></trkpt>
<trkpt lat="45.067990" lon="6.042050"><ele>887.0</ele></trkpt>
<trkpt lat="45.067980" lon="6.042060"><ele>887.0</ele></trkpt>
<trkpt lat="45.067940" lon="6.042100"><ele>887.0</ele></trkpt>
<trkpt lat="45.067930" lon="6.042100"><ele>888.0</ele></trkpt>
<trkpt lat="45.067920" lon="6.042100"><ele>888.0</ele></trkpt>
<trkpt lat="45.067760" lon="6.041990"><ele>888.0</ele></trkpt>
<trkpt lat="45.067690" lon="6.041950"><ele>889.0</ele></trkpt>
<trkpt lat="45.067670" lon="6.041940"><ele>890.0</ele></trkpt>
<trkpt lat="45.067630" lon="6.041920"><ele>890.0</ele></trkpt>
<trkpt lat="45.067610" lon="6.041920"><ele>891.0</ele></trkpt>
<trkpt lat="45.067590" lon="6.041920"><ele>891.0</ele></trkpt>
<trkpt lat="45.067530" lon="6.041940"><ele>892.0</ele></trkpt>
<trkpt lat="45.067520" lon="6.041940"><ele>892.0</ele></trkpt>
<trkpt lat="45.067430" lon="6.041980"><ele>892.0</ele></trkpt>
<trkpt lat="45.067350" lon="6.042050"><ele>893.0</ele></trkpt>
<trkpt lat="45.067220" lon="6.042180"><ele>894.0</ele></trkpt>
<trkpt lat="45.067210" lon="6.042200"><ele>895.0</ele></trkpt>
<trkpt lat="45.067130" lon="6.042290"><ele>896.0</ele></trkpt>
<trkpt lat="45.067030" lon="6.042420"><ele>896.0</ele></trkpt>
<trkpt lat="45.066910" lon="6.042550"><ele>896.0</ele></trkpt>
<trkpt lat="45.066850" lon="6.042600"><ele>897.0</ele></trkpt>
<trkpt lat="45.066810" lon="6.042640"><ele>897.0</ele></trkpt>
<trkpt lat="45.066690" lon="6.042730"><ele>896.0</ele></trkpt>
<trkpt lat="45.066320" lon="6.042910"><ele>896.0</ele></trkpt>
<trkpt lat="45.066180" lon="6.042980"><ele>896.0</ele></trkpt>
<trkpt lat="45.066110" lon="6.043010"><ele>896.0</ele></trkpt>
<trkpt lat="45.066010" lon="6.043060"><ele>895.0</ele></trkpt>
<trkpt lat="45.066000" lon="6.043070"><ele>895.0</ele></trkpt>
<trkpt lat="45.065980" lon="6.043090"><ele>895.0</ele></trkpt>
<trkpt lat="45.065960" lon="6.043100"><ele>895.0</ele></trkpt>
<trkpt lat="45.065950" lon="6.043110"><ele>895.0</ele></trkpt>
<trkpt lat="45.065950" lon="6.043120"><ele>895.0</ele></trkpt>
<trkpt lat="45.065940" lon="6.043160"><ele>895.0</ele></trkpt>
<trkpt lat="45.065930" lon="6.043200"><ele>895.0</ele></trkpt>
<trkpt lat="45.065930" lon="6.043240"><ele>895.0</ele></trkpt>
<trkpt lat="45.065940" lon="6.043250"><ele>894.0</ele></trkpt>
<trkpt lat="45.065940" lon="6.043260"><ele>894.0</ele></trkpt>
<trkpt lat="45.065950" lon="6.043270"><ele>894.0</ele></trkpt>
<trkpt lat="45.066000" lon="6.043310"><ele>894.0</ele></trkpt>
<trkpt lat="45.066010" lon="6.043320"><ele>894.0</ele></trkpt>
<trkpt lat="45.066050" lon="6.043330"><ele>894.0</ele></trkpt>
<trkpt lat="45.066060" lon="6.043330"><ele>894.0</ele></trkpt>
<trkpt lat="45.066100" lon="6.043310"><ele>894.0</ele></trkpt>
<trkpt lat="45.066180" lon="6.043280"><ele>894.0</ele></trkpt>
<trkpt lat="45.066300" lon="6.043220"><ele>894.0</ele></trkpt>
<trkpt lat="45.066370" lon="6.043200"><ele>894.0</ele></trkpt>
<trkpt lat="45.066540" lon="6.043170"><ele>896.0</ele></trkpt>
<trkpt lat="45.066710" lon="6.043130"><ele>898.0</ele></trkpt>
<trkpt lat="45.066730" lon="6.043130"><ele>900.0</ele></trkpt>
<trkpt lat="45.066800" lon="6.043090"><ele>902.0</ele></trkpt>
<trkpt lat="45.066830" lon="6.043080"><ele>903.0</ele></trkpt>
<trkpt lat="45.066930" lon="6.043000"><ele>905.0</ele></trkpt>
<trkpt lat="45.066960" lon="6.042970"><ele>906.0</ele></trkpt>
<trkpt lat="45.067010" lon="6.042930"><ele>908.0</ele></trkpt>
<trkpt lat="45.067120" lon="6.042860"><ele>909.0</ele></trkpt>
<trkpt lat="45.067130" lon="6.042860"><ele>911.0</ele></trkpt>
<trkpt lat="45.067160" lon="6.042840"><ele>912.0</ele></trkpt>
<trkpt lat="45.067240" lon="6.042820"><ele>913.0</ele></trkpt>
<trkpt lat="45.067310" lon="6.042820"><ele>915.0</ele></trkpt>
<trkpt lat="45.067460" lon="6.042840"><ele>917.0</ele></trkpt>
<trkpt lat="45.067560" lon="6.042850"><ele>919.0</ele></trkpt>
<trkpt lat="45.067760" lon="6.042780"><ele>922.0</ele></trkpt>
<trkpt lat="45.067950" lon="6.042680"><ele>925.0</ele></trkpt>
<trkpt lat="45.068080" lon="6.042630"><ele>929.0</ele></trkpt>
<trkpt lat="45.068220" lon="6.042620"><ele>932.0</ele></trkpt>
<trkpt lat="45.068360" lon="6.042640"><ele>934.0</ele></trkpt>
<trkpt lat="45.068530" lon="6.042640"><ele>936.0</ele></trkpt>
<trkpt lat="45.068610" lon="6.042650"><ele>938.0</ele></trkpt>
<trkpt lat="45.068670" lon="6.042660"><ele>940.0</ele></trkpt>
<trkpt lat="45.068710" lon="6.042670"><ele>941.0</ele></trkpt>
<trkpt lat="45.068790" lon="6.042680"><ele>942.0</ele></trkpt>
<trkpt lat="45.068830" lon="6.042680"><ele>943.0</ele></trkpt>
<trkpt lat="45.068880" lon="6.042710"><ele>944.0</ele></trkpt>
<trkpt lat="45.068890" lon="6.042720"><ele>944.0</ele></trkpt>
<trkpt lat="45.068900" lon="6.042730"><ele>945.0</ele></trkpt>
<trkpt lat="45.068900" lon="6.042740"><ele>945.0</ele></trkpt>
<trkpt lat="45.068910" lon="6.042750"><ele>945.0</ele></trkpt>
<trkpt lat="45.068910" lon="6.042760"><ele>945.0</ele></trkpt>
<trkpt lat="45.068910" lon="6.042780"><ele>946.0</ele></trkpt>
<trkpt lat="45.068910" lon="6.042810"><ele>946.0</ele></trkpt>
<trkpt lat="45.068900" lon="6.042820"><ele>946.0</ele></trkpt>
<trkpt lat="45.068890" lon="6.042860"><ele>946.0</ele></trkpt>
<trkpt lat="45.068870" lon="6.042900"><ele>947.0</ele></trkpt>
<trkpt lat="45.068870" lon="6.042910"><ele>947.0</ele></trkpt>
<trkpt lat="45.068850" lon="6.042910"><ele>947.0</ele></trkpt>
<trkpt lat="45.068820" lon="6.042930"><ele>947.0</ele></trkpt>
<trkpt lat="45.068810" lon="6.042920"><ele>948.0</ele></trkpt>
<trkpt lat="45.068780" lon="6.042910"><ele>948.0</ele></trkpt>
<trkpt lat="45.068670" lon="6.042870"><ele>949.0</ele></trkpt>
<trkpt lat="45.068660" lon="6.042870"><ele>949.0</ele></trkpt>
<trkpt lat="45.068560" lon="6.042830"><ele>950.0</ele></trkpt>
<trkpt lat="45.068490" lon="6.042820"><ele>951.0</ele></trkpt>
<trkpt lat="45.068470" lon="6.042810"><ele>951.0</ele></trkpt>
<trkpt lat="45.068410" lon="6.042810"><ele>952.0</ele></trkpt>
<trkpt lat="45.068400" lon="6.042810"><ele>952.0</ele></trkpt>
<trkpt lat="45.068310" lon="6.042820"><ele>953.0</ele></trkpt>
<trkpt lat="45.068230" lon="6.042850"><ele>954.0</ele></trkpt>
<trkpt lat="45.068170" lon="6.042900"><ele>955.0</ele></trkpt>
<trkpt lat="45.068000" lon="6.043040"><ele>956.0</ele></trkpt>
<trkpt lat="45.067930" lon="6.043100"><ele>957.0</ele></trkpt>
<trkpt lat="45.067890" lon="6.043140"><ele>958.0</ele></trkpt>
<trkpt lat="45.067780" lon="6.043220"><ele>958.0</ele></trkpt>
<trkpt lat="45.067560" lon="6.043400"><ele>959.0</ele></trkpt>
<trkpt lat="45.067520" lon="6.043420"><ele>960.0</ele></trkpt>
<trkpt lat="45.067360" lon="6.043530"><ele>961.0</ele></trkpt>
<trkpt lat="45.067300" lon="6.043570"><ele>961.0</ele></trkpt>
<trkpt lat="45.067220" lon="6.043650"><ele>962.0</ele></trkpt>
<trkpt lat="45.067210" lon="6.043670"><ele>962.0</ele></trkpt>
<trkpt lat="45.067190" lon="6.043720"><ele>962.0</ele></trkpt>
<trkpt lat="45.067180" lon="6.043760"><ele>963.0</ele></trkpt>
<trkpt lat="45.067170" lon="6.043840"><ele>963.0</ele></trkpt>
<trkpt lat="45.067170" lon="6.043880"><ele>963.0</ele></trkpt>
<trkpt lat="45.067180" lon="6.043900"><ele>963.0</ele></trkpt>
<trkpt lat="45.067180" lon="6.043910"><ele>964.0</ele></trkpt>
<trkpt lat="45.067190" lon="6.043930"><ele>964.0</ele></trkpt>
<trkpt lat="45.067200" lon="6.043950"><ele>964.0</ele></trkpt>
<trkpt lat="45.067240" lon="6.044020"><ele>964.0</ele></trkpt>
<trkpt lat="45.067310" lon="6.044080"><ele>964.0</ele></trkpt>
<trkpt lat="45.067350" lon="6.044130"><ele>964.0</ele></trkpt>
<trkpt lat="45.067650" lon="6.044430"><ele>965.0</ele></trkpt>
<trkpt lat="45.067800" lon="6.044530"><ele>966.0</ele></trkpt>
<trkpt lat="45.067810" lon="6.044530"><ele>966.0</ele></trkpt>
<trkpt lat="45.067920" lon="6.044600"><ele>967.0</ele></trkpt>
<trkpt lat="45.067980" lon="6.044630"><ele>968.0</ele></trkpt>
<trkpt lat="45.068000" lon="6.044640"><ele>968.0</ele></trkpt>
<trkpt lat="45.068080" lon="6.044670"><ele>968.0</ele></trkpt>
<trkpt lat="45.068280" lon="6.044740"><ele>969.0</ele></trkpt>
<trkpt lat="45.068590" lon="6.044800"><ele>970.0</ele></trkpt>
<trkpt lat="45.068720" lon="6.044840"><ele>971.0</ele></trkpt>
<trkpt lat="45.068840" lon="6.044900"><ele>972.0</ele></trkpt>
<trkpt lat="45.068850" lon="6.044910"><ele>972.0</ele></trkpt>
<trkpt lat="45.068870" lon="6.044930"><ele>973.0</ele></trkpt>
<trkpt lat="45.068930" lon="6.044990"><ele>973.0</ele></trkpt>
<trkpt lat="45.069000" lon="6.045090"><ele>973.0</ele></trkpt>
<trkpt lat="45.069010" lon="6.045090"><ele>974.0</ele></trkpt>
<trkpt lat="45.069120" lon="6.045260"><ele>974.0</ele></trkpt>
<trkpt lat="45.069130" lon="6.045280"><ele>975.0</ele></trkpt>
<trkpt lat="45.069230" lon="6.045400"><ele>975.0</ele></trkpt>
<trkpt lat="45.069250" lon="6.045420"><ele>975.0</ele></trkpt>
<trkpt lat="45.069270" lon="6.045430"><ele>976.0</ele></trkpt>
<trkpt lat="45.069470" lon="6.045590"><ele>976.0</ele></trkpt>
<trkpt lat="45.069740" lon="6.045710"><ele>978.0</ele></trkpt>
<trkpt lat="45.069930" lon="6.045810"><ele>979.0</ele></trkpt>
<trkpt lat="45.069950" lon="6.045820"><ele>980.0</ele></trkpt>
<trkpt lat="45.070040" lon="6.045880"><ele>981.0</ele></trkpt>
<trkpt lat="45.070090" lon="6.045930"><ele>982.0</ele></trkpt>
<trkpt lat="45.070130" lon="6.045980"><ele>983.0</ele></trkpt>
<trkpt lat="45.070150" lon="6.046020"><ele>984.0</ele></trkpt>
<trkpt lat="45.070210" lon="6.046120"><ele>985.0</ele></trkpt>
<trkpt lat="45.070320" lon="6.046320"><ele>986.0</ele></trkpt>
<trkpt lat="45.070450" lon="6.046570"><ele>987.0</ele></trkpt>
<trkpt lat="45.070470" lon="6.046610"><ele>988.0</ele></trkpt>
<trkpt lat="45.070570" lon="6.046780"><ele>989.0</ele></trkpt>
<trkpt lat="45.070640" lon="6.046880"><ele>991.0</ele></trkpt>
<trkpt lat="45.070740" lon="6.046980"><ele>992.0</ele></trkpt>
<trkpt lat="45.071020" lon="6.047240"><ele>994.0</ele></trkpt>
<trkpt lat="45.071290" lon="6.047500"><ele>996.0</ele></trkpt>
<trkpt lat="45.071310" lon="6.047520"><ele>997.0</ele></trkpt>
<trkpt lat="45.071410" lon="6.047610"><ele>998.0</ele></trkpt>
<trkpt lat="45.071440" lon="6.047640"><ele>999.0</ele></trkpt>
<trkpt lat="45.071480" lon="6.047690"><ele>1000.0</ele></trkpt>
<trkpt lat="45.071580" lon="6.047800"><ele>1001.0</ele></trkpt>
<trkpt lat="45.071700" lon="6.047950"><ele>1002.0</ele></trkpt>
<trkpt lat="45.071820" lon="6.048090"><ele>1003.0</ele></trkpt>
<trkpt lat="45.071850" lon="6.048130"><ele>1004.0</ele></trkpt>
<trkpt lat="45.071860" lon="6.048130"><ele>1004.0</ele></trkpt>
<trkpt lat="45.071870" lon="6.048140"><ele>1005.0</ele></trkpt>
<trkpt lat="45.071880" lon="6.048150"><ele>1005.0</ele></trkpt>
<trkpt lat="45.071890" lon="6.048150"><ele>1005.0</ele></trkpt>
<trkpt lat="45.071920" lon="6.048140"><ele>1005.0</ele></trkpt>
<trkpt lat="45.071940" lon="6.048130"><ele>1006.0</ele></trkpt>
<trkpt lat="45.071950" lon="6.048130"><ele>1006.0</ele></trkpt>
<trkpt lat="45.071950" lon="6.048120"><ele>1006.0</ele></trkpt>
<trkpt lat="45.071960" lon="6.048110"><ele>1006.0</ele></trkpt>
<trkpt lat="45.071970" lon="6.048070"><ele>1006.0</ele></trkpt>
<trkpt lat="45.071980" lon="6.048040"><ele>1006.0</ele></trkpt>
<trkpt lat="45.071990" lon="6.048010"><ele>1006.0</ele></trkpt>
<trkpt lat="45.071990" lon="6.047990"><ele>1007.0</ele></trkpt>
<trkpt lat="45.071990" lon="6.047980"><ele>1007.0</ele></trkpt>
<trkpt lat="45.071980" lon="6.047960"><ele>1007.0</ele></trkpt>
<trkpt lat="45.071970" lon="6.047940"><ele>1007.0</ele></trkpt>
<trkpt lat="45.071950" lon="6.047920"><ele>1007.0</ele></trkpt>
<trkpt lat="45.071920" lon="6.047890"><ele>1007.0</ele></trkpt>
<trkpt lat="45.071760" lon="6.047760"><ele>1008.0</ele></trkpt>
<trkpt lat="45.071720" lon="6.047720"><ele>1008.0</ele></trkpt>
<trkpt lat="45.071580" lon="6.047550"><ele>1009.0</ele></trkpt>
<trkpt lat="45.071500" lon="6.047460"><ele>1010.0</ele></trkpt>
<trkpt lat="45.071380" lon="6.047270"><ele>1011.0</ele></trkpt>
<trkpt lat="45.071320" lon="6.047200"><ele>1012.0</ele></trkpt>
<trkpt lat="45.071310" lon="6.047170"><ele>1013.0</ele></trkpt>
<trkpt lat="45.071220" lon="6.047030"><ele>1014.0</ele></trkpt>
<trkpt lat="45.071150" lon="6.046910"><ele>1015.0</ele></trkpt>
<trkpt lat="45.071120" lon="6.046830"><ele>1016.0</ele></trkpt>
<trkpt lat="45.071090" lon="6.046750"><ele>1017.0</ele></trkpt>
<trkpt lat="45.071050" lon="6.046620"><ele>1018.0</ele></trkpt>
<trkpt lat="45.071030" lon="6.046410"><ele>1019.0</ele></trkpt>
<trkpt lat="45.071040" lon="6.046340"><ele>1020.0</ele></trkpt>
<trkpt lat="45.071040" lon="6.046220"><ele>1021.0</ele></trkpt>
<trkpt lat="45.071050" lon="6.046090"><ele>1022.0</ele></trkpt>
<trkpt lat="45.071060" lon="6.045830"><ele>1024.0</ele></trkpt>
<trkpt lat="45.071060" lon="6.045730"><ele>1025.0</ele></trkpt>
<trkpt lat="45.071070" lon="6.045580"><ele>1026.0</ele></trkpt>
<trkpt lat="45.071070" lon="6.045540"><ele>1027.0</ele></trkpt>
<trkpt lat="45.071090" lon="6.045320"><ele>1028.0</ele></trkpt>
<trkpt lat="45.071090" lon="6.045180"><ele>1029.0</ele></trkpt>
<trkpt lat="45.071090" lon="6.045070"><ele>1030.0</ele></trkpt>
<trkpt lat="45.071090" lon="6.044980"><ele>1031.0</ele></trkpt>
<trkpt lat="45.071050" lon="6.044820"><ele>1032.0</ele></trkpt>
<trkpt lat="45.070960" lon="6.044620"><ele>1033.0</ele></trkpt>
<trkpt lat="45.070960" lon="6.044610"><ele>1033.0</ele></trkpt>
<trkpt lat="45.070910" lon="6.044520"><ele>1033.0</ele></trkpt>
<trkpt lat="45.070890" lon="6.044430"><ele>1034.0</ele></trkpt>
<trkpt lat="45.070880" lon="6.044410"><ele>1034.0</ele></trkpt>
<trkpt lat="45.070880" lon="6.044390"><ele>1034.0</ele></trkpt>
<trkpt lat="45.070880" lon="6.044380"><ele>1034.0</ele></trkpt>
<trkpt lat="45.070890" lon="6.044360"><ele>1035.0</ele></trkpt>
<trkpt lat="45.070890" lon="6.044340"><ele>1035.0</ele></trkpt>
<trkpt lat="45.070900" lon="6.044340"><ele>1035.0</ele></trkpt>
<trkpt lat="45.070920" lon="6.044290"><ele>1035.0</ele></trkpt>
<trkpt lat="45.070940" lon="6.044270"><ele>1035.0</ele></trkpt>
<trkpt lat="45.070980" lon="6.044250"><ele>1035.0</ele></trkpt>
<trkpt lat="45.070990" lon="6.044250"><ele>1035.0</ele></trkpt>
<trkpt lat="45.071020" lon="6.044270"><ele>1035.0</ele></trkpt>
<trkpt lat="45.071060" lon="6.044320"><ele>1035.0</ele></trkpt>
<trkpt lat="45.071100" lon="6.044400"><ele>1036.0</ele></trkpt>
<trkpt lat="45.071120" lon="6.044470"><ele>1036.0</ele></trkpt>
<trkpt lat="45.071140" lon="6.044500"><ele>1036.0</ele></trkpt>
<trkpt lat="45.071200" lon="6.044640"><ele>1036.0</ele></trkpt>
<trkpt lat="45.071220" lon="6.044680"><ele>1037.0</ele></trkpt>
<trkpt lat="45.071260" lon="6.044780"><ele>1037.0</ele></trkpt>
<trkpt lat="45.071310" lon="6.044970"><ele>1037.0</ele></trkpt>
<trkpt lat="45.071350" lon="6.045160"><ele>1038.0</ele></trkpt>
<trkpt lat="45.071390" lon="6.045380"><ele>1038.0</ele></trkpt>
<trkpt lat="45.071400" lon="6.045440"><ele>1039.0</ele></trkpt>
<trkpt lat="45.071470" lon="6.045820"><ele>1039.0</ele></trkpt>
<trkpt lat="45.071530" lon="6.046140"><ele>1041.0</ele></trkpt>
<trkpt lat="45.071530" lon="6.046150"><ele>1041.0</ele></trkpt>
<trkpt lat="45.071590" lon="6.046320"><ele>1043.0</ele></trkpt>
<trkpt lat="45.071620" lon="6.046360"><ele>1044.0</ele></trkpt>
<trkpt lat="45.071730" lon="6.046570"><ele>1045.0</ele></trkpt>
<trkpt lat="45.071940" lon="6.046820"><ele>1047.0</ele></trkpt>
<trkpt lat="45.072000" lon="6.046880"><ele>1049.0</ele></trkpt>
<trkpt lat="45.072090" lon="6.046960"><ele>1050.0</ele></trkpt>
<trkpt lat="45.072270" lon="6.047110"><ele>1052.0</ele></trkpt>
<trkpt lat="45.072310" lon="6.047150"><ele>1053.0</ele></trkpt>
<trkpt lat="45.072470" lon="6.047270"><ele>1055.0</ele></trkpt>
<trkpt lat="45.072540" lon="6.047330"><ele>1056.0</ele></trkpt>
<trkpt lat="45.072620" lon="6.047400"><ele>1058.0</ele></trkpt>
<trkpt lat="45.072780" lon="6.047530"><ele>1059.0</ele></trkpt>
<trkpt lat="45.072790" lon="6.047540"><ele>1060.0</ele></trkpt>
<trkpt lat="45.072940" lon="6.047640"><ele>1062.0</ele></trkpt>
<trkpt lat="45.072950" lon="6.047640"><ele>1063.0</ele></trkpt>
<trkpt lat="45.073070" lon="6.047680"><ele>1064.0</ele></trkpt>
<trkpt lat="45.073120" lon="6.047680"><ele>1064.0</ele></trkpt>
<trkpt lat="45.073220" lon="6.047690"><ele>1065.0</ele></trkpt>
<trkpt lat="45.073300" lon="6.047700"><ele>1066.0</ele></trkpt>
<trkpt lat="45.073350" lon="6.047720"><ele>1067.0</ele></trkpt>
<trkpt lat="45.073460" lon="6.047820"><ele>1068.0</ele></trkpt>
<trkpt lat="45.073490" lon="6.047860"><ele>1068.0</ele></trkpt>
<trkpt lat="45.073510" lon="6.047890"><ele>1069.0</ele></trkpt>
<trkpt lat="45.073550" lon="6.047980"><ele>1070.0</ele></trkpt>
<trkpt lat="45.073580" lon="6.048090"><ele>1070.0</ele></trkpt>
<trkpt lat="45.073630" lon="6.048330"><ele>1071.0</ele></trkpt>
<trkpt lat="45.073650" lon="6.048420"><ele>1072.0</ele></trkpt>
<trkpt lat="45.073660" lon="6.048450"><ele>1073.0</ele></trkpt>
<trkpt lat="45.073680" lon="6.048560"><ele>1074.0</ele></trkpt>
<trkpt lat="45.073680" lon="6.048570"><ele>1074.0</ele></trkpt>
<trkpt lat="45.073680" lon="6.048700"><ele>1075.0</ele></trkpt>
<trkpt lat="45.073660" lon="6.048800"><ele>1076.0</ele></trkpt>
<trkpt lat="45.073630" lon="6.048880"><ele>1076.0</ele></trkpt>
<trkpt lat="45.073550" lon="6.048980"><ele>1077.0</ele></trkpt>
<trkpt lat="45.073470" lon="6.049100"><ele>1078.0</ele></trkpt>
<trkpt lat="45.073460" lon="6.049110"><ele>1078.0</ele></trkpt>
<trkpt lat="45.073410" lon="6.049190"><ele>1079.0</ele></trkpt>
<trkpt lat="45.073400" lon="6.049200"><ele>1080.0</ele></trkpt>
<trkpt lat="45.073370" lon="6.049310"><ele>1080.0</ele></trkpt>
<trkpt lat="45.073360" lon="6.049340"><ele>1080.0</ele></trkpt>
<trkpt lat="45.073310" lon="6.049530"><ele>1081.0</ele></trkpt>
<trkpt lat="45.073280" lon="6.049670"><ele>1081.0</ele></trkpt>
<trkpt lat="45.073270" lon="6.049700"><ele>1081.0</ele></trkpt>
<trkpt lat="45.073240" lon="6.049780"><ele>1082.0</ele></trkpt>
<trkpt lat="45.073180" lon="6.049930"><ele>1082.0</ele></trkpt>
<trkpt lat="45.072960" lon="6.050270"><ele>1082.0</ele></trkpt>
<trkpt lat="45.072940" lon="6.050300"><ele>1083.0</ele></trkpt>
<trkpt lat="45.072900" lon="6.050370"><ele>1083.0</ele></trkpt>
<trkpt lat="45.072660" lon="6.050710"><ele>1084.0</ele></trkpt>
<trkpt lat="45.072480" lon="6.051020"><ele>1084.0</ele></trkpt>
<trkpt lat="45.072480" lon="6.051030"><ele>1085.0</ele></trkpt>
<trkpt lat="45.072440" lon="6.051090"><ele>1085.0</ele></trkpt>
<trkpt lat="45.072430" lon="6.051120"><ele>1086.0</ele></trkpt>
<trkpt lat="45.072430" lon="6.051140"><ele>1086.0</ele></trkpt>
<trkpt lat="45.072430" lon="6.051150"><ele>1086.0</ele></trkpt>
<trkpt lat="45.072430" lon="6.051180"><ele>1086.0</ele></trkpt>
<trkpt lat="45.072430" lon="6.051210"><ele>1086.0</ele></trkpt>
<trkpt lat="45.072440" lon="6.051230"><ele>1086.0</ele></trkpt>
<trkpt lat="45.072450" lon="6.051260"><ele>1086.0</ele></trkpt>
<trkpt lat="45.072450" lon="6.051270"><ele>1086.0</ele></trkpt>
<trkpt lat="45.072460" lon="6.051280"><ele>1087.0</ele></trkpt>
<trkpt lat="45.072480" lon="6.051290"><ele>1087.0</ele></trkpt>
<trkpt lat="45.072510" lon="6.051300"><ele>1087.0</ele></trkpt>
<trkpt lat="45.072540" lon="6.051300"><ele>1088.0</ele></trkpt>
<trkpt lat="45.072560" lon="6.051290"><ele>1088.0</ele></trkpt>
<trkpt lat="45.072580" lon="6.051270"><ele>1088.0</ele></trkpt>
<trkpt lat="45.072590" lon="6.051270"><ele>1089.0</ele></trkpt>
<trkpt lat="45.072600" lon="6.051260"><ele>1089.0</ele></trkpt>
<trkpt lat="45.072600" lon="6.051250"><ele>1089.0</ele></trkpt>
<trkpt lat="45.072640" lon="6.051150"><ele>1090.0</ele></trkpt>
<trkpt lat="45.072640" lon="6.051130"><ele>1090.0</ele></trkpt>
<trkpt lat="45.072670" lon="6.051070"><ele>1091.0</ele></trkpt>
<trkpt lat="45.072740" lon="6.050940"><ele>1092.0</ele></trkpt>
<trkpt lat="45.072750" lon="6.050920"><ele>1093.0</ele></trkpt>
<trkpt lat="45.072820" lon="6.050850"><ele>1094.0</ele></trkpt>
<trkpt lat="45.072860" lon="6.050810"><ele>1095.0</ele></trkpt>
<trkpt lat="45.072970" lon="6.050710"><ele>1096.0</ele></trkpt>
<trkpt lat="45.073010" lon="6.050680"><ele>1098.0</ele></trkpt>
<trkpt lat="45.073150" lon="6.050580"><ele>1099.0</ele></trkpt>
<trkpt lat="45.073480" lon="6.050320"><ele>1103.0</ele></trkpt>
<trkpt lat="45.073690" lon="6.050090"><ele>1107.0</ele></trkpt>
<trkpt lat="45.073730" lon="6.050030"><ele>1110.0</ele></trkpt>
<trkpt lat="45.073780" lon="6.049960"><ele>1112.0</ele></trkpt>
<trkpt lat="45.073790" lon="6.049940"><ele>1114.0</ele></trkpt>
<trkpt lat="45.073890" lon="6.049800"><ele>1116.0</ele></trkpt>
<trkpt lat="45.073950" lon="6.049730"><ele>1117.0</ele></trkpt>
<trkpt lat="45.074040" lon="6.049660"><ele>1118.0</ele></trkpt>
<trkpt lat="45.074130" lon="6.049600"><ele>1120.0</ele></trkpt>
<trkpt lat="45.074250" lon="6.049580"><ele>1121.0</ele></trkpt>
<trkpt lat="45.074280" lon="6.049570"><ele>1121.0</ele></trkpt>
<trkpt lat="45.074340" lon="6.049570"><ele>1122.0</ele></trkpt>
<trkpt lat="45.074500" lon="6.049570"><ele>1123.0</ele></trkpt>
<trkpt lat="45.074630" lon="6.049550"><ele>1124.0</ele></trkpt>
<trkpt lat="45.074680" lon="6.049510"><ele>1125.0</ele></trkpt>
<trkpt lat="45.074750" lon="6.049430"><ele>1126.0</ele></trkpt>
<trkpt lat="45.074820" lon="6.049300"><ele>1126.0</ele></trkpt>
<trkpt lat="45.074850" lon="6.049230"><ele>1127.0</ele></trkpt>
<trkpt lat="45.074920" lon="6.049010"><ele>1128.0</ele></trkpt>
<trkpt lat="45.075000" lon="6.048740"><ele>1129.0</ele></trkpt>
<trkpt lat="45.075020" lon="6.048700"><ele>1130.0</ele></trkpt>
<trkpt lat="45.075030" lon="6.048590"><ele>1131.0</ele></trkpt>
<trkpt lat="45.075030" lon="6.048530"><ele>1132.0</ele></trkpt>
<trkpt lat="45.075020" lon="6.048420"><ele>1132.0</ele></trkpt>
<trkpt lat="45.074970" lon="6.048270"><ele>1133.0</ele></trkpt>
<trkpt lat="45.074870" lon="6.048020"><ele>1134.0</ele></trkpt>
<trkpt lat="45.074810" lon="6.047880"><ele>1136.0</ele></trkpt>
<trkpt lat="45.074800" lon="6.047860"><ele>1137.0</ele></trkpt>
<trkpt lat="45.074790" lon="6.047820"><ele>1138.0</ele></trkpt>
<trkpt lat="45.074780" lon="6.047780"><ele>1138.0</ele></trkpt>
<trkpt lat="45.074770" lon="6.047700"><ele>1139.0</ele></trkpt>
<trkpt lat="45.074780" lon="6.047660"><ele>1139.0</ele></trkpt>
<trkpt lat="45.074780" lon="6.047640"><ele>1140.0</ele></trkpt>
<trkpt lat="45.074780" lon="6.047630"><ele>1140.0</ele></trkpt>
<trkpt lat="45.074790" lon="6.047620"><ele>1140.0</ele></trkpt>
<trkpt lat="45.074810" lon="6.047600"><ele>1141.0</ele></trkpt>
<trkpt lat="45.074820" lon="6.047590"><ele>1141.0</ele></trkpt>
<trkpt lat="45.074830" lon="6.047590"><ele>1141.0</ele></trkpt>
<trkpt lat="45.074860" lon="6.047580"><ele>1141.0</ele></trkpt>
<trkpt lat="45.074880" lon="6.047590"><ele>1142.0</ele></trkpt>
<trkpt lat="45.074900" lon="6.047600"><ele>1142.0</ele></trkpt>
<trkpt lat="45.074910" lon="6.047610"><ele>1142.0</ele></trkpt>
<trkpt lat="45.074930" lon="6.047630"><ele>1142.0</ele></trkpt>
<trkpt lat="45.074940" lon="6.047660"><ele>1143.0</ele></trkpt>
<trkpt lat="45.074950" lon="6.047670"><ele>1143.0</ele></trkpt>
<trkpt lat="45.074950" lon="6.047680"><ele>1143.0</ele></trkpt>
<trkpt lat="45.074960" lon="6.047720"><ele>1143.0</ele></trkpt>
<trkpt lat="45.074960" lon="6.047820"><ele>1144.0</ele></trkpt>
<trkpt lat="45.074970" lon="6.047890"><ele>1144.0</ele></trkpt>
<trkpt lat="45.074970" lon="6.047920"><ele>1145.0</ele></trkpt>
<trkpt lat="45.074980" lon="6.047960"><ele>1145.0</ele></trkpt>
<trkpt lat="45.075000" lon="6.048060"><ele>1146.0</ele></trkpt>
<trkpt lat="45.075030" lon="6.048120"><ele>1146.0</ele></trkpt>
<trkpt lat="45.075060" lon="6.048190"><ele>1147.0</ele></trkpt>
<trkpt lat="45.075100" lon="6.048280"><ele>1148.0</ele></trkpt>
<trkpt lat="45.075150" lon="6.048440"><ele>1149.0</ele></trkpt>
<trkpt lat="45.075220" lon="6.048630"><ele>1150.0</ele></trkpt>
<trkpt lat="45.075250" lon="6.048790"><ele>1152.0</ele></trkpt>
<trkpt lat="45.075260" lon="6.049030"><ele>1153.0</ele></trkpt>
<trkpt lat="45.075260" lon="6.049270"><ele>1155.0</ele></trkpt>
<trkpt lat="45.075250" lon="6.049400"><ele>1156.0</ele></trkpt>
<trkpt lat="45.075240" lon="6.049490"><ele>1157.0</ele></trkpt>
<trkpt lat="45.075220" lon="6.049660"><ele>1158.0</ele></trkpt>
<trkpt lat="45.075170" lon="6.049800"><ele>1159.0</ele></trkpt>
<trkpt lat="45.075170" lon="6.049810"><ele>1160.0</ele></trkpt>
<trkpt lat="45.075150" lon="6.049870"><ele>1161.0</ele></trkpt>
<trkpt lat="45.075130" lon="6.049920"><ele>1161.0</ele></trkpt>
<trkpt lat="45.075100" lon="6.049950"><ele>1161.0</ele></trkpt>
<trkpt lat="45.075070" lon="6.049990"><ele>1162.0</ele></trkpt>
<trkpt lat="45.075050" lon="6.050000"><ele>1162.0</ele></trkpt>
<trkpt lat="45.075010" lon="6.050040"><ele>1162.0</ele></trkpt>
<trkpt lat="45.074900" lon="6.050080"><ele>1163.0</ele></trkpt>
<trkpt lat="45.074880" lon="6.050080"><ele>1163.0</ele></trkpt>
<trkpt lat="45.074770" lon="6.050120"><ele>1164.0</ele></trkpt>
<trkpt lat="45.074750" lon="6.050120"><ele>1164.0</ele></trkpt>
<trkpt lat="45.074650" lon="6.050160"><ele>1165.0</ele></trkpt>
<trkpt lat="45.074570" lon="6.050200"><ele>1165.0</ele></trkpt>
<trkpt lat="45.074540" lon="6.050220"><ele>1166.0</ele></trkpt>
<trkpt lat="45.074470" lon="6.050260"><ele>1166.0</ele></trkpt>
<trkpt lat="45.074420" lon="6.050330"><ele>1166.0</ele></trkpt>
<trkpt lat="45.074400" lon="6.050360"><ele>1167.0</ele></trkpt>
<trkpt lat="45.074370" lon="6.050460"><ele>1167.0</ele></trkpt>
<trkpt lat="45.074320" lon="6.050590"><ele>1168.0</ele></trkpt>
<trkpt lat="45.074220" lon="6.050780"><ele>1169.0</ele></trkpt>
<trkpt lat="45.073970" lon="6.051110"><ele>1170.0</ele></trkpt>
<trkpt lat="45.073850" lon="6.051270"><ele>1171.0</ele></trkpt>
<trkpt lat="45.073840" lon="6.051280"><ele>1172.0</ele></trkpt>
<trkpt lat="45.073710" lon="6.051460"><ele>1173.0</ele></trkpt>
<trkpt lat="45.073580" lon="6.051630"><ele>1175.0</ele></trkpt>
<trkpt lat="45.073510" lon="6.051730"><ele>1176.0</ele></trkpt>
<trkpt lat="45.073440" lon="6.051790"><ele>1177.0</ele></trkpt>
<trkpt lat="45.073370" lon="6.051840"><ele>1178.0</ele></trkpt>
<trkpt lat="45.073280" lon="6.051910"><ele>1179.0</ele></trkpt>
<trkpt lat="45.073250" lon="6.051930"><ele>1179.0</ele></trkpt>
<trkpt lat="45.073230" lon="6.051950"><ele>1180.0</ele></trkpt>
<trkpt lat="45.073210" lon="6.051990"><ele>1180.0</ele></trkpt>
<trkpt lat="45.073200" lon="6.052010"><ele>1181.0</ele></trkpt>
<trkpt lat="45.073200" lon="6.052040"><ele>1181.0</ele></trkpt>
<trkpt lat="45.073200" lon="6.052060"><ele>1181.0</ele></trkpt>
<trkpt lat="45.073200" lon="6.052080"><ele>1181.0</ele></trkpt>
<trkpt lat="45.073200" lon="6.052100"><ele>1181.0</ele></trkpt>
<trkpt lat="45.073210" lon="6.052110"><ele>1182.0</ele></trkpt>
<trkpt lat="45.073220" lon="6.052110"><ele>1182.0</ele></trkpt>
<trkpt lat="45.073230" lon="6.052120"><ele>1182.0</ele></trkpt>
<trkpt lat="45.073270" lon="6.052130"><ele>1182.0</ele></trkpt>
<trkpt lat="45.073290" lon="6.052130"><ele>1182.0</ele></trkpt>
<trkpt lat="45.073330" lon="6.052110"><ele>1183.0</ele></trkpt>
<trkpt lat="45.073380" lon="6.052070"><ele>1183.0</ele></trkpt>
<trkpt lat="45.073400" lon="6.052050"><ele>1183.0</ele></trkpt>
<trkpt lat="45.073540" lon="6.051930"><ele>1184.0</ele></trkpt>
<trkpt lat="45.073630" lon="6.051830"><ele>1185.0</ele></trkpt>
<trkpt lat="45.073750" lon="6.051690"><ele>1186.0</ele></trkpt>
<trkpt lat="45.073770" lon="6.051670"><ele>1186.0</ele></trkpt>
<trkpt lat="45.073940" lon="6.051500"><ele>1187.0</ele></trkpt>
<trkpt lat="45.074070" lon="6.051380"><ele>1189.0</ele></trkpt>
<trkpt lat="45.074180" lon="6.051260"><ele>1190.0</ele></trkpt>
<trkpt lat="45.074210" lon="6.051240"><ele>1192.0</ele></trkpt>
<trkpt lat="45.074370" lon="6.051110"><ele>1193.0</ele></trkpt>
<trkpt lat="45.074510" lon="6.051010"><ele>1195.0</ele></trkpt>
<trkpt lat="45.074540" lon="6.050990"><ele>1196.0</ele></trkpt>
<trkpt lat="45.074670" lon="6.050910"><ele>1198.0</ele></trkpt>
<trkpt lat="45.074690" lon="6.050890"><ele>1199.0</ele></trkpt>
<trkpt lat="45.074800" lon="6.050830"><ele>1200.0</ele></trkpt>
<trkpt lat="45.074860" lon="6.050810"><ele>1201.0</ele></trkpt>
<trkpt lat="45.074990" lon="6.050760"><ele>1203.0</ele></trkpt>
<trkpt lat="45.075040" lon="6.050750"><ele>1204.0</ele></trkpt>
<trkpt lat="45.075130" lon="6.050720"><ele>1205.0</ele></trkpt>
<trkpt lat="45.075220" lon="6.050710"><ele>1206.0</ele></trkpt>
<trkpt lat="45.075330" lon="6.050690"><ele>1208.0</ele></trkpt>
<trkpt lat="45.075390" lon="6.050650"><ele>1209.0</ele></trkpt>
<trkpt lat="45.075490" lon="6.050590"><ele>1210.0</ele></trkpt>
<trkpt lat="45.075620" lon="6.050500"><ele>1212.0</ele></trkpt>
<trkpt lat="45.075730" lon="6.050420"><ele>1212.0</ele></trkpt>
<trkpt lat="45.075800" lon="6.050320"><ele>1213.0</ele></trkpt>
<trkpt lat="45.075840" lon="6.050250"><ele>1213.0</ele></trkpt>
<trkpt lat="45.075850" lon="6.050240"><ele>1213.0</ele></trkpt>
<trkpt lat="45.075890" lon="6.050150"><ele>1213.0</ele></trkpt>
<trkpt lat="45.075950" lon="6.050010"><ele>1213.0</ele></trkpt>
<trkpt lat="45.076000" lon="6.049810"><ele>1213.0</ele></trkpt>
<trkpt lat="45.076110" lon="6.049520"><ele>1212.0</ele></trkpt>
<trkpt lat="45.076220" lon="6.049270"><ele>1212.0</ele></trkpt>
<trkpt lat="45.076310" lon="6.049100"><ele>1211.0</ele></trkpt>
<trkpt lat="45.076370" lon="6.048920"><ele>1210.0</ele></trkpt>
<trkpt lat="45.076380" lon="6.048790"><ele>1210.0</ele></trkpt>
<trkpt lat="45.076380" lon="6.048690"><ele>1210.0</ele></trkpt>
<trkpt lat="45.076380" lon="6.048670"><ele>1209.0</ele></trkpt>
<trkpt lat="45.076380" lon="6.048650"><ele>1209.0</ele></trkpt>
<trkpt lat="45.076360" lon="6.048500"><ele>1209.0</ele></trkpt>
<trkpt lat="45.076350" lon="6.048420"><ele>1209.0</ele></trkpt>
<trkpt lat="45.076320" lon="6.048240"><ele>1208.0</ele></trkpt>
<trkpt lat="45.076290" lon="6.048080"><ele>1208.0</ele></trkpt>
<trkpt lat="45.076290" lon="6.048040"><ele>1209.0</ele></trkpt>
<trkpt lat="45.076300" lon="6.048000"><ele>1209.0</ele></trkpt>
<trkpt lat="45.076310" lon="6.047930"><ele>1210.0</ele></trkpt>
<trkpt lat="45.076330" lon="6.047880"><ele>1210.0</ele></trkpt>
<trkpt lat="45.076370" lon="6.047780"><ele>1211.0</ele></trkpt>
<trkpt lat="45.076400" lon="6.047700"><ele>1211.0</ele></trkpt>
<trkpt lat="45.076400" lon="6.047680"><ele>1212.0</ele></trkpt>
<trkpt lat="45.076470" lon="6.047480"><ele>1213.0</ele></trkpt>
<trkpt lat="45.076480" lon="6.047470"><ele>1214.0</ele></trkpt>
<trkpt lat="45.076520" lon="6.047370"><ele>1215.0</ele></trkpt>
<trkpt lat="45.076560" lon="6.047310"><ele>1215.0</ele></trkpt>
<trkpt lat="45.076570" lon="6.047300"><ele>1216.0</ele></trkpt>
<trkpt lat="45.076580" lon="6.047300"><ele>1216.0</ele></trkpt>
<trkpt lat="45.076590" lon="6.047290"><ele>1217.0</ele></trkpt>
<trkpt lat="45.076600" lon="6.047300"><ele>1217.0</ele></trkpt>
<trkpt lat="45.076630" lon="6.047300"><ele>1217.0</ele></trkpt>
<trkpt lat="45.076630" lon="6.047310"><ele>1218.0</ele></trkpt>
<trkpt lat="45.076640" lon="6.047320"><ele>1218.0</ele></trkpt>
<trkpt lat="45.076650" lon="6.047320"><ele>1218.0</ele></trkpt>
<trkpt lat="45.076650" lon="6.047330"><ele>1218.0</ele></trkpt>
<trkpt lat="45.076670" lon="6.047360"><ele>1218.0</ele></trkpt>
<trkpt lat="45.076670" lon="6.047370"><ele>1219.0</ele></trkpt>
<trkpt lat="45.076680" lon="6.047440"><ele>1219.0</ele></trkpt>
<trkpt lat="45.076670" lon="6.047470"><ele>1219.0</ele></trkpt>
<trkpt lat="45.076670" lon="6.047490"><ele>1220.0</ele></trkpt>
<trkpt lat="45.076660" lon="6.047510"><ele>1220.0</ele></trkpt>
<trkpt lat="45.076620" lon="6.047620"><ele>1220.0</ele></trkpt>
<trkpt lat="45.076580" lon="6.047710"><ele>1221.0</ele></trkpt>
<trkpt lat="45.076580" lon="6.047720"><ele>1222.0</ele></trkpt>
<trkpt lat="45.076560" lon="6.047760"><ele>1222.0</ele></trkpt>
<trkpt lat="45.076520" lon="6.047850"><ele>1223.0</ele></trkpt>
<trkpt lat="45.076490" lon="6.047930"><ele>1223.0</ele></trkpt>
<trkpt lat="45.076490" lon="6.047940"><ele>1224.0</ele></trkpt>
<trkpt lat="45.076490" lon="6.047950"><ele>1224.0</ele></trkpt>
<trkpt lat="45.076490" lon="6.047990"><ele>1225.0</ele></trkpt>
<trkpt lat="45.076500" lon="6.048110"><ele>1225.0</ele></trkpt>
<trkpt lat="45.076560" lon="6.048290"><ele>1226.0</ele></trkpt>
<trkpt lat="45.076600" lon="6.048400"><ele>1227.0</ele></trkpt>
<trkpt lat="45.076610" lon="6.048410"><ele>1228.0</ele></trkpt>
<trkpt lat="45.076650" lon="6.048490"><ele>1229.0</ele></trkpt>
<trkpt lat="45.076690" lon="6.048580"><ele>1230.0</ele></trkpt>
<trkpt lat="45.076710" lon="6.048630"><ele>1231.0</ele></trkpt>
<trkpt lat="45.076720" lon="6.048700"><ele>1231.0</ele></trkpt>
<trkpt lat="45.076730" lon="6.048770"><ele>1232.0</ele></trkpt>
<trkpt lat="45.076740" lon="6.048840"><ele>1233.0</ele></trkpt>
<trkpt lat="45.076730" lon="6.049110"><ele>1235.0</ele></trkpt>
<trkpt lat="45.076730" lon="6.049130"><ele>1236.0</ele></trkpt>
<trkpt lat="45.076720" lon="6.049300"><ele>1238.0</ele></trkpt>
<trkpt lat="45.076710" lon="6.049490"><ele>1240.0</ele></trkpt>
<trkpt lat="45.076670" lon="6.049610"><ele>1242.0</ele></trkpt>
<trkpt lat="45.076660" lon="6.049650"><ele>1243.0</ele></trkpt>
<trkpt lat="45.076600" lon="6.049850"><ele>1245.0</ele></trkpt>
<trkpt lat="45.076580" lon="6.049940"><ele>1247.0</ele></trkpt>
<trkpt lat="45.076530" lon="6.050160"><ele>1249.0</ele></trkpt>
<trkpt lat="45.076520" lon="6.050290"><ele>1251.0</ele></trkpt>
<trkpt lat="45.076510" lon="6.050420"><ele>1253.0</ele></trkpt>
<trkpt lat="45.076510" lon="6.050530"><ele>1255.0</ele></trkpt>
<trkpt lat="45.076490" lon="6.050640"><ele>1256.0</ele></trkpt>
<trkpt lat="45.076450" lon="6.050780"><ele>1258.0</ele></trkpt>
<trkpt lat="45.076360" lon="6.051020"><ele>1261.0</ele></trkpt>
<trkpt lat="45.076340" lon="6.051040"><ele>1262.0</ele></trkpt>
<trkpt lat="45.076330" lon="6.051060"><ele>1263.0</ele></trkpt>
<trkpt lat="45.076260" lon="6.051180"><ele>1264.0</ele></trkpt>
<trkpt lat="45.076220" lon="6.051240"><ele>1265.0</ele></trkpt>
<trkpt lat="45.076170" lon="6.051310"><ele>1266.0</ele></trkpt>
<trkpt lat="45.076100" lon="6.051420"><ele>1266.0</ele></trkpt>
<trkpt lat="45.076080" lon="6.051440"><ele>1267.0</ele></trkpt>
<trkpt lat="45.075940" lon="6.051560"><ele>1267.0</ele></trkpt>
<trkpt lat="45.075880" lon="6.051610"><ele>1268.0</ele></trkpt>
<trkpt lat="45.075790" lon="6.051690"><ele>1269.0</ele></trkpt>
<trkpt lat="45.075780" lon="6.051690"><ele>1269.0</ele></trkpt>
<trkpt lat="45.075660" lon="6.051790"><ele>1269.0</ele></trkpt>
<trkpt lat="45.075630" lon="6.051810"><ele>1270.0</ele></trkpt>
<trkpt lat="45.075480" lon="6.051930"><ele>1270.0</ele></trkpt>
<trkpt lat="45.075280" lon="6.052060"><ele>1271.0</ele></trkpt>
<trkpt lat="45.075140" lon="6.052130"><ele>1272.0</ele></trkpt>
<trkpt lat="45.075130" lon="6.052140"><ele>1273.0</ele></trkpt>
<trkpt lat="45.075080" lon="6.052160"><ele>1273.0</ele></trkpt>
<trkpt lat="45.074970" lon="6.052190"><ele>1274.0</ele></trkpt>
<trkpt lat="45.074890" lon="6.052190"><ele>1274.0</ele></trkpt>
<trkpt lat="45.074860" lon="6.052200"><ele>1275.0</ele></trkpt>
<trkpt lat="45.074830" lon="6.052210"><ele>1275.0</ele></trkpt>
<trkpt lat="45.074830" lon="6.052220"><ele>1275.0</ele></trkpt>
<trkpt lat="45.074820" lon="6.052230"><ele>1275.0</ele></trkpt>
<trkpt lat="45.074810" lon="6.052260"><ele>1276.0</ele></trkpt>
<trkpt lat="45.074790" lon="6.052290"><ele>1276.0</ele></trkpt>
<trkpt lat="45.074780" lon="6.052330"><ele>1276.0</ele></trkpt>
<trkpt lat="45.074770" lon="6.052380"><ele>1277.0</ele></trkpt>
<trkpt lat="45.074770" lon="6.052390"><ele>1277.0</ele></trkpt>
<trkpt lat="45.074770" lon="6.052400"><ele>1277.0</ele></trkpt>
<trkpt lat="45.074770" lon="6.052410"><ele>1277.0</ele></trkpt>
<trkpt lat="45.074770" lon="6.052420"><ele>1278.0</ele></trkpt>
<trkpt lat="45.074770" lon="6.052430"><ele>1278.0</ele></trkpt>
<trkpt lat="45.074780" lon="6.052440"><ele>1278.0</ele></trkpt>
<trkpt lat="45.074790" lon="6.052460"><ele>1278.0</ele></trkpt>
<trkpt lat="45.074800" lon="6.052480"><ele>1278.0</ele></trkpt>
<trkpt lat="45.074800" lon="6.052500"><ele>1279.0</ele></trkpt>
<trkpt lat="45.074810" lon="6.052510"><ele>1279.0</ele></trkpt>
<trkpt lat="45.074820" lon="6.052520"><ele>1279.0</ele></trkpt>
<trkpt lat="45.074830" lon="6.052520"><ele>1279.0</ele></trkpt>
<trkpt lat="45.074840" lon="6.052530"><ele>1279.0</ele></trkpt>
<trkpt lat="45.074860" lon="6.052530"><ele>1280.0</ele></trkpt>
<trkpt lat="45.074880" lon="6.052540"><ele>1280.0</ele></trkpt>
<trkpt lat="45.074890" lon="6.052540"><ele>1280.0</ele></trkpt>
<trkpt lat="45.074910" lon="6.052520"><ele>1280.0</ele></trkpt>
<trkpt lat="45.074930" lon="6.052520"><ele>1281.0</ele></trkpt>
<trkpt lat="45.074960" lon="6.052490"><ele>1281.0</ele></trkpt>
<trkpt lat="45.074980" lon="6.052460"><ele>1281.0</ele></trkpt>
<trkpt lat="45.075000" lon="6.052440"><ele>1282.0</ele></trkpt>
<trkpt lat="45.075020" lon="6.052420"><ele>1282.0</ele></trkpt>
<trkpt lat="45.075040" lon="6.052400"><ele>1283.0</ele></trkpt>
<trkpt lat="45.075090" lon="6.052320"><ele>1283.0</ele></trkpt>
<trkpt lat="45.075110" lon="6.052320"><ele>1284.0</ele></trkpt>
<trkpt lat="45.075210" lon="6.052240"><ele>1285.0</ele></trkpt>
<trkpt lat="45.075470" lon="6.052140"><ele>1287.0</ele></trkpt>
<trkpt lat="45.075600" lon="6.052070"><ele>1289.0</ele></trkpt>
<trkpt lat="45.075730" lon="6.052000"><ele>1291.0</ele></trkpt>
<trkpt lat="45.075770" lon="6.051990"><ele>1293.0</ele></trkpt>
<trkpt lat="45.075890" lon="6.051950"><ele>1294.0</ele></trkpt>
<trkpt lat="45.075990" lon="6.051930"><ele>1296.0</ele></trkpt>
<trkpt lat="45.076130" lon="6.051910"><ele>1298.0</ele></trkpt>
<trkpt lat="45.076260" lon="6.051890"><ele>1300.0</ele></trkpt>
<trkpt lat="45.076300" lon="6.051880"><ele>1301.0</ele></trkpt>
<trkpt lat="45.076440" lon="6.051830"><ele>1302.0</ele></trkpt>
<trkpt lat="45.076610" lon="6.051780"><ele>1303.0</ele></trkpt>
<trkpt lat="45.076650" lon="6.051750"><ele>1304.0</ele></trkpt>
<trkpt lat="45.076780" lon="6.051680"><ele>1305.0</ele></trkpt>
<trkpt lat="45.076810" lon="6.051640"><ele>1305.0</ele></trkpt>
<trkpt lat="45.076940" lon="6.051510"><ele>1306.0</ele></trkpt>
<trkpt lat="45.076950" lon="6.051480"><ele>1307.0</ele></trkpt>
<trkpt lat="45.077040" lon="6.051340"><ele>1307.0</ele></trkpt>
<trkpt lat="45.077070" lon="6.051290"><ele>1308.0</ele></trkpt>
<trkpt lat="45.077180" lon="6.051070"><ele>1308.0</ele></trkpt>
<trkpt lat="45.077220" lon="6.050960"><ele>1309.0</ele></trkpt>
<trkpt lat="45.077270" lon="6.050870"><ele>1310.0</ele></trkpt>
<trkpt lat="45.077330" lon="6.050750"><ele>1310.0</ele></trkpt>
<trkpt lat="45.077380" lon="6.050670"><ele>1311.0</ele></trkpt>
<trkpt lat="45.077430" lon="6.050600"><ele>1311.0</ele></trkpt>
<trkpt lat="45.077550" lon="6.050420"><ele>1312.0</ele></trkpt>
<trkpt lat="45.077860" lon="6.049910"><ele>1313.0</ele></trkpt>
<trkpt lat="45.077860" lon="6.049890"><ele>1314.0</ele></trkpt>
<trkpt lat="45.077970" lon="6.049710"><ele>1315.0</ele></trkpt>
<trkpt lat="45.077980" lon="6.049700"><ele>1315.0</ele></trkpt>
<trkpt lat="45.077990" lon="6.049680"><ele>1316.0</ele></trkpt>
<trkpt lat="45.078050" lon="6.049480"><ele>1316.0</ele></trkpt>
<trkpt lat="45.078060" lon="6.049370"><ele>1317.0</ele></trkpt>
<trkpt lat="45.078060" lon="6.049350"><ele>1317.0</ele></trkpt>
<trkpt lat="45.078060" lon="6.049320"><ele>1317.0</ele></trkpt>
<trkpt lat="45.078050" lon="6.049270"><ele>1317.0</ele></trkpt>
<trkpt lat="45.078030" lon="6.049210"><ele>1318.0</ele></trkpt>
<trkpt lat="45.078020" lon="6.049160"><ele>1318.0</ele></trkpt>
<trkpt lat="45.077990" lon="6.049080"><ele>1318.0</ele></trkpt>
<trkpt lat="45.077960" lon="6.049000"><ele>1318.0</ele></trkpt>
<trkpt lat="45.077950" lon="6.048930"><ele>1318.0</ele></trkpt>
<trkpt lat="45.077950" lon="6.048750"><ele>1319.0</ele></trkpt>
<trkpt lat="45.077950" lon="6.048740"><ele>1319.0</ele></trkpt>
<trkpt lat="45.077950" lon="6.048500"><ele>1319.0</ele></trkpt>
<trkpt lat="45.077950" lon="6.048400"><ele>1320.0</ele></trkpt>
<trkpt lat="45.077910" lon="6.048250"><ele>1320.0</ele></trkpt>
<trkpt lat="45.077900" lon="6.048240"><ele>1321.0</ele></trkpt>
<trkpt lat="45.077880" lon="6.048150"><ele>1321.0</ele></trkpt>
<trkpt lat="45.077830" lon="6.048020"><ele>1321.0</ele></trkpt>
<trkpt lat="45.077830" lon="6.048000"><ele>1321.0</ele></trkpt>
<trkpt lat="45.077820" lon="6.047920"><ele>1322.0</ele></trkpt>
<trkpt lat="45.077820" lon="6.047900"><ele>1322.0</ele></trkpt>
<trkpt lat="45.077820" lon="6.047880"><ele>1322.0</ele></trkpt>
<trkpt lat="45.077830" lon="6.047850"><ele>1322.0</ele></trkpt>
<trkpt lat="45.077830" lon="6.047840"><ele>1322.0</ele></trkpt>
<trkpt lat="45.077830" lon="6.047830"><ele>1322.0</ele></trkpt>
<trkpt lat="45.077840" lon="6.047830"><ele>1322.0</ele></trkpt>
<trkpt lat="45.077870" lon="6.047800"><ele>1322.0</ele></trkpt>
<trkpt lat="45.077880" lon="6.047800"><ele>1323.0</ele></trkpt>
<trkpt lat="45.077910" lon="6.047790"><ele>1323.0</ele></trkpt>
<trkpt lat="45.077920" lon="6.047790"><ele>1323.0</ele></trkpt>
<trkpt lat="45.077940" lon="6.047810"><ele>1323.0</ele></trkpt>
<trkpt lat="45.077960" lon="6.047840"><ele>1323.0</ele></trkpt>
<trkpt lat="45.077980" lon="6.047870"><ele>1323.0</ele></trkpt>
<trkpt lat="45.077990" lon="6.047880"><ele>1323.0</ele></trkpt>
<trkpt lat="45.077990" lon="6.047890"><ele>1323.0</ele></trkpt>
<trkpt lat="45.078000" lon="6.047930"><ele>1323.0</ele></trkpt>
<trkpt lat="45.078000" lon="6.047950"><ele>1323.0</ele></trkpt>
<trkpt lat="45.078000" lon="6.047970"><ele>1324.0</ele></trkpt>
<trkpt lat="45.078020" lon="6.048160"><ele>1324.0</ele></trkpt>
<trkpt lat="45.078030" lon="6.048180"><ele>1325.0</ele></trkpt>
<trkpt lat="45.078080" lon="6.048420"><ele>1326.0</ele></trkpt>
<trkpt lat="45.078080" lon="6.048430"><ele>1327.0</ele></trkpt>
<trkpt lat="45.078080" lon="6.048440"><ele>1328.0</ele></trkpt>
<trkpt lat="45.078160" lon="6.048700"><ele>1329.0</ele></trkpt>
<trkpt lat="45.078280" lon="6.048920"><ele>1331.0</ele></trkpt>
<trkpt lat="45.078400" lon="6.049150"><ele>1333.0</ele></trkpt>
<trkpt lat="45.078440" lon="6.049280"><ele>1335.0</ele></trkpt>
<trkpt lat="45.078450" lon="6.049450"><ele>1337.0</ele></trkpt>
<trkpt lat="45.078450" lon="6.049550"><ele>1339.0</ele></trkpt>
<trkpt lat="45.078450" lon="6.049570"><ele>1340.0</ele></trkpt>
<trkpt lat="45.078450" lon="6.049730"><ele>1341.0</ele></trkpt>
<trkpt lat="45.078440" lon="6.049800"><ele>1343.0</ele></trkpt>
<trkpt lat="45.078420" lon="6.049950"><ele>1344.0</ele></trkpt>
<trkpt lat="45.078410" lon="6.050060"><ele>1345.0</ele></trkpt>
<trkpt lat="45.078400" lon="6.050150"><ele>1346.0</ele></trkpt>
<trkpt lat="45.078320" lon="6.050400"><ele>1348.0</ele></trkpt>
<trkpt lat="45.078200" lon="6.050750"><ele>1350.0</ele></trkpt>
<trkpt lat="45.078110" lon="6.050980"><ele>1352.0</ele></trkpt>
<trkpt lat="45.078020" lon="6.051200"><ele>1354.0</ele></trkpt>
<trkpt lat="45.078020" lon="6.051210"><ele>1356.0</ele></trkpt>
<trkpt lat="45.077940" lon="6.051430"><ele>1357.0</ele></trkpt>
<trkpt lat="45.077860" lon="6.051660"><ele>1359.0</ele></trkpt>
<trkpt lat="45.077860" lon="6.051670"><ele>1360.0</ele></trkpt>
<trkpt lat="45.077790" lon="6.051970"><ele>1362.0</ele></trkpt>
<trkpt lat="45.077750" lon="6.052140"><ele>1363.0</ele></trkpt>
<trkpt lat="45.077740" lon="6.052160"><ele>1364.0</ele></trkpt>
<trkpt lat="45.077720" lon="6.052250"><ele>1365.0</ele></trkpt>
<trkpt lat="45.077670" lon="6.052360"><ele>1366.0</ele></trkpt>
<trkpt lat="45.077620" lon="6.052460"><ele>1367.0</ele></trkpt>
<trkpt lat="45.077570" lon="6.052580"><ele>1368.0</ele></trkpt>
<trkpt lat="45.077500" lon="6.052720"><ele>1369.0</ele></trkpt>
<trkpt lat="45.077460" lon="6.052780"><ele>1370.0</ele></trkpt>
<trkpt lat="45.077450" lon="6.052800"><ele>1371.0</ele></trkpt>
<trkpt lat="45.077410" lon="6.052860"><ele>1371.0</ele></trkpt>
<trkpt lat="45.077360" lon="6.052920"><ele>1372.0</ele></trkpt>
<trkpt lat="45.077320" lon="6.052970"><ele>1372.0</ele></trkpt>
<trkpt lat="45.077290" lon="6.053000"><ele>1372.0</ele></trkpt>
<trkpt lat="45.077260" lon="6.053020"><ele>1372.0</ele></trkpt>
<trkpt lat="45.077230" lon="6.053050"><ele>1373.0</ele></trkpt>
<trkpt lat="45.077200" lon="6.053080"><ele>1373.0</ele></trkpt>
<trkpt lat="45.077180" lon="6.053110"><ele>1373.0</ele></trkpt>
<trkpt lat="45.077150" lon="6.053140"><ele>1373.0</ele></trkpt>
<trkpt lat="45.077120" lon="6.053200"><ele>1373.0</ele></trkpt>
<trkpt lat="45.077110" lon="6.053230"><ele>1373.0</ele></trkpt>
<trkpt lat="45.077090" lon="6.053260"><ele>1374.0</ele></trkpt>
<trkpt lat="45.077080" lon="6.053290"><ele>1374.0</ele></trkpt>
<trkpt lat="45.077080" lon="6.053300"><ele>1374.0</ele></trkpt>
<trkpt lat="45.077070" lon="6.053310"><ele>1374.0</ele></trkpt>
<trkpt lat="45.077070" lon="6.053330"><ele>1374.0</ele></trkpt>
<trkpt lat="45.077070" lon="6.053350"><ele>1374.0</ele></trkpt>
<trkpt lat="45.077070" lon="6.053410"><ele>1374.0</ele></trkpt>
<trkpt lat="45.077080" lon="6.053430"><ele>1374.0</ele></trkpt>
<trkpt lat="45.077080" lon="6.053450"><ele>1374.0</ele></trkpt>
<trkpt lat="45.077090" lon="6.053460"><ele>1374.0</ele></trkpt>
<trkpt lat="45.077130" lon="6.053510"><ele>1375.0</ele></trkpt>
<trkpt lat="45.077170" lon="6.053550"><ele>1375.0</ele></trkpt>
<trkpt lat="45.077200" lon="6.053580"><ele>1375.0</ele></trkpt>
<trkpt lat="45.077250" lon="6.053610"><ele>1375.0</ele></trkpt>
<trkpt lat="45.077290" lon="6.053610"><ele>1375.0</ele></trkpt>
<trkpt lat="45.077300" lon="6.053610"><ele>1375.0</ele></trkpt>
<trkpt lat="45.077310" lon="6.053610"><ele>1375.0</ele></trkpt>
<trkpt lat="45.077440" lon="6.053620"><ele>1376.0</ele></trkpt>
<trkpt lat="45.077480" lon="6.053630"><ele>1376.0</ele></trkpt>
<trkpt lat="45.077610" lon="6.053670"><ele>1376.0</ele></trkpt>
<trkpt lat="45.077680" lon="6.053720"><ele>1377.0</ele></trkpt>
<trkpt lat="45.077730" lon="6.053760"><ele>1377.0</ele></trkpt>
<trkpt lat="45.077810" lon="6.053820"><ele>1377.0</ele></trkpt>
<trkpt lat="45.077960" lon="6.053950"><ele>1378.0</ele></trkpt>
<trkpt lat="45.078120" lon="6.054080"><ele>1378.0</ele></trkpt>
<trkpt lat="45.078170" lon="6.054120"><ele>1379.0</ele></trkpt>
<trkpt lat="45.078450" lon="6.054270"><ele>1381.0</ele></trkpt>
<trkpt lat="45.078620" lon="6.054360"><ele>1384.0</ele></trkpt>
<trkpt lat="45.078940" lon="6.054530"><ele>1387.0</ele></trkpt>
<trkpt lat="45.078960" lon="6.054540"><ele>1390.0</ele></trkpt>
<trkpt lat="45.079100" lon="6.054600"><ele>1392.0</ele></trkpt>
<trkpt lat="45.079130" lon="6.054620"><ele>1394.0</ele></trkpt>
<trkpt lat="45.079160" lon="6.054640"><ele>1395.0</ele></trkpt>
<trkpt lat="45.079230" lon="6.054670"><ele>1397.0</ele></trkpt>
<trkpt lat="45.079290" lon="6.054690"><ele>1398.0</ele></trkpt>
<trkpt lat="45.079300" lon="6.054690"><ele>1399.0</ele></trkpt>
<trkpt lat="45.079340" lon="6.054690"><ele>1400.0</ele></trkpt>
<trkpt lat="45.079380" lon="6.054690"><ele>1400.0</ele></trkpt>
<trkpt lat="45.079470" lon="6.054660"><ele>1401.0</ele></trkpt>
<trkpt lat="45.079470" lon="6.054650"><ele>1402.0</ele></trkpt>
<trkpt lat="45.079490" lon="6.054650"><ele>1403.0</ele></trkpt>
<trkpt lat="45.079550" lon="6.054630"><ele>1403.0</ele></trkpt>
<trkpt lat="45.079620" lon="6.054620"><ele>1404.0</ele></trkpt>
<trkpt lat="45.079650" lon="6.054620"><ele>1405.0</ele></trkpt>
<trkpt lat="45.079700" lon="6.054620"><ele>1406.0</ele></trkpt>
<trkpt lat="45.079770" lon="6.054620"><ele>1407.0</ele></trkpt>
<trkpt lat="45.079820" lon="6.054620"><ele>1408.0</ele></trkpt>
<trkpt lat="45.080010" lon="6.054640"><ele>1409.0</ele></trkpt>
<trkpt lat="45.080080" lon="6.054650"><ele>1410.0</ele></trkpt>
<trkpt lat="45.080190" lon="6.054680"><ele>1411.0</ele></trkpt>
<trkpt lat="45.080200" lon="6.054690"><ele>1411.0</ele></trkpt>
<trkpt lat="45.080380" lon="6.054750"><ele>1412.0</ele></trkpt>
<trkpt lat="45.080590" lon="6.054860"><ele>1412.0</ele></trkpt>
<trkpt lat="45.080670" lon="6.054900"><ele>1412.0</ele></trkpt>
<trkpt lat="45.080700" lon="6.054930"><ele>1412.0</ele></trkpt>
<trkpt lat="45.080710" lon="6.054940"><ele>1412.0</ele></trkpt>
<trkpt lat="45.080730" lon="6.054960"><ele>1412.0</ele></trkpt>
<trkpt lat="45.080770" lon="6.055020"><ele>1412.0</ele></trkpt>
<trkpt lat="45.080790" lon="6.055070"><ele>1412.0</ele></trkpt>
<trkpt lat="45.080800" lon="6.055120"><ele>1412.0</ele></trkpt>
<trkpt lat="45.080820" lon="6.055220"><ele>1412.0</ele></trkpt>
<trkpt lat="45.080820" lon="6.055310"><ele>1412.0</ele></trkpt>
<trkpt lat="45.080820" lon="6.055380"><ele>1412.0</ele></trkpt>
<trkpt lat="45.080790" lon="6.055460"><ele>1412.0</ele></trkpt>
<trkpt lat="45.080770" lon="6.055510"><ele>1412.0</ele></trkpt>
<trkpt lat="45.080750" lon="6.055540"><ele>1412.0</ele></trkpt>
<trkpt lat="45.080710" lon="6.055560"><ele>1412.0</ele></trkpt>
<trkpt lat="45.080700" lon="6.055570"><ele>1412.0</ele></trkpt>
<trkpt lat="45.080680" lon="6.055580"><ele>1412.0</ele></trkpt>
<trkpt lat="45.080440" lon="6.055680"><ele>1412.0</ele></trkpt>
<trkpt lat="45.080320" lon="6.055740"><ele>1412.0</ele></trkpt>
<trkpt lat="45.080310" lon="6.055740"><ele>1412.0</ele></trkpt>
<trkpt lat="45.080260" lon="6.055780"><ele>1412.0</ele></trkpt>
<trkpt lat="45.080230" lon="6.055820"><ele>1412.0</ele></trkpt>
<trkpt lat="45.080200" lon="6.055890"><ele>1412.0</ele></trkpt>
<trkpt lat="45.080160" lon="6.055970"><ele>1412.0</ele></trkpt>
<trkpt lat="45.080130" lon="6.056070"><ele>1412.0</ele></trkpt>
<trkpt lat="45.080120" lon="6.056120"><ele>1412.0</ele></trkpt>
<trkpt lat="45.080080" lon="6.056450"><ele>1413.0</ele></trkpt>
<trkpt lat="45.080060" lon="6.056570"><ele>1414.0</ele></trkpt>
<trkpt lat="45.080060" lon="6.056670"><ele>1414.0</ele></trkpt>
<trkpt lat="45.080070" lon="6.056760"><ele>1415.0</ele></trkpt>
<trkpt lat="45.080080" lon="6.056780"><ele>1415.0</ele></trkpt>
<trkpt lat="45.080120" lon="6.056930"><ele>1416.0</ele></trkpt>
<trkpt lat="45.080180" lon="6.057130"><ele>1417.0</ele></trkpt>
<trkpt lat="45.080310" lon="6.057420"><ele>1418.0</ele></trkpt>
<trkpt lat="45.080400" lon="6.057650"><ele>1419.0</ele></trkpt>
<trkpt lat="45.080410" lon="6.057680"><ele>1420.0</ele></trkpt>
<trkpt lat="45.080610" lon="6.058180"><ele>1421.0</ele></trkpt>
<trkpt lat="45.080890" lon="6.058760"><ele>1423.0</ele></trkpt>
<trkpt lat="45.081010" lon="6.058920"><ele>1425.0</ele></trkpt>
<trkpt lat="45.081020" lon="6.058940"><ele>1427.0</ele></trkpt>
<trkpt lat="45.081130" lon="6.059090"><ele>1428.0</ele></trkpt>
<trkpt lat="45.081220" lon="6.059260"><ele>1429.0</ele></trkpt>
<trkpt lat="45.081250" lon="6.059330"><ele>1430.0</ele></trkpt>
<trkpt lat="45.081290" lon="6.059430"><ele>1431.0</ele></trkpt>
<trkpt lat="45.081360" lon="6.059610"><ele>1433.0</ele></trkpt>
<trkpt lat="45.081480" lon="6.059920"><ele>1434.0</ele></trkpt>
<trkpt lat="45.081660" lon="6.060480"><ele>1437.0</ele></trkpt>
<trkpt lat="45.081820" lon="6.061030"><ele>1440.0</ele></trkpt>
<trkpt lat="45.081890" lon="6.061280"><ele>1442.0</ele></trkpt>
<trkpt lat="45.081960" lon="6.061580"><ele>1444.0</ele></trkpt>
<trkpt lat="45.081980" lon="6.061670"><ele>1445.0</ele></trkpt>
<trkpt lat="45.082060" lon="6.061990"><ele>1447.0</ele></trkpt>
<trkpt lat="45.082150" lon="6.062210"><ele>1448.0</ele></trkpt>
<trkpt lat="45.082170" lon="6.062260"><ele>1449.0</ele></trkpt>
<trkpt lat="45.082180" lon="6.062280"><ele>1450.0</ele></trkpt>
<trkpt lat="45.082200" lon="6.062300"><ele>1450.0</ele></trkpt>
<trkpt lat="45.082220" lon="6.062310"><ele>1451.0</ele></trkpt>
<trkpt lat="45.082280" lon="6.062310"><ele>1451.0</ele></trkpt>
<trkpt lat="45.082300" lon="6.062310"><ele>1451.0</ele></trkpt>
<trkpt lat="45.082320" lon="6.062290"><ele>1451.0</ele></trkpt>
<trkpt lat="45.082340" lon="6.062280"><ele>1452.0</ele></trkpt>
<trkpt lat="45.082350" lon="6.062270"><ele>1452.0</ele></trkpt>
<trkpt lat="45.082350" lon="6.062260"><ele>1452.0</ele></trkpt>
<trkpt lat="45.082350" lon="6.062250"><ele>1452.0</ele></trkpt>
<trkpt lat="45.082350" lon="6.062240"><ele>1452.0</ele></trkpt>
<trkpt lat="45.082360" lon="6.062210"><ele>1452.0</ele></trkpt>
<trkpt lat="45.082350" lon="6.062160"><ele>1452.0</ele></trkpt>
<trkpt lat="45.082330" lon="6.062100"><ele>1452.0</ele></trkpt>
<trkpt lat="45.082300" lon="6.062040"><ele>1453.0</ele></trkpt>
<trkpt lat="45.082170" lon="6.061800"><ele>1453.0</ele></trkpt>
<trkpt lat="45.082130" lon="6.061700"><ele>1454.0</ele></trkpt>
<trkpt lat="45.082110" lon="6.061600"><ele>1454.0</ele></trkpt>
<trkpt lat="45.082110" lon="6.061580"><ele>1455.0</ele></trkpt>
<trkpt lat="45.082090" lon="6.061460"><ele>1455.0</ele></trkpt>
<trkpt lat="45.082100" lon="6.061280"><ele>1455.0</ele></trkpt>
<trkpt lat="45.082150" lon="6.060790"><ele>1457.0</ele></trkpt>
<trkpt lat="45.082160" lon="6.060560"><ele>1459.0</ele></trkpt>
<trkpt lat="45.082180" lon="6.060310"><ele>1462.0</ele></trkpt>
<trkpt lat="45.082180" lon="6.060290"><ele>1463.0</ele></trkpt>
<trkpt lat="45.082200" lon="6.060060"><ele>1465.0</ele></trkpt>
<trkpt lat="45.082210" lon="6.059870"><ele>1467.0</ele></trkpt>
<trkpt lat="45.082210" lon="6.059790"><ele>1468.0</ele></trkpt>
<trkpt lat="45.082230" lon="6.059220"><ele>1471.0</ele></trkpt>
<trkpt lat="45.082240" lon="6.058970"><ele>1474.0</ele></trkpt>
<trkpt lat="45.082240" lon="6.058850"><ele>1476.0</ele></trkpt>
<trkpt lat="45.082240" lon="6.058720"><ele>1478.0</ele></trkpt>
<trkpt lat="45.082250" lon="6.058470"><ele>1480.0</ele></trkpt>
<trkpt lat="45.082250" lon="6.058350"><ele>1481.0</ele></trkpt>
<trkpt lat="45.082260" lon="6.058290"><ele>1483.0</ele></trkpt>
<trkpt lat="45.082270" lon="6.058160"><ele>1484.0</ele></trkpt>
<trkpt lat="45.082270" lon="6.058140"><ele>1485.0</ele></trkpt>
<trkpt lat="45.082320" lon="6.057920"><ele>1486.0</ele></trkpt>
<trkpt lat="45.082360" lon="6.057820"><ele>1487.0</ele></trkpt>
<trkpt lat="45.082420" lon="6.057760"><ele>1488.0</ele></trkpt>
<trkpt lat="45.082440" lon="6.057740"><ele>1489.0</ele></trkpt>
<trkpt lat="45.082490" lon="6.057690"><ele>1490.0</ele></trkpt>
<trkpt lat="45.082540" lon="6.057650"><ele>1491.0</ele></trkpt>
<trkpt lat="45.082640" lon="6.057620"><ele>1492.0</ele></trkpt>
<trkpt lat="45.082720" lon="6.057610"><ele>1493.0</ele></trkpt>
<trkpt lat="45.082890" lon="6.057600"><ele>1494.0</ele></trkpt>
<trkpt lat="45.083060" lon="6.057590"><ele>1496.0</ele></trkpt>
<trkpt lat="45.083160" lon="6.057580"><ele>1497.0</ele></trkpt>
<trkpt lat="45.083310" lon="6.057540"><ele>1499.0</ele></trkpt>
<trkpt lat="45.083320" lon="6.057540"><ele>1500.0</ele></trkpt>
<trkpt lat="45.083500" lon="6.057500"><ele>1501.0</ele></trkpt>
<trkpt lat="45.083530" lon="6.057490"><ele>1503.0</ele></trkpt>
<trkpt lat="45.083610" lon="6.057470"><ele>1503.0</ele></trkpt>
<trkpt lat="45.083640" lon="6.057470"><ele>1504.0</ele></trkpt>
<trkpt lat="45.083660" lon="6.057470"><ele>1504.0</ele></trkpt>
<trkpt lat="45.083670" lon="6.057480"><ele>1505.0</ele></trkpt>
<trkpt lat="45.083690" lon="6.057500"><ele>1505.0</ele></trkpt>
<trkpt lat="45.083700" lon="6.057520"><ele>1505.0</ele></trkpt>
<trkpt lat="45.083700" lon="6.057530"><ele>1505.0</ele></trkpt>
<trkpt lat="45.083710" lon="6.057560"><ele>1505.0</ele></trkpt>
<trkpt lat="45.083710" lon="6.057590"><ele>1505.0</ele></trkpt>
<trkpt lat="45.083710" lon="6.057620"><ele>1505.0</ele></trkpt>
<trkpt lat="45.083700" lon="6.057640"><ele>1506.0</ele></trkpt>
<trkpt lat="45.083690" lon="6.057670"><ele>1506.0</ele></trkpt>
<trkpt lat="45.083670" lon="6.057700"><ele>1506.0</ele></trkpt>
<trkpt lat="45.083650" lon="6.057710"><ele>1506.0</ele></trkpt>
<trkpt lat="45.083610" lon="6.057730"><ele>1506.0</ele></trkpt>
<trkpt lat="45.083500" lon="6.057790"><ele>1506.0</ele></trkpt>
<trkpt lat="45.083400" lon="6.057870"><ele>1507.0</ele></trkpt>
<trkpt lat="45.083310" lon="6.057990"><ele>1507.0</ele></trkpt>
<trkpt lat="45.083240" lon="6.058130"><ele>1507.0</ele></trkpt>
<trkpt lat="45.083160" lon="6.058320"><ele>1508.0</ele></trkpt>
<trkpt lat="45.083120" lon="6.058450"><ele>1508.0</ele></trkpt>
<trkpt lat="45.083070" lon="6.058580"><ele>1509.0</ele></trkpt>
<trkpt lat="45.083040" lon="6.058800"><ele>1509.0</ele></trkpt>
<trkpt lat="45.083030" lon="6.058880"><ele>1510.0</ele></trkpt>
<trkpt lat="45.083020" lon="6.059170"><ele>1510.0</ele></trkpt>
<trkpt lat="45.083020" lon="6.059210"><ele>1511.0</ele></trkpt>
<trkpt lat="45.083030" lon="6.059550"><ele>1511.0</ele></trkpt>
<trkpt lat="45.083050" lon="6.059790"><ele>1512.0</ele></trkpt>
<trkpt lat="45.083090" lon="6.060130"><ele>1513.0</ele></trkpt>
<trkpt lat="45.083190" lon="6.060600"><ele>1515.0</ele></trkpt>
<trkpt lat="45.083310" lon="6.061230"><ele>1517.0</ele></trkpt>
<trkpt lat="45.083420" lon="6.061680"><ele>1520.0</ele></trkpt>
<trkpt lat="45.083440" lon="6.061850"><ele>1521.0</ele></trkpt>
<trkpt lat="45.083470" lon="6.061990"><ele>1523.0</ele></trkpt>
<trkpt lat="45.083470" lon="6.062090"><ele>1524.0</ele></trkpt>
<trkpt lat="45.083480" lon="6.062180"><ele>1525.0</ele></trkpt>
<trkpt lat="45.083480" lon="6.062340"><ele>1526.0</ele></trkpt>
<trkpt lat="45.083500" lon="6.062510"><ele>1528.0</ele></trkpt>
<trkpt lat="45.083510" lon="6.062560"><ele>1529.0</ele></trkpt>
<trkpt lat="45.083510" lon="6.062580"><ele>1530.0</ele></trkpt>
<trkpt lat="45.083520" lon="6.062590"><ele>1530.0</ele></trkpt>
<trkpt lat="45.083520" lon="6.062600"><ele>1530.0</ele></trkpt>
<trkpt lat="45.083560" lon="6.062630"><ele>1531.0</ele></trkpt>
<trkpt lat="45.083580" lon="6.062640"><ele>1531.0</ele></trkpt>
<trkpt lat="45.083600" lon="6.062640"><ele>1532.0</ele></trkpt>
<trkpt lat="45.083620" lon="6.062630"><ele>1532.0</ele></trkpt>
<trkpt lat="45.083640" lon="6.062620"><ele>1532.0</ele></trkpt>
<trkpt lat="45.083640" lon="6.062610"><ele>1533.0</ele></trkpt>
<trkpt lat="45.083650" lon="6.062610"><ele>1533.0</ele></trkpt>
<trkpt lat="45.083660" lon="6.062580"><ele>1533.0</ele></trkpt>
<trkpt lat="45.083670" lon="6.062540"><ele>1533.0</ele></trkpt>
<trkpt lat="45.083670" lon="6.062530"><ele>1533.0</ele></trkpt>
<trkpt lat="45.083670" lon="6.062520"><ele>1534.0</ele></trkpt>
<trkpt lat="45.083670" lon="6.062440"><ele>1534.0</ele></trkpt>
<trkpt lat="45.083640" lon="6.062310"><ele>1535.0</ele></trkpt>
<trkpt lat="45.083610" lon="6.062060"><ele>1536.0</ele></trkpt>
<trkpt lat="45.083610" lon="6.062030"><ele>1537.0</ele></trkpt>
<trkpt lat="45.083600" lon="6.061780"><ele>1538.0</ele></trkpt>
<trkpt lat="45.083600" lon="6.061610"><ele>1540.0</ele></trkpt>
<trkpt lat="45.083610" lon="6.061490"><ele>1541.0</ele></trkpt>
<trkpt lat="45.083740" lon="6.061330"><ele>1543.0</ele></trkpt>
<trkpt lat="45.083790" lon="6.061250"><ele>1544.0</ele></trkpt>
<trkpt lat="45.083840" lon="6.061110"><ele>1545.0</ele></trkpt>
<trkpt lat="45.083920" lon="6.060880"><ele>1547.0</ele></trkpt>
<trkpt lat="45.083980" lon="6.060730"><ele>1549.0</ele></trkpt>
<trkpt lat="45.084020" lon="6.060640"><ele>1550.0</ele></trkpt>
<trkpt lat="45.084190" lon="6.060460"><ele>1552.0</ele></trkpt>
<trkpt lat="45.084310" lon="6.060380"><ele>1554.0</ele></trkpt>
<trkpt lat="45.084470" lon="6.060270"><ele>1557.0</ele></trkpt>
<trkpt lat="45.084540" lon="6.060270"><ele>1559.0</ele></trkpt>
<trkpt lat="45.084570" lon="6.060270"><ele>1560.0</ele></trkpt>
<trkpt lat="45.084590" lon="6.060260"><ele>1561.0</ele></trkpt>
<trkpt lat="45.084600" lon="6.060260"><ele>1562.0</ele></trkpt>
<trkpt lat="45.084620" lon="6.060250"><ele>1562.0</ele></trkpt>
<trkpt lat="45.084640" lon="6.060240"><ele>1563.0</ele></trkpt>
<trkpt lat="45.084810" lon="6.060170"><ele>1564.0</ele></trkpt>
<trkpt lat="45.084990" lon="6.060100"><ele>1566.0</ele></trkpt>
<trkpt lat="45.085330" lon="6.059950"><ele>1569.0</ele></trkpt>
<trkpt lat="45.085500" lon="6.059880"><ele>1572.0</ele></trkpt>
<trkpt lat="45.085580" lon="6.059850"><ele>1574.0</ele></trkpt>
<trkpt lat="45.085700" lon="6.059780"><ele>1576.0</ele></trkpt>
<trkpt lat="45.085750" lon="6.059740"><ele>1577.0</ele></trkpt>
<trkpt lat="45.085840" lon="6.059670"><ele>1578.0</ele></trkpt>
<trkpt lat="45.086080" lon="6.059380"><ele>1580.0</ele></trkpt>
<trkpt lat="45.086170" lon="6.059270"><ele>1582.0</ele></trkpt>
<trkpt lat="45.086300" lon="6.059080"><ele>1583.0</ele></trkpt>
<trkpt lat="45.086440" lon="6.058930"><ele>1584.0</ele></trkpt>
<trkpt lat="45.086480" lon="6.058890"><ele>1586.0</ele></trkpt>
<trkpt lat="45.086580" lon="6.058790"><ele>1587.0</ele></trkpt>
<trkpt lat="45.086610" lon="6.058760"><ele>1587.0</ele></trkpt>
<trkpt lat="45.086740" lon="6.058670"><ele>1588.0</ele></trkpt>
<trkpt lat="45.086770" lon="6.058640"><ele>1589.0</ele></trkpt>
<trkpt lat="45.086860" lon="6.058580"><ele>1590.0</ele></trkpt>
<trkpt lat="45.086940" lon="6.058530"><ele>1591.0</ele></trkpt>
<trkpt lat="45.087040" lon="6.058450"><ele>1591.0</ele></trkpt>
<trkpt lat="45.087100" lon="6.058410"><ele>1592.0</ele></trkpt>
<trkpt lat="45.087180" lon="6.058350"><ele>1593.0</ele></trkpt>
<trkpt lat="45.087250" lon="6.058290"><ele>1594.0</ele></trkpt>
<trkpt lat="45.087420" lon="6.058160"><ele>1595.0</ele></trkpt>
<trkpt lat="45.087550" lon="6.058060"><ele>1596.0</ele></trkpt>
<trkpt lat="45.087630" lon="6.057960"><ele>1597.0</ele></trkpt>
<trkpt lat="45.087700" lon="6.057870"><ele>1599.0</ele></trkpt>
<trkpt lat="45.087720" lon="6.057860"><ele>1599.0</ele></trkpt>
<trkpt lat="45.087740" lon="6.057830"><ele>1600.0</ele></trkpt>
<trkpt lat="45.087750" lon="6.057820"><ele>1601.0</ele></trkpt>
<trkpt lat="45.087750" lon="6.057810"><ele>1601.0</ele></trkpt>
<trkpt lat="45.087760" lon="6.057800"><ele>1601.0</ele></trkpt>
<trkpt lat="45.087760" lon="6.057790"><ele>1601.0</ele></trkpt>
<trkpt lat="45.087760" lon="6.057750"><ele>1602.0</ele></trkpt>
<trkpt lat="45.087860" lon="6.057600"><ele>1602.0</ele></trkpt>
<trkpt lat="45.087950" lon="6.057460"><ele>1603.0</ele></trkpt>
<trkpt lat="45.087970" lon="6.057410"><ele>1604.0</ele></trkpt>
<trkpt lat="45.088120" lon="6.057140"><ele>1605.0</ele></trkpt>
<trkpt lat="45.088250" lon="6.056890"><ele>1607.0</ele></trkpt>
<trkpt lat="45.088320" lon="6.056750"><ele>1609.0</ele></trkpt>
<trkpt lat="45.088340" lon="6.056640"><ele>1610.0</ele></trkpt>
<trkpt lat="45.088350" lon="6.056560"><ele>1611.0</ele></trkpt>
<trkpt lat="45.088350" lon="6.056550"><ele>1612.0</ele></trkpt>
<trkpt lat="45.088350" lon="6.056460"><ele>1612.0</ele></trkpt>
<trkpt lat="45.088340" lon="6.056380"><ele>1613.0</ele></trkpt>
<trkpt lat="45.088310" lon="6.056310"><ele>1613.0</ele></trkpt>
<trkpt lat="45.088300" lon="6.056280"><ele>1614.0</ele></trkpt>
<trkpt lat="45.088210" lon="6.056120"><ele>1615.0</ele></trkpt>
<trkpt lat="45.088200" lon="6.056110"><ele>1615.0</ele></trkpt>
<trkpt lat="45.088150" lon="6.056040"><ele>1616.0</ele></trkpt>
<trkpt lat="45.088140" lon="6.056030"><ele>1616.0</ele></trkpt>
<trkpt lat="45.088140" lon="6.056010"><ele>1616.0</ele></trkpt>
<trkpt lat="45.088130" lon="6.055970"><ele>1617.0</ele></trkpt>
<trkpt lat="45.088120" lon="6.055960"><ele>1617.0</ele></trkpt>
<trkpt lat="45.088120" lon="6.055950"><ele>1617.0</ele></trkpt>
<trkpt lat="45.088120" lon="6.055880"><ele>1617.0</ele></trkpt>
<trkpt lat="45.088130" lon="6.055870"><ele>1617.0</ele></trkpt>
<trkpt lat="45.088130" lon="6.055860"><ele>1618.0</ele></trkpt>
<trkpt lat="45.088130" lon="6.055850"><ele>1618.0</ele></trkpt>
<trkpt lat="45.088140" lon="6.055850"><ele>1618.0</ele></trkpt>
<trkpt lat="45.088140" lon="6.055840"><ele>1618.0</ele></trkpt>
<trkpt lat="45.088150" lon="6.055840"><ele>1618.0</ele></trkpt>
<trkpt lat="45.088160" lon="6.055840"><ele>1618.0</ele></trkpt>
<trkpt lat="45.088190" lon="6.055840"><ele>1618.0</ele></trkpt>
<trkpt lat="45.088220" lon="6.055850"><ele>1618.0</ele></trkpt>
<trkpt lat="45.088290" lon="6.055910"><ele>1619.0</ele></trkpt>
<trkpt lat="45.088390" lon="6.056020"><ele>1619.0</ele></trkpt>
<trkpt lat="45.088420" lon="6.056030"><ele>1620.0</ele></trkpt>
<trkpt lat="45.088540" lon="6.056110"><ele>1620.0</ele></trkpt>
<trkpt lat="45.088800" lon="6.056280"><ele>1622.0</ele></trkpt>
<trkpt lat="45.088900" lon="6.056360"><ele>1623.0</ele></trkpt>
<trkpt lat="45.088960" lon="6.056410"><ele>1624.0</ele></trkpt>
<trkpt lat="45.089000" lon="6.056490"><ele>1625.0</ele></trkpt>
<trkpt lat="45.089020" lon="6.056550"><ele>1625.0</ele></trkpt>
<trkpt lat="45.089030" lon="6.056600"><ele>1626.0</ele></trkpt>
<trkpt lat="45.089080" lon="6.056830"><ele>1627.0</ele></trkpt>
<trkpt lat="45.089120" lon="6.057090"><ele>1628.0</ele></trkpt>
<trkpt lat="45.089140" lon="6.057350"><ele>1629.0</ele></trkpt>
<trkpt lat="45.089150" lon="6.057730"><ele>1631.0</ele></trkpt>
<trkpt lat="45.089150" lon="6.057840"><ele>1633.0</ele></trkpt>
<trkpt lat="45.089150" lon="6.057840"><ele>1634.0</ele></trkpt>
<trkpt lat="45.089150" lon="6.057960"><ele>1635.0</ele></trkpt>
<trkpt lat="45.089150" lon="6.058100"><ele>1636.0</ele></trkpt>
<trkpt lat="45.089140" lon="6.058220"><ele>1637.0</ele></trkpt>
<trkpt lat="45.089120" lon="6.058310"><ele>1638.0</ele></trkpt>
<trkpt lat="45.089120" lon="6.058360"><ele>1638.0</ele></trkpt>
<trkpt lat="45.089000" lon="6.058960"><ele>1640.0</ele></trkpt>
<trkpt lat="45.088900" lon="6.059540"><ele>1643.0</ele></trkpt>
<trkpt lat="45.088850" lon="6.059790"><ele>1645.0</ele></trkpt>
<trkpt lat="45.088840" lon="6.059830"><ele>1647.0</ele></trkpt>
<trkpt lat="45.088790" lon="6.060010"><ele>1649.0</ele></trkpt>
<trkpt lat="45.088790" lon="6.060030"><ele>1650.0</ele></trkpt>
<trkpt lat="45.088760" lon="6.060120"><ele>1651.0</ele></trkpt>
<trkpt lat="45.088680" lon="6.060280"><ele>1652.0</ele></trkpt>
<trkpt lat="45.088660" lon="6.060350"><ele>1653.0</ele></trkpt>
<trkpt lat="45.088660" lon="6.060400"><ele>1654.0</ele></trkpt>
<trkpt lat="45.088660" lon="6.060420"><ele>1654.0</ele></trkpt>
<trkpt lat="45.088660" lon="6.060430"><ele>1655.0</ele></trkpt>
<trkpt lat="45.088670" lon="6.060440"><ele>1655.0</ele></trkpt>
<trkpt lat="45.088680" lon="6.060450"><ele>1655.0</ele></trkpt>
<trkpt lat="45.088680" lon="6.060460"><ele>1656.0</ele></trkpt>
<trkpt lat="45.088700" lon="6.060470"><ele>1656.0</ele></trkpt>
<trkpt lat="45.088750" lon="6.060470"><ele>1656.0</ele></trkpt>
<trkpt lat="45.088790" lon="6.060460"><ele>1656.0</ele></trkpt>
<trkpt lat="45.088810" lon="6.060450"><ele>1657.0</ele></trkpt>
<trkpt lat="45.088820" lon="6.060420"><ele>1657.0</ele></trkpt>
<trkpt lat="45.088840" lon="6.060400"><ele>1657.0</ele></trkpt>
<trkpt lat="45.088900" lon="6.060320"><ele>1658.0</ele></trkpt>
<trkpt lat="45.088920" lon="6.060290"><ele>1658.0</ele></trkpt>
<trkpt lat="45.088940" lon="6.060250"><ele>1659.0</ele></trkpt>
<trkpt lat="45.089020" lon="6.060180"><ele>1659.0</ele></trkpt>
<trkpt lat="45.089060" lon="6.060140"><ele>1660.0</ele></trkpt>
<trkpt lat="45.089210" lon="6.060010"><ele>1661.0</ele></trkpt>
<trkpt lat="45.089500" lon="6.059740"><ele>1663.0</ele></trkpt>
<trkpt lat="45.089660" lon="6.059570"><ele>1665.0</ele></trkpt>
<trkpt lat="45.089710" lon="6.059510"><ele>1666.0</ele></trkpt>
<trkpt lat="45.089860" lon="6.059320"><ele>1668.0</ele></trkpt>
<trkpt lat="45.090040" lon="6.059060"><ele>1670.0</ele></trkpt>
<trkpt lat="45.090080" lon="6.059010"><ele>1671.0</ele></trkpt>
<trkpt lat="45.090170" lon="6.058880"><ele>1672.0</ele></trkpt>
<trkpt lat="45.090300" lon="6.058710"><ele>1674.0</ele></trkpt>
<trkpt lat="45.090380" lon="6.058600"><ele>1675.0</ele></trkpt>
<trkpt lat="45.090540" lon="6.058330"><ele>1676.0</ele></trkpt>
<trkpt lat="45.090710" lon="6.058080"><ele>1678.0</ele></trkpt>
<trkpt lat="45.090830" lon="6.057850"><ele>1680.0</ele></trkpt>
<trkpt lat="45.091100" lon="6.057330"><ele>1682.0</ele></trkpt>
<trkpt lat="45.091200" lon="6.057130"><ele>1685.0</ele></trkpt>
<trkpt lat="45.091250" lon="6.056990"><ele>1687.0</ele></trkpt>
<trkpt lat="45.091310" lon="6.056820"><ele>1688.0</ele></trkpt>
<trkpt lat="45.091370" lon="6.056640"><ele>1690.0</ele></trkpt>
<trkpt lat="45.091410" lon="6.056480"><ele>1692.0</ele></trkpt>
<trkpt lat="45.091420" lon="6.056400"><ele>1693.0</ele></trkpt>
<trkpt lat="45.091420" lon="6.056180"><ele>1694.0</ele></trkpt>
<trkpt lat="45.091410" lon="6.055960"><ele>1696.0</ele></trkpt>
<trkpt lat="45.091410" lon="6.055910"><ele>1697.0</ele></trkpt>
<trkpt lat="45.091390" lon="6.055740"><ele>1698.0</ele></trkpt>
<trkpt lat="45.091380" lon="6.055660"><ele>1699.0</ele></trkpt>
<trkpt lat="45.091380" lon="6.055650"><ele>1699.0</ele></trkpt>
<trkpt lat="45.091370" lon="6.055510"><ele>1700.0</ele></trkpt>
<trkpt lat="45.091360" lon="6.055460"><ele>1701.0</ele></trkpt>
<trkpt lat="45.091360" lon="6.055450"><ele>1701.0</ele></trkpt>
<trkpt lat="45.091370" lon="6.055420"><ele>1702.0</ele></trkpt>
<trkpt lat="45.091380" lon="6.055410"><ele>1702.0</ele></trkpt>
<trkpt lat="45.091390" lon="6.055400"><ele>1702.0</ele></trkpt>
<trkpt lat="45.091400" lon="6.055380"><ele>1703.0</ele></trkpt>
<trkpt lat="45.091410" lon="6.055370"><ele>1703.0</ele></trkpt>
<trkpt lat="45.091420" lon="6.055370"><ele>1703.0</ele></trkpt>
<trkpt lat="45.091440" lon="6.055360"><ele>1703.0</ele></trkpt>
<trkpt lat="45.091470" lon="6.055370"><ele>1703.0</ele></trkpt>
<trkpt lat="45.091480" lon="6.055370"><ele>1703.0</ele></trkpt>
<trkpt lat="45.091490" lon="6.055370"><ele>1704.0</ele></trkpt>
<trkpt lat="45.091500" lon="6.055380"><ele>1704.0</ele></trkpt>
<trkpt lat="45.091500" lon="6.055390"><ele>1704.0</ele></trkpt>
<trkpt lat="45.091530" lon="6.055430"><ele>1704.0</ele></trkpt>
<trkpt lat="45.091540" lon="6.055450"><ele>1704.0</ele></trkpt>
<trkpt lat="45.091550" lon="6.055510"><ele>1705.0</ele></trkpt>
<trkpt lat="45.091560" lon="6.055680"><ele>1705.0</ele></trkpt>
<trkpt lat="45.091570" lon="6.055830"><ele>1706.0</ele></trkpt>
<trkpt lat="45.091590" lon="6.055950"><ele>1706.0</ele></trkpt>
<trkpt lat="45.091620" lon="6.056090"><ele>1707.0</ele></trkpt>
<trkpt lat="45.091710" lon="6.056480"><ele>1708.0</ele></trkpt>
<trkpt lat="45.091760" lon="6.056650"><ele>1709.0</ele></trkpt>
<trkpt lat="45.091780" lon="6.056720"><ele>1709.0</ele></trkpt>
<trkpt lat="45.091820" lon="6.056970"><ele>1710.0</ele></trkpt>
<trkpt lat="45.091840" lon="6.057120"><ele>1710.0</ele></trkpt>
<trkpt lat="45.091850" lon="6.057300"><ele>1711.0</ele></trkpt>
<trkpt lat="45.091840" lon="6.057400"><ele>1712.0</ele></trkpt>
<trkpt lat="45.091840" lon="6.057510"><ele>1712.0</ele></trkpt>
<trkpt lat="45.091810" lon="6.057810"><ele>1713.0</ele></trkpt>
<trkpt lat="45.091810" lon="6.057910"><ele>1713.0</ele></trkpt>
<trkpt lat="45.091790" lon="6.058160"><ele>1714.0</ele></trkpt>
<trkpt lat="45.091770" lon="6.058430"><ele>1715.0</ele></trkpt>
<trkpt lat="45.091760" lon="6.058690"><ele>1717.0</ele></trkpt>
<trkpt lat="45.091740" lon="6.058900"><ele>1719.0</ele></trkpt>
<trkpt lat="45.091740" lon="6.058920"><ele>1720.0</ele></trkpt>
<trkpt lat="45.091710" lon="6.059080"><ele>1721.0</ele></trkpt>
<trkpt lat="45.091700" lon="6.059170"><ele>1722.0</ele></trkpt>
<trkpt lat="45.091690" lon="6.059220"><ele>1723.0</ele></trkpt>
<trkpt lat="45.091660" lon="6.059360"><ele>1724.0</ele></trkpt>
<trkpt lat="45.091640" lon="6.059450"><ele>1725.0</ele></trkpt>
<trkpt lat="45.091570" lon="6.059900"><ele>1727.0</ele></trkpt>
<trkpt lat="45.091560" lon="6.059950"><ele>1729.0</ele></trkpt>
<trkpt lat="45.091510" lon="6.060200"><ele>1731.0</ele></trkpt>
<trkpt lat="45.091470" lon="6.060440"><ele>1733.0</ele></trkpt>
<trkpt lat="45.091430" lon="6.060660"><ele>1735.0</ele></trkpt>
<trkpt lat="45.091430" lon="6.060690"><ele>1736.0</ele></trkpt>
<trkpt lat="45.091380" lon="6.060940"><ele>1738.0</ele></trkpt>
<trkpt lat="45.091360" lon="6.061070"><ele>1739.0</ele></trkpt>
<trkpt lat="45.091290" lon="6.061300"><ele>1741.0</ele></trkpt>
<trkpt lat="45.091280" lon="6.061330"><ele>1742.0</ele></trkpt>
<trkpt lat="45.091200" lon="6.061610"><ele>1743.0</ele></trkpt>
<trkpt lat="45.091110" lon="6.061810"><ele>1745.0</ele></trkpt>
<trkpt lat="45.091080" lon="6.061890"><ele>1746.0</ele></trkpt>
<trkpt lat="45.091040" lon="6.061970"><ele>1747.0</ele></trkpt>
<trkpt lat="45.091030" lon="6.062010"><ele>1748.0</ele></trkpt>
<trkpt lat="45.090980" lon="6.062210"><ele>1749.0</ele></trkpt>
<trkpt lat="45.090940" lon="6.062350"><ele>1751.0</ele></trkpt>
<trkpt lat="45.090920" lon="6.062450"><ele>1752.0</ele></trkpt>
<trkpt lat="45.090880" lon="6.062630"><ele>1753.0</ele></trkpt>
<trkpt lat="45.090820" lon="6.062870"><ele>1754.0</ele></trkpt>
<trkpt lat="45.090780" lon="6.063040"><ele>1756.0</ele></trkpt>
<trkpt lat="45.090760" lon="6.063260"><ele>1757.0</ele></trkpt>
<trkpt lat="45.090740" lon="6.063370"><ele>1759.0</ele></trkpt>
<trkpt lat="45.090730" lon="6.063500"><ele>1760.0</ele></trkpt>
<trkpt lat="45.090720" lon="6.063620"><ele>1761.0</ele></trkpt>
<trkpt lat="45.090720" lon="6.063680"><ele>1762.0</ele></trkpt>
<trkpt lat="45.090700" lon="6.063760"><ele>1763.0</ele></trkpt>
<trkpt lat="45.090670" lon="6.063870"><ele>1764.0</ele></trkpt>
<trkpt lat="45.090650" lon="6.063940"><ele>1764.0</ele></trkpt>
<trkpt lat="45.090620" lon="6.064030"><ele>1765.0</ele></trkpt>
<trkpt lat="45.090570" lon="6.064180"><ele>1766.0</ele></trkpt>
<trkpt lat="45.090540" lon="6.064310"><ele>1767.0</ele></trkpt>
<trkpt lat="45.090510" lon="6.064470"><ele>1768.0</ele></trkpt>
<trkpt lat="45.090480" lon="6.064710"><ele>1770.0</ele></trkpt>
<trkpt lat="45.090460" lon="6.064910"><ele>1771.0</ele></trkpt>
<trkpt lat="45.090450" lon="6.065070"><ele>1773.0</ele></trkpt>
<trkpt lat="45.090450" lon="6.065180"><ele>1774.0</ele></trkpt>
<trkpt lat="45.090460" lon="6.065270"><ele>1775.0</ele></trkpt>
<trkpt lat="45.090480" lon="6.065370"><ele>1776.0</ele></trkpt>
<trkpt lat="45.090550" lon="6.065440"><ele>1777.0</ele></trkpt>
<trkpt lat="45.090580" lon="6.065460"><ele>1778.0</ele></trkpt>
<trkpt lat="45.090650" lon="6.065510"><ele>1778.0</ele></trkpt>
<trkpt lat="45.090730" lon="6.065520"><ele>1779.0</ele></trkpt>
<trkpt lat="45.090780" lon="6.065520"><ele>1779.0</ele></trkpt>
<trkpt lat="45.090860" lon="6.065510"><ele>1779.0</ele></trkpt>
<trkpt lat="45.090890" lon="6.065490"><ele>1779.0</ele></trkpt>
<trkpt lat="45.090900" lon="6.065480"><ele>1779.0</ele></trkpt>
<trkpt lat="45.090940" lon="6.065450"><ele>1779.0</ele></trkpt>
<trkpt lat="45.090980" lon="6.065390"><ele>1779.0</ele></trkpt>
<trkpt lat="45.091000" lon="6.065340"><ele>1779.0</ele></trkpt>
<trkpt lat="45.091020" lon="6.065280"><ele>1779.0</ele></trkpt>
<trkpt lat="45.091030" lon="6.065210"><ele>1779.0</ele></trkpt>
<trkpt lat="45.091030" lon="6.065130"><ele>1779.0</ele></trkpt>
<trkpt lat="45.091030" lon="6.065010"><ele>1779.0</ele></trkpt>
<trkpt lat="45.091020" lon="6.064900"><ele>1779.0</ele></trkpt>
<trkpt lat="45.091020" lon="6.064860"><ele>1779.0</ele></trkpt>
<trkpt lat="45.091020" lon="6.064760"><ele>1779.0</ele></trkpt>
<trkpt lat="45.091040" lon="6.064610"><ele>1779.0</ele></trkpt>
<trkpt lat="45.091100" lon="6.064360"><ele>1778.0</ele></trkpt>
<trkpt lat="45.091160" lon="6.064190"><ele>1778.0</ele></trkpt>
<trkpt lat="45.091170" lon="6.064160"><ele>1778.0</ele></trkpt>
<trkpt lat="45.091240" lon="6.064010"><ele>1778.0</ele></trkpt>
<trkpt lat="45.091270" lon="6.063950"><ele>1778.0</ele></trkpt>
<trkpt lat="45.091340" lon="6.063850"><ele>1778.0</ele></trkpt>
<trkpt lat="45.091470" lon="6.063650"><ele>1778.0</ele></trkpt>
<trkpt lat="45.091600" lon="6.063500"><ele>1778.0</ele></trkpt>
<trkpt lat="45.091660" lon="6.063410"><ele>1778.0</ele></trkpt>
<trkpt lat="45.091670" lon="6.063380"><ele>1779.0</ele></trkpt>
<trkpt lat="45.091740" lon="6.063260"><ele>1779.0</ele></trkpt>
<trkpt lat="45.091830" lon="6.063050"><ele>1779.0</ele></trkpt>
<trkpt lat="45.091990" lon="6.062720"><ele>1780.0</ele></trkpt>
<trkpt lat="45.092050" lon="6.062610"><ele>1781.0</ele></trkpt>
<trkpt lat="45.092090" lon="6.062510"><ele>1782.0</ele></trkpt>
<trkpt lat="45.092160" lon="6.062410"><ele>1782.0</ele></trkpt>
<trkpt lat="45.092230" lon="6.062320"><ele>1783.0</ele></trkpt>
<trkpt lat="45.092360" lon="6.062160"><ele>1784.0</ele></trkpt>
<trkpt lat="45.092500" lon="6.061960"><ele>1784.0</ele></trkpt>
<trkpt lat="45.092570" lon="6.061840"><ele>1785.0</ele></trkpt>
<trkpt lat="45.092620" lon="6.061740"><ele>1786.0</ele></trkpt>
<trkpt lat="45.092640" lon="6.061660"><ele>1786.0</ele></trkpt>
<trkpt lat="45.092650" lon="6.061630"><ele>1787.0</ele></trkpt>
<trkpt lat="45.092680" lon="6.061450"><ele>1787.0</ele></trkpt>
<trkpt lat="45.092690" lon="6.061380"><ele>1788.0</ele></trkpt>
<trkpt lat="45.092700" lon="6.061310"><ele>1788.0</ele></trkpt>
<trkpt lat="45.092710" lon="6.061280"><ele>1789.0</ele></trkpt>
<trkpt lat="45.092720" lon="6.061270"><ele>1789.0</ele></trkpt>
<trkpt lat="45.092720" lon="6.061260"><ele>1789.0</ele></trkpt>
<trkpt lat="45.092730" lon="6.061250"><ele>1789.0</ele></trkpt>
<trkpt lat="45.092730" lon="6.061240"><ele>1790.0</ele></trkpt>
<trkpt lat="45.092750" lon="6.061230"><ele>1790.0</ele></trkpt>
<trkpt lat="45.092760" lon="6.061230"><ele>1790.0</ele></trkpt>
<trkpt lat="45.092780" lon="6.061220"><ele>1790.0</ele></trkpt>
<trkpt lat="45.092780" lon="6.061220"><ele>1790.0</ele></trkpt>
<trkpt lat="45.092790" lon="6.061230"><ele>1790.0</ele></trkpt>
<trkpt lat="45.092800" lon="6.061230"><ele>1790.0</ele></trkpt>
<trkpt lat="45.092810" lon="6.061240"><ele>1790.0</ele></trkpt>
<trkpt lat="45.092820" lon="6.061240"><ele>1790.0</ele></trkpt>
<trkpt lat="45.092820" lon="6.061250"><ele>1791.0</ele></trkpt>
<trkpt lat="45.092830" lon="6.061260"><ele>1791.0</ele></trkpt>
<trkpt lat="45.092830" lon="6.061270"><ele>1791.0</ele></trkpt>
<trkpt lat="45.092830" lon="6.061280"><ele>1791.0</ele></trkpt>
<trkpt lat="45.092830" lon="6.061320"><ele>1791.0</ele></trkpt>
<trkpt lat="45.092810" lon="6.061430"><ele>1791.0</ele></trkpt>
<trkpt lat="45.092770" lon="6.061590"><ele>1792.0</ele></trkpt>
<trkpt lat="45.092750" lon="6.061740"><ele>1792.0</ele></trkpt>
<trkpt lat="45.092740" lon="6.061790"><ele>1793.0</ele></trkpt>
<trkpt lat="45.092700" lon="6.062250"><ele>1794.0</ele></trkpt>
<trkpt lat="45.092640" lon="6.062750"><ele>1796.0</ele></trkpt>
<trkpt lat="45.092620" lon="6.063000"><ele>1797.0</ele></trkpt>
<trkpt lat="45.092610" lon="6.063120"><ele>1798.0</ele></trkpt>
<trkpt lat="45.092610" lon="6.063250"><ele>1799.0</ele></trkpt>
<trkpt lat="45.092600" lon="6.063390"><ele>1800.0</ele></trkpt>
<trkpt lat="45.092600" lon="6.063510"><ele>1801.0</ele></trkpt>
<trkpt lat="45.092600" lon="6.063540"><ele>1802.0</ele></trkpt>
<trkpt lat="45.092610" lon="6.063760"><ele>1802.0</ele></trkpt>
<trkpt lat="45.092630" lon="6.063900"><ele>1803.0</ele></trkpt>
<trkpt lat="45.092630" lon="6.063900"><ele>1804.0</ele></trkpt>
<trkpt lat="45.092670" lon="6.064320"><ele>1804.0</ele></trkpt>
<trkpt lat="45.092710" lon="6.064700"><ele>1806.0</ele></trkpt>
<trkpt lat="45.092750" lon="6.064970"><ele>1807.0</ele></trkpt>
<trkpt lat="45.092800" lon="6.065270"><ele>1808.0</ele></trkpt>
<trkpt lat="45.092810" lon="6.065310"><ele>1809.0</ele></trkpt>
<trkpt lat="45.092860" lon="6.065610"><ele>1810.0</ele></trkpt>
<trkpt lat="45.092920" lon="6.065840"><ele>1811.0</ele></trkpt>
<trkpt lat="45.092950" lon="6.066090"><ele>1812.0</ele></trkpt>
<trkpt lat="45.092970" lon="6.066350"><ele>1813.0</ele></trkpt>
<trkpt lat="45.092970" lon="6.066510"><ele>1814.0</ele></trkpt>
<trkpt lat="45.092970" lon="6.066560"><ele>1814.0</ele></trkpt>
<trkpt lat="45.092990" lon="6.066720"><ele>1815.0</ele></trkpt>
<trkpt lat="45.093010" lon="6.066850"><ele>1815.0</ele></trkpt>
<trkpt lat="45.093060" lon="6.067000"><ele>1816.0</ele></trkpt>
<trkpt lat="45.093080" lon="6.067040"><ele>1816.0</ele></trkpt>
<trkpt lat="45.093290" lon="6.067410"><ele>1817.0</ele></trkpt>
<trkpt lat="45.093370" lon="6.067560"><ele>1817.0</ele></trkpt>
<trkpt lat="45.093370" lon="6.067560"><ele>1818.0</ele></trkpt>
<trkpt lat="45.093340" lon="6.067650"><ele>1818.0</ele></trkpt>
<trkpt lat="45.093160" lon="6.068100"><ele>1819.0</ele></trkpt>
<trkpt lat="45.093080" lon="6.068320"><ele>1819.0</ele></trkpt>
<trkpt lat="45.093030" lon="6.068300"><ele>1820.0</ele></trkpt>
<trkpt lat="45.093000" lon="6.068310"><ele>1820.0</ele></trkpt>
<trkpt lat="45.092970" lon="6.068320"><ele>1820.0</ele></trkpt>
<trkpt lat="45.092960" lon="6.068340"><ele>1820.0</ele></trkpt>
<trkpt lat="45.092940" lon="6.068360"><ele>1820.0</ele></trkpt>
<trkpt lat="45.092930" lon="6.068370"><ele>1820.0</ele></trkpt>
<trkpt lat="45.092920" lon="6.068400"><ele>1820.0</ele></trkpt>
<trkpt lat="45.092910" lon="6.068430"><ele>1820.0</ele></trkpt>
<trkpt lat="45.092910" lon="6.068470"><ele>1820.0</ele></trkpt>
<trkpt lat="45.092910" lon="6.068510"><ele>1820.0</ele></trkpt>
<trkpt lat="45.092920" lon="6.068550"><ele>1820.0</ele></trkpt>
<trkpt lat="45.092940" lon="6.068590"><ele>1820.0</ele></trkpt>
<trkpt lat="45.092970" lon="6.068620"><ele>1820.0</ele></trkpt>
<trkpt lat="45.092850" lon="6.068880"><ele>1820.0</ele></trkpt>
<trkpt lat="45.092780" lon="6.069050"><ele>1820.0</ele></trkpt>
<trkpt lat="45.092720" lon="6.069210"><ele>1820.0</ele></trkpt>
<trkpt lat="45.092690" lon="6.069270"><ele>1820.0</ele></trkpt>
<trkpt lat="45.092610" lon="6.069440"><ele>1820.0</ele></trkpt>
<trkpt lat="45.092550" lon="6.069570"><ele>1820.0</ele></trkpt>
<trkpt lat="45.092520" lon="6.069680"><ele>1819.0</ele></trkpt>
<trkpt lat="45.092470" lon="6.070100"><ele>1819.0</ele></trkpt>
<trkpt lat="45.092470" lon="6.070150"><ele>1819.0</ele></trkpt>
<trkpt lat="45.092460" lon="6.070230"><ele>1819.0</ele></trkpt>
<trkpt lat="45.092490" lon="6.070750"><ele>1819.0</ele></trkpt>
<trkpt lat="45.092490" lon="6.070750"><ele>1819.0</ele></trkpt>
<trkpt lat="45.092490" lon="6.070800"><ele>1819.0</ele></trkpt>
<trkpt lat="45.092520" lon="6.071530"><ele>1819.0</ele></trkpt>
<trkpt lat="45.092520" lon="6.071930"><ele>1820.0</ele></trkpt>
<trkpt lat="45.092520" lon="6.071930"><ele>1821.0</ele></trkpt>
<trkpt lat="45.092520" lon="6.071940"><ele>1821.0</ele></trkpt>
<trkpt lat="45.092510" lon="6.071950"><ele>1821.0</ele></trkpt>
<trkpt lat="45.092510" lon="6.071960"><ele>1822.0</ele></trkpt>
<trkpt lat="45.092510" lon="6.071970"><ele>1822.0</ele></trkpt>
<trkpt lat="45.092510" lon="6.071980"><ele>1822.0</ele></trkpt>
<trkpt lat="45.092510" lon="6.071990"><ele>1822.0</ele></trkpt>
<trkpt lat="45.092510" lon="6.072000"><ele>1822.0</ele></trkpt>
<trkpt lat="45.092510" lon="6.072010"><ele>1822.0</ele></trkpt>
<trkpt lat="45.092510" lon="6.072020"><ele>1822.0</ele></trkpt>
<trkpt lat="45.092510" lon="6.072030"><ele>1822.0</ele></trkpt>
<trkpt lat="45.092510" lon="6.072040"><ele>1822.0</ele></trkpt>
<trkpt lat="45.092510" lon="6.072050"><ele>1822.0</ele></trkpt>
<trkpt lat="45.092510" lon="6.072060"><ele>1822.0</ele></trkpt>
<trkpt lat="45.092520" lon="6.072070"><ele>1822.0</ele></trkpt>
<trkpt lat="45.092520" lon="6.072080"><ele>1822.0</ele></trkpt>
<trkpt lat="45.092530" lon="6.072090"><ele>1822.0</ele></trkpt>
<trkpt lat="45.092530" lon="6.072100"><ele>1822.0</ele></trkpt>
<trkpt lat="45.092540" lon="6.072100"><ele>1822.0</ele></trkpt>
<trkpt lat="45.092540" lon="6.072110"><ele>1822.0</ele></trkpt>
<trkpt lat="45.092550" lon="6.072110"><ele>1822.0</ele></trkpt>
<trkpt lat="45.092550" lon="6.072120"><ele>1822.0</ele></trkpt>
<trkpt lat="45.092560" lon="6.072120"><ele>1822.0</ele></trkpt>
<trkpt lat="45.092570" lon="6.072130"><ele>1823.0</ele></trkpt>
<trkpt lat="45.092580" lon="6.072130"><ele>1823.0</ele></trkpt>
<trkpt lat="45.092590" lon="6.072130"><ele>1823.0</ele></trkpt>
<trkpt lat="45.092600" lon="6.072140"><ele>1823.0</ele></trkpt>
<trkpt lat="45.092610" lon="6.072140"><ele>1823.0</ele></trkpt>
<trkpt lat="45.092620" lon="6.072130"><ele>1823.0</ele></trkpt>
<trkpt lat="45.092630" lon="6.072130"><ele>1823.0</ele></trkpt>
<trkpt lat="45.092640" lon="6.072130"><ele>1823.0</ele></trkpt>
<trkpt lat="45.092650" lon="6.072120"><ele>1823.0</ele></trkpt>
<trkpt lat="45.092660" lon="6.072120"><ele>1823.0</ele></trkpt>
<trkpt lat="45.092660" lon="6.072110"><ele>1823.0</ele></trkpt>
<trkpt lat="45.092670" lon="6.072110"><ele>1823.0</ele></trkpt>
<trkpt lat="45.092670" lon="6.072100"><ele>1823.0</ele></trkpt>
<trkpt lat="45.092680" lon="6.072090"><ele>1823.0</ele></trkpt>
<trkpt lat="45.092690" lon="6.072080"><ele>1823.0</ele></trkpt>
<trkpt lat="45.092930" lon="6.071820"><ele>1824.0</ele></trkpt>
<trkpt lat="45.092970" lon="6.071790"><ele>1824.0</ele></trkpt>
<trkpt lat="45.093140" lon="6.071680"><ele>1824.0</ele></trkpt>
<trkpt lat="45.093630" lon="6.071360"><ele>1825.0</ele></trkpt>
<trkpt lat="45.094090" lon="6.071120"><ele>1828.0</ele></trkpt>
<trkpt lat="45.094660" lon="6.070800"><ele>1831.0</ele></trkpt>
</trkseg></trk></gpx>