<?xml version="1.0" encoding="UTF-8"?>
<gpx version="1.1" creator="coucou-cosyn" xmlns="http://www.topografix.com/GPX/1/1">
<trk><name>Guillaume samedi - La Salle / Etape 2017 / La Salle</name><trkseg>
<trkpt lat="44.941706" lon="6.553419"><ele>1437.5</ele></trkpt>
<trkpt lat="44.941987" lon="6.554547"><ele>1421.8</ele></trkpt>
<trkpt lat="44.942065" lon="6.554764"><ele>1419.2</ele></trkpt>
<trkpt lat="44.942110" lon="6.554854"><ele>1418.2</ele></trkpt>
<trkpt lat="44.942126" lon="6.554845"><ele>1418.0</ele></trkpt>
<trkpt lat="44.942182" lon="6.554788"><ele>1417.8</ele></trkpt>
<trkpt lat="44.942212" lon="6.554719"><ele>1418.0</ele></trkpt>
<trkpt lat="44.942261" lon="6.554495"><ele>1420.2</ele></trkpt>
<trkpt lat="44.942288" lon="6.554449"><ele>1420.5</ele></trkpt>
<trkpt lat="44.942316" lon="6.554427"><ele>1420.8</ele></trkpt>
<trkpt lat="44.942412" lon="6.554390"><ele>1420.8</ele></trkpt>
<trkpt lat="44.942450" lon="6.554387"><ele>1420.8</ele></trkpt>
<trkpt lat="44.942583" lon="6.554414"><ele>1420.0</ele></trkpt>
<trkpt lat="44.943014" lon="6.554396"><ele>1418.5</ele></trkpt>
<trkpt lat="44.943049" lon="6.554398"><ele>1418.5</ele></trkpt>
<trkpt lat="44.942959" lon="6.554607"><ele>1416.8</ele></trkpt>
<trkpt lat="44.942809" lon="6.554894"><ele>1414.5</ele></trkpt>
<trkpt lat="44.942740" lon="6.555021"><ele>1413.8</ele></trkpt>
<trkpt lat="44.942724" lon="6.555072"><ele>1413.2</ele></trkpt>
<trkpt lat="44.942709" lon="6.555177"><ele>1412.2</ele></trkpt>
<trkpt lat="44.942710" lon="6.555239"><ele>1411.5</ele></trkpt>
<trkpt lat="44.942730" lon="6.555343"><ele>1410.5</ele></trkpt>
<trkpt lat="44.942755" lon="6.555432"><ele>1409.2</ele></trkpt>
<trkpt lat="44.942859" lon="6.555681"><ele>1406.8</ele></trkpt>
<trkpt lat="44.942940" lon="6.555824"><ele>1405.2</ele></trkpt>
<trkpt lat="44.943037" lon="6.555971"><ele>1404.0</ele></trkpt>
<trkpt lat="44.943110" lon="6.556050"><ele>1403.0</ele></trkpt>
<trkpt lat="44.943395" lon="6.556291"><ele>1400.2</ele></trkpt>
<trkpt lat="44.943567" lon="6.556423"><ele>1398.8</ele></trkpt>
<trkpt lat="44.943679" lon="6.556508"><ele>1397.8</ele></trkpt>
<trkpt lat="44.943742" lon="6.556567"><ele>1397.0</ele></trkpt>
<trkpt lat="44.943816" lon="6.556649"><ele>1396.2</ele></trkpt>
<trkpt lat="44.943862" lon="6.556717"><ele>1396.0</ele></trkpt>
<trkpt lat="44.943915" lon="6.556815"><ele>1395.8</ele></trkpt>
<trkpt lat="44.943999" lon="6.557035"><ele>1395.0</ele></trkpt>
<trkpt lat="44.944085" lon="6.557298"><ele>1393.8</ele></trkpt>
<trkpt lat="44.944146" lon="6.557485"><ele>1393.0</ele></trkpt>
<trkpt lat="44.944237" lon="6.557772"><ele>1392.0</ele></trkpt>
<trkpt lat="44.944295" lon="6.557953"><ele>1390.5</ele></trkpt>
<trkpt lat="44.944313" lon="6.558017"><ele>1390.2</ele></trkpt>
<trkpt lat="44.944351" lon="6.558177"><ele>1389.8</ele></trkpt>
<trkpt lat="44.944375" lon="6.558316"><ele>1389.5</ele></trkpt>
<trkpt lat="44.944385" lon="6.558373"><ele>1389.2</ele></trkpt>
<trkpt lat="44.944399" lon="6.558496"><ele>1389.2</ele></trkpt>
<trkpt lat="44.944402" lon="6.558754"><ele>1389.0</ele></trkpt>
<trkpt lat="44.944404" lon="6.558929"><ele>1389.0</ele></trkpt>
<trkpt lat="44.944420" lon="6.559076"><ele>1388.2</ele></trkpt>
<trkpt lat="44.944448" lon="6.559227"><ele>1387.8</ele></trkpt>
<trkpt lat="44.944557" lon="6.559646"><ele>1386.8</ele></trkpt>
<trkpt lat="44.944636" lon="6.559955"><ele>1385.2</ele></trkpt>
<trkpt lat="44.944686" lon="6.560088"><ele>1384.8</ele></trkpt>
<trkpt lat="44.944798" lon="6.560315"><ele>1383.5</ele></trkpt>
<trkpt lat="44.944869" lon="6.560422"><ele>1383.2</ele></trkpt>
<trkpt lat="44.944950" lon="6.560525"><ele>1383.0</ele></trkpt>
<trkpt lat="44.945012" lon="6.560583"><ele>1382.8</ele></trkpt>
<trkpt lat="44.945056" lon="6.560612"><ele>1382.5</ele></trkpt>
<trkpt lat="44.945113" lon="6.560613"><ele>1382.2</ele></trkpt>
<trkpt lat="44.945173" lon="6.560603"><ele>1382.0</ele></trkpt>
<trkpt lat="44.945213" lon="6.560663"><ele>1381.8</ele></trkpt>
<trkpt lat="44.945273" lon="6.560728"><ele>1381.2</ele></trkpt>
<trkpt lat="44.945310" lon="6.560781"><ele>1381.0</ele></trkpt>
<trkpt lat="44.945350" lon="6.560861"><ele>1381.0</ele></trkpt>
<trkpt lat="44.945349" lon="6.560916"><ele>1381.0</ele></trkpt>
<trkpt lat="44.945356" lon="6.560970"><ele>1381.0</ele></trkpt>
<trkpt lat="44.945371" lon="6.561021"><ele>1380.8</ele></trkpt>
<trkpt lat="44.945346" lon="6.561138"><ele>1380.8</ele></trkpt>
<trkpt lat="44.945242" lon="6.561453"><ele>1380.0</ele></trkpt>
<trkpt lat="44.945145" lon="6.561712"><ele>1380.0</ele></trkpt>
<trkpt lat="44.945065" lon="6.561966"><ele>1380.0</ele></trkpt>
<trkpt lat="44.945007" lon="6.562129"><ele>1380.0</ele></trkpt>
<trkpt lat="44.944992" lon="6.562174"><ele>1380.0</ele></trkpt>
<trkpt lat="44.944913" lon="6.562412"><ele>1380.5</ele></trkpt>
<trkpt lat="44.944900" lon="6.562453"><ele>1380.5</ele></trkpt>
<trkpt lat="44.944813" lon="6.562770"><ele>1381.0</ele></trkpt>
<trkpt lat="44.944753" lon="6.562989"><ele>1380.8</ele></trkpt>
<trkpt lat="44.944709" lon="6.563120"><ele>1380.5</ele></trkpt>
<trkpt lat="44.944654" lon="6.563262"><ele>1380.0</ele></trkpt>
<trkpt lat="44.944608" lon="6.563367"><ele>1380.0</ele></trkpt>
<trkpt lat="44.944568" lon="6.563457"><ele>1380.0</ele></trkpt>
<trkpt lat="44.944449" lon="6.563690"><ele>1380.2</ele></trkpt>
<trkpt lat="44.944329" lon="6.563929"><ele>1380.0</ele></trkpt>
<trkpt lat="44.944307" lon="6.563973"><ele>1380.2</ele></trkpt>
<trkpt lat="44.944250" lon="6.564087"><ele>1380.5</ele></trkpt>
<trkpt lat="44.944206" lon="6.564178"><ele>1380.5</ele></trkpt>
<trkpt lat="44.944151" lon="6.564283"><ele>1380.8</ele></trkpt>
<trkpt lat="44.944009" lon="6.564577"><ele>1380.8</ele></trkpt>
<trkpt lat="44.943882" lon="6.564878"><ele>1380.5</ele></trkpt>
<trkpt lat="44.943667" lon="6.565446"><ele>1380.0</ele></trkpt>
<trkpt lat="44.943437" lon="6.566123"><ele>1378.8</ele></trkpt>
<trkpt lat="44.943135" lon="6.567068"><ele>1377.8</ele></trkpt>
<trkpt lat="44.942991" lon="6.567413"><ele>1376.2</ele></trkpt>
<trkpt lat="44.942863" lon="6.567693"><ele>1374.5</ele></trkpt>
<trkpt lat="44.942839" lon="6.567741"><ele>1374.2</ele></trkpt>
<trkpt lat="44.942725" lon="6.567984"><ele>1373.5</ele></trkpt>
<trkpt lat="44.942641" lon="6.568133"><ele>1373.0</ele></trkpt>
<trkpt lat="44.942447" lon="6.568423"><ele>1373.0</ele></trkpt>
<trkpt lat="44.942276" lon="6.568630"><ele>1373.2</ele></trkpt>
<trkpt lat="44.941979" lon="6.568955"><ele>1374.0</ele></trkpt>
<trkpt lat="44.941780" lon="6.569151"><ele>1374.2</ele></trkpt>
<trkpt lat="44.941339" lon="6.569551"><ele>1375.0</ele></trkpt>
<trkpt lat="44.941223" lon="6.569667"><ele>1375.0</ele></trkpt>
<trkpt lat="44.941091" lon="6.569816"><ele>1375.0</ele></trkpt>
<trkpt lat="44.941036" lon="6.569881"><ele>1375.0</ele></trkpt>
<trkpt lat="44.940989" lon="6.569935"><ele>1375.0</ele></trkpt>
<trkpt lat="44.940945" lon="6.569989"><ele>1375.2</ele></trkpt>
<trkpt lat="44.940720" lon="6.570277"><ele>1375.0</ele></trkpt>
<trkpt lat="44.940443" lon="6.570674"><ele>1374.8</ele></trkpt>
<trkpt lat="44.940301" lon="6.570903"><ele>1374.5</ele></trkpt>
<trkpt lat="44.940154" lon="6.571169"><ele>1375.2</ele></trkpt>
<trkpt lat="44.940024" lon="6.571422"><ele>1375.2</ele></trkpt>
<trkpt lat="44.939879" lon="6.571740"><ele>1374.8</ele></trkpt>
<trkpt lat="44.939749" lon="6.572038"><ele>1374.5</ele></trkpt>
<trkpt lat="44.939631" lon="6.572355"><ele>1374.8</ele></trkpt>
<trkpt lat="44.939599" lon="6.572448"><ele>1374.8</ele></trkpt>
<trkpt lat="44.939510" lon="6.572714"><ele>1374.2</ele></trkpt>
<trkpt lat="44.939400" lon="6.573093"><ele>1373.5</ele></trkpt>
<trkpt lat="44.939324" lon="6.573382"><ele>1373.0</ele></trkpt>
<trkpt lat="44.939220" lon="6.573764"><ele>1372.5</ele></trkpt>
<trkpt lat="44.939188" lon="6.573876"><ele>1372.0</ele></trkpt>
<trkpt lat="44.939165" lon="6.573963"><ele>1371.8</ele></trkpt>
<trkpt lat="44.939126" lon="6.574108"><ele>1371.5</ele></trkpt>
<trkpt lat="44.939082" lon="6.574274"><ele>1371.2</ele></trkpt>
<trkpt lat="44.938959" lon="6.574739"><ele>1371.8</ele></trkpt>
<trkpt lat="44.938907" lon="6.574934"><ele>1371.0</ele></trkpt>
<trkpt lat="44.938820" lon="6.575265"><ele>1370.8</ele></trkpt>
<trkpt lat="44.938761" lon="6.575489"><ele>1370.5</ele></trkpt>
<trkpt lat="44.938704" lon="6.575702"><ele>1370.5</ele></trkpt>
<trkpt lat="44.938590" lon="6.576133"><ele>1370.5</ele></trkpt>
<trkpt lat="44.938454" lon="6.576601"><ele>1369.2</ele></trkpt>
<trkpt lat="44.938387" lon="6.576846"><ele>1368.5</ele></trkpt>
<trkpt lat="44.938105" lon="6.577851"><ele>1364.2</ele></trkpt>
<trkpt lat="44.937635" lon="6.579579"><ele>1358.2</ele></trkpt>
<trkpt lat="44.937539" lon="6.579963"><ele>1359.0</ele></trkpt>
<trkpt lat="44.937178" lon="6.581293"><ele>1356.8</ele></trkpt>
<trkpt lat="44.936883" lon="6.582374"><ele>1355.8</ele></trkpt>
<trkpt lat="44.936734" lon="6.582820"><ele>1355.0</ele></trkpt>
<trkpt lat="44.936699" lon="6.582915"><ele>1355.0</ele></trkpt>
<trkpt lat="44.936597" lon="6.583157"><ele>1355.0</ele></trkpt>
<trkpt lat="44.936557" lon="6.583253"><ele>1355.2</ele></trkpt>
<trkpt lat="44.936200" lon="6.584064"><ele>1354.0</ele></trkpt>
<trkpt lat="44.936024" lon="6.584412"><ele>1354.0</ele></trkpt>
<trkpt lat="44.935771" lon="6.584918"><ele>1355.8</ele></trkpt>
<trkpt lat="44.935351" lon="6.585660"><ele>1359.2</ele></trkpt>
<trkpt lat="44.935261" lon="6.585824"><ele>1359.8</ele></trkpt>
<trkpt lat="44.934977" lon="6.586294"><ele>1361.5</ele></trkpt>
<trkpt lat="44.934648" lon="6.586877"><ele>1362.8</ele></trkpt>
<trkpt lat="44.934311" lon="6.587456"><ele>1365.0</ele></trkpt>
<trkpt lat="44.934295" lon="6.587483"><ele>1365.2</ele></trkpt>
<trkpt lat="44.934270" lon="6.587522"><ele>1365.2</ele></trkpt>
<trkpt lat="44.933828" lon="6.588203"><ele>1366.8</ele></trkpt>
<trkpt lat="44.933740" lon="6.588332"><ele>1366.2</ele></trkpt>
<trkpt lat="44.933709" lon="6.588372"><ele>1366.2</ele></trkpt>
<trkpt lat="44.933170" lon="6.589151"><ele>1366.2</ele></trkpt>
<trkpt lat="44.933083" lon="6.589269"><ele>1366.5</ele></trkpt>
<trkpt lat="44.932779" lon="6.589712"><ele>1365.8</ele></trkpt>
<trkpt lat="44.932568" lon="6.590057"><ele>1365.5</ele></trkpt>
<trkpt lat="44.932465" lon="6.590252"><ele>1365.8</ele></trkpt>
<trkpt lat="44.932396" lon="6.590417"><ele>1365.8</ele></trkpt>
<trkpt lat="44.932181" lon="6.590772"><ele>1365.5</ele></trkpt>
<trkpt lat="44.931971" lon="6.591117"><ele>1365.0</ele></trkpt>
<trkpt lat="44.931808" lon="6.591399"><ele>1364.5</ele></trkpt>
<trkpt lat="44.930791" lon="6.593046"><ele>1357.5</ele></trkpt>
<trkpt lat="44.930678" lon="6.593168"><ele>1356.2</ele></trkpt>
<trkpt lat="44.930633" lon="6.593209"><ele>1356.0</ele></trkpt>
<trkpt lat="44.930589" lon="6.593247"><ele>1355.8</ele></trkpt>
<trkpt lat="44.930552" lon="6.593243"><ele>1355.5</ele></trkpt>
<trkpt lat="44.930517" lon="6.593255"><ele>1355.0</ele></trkpt>
<trkpt lat="44.930474" lon="6.593299"><ele>1354.2</ele></trkpt>
<trkpt lat="44.930449" lon="6.593367"><ele>1354.0</ele></trkpt>
<trkpt lat="44.930446" lon="6.593413"><ele>1354.2</ele></trkpt>
<trkpt lat="44.930452" lon="6.593458"><ele>1354.2</ele></trkpt>
<trkpt lat="44.930415" lon="6.593587"><ele>1354.2</ele></trkpt>
<trkpt lat="44.930312" lon="6.593821"><ele>1354.0</ele></trkpt>
<trkpt lat="44.930251" lon="6.593920"><ele>1353.2</ele></trkpt>
<trkpt lat="44.929805" lon="6.594695"><ele>1350.2</ele></trkpt>
<trkpt lat="44.929617" lon="6.595057"><ele>1350.0</ele></trkpt>
<trkpt lat="44.929342" lon="6.595616"><ele>1350.0</ele></trkpt>
<trkpt lat="44.929287" lon="6.595731"><ele>1350.0</ele></trkpt>
<trkpt lat="44.928921" lon="6.596530"><ele>1350.5</ele></trkpt>
<trkpt lat="44.926230" lon="6.602539"><ele>1336.2</ele></trkpt>
<trkpt lat="44.926112" lon="6.602797"><ele>1337.8</ele></trkpt>
<trkpt lat="44.925733" lon="6.603653"><ele>1332.5</ele></trkpt>
<trkpt lat="44.925676" lon="6.603787"><ele>1332.8</ele></trkpt>
<trkpt lat="44.924723" lon="6.605904"><ele>1330.8</ele></trkpt>
<trkpt lat="44.924649" lon="6.606072"><ele>1329.8</ele></trkpt>
<trkpt lat="44.924116" lon="6.607336"><ele>1333.2</ele></trkpt>
<trkpt lat="44.923330" lon="6.609260"><ele>1333.2</ele></trkpt>
<trkpt lat="44.923105" lon="6.609815"><ele>1332.8</ele></trkpt>
<trkpt lat="44.923000" lon="6.610107"><ele>1332.5</ele></trkpt>
<trkpt lat="44.922899" lon="6.610409"><ele>1332.0</ele></trkpt>
<trkpt lat="44.922734" lon="6.610946"><ele>1332.2</ele></trkpt>
<trkpt lat="44.922576" lon="6.611491"><ele>1332.0</ele></trkpt>
<trkpt lat="44.922496" lon="6.611696"><ele>1332.0</ele></trkpt>
<trkpt lat="44.922424" lon="6.611914"><ele>1331.8</ele></trkpt>
<trkpt lat="44.922388" lon="6.611986"><ele>1331.5</ele></trkpt>
<trkpt lat="44.922344" lon="6.612024"><ele>1331.0</ele></trkpt>
<trkpt lat="44.922309" lon="6.612078"><ele>1331.0</ele></trkpt>
<trkpt lat="44.922286" lon="6.612144"><ele>1331.0</ele></trkpt>
<trkpt lat="44.922277" lon="6.612215"><ele>1331.5</ele></trkpt>
<trkpt lat="44.922282" lon="6.612288"><ele>1331.8</ele></trkpt>
<trkpt lat="44.922302" lon="6.612356"><ele>1332.0</ele></trkpt>
<trkpt lat="44.922276" lon="6.612380"><ele>1332.0</ele></trkpt>
<trkpt lat="44.922246" lon="6.612412"><ele>1331.8</ele></trkpt>
<trkpt lat="44.922216" lon="6.612472"><ele>1331.5</ele></trkpt>
<trkpt lat="44.922188" lon="6.612643"><ele>1330.5</ele></trkpt>
<trkpt lat="44.922225" lon="6.612669"><ele>1331.2</ele></trkpt>
<trkpt lat="44.922241" lon="6.612685"><ele>1331.5</ele></trkpt>
<trkpt lat="44.922264" lon="6.612708"><ele>1331.5</ele></trkpt>
<trkpt lat="44.922302" lon="6.612769"><ele>1331.8</ele></trkpt>
<trkpt lat="44.922323" lon="6.612860"><ele>1331.8</ele></trkpt>
<trkpt lat="44.922327" lon="6.612968"><ele>1331.5</ele></trkpt>
<trkpt lat="44.922281" lon="6.613562"><ele>1329.0</ele></trkpt>
<trkpt lat="44.922263" lon="6.613678"><ele>1328.5</ele></trkpt>
<trkpt lat="44.922238" lon="6.613787"><ele>1328.2</ele></trkpt>
<trkpt lat="44.922177" lon="6.613973"><ele>1327.8</ele></trkpt>
<trkpt lat="44.921940" lon="6.614478"><ele>1325.8</ele></trkpt>
<trkpt lat="44.921911" lon="6.614574"><ele>1325.2</ele></trkpt>
<trkpt lat="44.921824" lon="6.614970"><ele>1324.2</ele></trkpt>
<trkpt lat="44.921786" lon="6.615095"><ele>1323.8</ele></trkpt>
<trkpt lat="44.921732" lon="6.615192"><ele>1323.0</ele></trkpt>
<trkpt lat="44.921437" lon="6.615502"><ele>1319.5</ele></trkpt>
<trkpt lat="44.921354" lon="6.615610"><ele>1319.0</ele></trkpt>
<trkpt lat="44.921046" lon="6.616064"><ele>1319.0</ele></trkpt>
<trkpt lat="44.920572" lon="6.616787"><ele>1320.8</ele></trkpt>
<trkpt lat="44.920296" lon="6.617116"><ele>1321.5</ele></trkpt>
<trkpt lat="44.920084" lon="6.617341"><ele>1321.2</ele></trkpt>
<trkpt lat="44.919998" lon="6.617395"><ele>1320.2</ele></trkpt>
<trkpt lat="44.919909" lon="6.617427"><ele>1320.0</ele></trkpt>
<trkpt lat="44.919838" lon="6.617432"><ele>1319.5</ele></trkpt>
<trkpt lat="44.919627" lon="6.617383"><ele>1318.0</ele></trkpt>
<trkpt lat="44.919457" lon="6.617362"><ele>1318.0</ele></trkpt>
<trkpt lat="44.919252" lon="6.617353"><ele>1317.5</ele></trkpt>
<trkpt lat="44.919053" lon="6.617381"><ele>1317.2</ele></trkpt>
<trkpt lat="44.918635" lon="6.617509"><ele>1317.0</ele></trkpt>
<trkpt lat="44.918574" lon="6.617539"><ele>1317.0</ele></trkpt>
<trkpt lat="44.918535" lon="6.617540"><ele>1316.8</ele></trkpt>
<trkpt lat="44.918500" lon="6.617491"><ele>1316.0</ele></trkpt>
<trkpt lat="44.918391" lon="6.617542"><ele>1315.8</ele></trkpt>
<trkpt lat="44.918288" lon="6.617667"><ele>1316.2</ele></trkpt>
<trkpt lat="44.917868" lon="6.618148"><ele>1315.5</ele></trkpt>
<trkpt lat="44.917837" lon="6.618178"><ele>1315.2</ele></trkpt>
<trkpt lat="44.917810" lon="6.618204"><ele>1315.2</ele></trkpt>
<trkpt lat="44.917782" lon="6.618232"><ele>1315.2</ele></trkpt>
<trkpt lat="44.917760" lon="6.618254"><ele>1315.0</ele></trkpt>
<trkpt lat="44.917581" lon="6.618439"><ele>1314.2</ele></trkpt>
<trkpt lat="44.917399" lon="6.618608"><ele>1312.8</ele></trkpt>
<trkpt lat="44.917340" lon="6.618673"><ele>1312.2</ele></trkpt>
<trkpt lat="44.917304" lon="6.618727"><ele>1312.2</ele></trkpt>
<trkpt lat="44.917270" lon="6.618814"><ele>1312.0</ele></trkpt>
<trkpt lat="44.917240" lon="6.618914"><ele>1312.0</ele></trkpt>
<trkpt lat="44.917223" lon="6.618976"><ele>1312.0</ele></trkpt>
<trkpt lat="44.917206" lon="6.619038"><ele>1311.8</ele></trkpt>
<trkpt lat="44.917200" lon="6.619065"><ele>1311.8</ele></trkpt>
<trkpt lat="44.917178" lon="6.619154"><ele>1311.5</ele></trkpt>
<trkpt lat="44.917078" lon="6.619435"><ele>1310.2</ele></trkpt>
<trkpt lat="44.916958" lon="6.619719"><ele>1309.0</ele></trkpt>
<trkpt lat="44.916950" lon="6.619764"><ele>1308.8</ele></trkpt>
<trkpt lat="44.916915" lon="6.619774"><ele>1308.2</ele></trkpt>
<trkpt lat="44.916889" lon="6.619812"><ele>1307.8</ele></trkpt>
<trkpt lat="44.916884" lon="6.619837"><ele>1307.8</ele></trkpt>
<trkpt lat="44.916889" lon="6.619888"><ele>1307.5</ele></trkpt>
<trkpt lat="44.916847" lon="6.619918"><ele>1307.0</ele></trkpt>
<trkpt lat="44.916743" lon="6.620071"><ele>1306.0</ele></trkpt>
<trkpt lat="44.916617" lon="6.620224"><ele>1305.2</ele></trkpt>
<trkpt lat="44.916551" lon="6.620298"><ele>1304.8</ele></trkpt>
<trkpt lat="44.916502" lon="6.620349"><ele>1304.5</ele></trkpt>
<trkpt lat="44.916431" lon="6.620424"><ele>1304.2</ele></trkpt>
<trkpt lat="44.916362" lon="6.620495"><ele>1304.2</ele></trkpt>
<trkpt lat="44.916296" lon="6.620566"><ele>1304.0</ele></trkpt>
<trkpt lat="44.916211" lon="6.620683"><ele>1303.8</ele></trkpt>
<trkpt lat="44.916183" lon="6.620760"><ele>1304.0</ele></trkpt>
<trkpt lat="44.916160" lon="6.620750"><ele>1303.8</ele></trkpt>
<trkpt lat="44.916138" lon="6.620744"><ele>1303.5</ele></trkpt>
<trkpt lat="44.916085" lon="6.620759"><ele>1303.2</ele></trkpt>
<trkpt lat="44.915863" lon="6.620971"><ele>1303.5</ele></trkpt>
<trkpt lat="44.915686" lon="6.621114"><ele>1303.8</ele></trkpt>
<trkpt lat="44.915315" lon="6.621390"><ele>1305.0</ele></trkpt>
<trkpt lat="44.915155" lon="6.621488"><ele>1305.0</ele></trkpt>
<trkpt lat="44.915108" lon="6.621510"><ele>1305.0</ele></trkpt>
<trkpt lat="44.915026" lon="6.621559"><ele>1305.0</ele></trkpt>
<trkpt lat="44.914964" lon="6.621612"><ele>1305.0</ele></trkpt>
<trkpt lat="44.914812" lon="6.621776"><ele>1305.8</ele></trkpt>
<trkpt lat="44.914748" lon="6.621843"><ele>1306.0</ele></trkpt>
<trkpt lat="44.914735" lon="6.621856"><ele>1306.0</ele></trkpt>
<trkpt lat="44.914686" lon="6.621913"><ele>1306.0</ele></trkpt>
<trkpt lat="44.914601" lon="6.622037"><ele>1306.2</ele></trkpt>
<trkpt lat="44.914430" lon="6.622198"><ele>1305.5</ele></trkpt>
<trkpt lat="44.914367" lon="6.622219"><ele>1305.0</ele></trkpt>
<trkpt lat="44.914055" lon="6.622256"><ele>1303.0</ele></trkpt>
<trkpt lat="44.913791" lon="6.622303"><ele>1302.0</ele></trkpt>
<trkpt lat="44.913680" lon="6.622347"><ele>1301.5</ele></trkpt>
<trkpt lat="44.913662" lon="6.622353"><ele>1301.2</ele></trkpt>
<trkpt lat="44.913578" lon="6.622386"><ele>1300.8</ele></trkpt>
<trkpt lat="44.913420" lon="6.622489"><ele>1299.8</ele></trkpt>
<trkpt lat="44.913036" lon="6.622797"><ele>1297.8</ele></trkpt>
<trkpt lat="44.913009" lon="6.622820"><ele>1297.8</ele></trkpt>
<trkpt lat="44.912984" lon="6.622851"><ele>1298.0</ele></trkpt>
<trkpt lat="44.912959" lon="6.622890"><ele>1298.0</ele></trkpt>
<trkpt lat="44.912784" lon="6.623148"><ele>1299.2</ele></trkpt>
<trkpt lat="44.912735" lon="6.623202"><ele>1299.5</ele></trkpt>
<trkpt lat="44.912677" lon="6.623240"><ele>1299.8</ele></trkpt>
<trkpt lat="44.912623" lon="6.623271"><ele>1299.8</ele></trkpt>
<trkpt lat="44.912544" lon="6.623303"><ele>1299.8</ele></trkpt>
<trkpt lat="44.912501" lon="6.623320"><ele>1299.8</ele></trkpt>
<trkpt lat="44.912382" lon="6.623367"><ele>1299.8</ele></trkpt>
<trkpt lat="44.912287" lon="6.623407"><ele>1300.0</ele></trkpt>
<trkpt lat="44.912063" lon="6.623497"><ele>1300.0</ele></trkpt>
<trkpt lat="44.911999" lon="6.623525"><ele>1300.2</ele></trkpt>
<trkpt lat="44.911953" lon="6.623544"><ele>1300.2</ele></trkpt>
<trkpt lat="44.911853" lon="6.623586"><ele>1300.0</ele></trkpt>
<trkpt lat="44.911792" lon="6.623625"><ele>1300.0</ele></trkpt>
<trkpt lat="44.911725" lon="6.623676"><ele>1300.0</ele></trkpt>
<trkpt lat="44.911473" lon="6.623898"><ele>1299.8</ele></trkpt>
<trkpt lat="44.911394" lon="6.623963"><ele>1299.5</ele></trkpt>
<trkpt lat="44.911225" lon="6.624111"><ele>1298.0</ele></trkpt>
<trkpt lat="44.911187" lon="6.624147"><ele>1297.8</ele></trkpt>
<trkpt lat="44.911185" lon="6.624211"><ele>1298.2</ele></trkpt>
<trkpt lat="44.911187" lon="6.624237"><ele>1298.5</ele></trkpt>
<trkpt lat="44.911161" lon="6.624263"><ele>1298.2</ele></trkpt>
<trkpt lat="44.911097" lon="6.624325"><ele>1297.5</ele></trkpt>
<trkpt lat="44.911039" lon="6.624403"><ele>1296.5</ele></trkpt>
<trkpt lat="44.910923" lon="6.624583"><ele>1296.2</ele></trkpt>
<trkpt lat="44.910766" lon="6.624848"><ele>1296.5</ele></trkpt>
<trkpt lat="44.910365" lon="6.625392"><ele>1294.8</ele></trkpt>
<trkpt lat="44.910183" lon="6.625637"><ele>1294.5</ele></trkpt>
<trkpt lat="44.909974" lon="6.625886"><ele>1294.0</ele></trkpt>
<trkpt lat="44.909859" lon="6.625997"><ele>1293.2</ele></trkpt>
<trkpt lat="44.909351" lon="6.626373"><ele>1290.2</ele></trkpt>
<trkpt lat="44.909007" lon="6.626635"><ele>1287.2</ele></trkpt>
<trkpt lat="44.908425" lon="6.627069"><ele>1283.8</ele></trkpt>
<trkpt lat="44.908375" lon="6.627106"><ele>1283.2</ele></trkpt>
<trkpt lat="44.908328" lon="6.627139"><ele>1282.8</ele></trkpt>
<trkpt lat="44.908092" lon="6.627319"><ele>1281.5</ele></trkpt>
<trkpt lat="44.907903" lon="6.627454"><ele>1280.2</ele></trkpt>
<trkpt lat="44.907856" lon="6.627485"><ele>1279.8</ele></trkpt>
<trkpt lat="44.907715" lon="6.627542"><ele>1278.5</ele></trkpt>
<trkpt lat="44.907596" lon="6.627576"><ele>1277.8</ele></trkpt>
<trkpt lat="44.907493" lon="6.627595"><ele>1276.8</ele></trkpt>
<trkpt lat="44.907443" lon="6.627604"><ele>1276.5</ele></trkpt>
<trkpt lat="44.907334" lon="6.627622"><ele>1275.8</ele></trkpt>
<trkpt lat="44.907271" lon="6.627630"><ele>1275.2</ele></trkpt>
<trkpt lat="44.907060" lon="6.627646"><ele>1272.8</ele></trkpt>
<trkpt lat="44.906968" lon="6.627652"><ele>1271.8</ele></trkpt>
<trkpt lat="44.906811" lon="6.627662"><ele>1269.2</ele></trkpt>
<trkpt lat="44.906578" lon="6.627700"><ele>1265.2</ele></trkpt>
<trkpt lat="44.906359" lon="6.627775"><ele>1262.5</ele></trkpt>
<trkpt lat="44.906127" lon="6.627893"><ele>1260.8</ele></trkpt>
<trkpt lat="44.906045" lon="6.627941"><ele>1260.5</ele></trkpt>
<trkpt lat="44.905965" lon="6.627999"><ele>1260.8</ele></trkpt>
<trkpt lat="44.905903" lon="6.628049"><ele>1261.2</ele></trkpt>
<trkpt lat="44.905702" lon="6.628150"><ele>1259.5</ele></trkpt>
<trkpt lat="44.905632" lon="6.628175"><ele>1258.8</ele></trkpt>
<trkpt lat="44.905546" lon="6.628212"><ele>1258.0</ele></trkpt>
<trkpt lat="44.905505" lon="6.628201"><ele>1257.2</ele></trkpt>
<trkpt lat="44.905465" lon="6.628206"><ele>1256.8</ele></trkpt>
<trkpt lat="44.905426" lon="6.628226"><ele>1256.5</ele></trkpt>
<trkpt lat="44.905238" lon="6.628208"><ele>1254.0</ele></trkpt>
<trkpt lat="44.905174" lon="6.628193"><ele>1253.8</ele></trkpt>
<trkpt lat="44.905100" lon="6.628164"><ele>1253.2</ele></trkpt>
<trkpt lat="44.904886" lon="6.628050"><ele>1252.8</ele></trkpt>
<trkpt lat="44.904794" lon="6.628010"><ele>1252.2</ele></trkpt>
<trkpt lat="44.904697" lon="6.627981"><ele>1252.0</ele></trkpt>
<trkpt lat="44.904610" lon="6.627964"><ele>1251.8</ele></trkpt>
<trkpt lat="44.904532" lon="6.627962"><ele>1251.8</ele></trkpt>
<trkpt lat="44.904456" lon="6.627964"><ele>1251.5</ele></trkpt>
<trkpt lat="44.904372" lon="6.627979"><ele>1251.5</ele></trkpt>
<trkpt lat="44.904269" lon="6.628008"><ele>1251.2</ele></trkpt>
<trkpt lat="44.904242" lon="6.628016"><ele>1251.2</ele></trkpt>
<trkpt lat="44.904149" lon="6.628058"><ele>1250.8</ele></trkpt>
<trkpt lat="44.904054" lon="6.628114"><ele>1250.2</ele></trkpt>
<trkpt lat="44.903929" lon="6.628208"><ele>1249.8</ele></trkpt>
<trkpt lat="44.903882" lon="6.628250"><ele>1249.5</ele></trkpt>
<trkpt lat="44.903802" lon="6.628331"><ele>1249.5</ele></trkpt>
<trkpt lat="44.903736" lon="6.628410"><ele>1249.5</ele></trkpt>
<trkpt lat="44.903674" lon="6.628493"><ele>1249.2</ele></trkpt>
<trkpt lat="44.903623" lon="6.628576"><ele>1249.0</ele></trkpt>
<trkpt lat="44.903524" lon="6.628781"><ele>1248.8</ele></trkpt>
<trkpt lat="44.903467" lon="6.628948"><ele>1248.8</ele></trkpt>
<trkpt lat="44.903419" lon="6.629153"><ele>1249.0</ele></trkpt>
<trkpt lat="44.903400" lon="6.629267"><ele>1248.8</ele></trkpt>
<trkpt lat="44.903387" lon="6.629369"><ele>1248.5</ele></trkpt>
<trkpt lat="44.903380" lon="6.629515"><ele>1248.2</ele></trkpt>
<trkpt lat="44.903395" lon="6.629744"><ele>1247.2</ele></trkpt>
<trkpt lat="44.903398" lon="6.629782"><ele>1247.0</ele></trkpt>
<trkpt lat="44.903398" lon="6.629916"><ele>1246.2</ele></trkpt>
<trkpt lat="44.903396" lon="6.629985"><ele>1246.0</ele></trkpt>
<trkpt lat="44.903395" lon="6.630044"><ele>1245.8</ele></trkpt>
<trkpt lat="44.903371" lon="6.630082"><ele>1245.5</ele></trkpt>
<trkpt lat="44.903355" lon="6.630128"><ele>1245.5</ele></trkpt>
<trkpt lat="44.903349" lon="6.630178"><ele>1245.2</ele></trkpt>
<trkpt lat="44.903353" lon="6.630229"><ele>1245.0</ele></trkpt>
<trkpt lat="44.903300" lon="6.630343"><ele>1244.8</ele></trkpt>
<trkpt lat="44.903162" lon="6.630570"><ele>1243.8</ele></trkpt>
<trkpt lat="44.902892" lon="6.630917"><ele>1241.8</ele></trkpt>
<trkpt lat="44.902863" lon="6.630953"><ele>1241.5</ele></trkpt>
<trkpt lat="44.902873" lon="6.630989"><ele>1241.2</ele></trkpt>
<trkpt lat="44.902875" lon="6.631082"><ele>1240.5</ele></trkpt>
<trkpt lat="44.902830" lon="6.631182"><ele>1239.8</ele></trkpt>
<trkpt lat="44.902768" lon="6.631256"><ele>1239.5</ele></trkpt>
<trkpt lat="44.902547" lon="6.631467"><ele>1238.8</ele></trkpt>
<trkpt lat="44.902474" lon="6.631515"><ele>1238.5</ele></trkpt>
<trkpt lat="44.902406" lon="6.631543"><ele>1238.2</ele></trkpt>
<trkpt lat="44.902344" lon="6.631565"><ele>1238.0</ele></trkpt>
<trkpt lat="44.902284" lon="6.631567"><ele>1237.8</ele></trkpt>
<trkpt lat="44.901969" lon="6.631575"><ele>1236.0</ele></trkpt>
<trkpt lat="44.901834" lon="6.631615"><ele>1234.2</ele></trkpt>
<trkpt lat="44.901660" lon="6.631734"><ele>1231.5</ele></trkpt>
<trkpt lat="44.901262" lon="6.632050"><ele>1227.8</ele></trkpt>
<trkpt lat="44.900789" lon="6.632405"><ele>1224.5</ele></trkpt>
<trkpt lat="44.900691" lon="6.632471"><ele>1224.0</ele></trkpt>
<trkpt lat="44.900598" lon="6.632542"><ele>1223.2</ele></trkpt>
<trkpt lat="44.900340" lon="6.632729"><ele>1223.0</ele></trkpt>
<trkpt lat="44.899715" lon="6.633181"><ele>1220.8</ele></trkpt>
<trkpt lat="44.899413" lon="6.633394"><ele>1219.8</ele></trkpt>
<trkpt lat="44.899172" lon="6.633562"><ele>1218.0</ele></trkpt>
<trkpt lat="44.899021" lon="6.633690"><ele>1217.8</ele></trkpt>
<trkpt lat="44.898941" lon="6.633766"><ele>1217.5</ele></trkpt>
<trkpt lat="44.898851" lon="6.633846"><ele>1217.0</ele></trkpt>
<trkpt lat="44.898822" lon="6.633872"><ele>1217.0</ele></trkpt>
<trkpt lat="44.898786" lon="6.633826"><ele>1217.0</ele></trkpt>
<trkpt lat="44.898763" lon="6.633814"><ele>1217.0</ele></trkpt>
<trkpt lat="44.898729" lon="6.633810"><ele>1217.0</ele></trkpt>
<trkpt lat="44.898697" lon="6.633821"><ele>1217.0</ele></trkpt>
<trkpt lat="44.898670" lon="6.633845"><ele>1217.0</ele></trkpt>
<trkpt lat="44.898641" lon="6.633905"><ele>1217.0</ele></trkpt>
<trkpt lat="44.898635" lon="6.633941"><ele>1217.0</ele></trkpt>
<trkpt lat="44.898524" lon="6.633924"><ele>1217.0</ele></trkpt>
<trkpt lat="44.898448" lon="6.633920"><ele>1217.0</ele></trkpt>
<trkpt lat="44.898412" lon="6.633926"><ele>1217.0</ele></trkpt>
<trkpt lat="44.898133" lon="6.634019"><ele>1217.0</ele></trkpt>
<trkpt lat="44.897558" lon="6.634216"><ele>1216.0</ele></trkpt>
<trkpt lat="44.897212" lon="6.634327"><ele>1215.8</ele></trkpt>
<trkpt lat="44.897169" lon="6.634345"><ele>1215.8</ele></trkpt>
<trkpt lat="44.897101" lon="6.634394"><ele>1215.5</ele></trkpt>
<trkpt lat="44.897018" lon="6.634390"><ele>1215.2</ele></trkpt>
<trkpt lat="44.896913" lon="6.634423"><ele>1214.8</ele></trkpt>
<trkpt lat="44.896765" lon="6.634473"><ele>1214.2</ele></trkpt>
<trkpt lat="44.896731" lon="6.634484"><ele>1214.2</ele></trkpt>
<trkpt lat="44.896674" lon="6.634496"><ele>1214.0</ele></trkpt>
<trkpt lat="44.896655" lon="6.634475"><ele>1213.8</ele></trkpt>
<trkpt lat="44.896610" lon="6.634457"><ele>1213.5</ele></trkpt>
<trkpt lat="44.896514" lon="6.634330"><ele>1212.5</ele></trkpt>
<trkpt lat="44.896476" lon="6.634256"><ele>1212.0</ele></trkpt>
<trkpt lat="44.896290" lon="6.633820"><ele>1210.2</ele></trkpt>
<trkpt lat="44.896247" lon="6.633699"><ele>1209.8</ele></trkpt>
<trkpt lat="44.896213" lon="6.633608"><ele>1209.5</ele></trkpt>
<trkpt lat="44.896136" lon="6.633407"><ele>1209.0</ele></trkpt>
<trkpt lat="44.896096" lon="6.633301"><ele>1208.8</ele></trkpt>
<trkpt lat="44.896003" lon="6.633061"><ele>1208.0</ele></trkpt>
<trkpt lat="44.895987" lon="6.633009"><ele>1208.0</ele></trkpt>
<trkpt lat="44.895960" lon="6.632951"><ele>1207.5</ele></trkpt>
<trkpt lat="44.895930" lon="6.632907"><ele>1207.5</ele></trkpt>
<trkpt lat="44.895910" lon="6.632883"><ele>1207.2</ele></trkpt>
<trkpt lat="44.895890" lon="6.632864"><ele>1207.2</ele></trkpt>
<trkpt lat="44.895881" lon="6.632802"><ele>1207.0</ele></trkpt>
<trkpt lat="44.895868" lon="6.632776"><ele>1207.0</ele></trkpt>
<trkpt lat="44.895831" lon="6.632742"><ele>1206.8</ele></trkpt>
<trkpt lat="44.895792" lon="6.632738"><ele>1206.8</ele></trkpt>
<trkpt lat="44.895756" lon="6.632759"><ele>1206.5</ele></trkpt>
<trkpt lat="44.895742" lon="6.632778"><ele>1206.5</ele></trkpt>
<trkpt lat="44.895724" lon="6.632824"><ele>1206.5</ele></trkpt>
<trkpt lat="44.895653" lon="6.632902"><ele>1206.2</ele></trkpt>
<trkpt lat="44.895578" lon="6.632965"><ele>1206.0</ele></trkpt>
<trkpt lat="44.895238" lon="6.633029"><ele>1205.8</ele></trkpt>
<trkpt lat="44.895120" lon="6.633059"><ele>1205.2</ele></trkpt>
<trkpt lat="44.894970" lon="6.633109"><ele>1205.0</ele></trkpt>
<trkpt lat="44.894893" lon="6.633136"><ele>1205.0</ele></trkpt>
<trkpt lat="44.894485" lon="6.633280"><ele>1204.0</ele></trkpt>
<trkpt lat="44.894449" lon="6.633293"><ele>1204.0</ele></trkpt>
<trkpt lat="44.894402" lon="6.633310"><ele>1203.8</ele></trkpt>
<trkpt lat="44.894363" lon="6.633326"><ele>1203.5</ele></trkpt>
<trkpt lat="44.894187" lon="6.633393"><ele>1203.0</ele></trkpt>
<trkpt lat="44.894166" lon="6.633404"><ele>1202.8</ele></trkpt>
<trkpt lat="44.894129" lon="6.633430"><ele>1202.8</ele></trkpt>
<trkpt lat="44.894113" lon="6.633397"><ele>1202.8</ele></trkpt>
<trkpt lat="44.894091" lon="6.633372"><ele>1202.8</ele></trkpt>
<trkpt lat="44.894065" lon="6.633359"><ele>1202.5</ele></trkpt>
<trkpt lat="44.894035" lon="6.633358"><ele>1202.5</ele></trkpt>
<trkpt lat="44.894037" lon="6.633306"><ele>1202.5</ele></trkpt>
<trkpt lat="44.894036" lon="6.633269"><ele>1202.5</ele></trkpt>
<trkpt lat="44.894026" lon="6.633226"><ele>1202.5</ele></trkpt>
<trkpt lat="44.894062" lon="6.633204"><ele>1202.8</ele></trkpt>
<trkpt lat="44.894070" lon="6.633199"><ele>1202.8</ele></trkpt>
<trkpt lat="44.893972" lon="6.632966"><ele>1203.0</ele></trkpt>
<trkpt lat="44.893612" lon="6.632189"><ele>1201.8</ele></trkpt>
<trkpt lat="44.893438" lon="6.631794"><ele>1200.8</ele></trkpt>
<trkpt lat="44.892841" lon="6.630340"><ele>1198.0</ele></trkpt>
<trkpt lat="44.892776" lon="6.630194"><ele>1197.5</ele></trkpt>
<trkpt lat="44.892738" lon="6.630118"><ele>1197.2</ele></trkpt>
<trkpt lat="44.892635" lon="6.629978"><ele>1197.0</ele></trkpt>
<trkpt lat="44.892491" lon="6.629843"><ele>1196.8</ele></trkpt>
<trkpt lat="44.892348" lon="6.629748"><ele>1196.5</ele></trkpt>
<trkpt lat="44.891752" lon="6.629501"><ele>1196.0</ele></trkpt>
<trkpt lat="44.891504" lon="6.629343"><ele>1195.8</ele></trkpt>
<trkpt lat="44.891224" lon="6.629125"><ele>1195.0</ele></trkpt>
<trkpt lat="44.891165" lon="6.629068"><ele>1195.0</ele></trkpt>
<trkpt lat="44.891121" lon="6.628996"><ele>1195.0</ele></trkpt>
<trkpt lat="44.890991" lon="6.628878"><ele>1194.5</ele></trkpt>
<trkpt lat="44.890956" lon="6.628870"><ele>1194.2</ele></trkpt>
<trkpt lat="44.890908" lon="6.628840"><ele>1194.2</ele></trkpt>
<trkpt lat="44.890165" lon="6.628158"><ele>1193.2</ele></trkpt>
<trkpt lat="44.889680" lon="6.627733"><ele>1192.0</ele></trkpt>
<trkpt lat="44.889489" lon="6.627585"><ele>1192.0</ele></trkpt>
<trkpt lat="44.889331" lon="6.627478"><ele>1191.5</ele></trkpt>
<trkpt lat="44.888209" lon="6.626779"><ele>1190.5</ele></trkpt>
<trkpt lat="44.887556" lon="6.626342"><ele>1189.0</ele></trkpt>
<trkpt lat="44.887190" lon="6.626084"><ele>1187.8</ele></trkpt>
<trkpt lat="44.887102" lon="6.626056"><ele>1187.8</ele></trkpt>
<trkpt lat="44.887061" lon="6.626030"><ele>1187.5</ele></trkpt>
<trkpt lat="44.886955" lon="6.625962"><ele>1187.2</ele></trkpt>
<trkpt lat="44.886883" lon="6.625926"><ele>1187.5</ele></trkpt>
<trkpt lat="44.886696" lon="6.625807"><ele>1187.8</ele></trkpt>
<trkpt lat="44.886664" lon="6.625787"><ele>1187.8</ele></trkpt>
<trkpt lat="44.886632" lon="6.625766"><ele>1187.8</ele></trkpt>
<trkpt lat="44.886180" lon="6.625439"><ele>1187.8</ele></trkpt>
<trkpt lat="44.885912" lon="6.625220"><ele>1188.0</ele></trkpt>
<trkpt lat="44.885596" lon="6.624935"><ele>1187.2</ele></trkpt>
<trkpt lat="44.885566" lon="6.624908"><ele>1187.2</ele></trkpt>
<trkpt lat="44.884312" lon="6.623741"><ele>1186.0</ele></trkpt>
<trkpt lat="44.884008" lon="6.623517"><ele>1186.2</ele></trkpt>
<trkpt lat="44.883585" lon="6.623285"><ele>1186.5</ele></trkpt>
<trkpt lat="44.883343" lon="6.623184"><ele>1186.2</ele></trkpt>
<trkpt lat="44.883119" lon="6.623106"><ele>1186.0</ele></trkpt>
<trkpt lat="44.882258" lon="6.622832"><ele>1185.0</ele></trkpt>
<trkpt lat="44.882202" lon="6.622796"><ele>1184.8</ele></trkpt>
<trkpt lat="44.882162" lon="6.622758"><ele>1184.5</ele></trkpt>
<trkpt lat="44.882126" lon="6.622678"><ele>1183.8</ele></trkpt>
<trkpt lat="44.882074" lon="6.622604"><ele>1183.2</ele></trkpt>
<trkpt lat="44.882025" lon="6.622569"><ele>1183.0</ele></trkpt>
<trkpt lat="44.881968" lon="6.622565"><ele>1183.0</ele></trkpt>
<trkpt lat="44.881914" lon="6.622585"><ele>1183.2</ele></trkpt>
<trkpt lat="44.881853" lon="6.622591"><ele>1183.2</ele></trkpt>
<trkpt lat="44.881629" lon="6.622515"><ele>1183.0</ele></trkpt>
<trkpt lat="44.881544" lon="6.622467"><ele>1182.8</ele></trkpt>
<trkpt lat="44.881186" lon="6.622183"><ele>1182.2</ele></trkpt>
<trkpt lat="44.881091" lon="6.622061"><ele>1181.8</ele></trkpt>
<trkpt lat="44.881020" lon="6.621942"><ele>1181.5</ele></trkpt>
<trkpt lat="44.880941" lon="6.621854"><ele>1182.0</ele></trkpt>
<trkpt lat="44.880831" lon="6.621763"><ele>1182.2</ele></trkpt>
<trkpt lat="44.880843" lon="6.621702"><ele>1182.0</ele></trkpt>
<trkpt lat="44.880857" lon="6.621672"><ele>1182.0</ele></trkpt>
<trkpt lat="44.880978" lon="6.621416"><ele>1182.2</ele></trkpt>
<trkpt lat="44.881064" lon="6.621215"><ele>1182.8</ele></trkpt>
<trkpt lat="44.881071" lon="6.621197"><ele>1182.8</ele></trkpt>
<trkpt lat="44.881122" lon="6.621066"><ele>1184.0</ele></trkpt>
<trkpt lat="44.881142" lon="6.621013"><ele>1184.2</ele></trkpt>
<trkpt lat="44.881176" lon="6.621039"><ele>1184.2</ele></trkpt>
<trkpt lat="44.881218" lon="6.621051"><ele>1184.5</ele></trkpt>
<trkpt lat="44.881261" lon="6.621046"><ele>1184.8</ele></trkpt>
<trkpt lat="44.881301" lon="6.621023"><ele>1185.0</ele></trkpt>
<trkpt lat="44.881334" lon="6.620987"><ele>1185.0</ele></trkpt>
<trkpt lat="44.881358" lon="6.620938"><ele>1185.5</ele></trkpt>
<trkpt lat="44.881372" lon="6.620882"><ele>1185.8</ele></trkpt>
<trkpt lat="44.881374" lon="6.620823"><ele>1185.8</ele></trkpt>
<trkpt lat="44.881363" lon="6.620763"><ele>1185.8</ele></trkpt>
<trkpt lat="44.881340" lon="6.620710"><ele>1185.8</ele></trkpt>
<trkpt lat="44.881306" lon="6.620668"><ele>1185.5</ele></trkpt>
<trkpt lat="44.881266" lon="6.620643"><ele>1185.5</ele></trkpt>
<trkpt lat="44.881222" lon="6.620636"><ele>1185.2</ele></trkpt>
<trkpt lat="44.881178" lon="6.620647"><ele>1185.0</ele></trkpt>
<trkpt lat="44.881139" lon="6.620677"><ele>1185.0</ele></trkpt>
<trkpt lat="44.881053" lon="6.620646"><ele>1184.5</ele></trkpt>
<trkpt lat="44.880935" lon="6.620590"><ele>1183.5</ele></trkpt>
<trkpt lat="44.879797" lon="6.619503"><ele>1179.8</ele></trkpt>
<trkpt lat="44.879270" lon="6.619030"><ele>1179.9</ele></trkpt>
<trkpt lat="44.878950" lon="6.618780"><ele>1179.7</ele></trkpt>
<trkpt lat="44.878490" lon="6.618470"><ele>1179.6</ele></trkpt>
<trkpt lat="44.878190" lon="6.618310"><ele>1179.4</ele></trkpt>
<trkpt lat="44.877590" lon="6.618070"><ele>1179.3</ele></trkpt>
<trkpt lat="44.877200" lon="6.617940"><ele>1179.1</ele></trkpt>
<trkpt lat="44.877100" lon="6.617920"><ele>1179.0</ele></trkpt>
<trkpt lat="44.876140" lon="6.617590"><ele>1178.8</ele></trkpt>
<trkpt lat="44.876010" lon="6.617530"><ele>1178.5</ele></trkpt>
<trkpt lat="44.875760" lon="6.617390"><ele>1178.3</ele></trkpt>
<trkpt lat="44.875510" lon="6.617230"><ele>1178.0</ele></trkpt>
<trkpt lat="44.875310" lon="6.617080"><ele>1177.6</ele></trkpt>
<trkpt lat="44.875080" lon="6.616870"><ele>1177.1</ele></trkpt>
<trkpt lat="44.874890" lon="6.616670"><ele>1176.7</ele></trkpt>
<trkpt lat="44.874530" lon="6.616220"><ele>1176.2</ele></trkpt>
<trkpt lat="44.874430" lon="6.616060"><ele>1175.7</ele></trkpt>
<trkpt lat="44.874370" lon="6.615980"><ele>1175.3</ele></trkpt>
<trkpt lat="44.874330" lon="6.615900"><ele>1174.7</ele></trkpt>
<trkpt lat="44.874280" lon="6.615830"><ele>1174.1</ele></trkpt>
<trkpt lat="44.873950" lon="6.615160"><ele>1173.6</ele></trkpt>
<trkpt lat="44.873800" lon="6.614750"><ele>1173.0</ele></trkpt>
<trkpt lat="44.872680" lon="6.611090"><ele>1172.5</ele></trkpt>
<trkpt lat="44.872620" lon="6.610790"><ele>1172.3</ele></trkpt>
<trkpt lat="44.871910" lon="6.608430"><ele>1172.3</ele></trkpt>
<trkpt lat="44.871770" lon="6.608030"><ele>1172.3</ele></trkpt>
<trkpt lat="44.871460" lon="6.607280"><ele>1172.4</ele></trkpt>
<trkpt lat="44.871350" lon="6.607050"><ele>1172.6</ele></trkpt>
<trkpt lat="44.870970" lon="6.606360"><ele>1172.7</ele></trkpt>
<trkpt lat="44.870900" lon="6.606270"><ele>1173.0</ele></trkpt>
<trkpt lat="44.869840" lon="6.604320"><ele>1173.1</ele></trkpt>
<trkpt lat="44.869360" lon="6.603380"><ele>1173.4</ele></trkpt>
<trkpt lat="44.869040" lon="6.602810"><ele>1173.8</ele></trkpt>
<trkpt lat="44.868840" lon="6.602530"><ele>1174.4</ele></trkpt>
<trkpt lat="44.868790" lon="6.602420"><ele>1175.0</ele></trkpt>
<trkpt lat="44.868720" lon="6.602330"><ele>1175.6</ele></trkpt>
<trkpt lat="44.868110" lon="6.601710"><ele>1176.3</ele></trkpt>
<trkpt lat="44.867740" lon="6.601380"><ele>1176.9</ele></trkpt>
<trkpt lat="44.866390" lon="6.600400"><ele>1177.4</ele></trkpt>
<trkpt lat="44.866240" lon="6.600320"><ele>1177.8</ele></trkpt>
<trkpt lat="44.865890" lon="6.600080"><ele>1177.3</ele></trkpt>
<trkpt lat="44.865450" lon="6.599700"><ele>1176.6</ele></trkpt>
<trkpt lat="44.865080" lon="6.599300"><ele>1175.2</ele></trkpt>
<trkpt lat="44.864760" lon="6.598870"><ele>1173.8</ele></trkpt>
<trkpt lat="44.864410" lon="6.598280"><ele>1172.4</ele></trkpt>
<trkpt lat="44.864320" lon="6.598100"><ele>1172.1</ele></trkpt>
<trkpt lat="44.864270" lon="6.597960"><ele>1171.8</ele></trkpt>
<trkpt lat="44.863510" lon="6.596390"><ele>1171.5</ele></trkpt>
<trkpt lat="44.862720" lon="6.594910"><ele>1170.9</ele></trkpt>
<trkpt lat="44.862650" lon="6.594820"><ele>1170.0</ele></trkpt>
<trkpt lat="44.860650" lon="6.590900"><ele>1168.9</ele></trkpt>
<trkpt lat="44.860480" lon="6.590620"><ele>1167.6</ele></trkpt>
<trkpt lat="44.860070" lon="6.590120"><ele>1166.2</ele></trkpt>
<trkpt lat="44.853490" lon="6.583010"><ele>1164.6</ele></trkpt>
<trkpt lat="44.853110" lon="6.582640"><ele>1163.0</ele></trkpt>
<trkpt lat="44.852860" lon="6.582450"><ele>1161.4</ele></trkpt>
<trkpt lat="44.852480" lon="6.582210"><ele>1160.6</ele></trkpt>
<trkpt lat="44.852180" lon="6.582070"><ele>1160.6</ele></trkpt>
<trkpt lat="44.852050" lon="6.582030"><ele>1160.4</ele></trkpt>
<trkpt lat="44.851950" lon="6.582010"><ele>1160.6</ele></trkpt>
<trkpt lat="44.851760" lon="6.582010"><ele>1160.7</ele></trkpt>
<trkpt lat="44.851500" lon="6.582050"><ele>1160.6</ele></trkpt>
<trkpt lat="44.851440" lon="6.582070"><ele>1159.2</ele></trkpt>
<trkpt lat="44.850900" lon="6.582320"><ele>1157.8</ele></trkpt>
<trkpt lat="44.850320" lon="6.582550"><ele>1156.5</ele></trkpt>
<trkpt lat="44.849930" lon="6.582660"><ele>1155.5</ele></trkpt>
<trkpt lat="44.846560" lon="6.583250"><ele>1155.0</ele></trkpt>
<trkpt lat="44.846270" lon="6.583280"><ele>1154.5</ele></trkpt>
<trkpt lat="44.846130" lon="6.583280"><ele>1154.1</ele></trkpt>
<trkpt lat="44.845860" lon="6.583250"><ele>1153.9</ele></trkpt>
<trkpt lat="44.845740" lon="6.583220"><ele>1153.9</ele></trkpt>
<trkpt lat="44.845480" lon="6.583130"><ele>1153.9</ele></trkpt>
<trkpt lat="44.845240" lon="6.583020"><ele>1153.9</ele></trkpt>
<trkpt lat="44.844960" lon="6.582870"><ele>1153.4</ele></trkpt>
<trkpt lat="44.844370" lon="6.582630"><ele>1152.6</ele></trkpt>
<trkpt lat="44.844180" lon="6.582580"><ele>1152.0</ele></trkpt>
<trkpt lat="44.843990" lon="6.582550"><ele>1151.6</ele></trkpt>
<trkpt lat="44.843800" lon="6.582540"><ele>1151.2</ele></trkpt>
<trkpt lat="44.843710" lon="6.582550"><ele>1151.0</ele></trkpt>
<trkpt lat="44.843610" lon="6.582550"><ele>1150.9</ele></trkpt>
<trkpt lat="44.843560" lon="6.582560"><ele>1150.8</ele></trkpt>
<trkpt lat="44.843500" lon="6.582560"><ele>1150.7</ele></trkpt>
<trkpt lat="44.843450" lon="6.582570"><ele>1150.4</ele></trkpt>
<trkpt lat="44.843400" lon="6.582590"><ele>1149.8</ele></trkpt>
<trkpt lat="44.843320" lon="6.582610"><ele>1149.2</ele></trkpt>
<trkpt lat="44.843090" lon="6.582690"><ele>1148.5</ele></trkpt>
<trkpt lat="44.843040" lon="6.582720"><ele>1147.9</ele></trkpt>
<trkpt lat="44.842970" lon="6.582750"><ele>1147.2</ele></trkpt>
<trkpt lat="44.842760" lon="6.582880"><ele>1146.6</ele></trkpt>
<trkpt lat="44.841730" lon="6.583720"><ele>1146.7</ele></trkpt>
<trkpt lat="44.841350" lon="6.583950"><ele>1147.2</ele></trkpt>
<trkpt lat="44.840890" lon="6.584160"><ele>1148.1</ele></trkpt>
<trkpt lat="44.840540" lon="6.584270"><ele>1149.0</ele></trkpt>
<trkpt lat="44.840230" lon="6.584330"><ele>1150.2</ele></trkpt>
<trkpt lat="44.840030" lon="6.584350"><ele>1151.5</ele></trkpt>
<trkpt lat="44.839650" lon="6.584350"><ele>1153.2</ele></trkpt>
<trkpt lat="44.838520" lon="6.584280"><ele>1155.0</ele></trkpt>
<trkpt lat="44.836830" lon="6.584380"><ele>1157.0</ele></trkpt>
<trkpt lat="44.836460" lon="6.584380"><ele>1159.3</ele></trkpt>
<trkpt lat="44.836140" lon="6.584350"><ele>1161.7</ele></trkpt>
<trkpt lat="44.836030" lon="6.584330"><ele>1164.4</ele></trkpt>
<trkpt lat="44.835690" lon="6.584240"><ele>1167.5</ele></trkpt>
<trkpt lat="44.835510" lon="6.584180"><ele>1170.9</ele></trkpt>
<trkpt lat="44.833780" lon="6.583480"><ele>1174.4</ele></trkpt>
<trkpt lat="44.833410" lon="6.583350"><ele>1177.9</ele></trkpt>
<trkpt lat="44.832930" lon="6.583230"><ele>1181.4</ele></trkpt>
<trkpt lat="44.832690" lon="6.583190"><ele>1184.1</ele></trkpt>
<trkpt lat="44.832620" lon="6.583190"><ele>1186.5</ele></trkpt>
<trkpt lat="44.832540" lon="6.583180"><ele>1188.6</ele></trkpt>
<trkpt lat="44.831840" lon="6.583160"><ele>1190.6</ele></trkpt>
<trkpt lat="44.831350" lon="6.583190"><ele>1192.3</ele></trkpt>
<trkpt lat="44.831300" lon="6.583200"><ele>1194.0</ele></trkpt>
<trkpt lat="44.831110" lon="6.583200"><ele>1195.1</ele></trkpt>
<trkpt lat="44.830880" lon="6.583160"><ele>1196.5</ele></trkpt>
<trkpt lat="44.830810" lon="6.583130"><ele>1197.8</ele></trkpt>
<trkpt lat="44.830740" lon="6.583090"><ele>1199.0</ele></trkpt>
<trkpt lat="44.830670" lon="6.583060"><ele>1200.1</ele></trkpt>
<trkpt lat="44.830570" lon="6.582980"><ele>1201.3</ele></trkpt>
<trkpt lat="44.830460" lon="6.582860"><ele>1202.2</ele></trkpt>
<trkpt lat="44.830330" lon="6.582680"><ele>1202.9</ele></trkpt>
<trkpt lat="44.830210" lon="6.582450"><ele>1203.6</ele></trkpt>
<trkpt lat="44.830130" lon="6.582220"><ele>1204.3</ele></trkpt>
<trkpt lat="44.829960" lon="6.581550"><ele>1205.5</ele></trkpt>
<trkpt lat="44.829860" lon="6.581270"><ele>1206.6</ele></trkpt>
<trkpt lat="44.829780" lon="6.581120"><ele>1207.7</ele></trkpt>
<trkpt lat="44.829680" lon="6.580980"><ele>1208.8</ele></trkpt>
<trkpt lat="44.829510" lon="6.580790"><ele>1209.9</ele></trkpt>
<trkpt lat="44.829390" lon="6.580700"><ele>1211.3</ele></trkpt>
<trkpt lat="44.829330" lon="6.580670"><ele>1212.7</ele></trkpt>
<trkpt lat="44.829270" lon="6.580630"><ele>1214.2</ele></trkpt>
<trkpt lat="44.827360" lon="6.579750"><ele>1215.6</ele></trkpt>
<trkpt lat="44.827230" lon="6.579710"><ele>1216.8</ele></trkpt>
<trkpt lat="44.827190" lon="6.579710"><ele>1218.1</ele></trkpt>
<trkpt lat="44.827150" lon="6.579700"><ele>1219.4</ele></trkpt>
<trkpt lat="44.826990" lon="6.579700"><ele>1220.6</ele></trkpt>
<trkpt lat="44.826310" lon="6.579830"><ele>1221.8</ele></trkpt>
<trkpt lat="44.825980" lon="6.579910"><ele>1223.0</ele></trkpt>
<trkpt lat="44.825890" lon="6.579940"><ele>1224.2</ele></trkpt>
<trkpt lat="44.825440" lon="6.580040"><ele>1225.4</ele></trkpt>
<trkpt lat="44.825270" lon="6.580060"><ele>1224.7</ele></trkpt>
<trkpt lat="44.825070" lon="6.580060"><ele>1223.9</ele></trkpt>
<trkpt lat="44.824970" lon="6.580040"><ele>1223.0</ele></trkpt>
<trkpt lat="44.824920" lon="6.580020"><ele>1222.1</ele></trkpt>
<trkpt lat="44.824860" lon="6.580010"><ele>1221.2</ele></trkpt>
<trkpt lat="44.824650" lon="6.579910"><ele>1220.0</ele></trkpt>
<trkpt lat="44.824180" lon="6.579650"><ele>1218.7</ele></trkpt>
<trkpt lat="44.824140" lon="6.579620"><ele>1217.8</ele></trkpt>
<trkpt lat="44.822970" lon="6.579010"><ele>1216.8</ele></trkpt>
<trkpt lat="44.822820" lon="6.578970"><ele>1215.7</ele></trkpt>
<trkpt lat="44.822650" lon="6.578950"><ele>1214.3</ele></trkpt>
<trkpt lat="44.821430" lon="6.578980"><ele>1212.7</ele></trkpt>
<trkpt lat="44.821200" lon="6.578940"><ele>1211.1</ele></trkpt>
<trkpt lat="44.821130" lon="6.578920"><ele>1209.3</ele></trkpt>
<trkpt lat="44.820940" lon="6.578900"><ele>1207.7</ele></trkpt>
<trkpt lat="44.820420" lon="6.578920"><ele>1206.0</ele></trkpt>
<trkpt lat="44.820240" lon="6.578870"><ele>1204.3</ele></trkpt>
<trkpt lat="44.820140" lon="6.578800"><ele>1203.8</ele></trkpt>
<trkpt lat="44.819980" lon="6.578660"><ele>1203.4</ele></trkpt>
<trkpt lat="44.819840" lon="6.578560"><ele>1203.0</ele></trkpt>
<trkpt lat="44.819730" lon="6.578500"><ele>1202.7</ele></trkpt>
<trkpt lat="44.819610" lon="6.578460"><ele>1202.5</ele></trkpt>
<trkpt lat="44.819200" lon="6.578390"><ele>1202.6</ele></trkpt>
<trkpt lat="44.819170" lon="6.578380"><ele>1202.7</ele></trkpt>
<trkpt lat="44.819090" lon="6.578340"><ele>1202.6</ele></trkpt>
<trkpt lat="44.818880" lon="6.578190"><ele>1202.5</ele></trkpt>
<trkpt lat="44.818530" lon="6.577860"><ele>1202.4</ele></trkpt>
<trkpt lat="44.818380" lon="6.577770"><ele>1202.6</ele></trkpt>
<trkpt lat="44.818350" lon="6.577760"><ele>1202.8</ele></trkpt>
<trkpt lat="44.818330" lon="6.577740"><ele>1203.1</ele></trkpt>
<trkpt lat="44.817890" lon="6.577620"><ele>1203.5</ele></trkpt>
<trkpt lat="44.817810" lon="6.577590"><ele>1203.8</ele></trkpt>
<trkpt lat="44.817730" lon="6.577570"><ele>1203.9</ele></trkpt>
<trkpt lat="44.817680" lon="6.577540"><ele>1203.8</ele></trkpt>
<trkpt lat="44.817620" lon="6.577520"><ele>1203.6</ele></trkpt>
<trkpt lat="44.817410" lon="6.577420"><ele>1203.8</ele></trkpt>
<trkpt lat="44.817140" lon="6.577320"><ele>1204.2</ele></trkpt>
<trkpt lat="44.817070" lon="6.577310"><ele>1204.9</ele></trkpt>
<trkpt lat="44.816960" lon="6.577280"><ele>1205.6</ele></trkpt>
<trkpt lat="44.816640" lon="6.577230"><ele>1205.9</ele></trkpt>
<trkpt lat="44.816360" lon="6.577150"><ele>1206.1</ele></trkpt>
<trkpt lat="44.816160" lon="6.577110"><ele>1206.3</ele></trkpt>
<trkpt lat="44.815750" lon="6.577080"><ele>1206.4</ele></trkpt>
<trkpt lat="44.815630" lon="6.577050"><ele>1205.5</ele></trkpt>
<trkpt lat="44.815500" lon="6.577030"><ele>1204.4</ele></trkpt>
<trkpt lat="44.815100" lon="6.576930"><ele>1203.4</ele></trkpt>
<trkpt lat="44.814930" lon="6.576850"><ele>1202.1</ele></trkpt>
<trkpt lat="44.814870" lon="6.576790"><ele>1200.8</ele></trkpt>
<trkpt lat="44.814850" lon="6.576760"><ele>1199.5</ele></trkpt>
<trkpt lat="44.814820" lon="6.576730"><ele>1198.7</ele></trkpt>
<trkpt lat="44.814800" lon="6.576680"><ele>1198.2</ele></trkpt>
<trkpt lat="44.814350" lon="6.575850"><ele>1198.1</ele></trkpt>
<trkpt lat="44.814220" lon="6.575720"><ele>1197.9</ele></trkpt>
<trkpt lat="44.814180" lon="6.575690"><ele>1197.6</ele></trkpt>
<trkpt lat="44.814050" lon="6.575620"><ele>1196.9</ele></trkpt>
<trkpt lat="44.813960" lon="6.575590"><ele>1196.2</ele></trkpt>
<trkpt lat="44.813330" lon="6.575540"><ele>1195.1</ele></trkpt>
<trkpt lat="44.812750" lon="6.575450"><ele>1194.0</ele></trkpt>
<trkpt lat="44.812530" lon="6.575360"><ele>1192.9</ele></trkpt>
<trkpt lat="44.812360" lon="6.575270"><ele>1192.0</ele></trkpt>
<trkpt lat="44.812250" lon="6.575200"><ele>1191.9</ele></trkpt>
<trkpt lat="44.812210" lon="6.575160"><ele>1191.6</ele></trkpt>
<trkpt lat="44.812160" lon="6.575130"><ele>1191.1</ele></trkpt>
<trkpt lat="44.812050" lon="6.575010"><ele>1190.8</ele></trkpt>
<trkpt lat="44.811780" lon="6.574630"><ele>1190.4</ele></trkpt>
<trkpt lat="44.811720" lon="6.574570"><ele>1190.1</ele></trkpt>
<trkpt lat="44.811630" lon="6.574520"><ele>1189.4</ele></trkpt>
<trkpt lat="44.811450" lon="6.574450"><ele>1188.5</ele></trkpt>
<trkpt lat="44.810820" lon="6.574250"><ele>1187.6</ele></trkpt>
<trkpt lat="44.810380" lon="6.574080"><ele>1186.8</ele></trkpt>
<trkpt lat="44.810230" lon="6.574040"><ele>1186.1</ele></trkpt>
<trkpt lat="44.810180" lon="6.574020"><ele>1185.4</ele></trkpt>
<trkpt lat="44.810140" lon="6.574020"><ele>1184.9</ele></trkpt>
<trkpt lat="44.810100" lon="6.574010"><ele>1184.9</ele></trkpt>
<trkpt lat="44.809910" lon="6.574010"><ele>1185.0</ele></trkpt>
<trkpt lat="44.809860" lon="6.574030"><ele>1185.0</ele></trkpt>
<trkpt lat="44.809810" lon="6.574030"><ele>1184.9</ele></trkpt>
<trkpt lat="44.809380" lon="6.574130"><ele>1184.9</ele></trkpt>
<trkpt lat="44.809370" lon="6.574130"><ele>1185.3</ele></trkpt>
<trkpt lat="44.809310" lon="6.574150"><ele>1185.7</ele></trkpt>
<trkpt lat="44.808900" lon="6.574160"><ele>1186.0</ele></trkpt>
<trkpt lat="44.808870" lon="6.574150"><ele>1186.2</ele></trkpt>
<trkpt lat="44.808850" lon="6.574150"><ele>1185.5</ele></trkpt>
<trkpt lat="44.808740" lon="6.574120"><ele>1184.8</ele></trkpt>
<trkpt lat="44.808660" lon="6.574080"><ele>1184.0</ele></trkpt>
<trkpt lat="44.808570" lon="6.574020"><ele>1183.2</ele></trkpt>
<trkpt lat="44.808450" lon="6.573910"><ele>1181.7</ele></trkpt>
<trkpt lat="44.808340" lon="6.573780"><ele>1180.0</ele></trkpt>
<trkpt lat="44.808190" lon="6.573530"><ele>1178.1</ele></trkpt>
<trkpt lat="44.807930" lon="6.572920"><ele>1175.8</ele></trkpt>
<trkpt lat="44.807200" lon="6.571010"><ele>1173.5</ele></trkpt>
<trkpt lat="44.807190" lon="6.570900"><ele>1171.1</ele></trkpt>
<trkpt lat="44.807180" lon="6.570880"><ele>1168.7</ele></trkpt>
<trkpt lat="44.807140" lon="6.570750"><ele>1166.3</ele></trkpt>
<trkpt lat="44.806700" lon="6.569630"><ele>1163.4</ele></trkpt>
<trkpt lat="44.806550" lon="6.569300"><ele>1160.6</ele></trkpt>
<trkpt lat="44.806310" lon="6.568900"><ele>1157.8</ele></trkpt>
<trkpt lat="44.806080" lon="6.568570"><ele>1155.0</ele></trkpt>
<trkpt lat="44.806060" lon="6.568530"><ele>1152.2</ele></trkpt>
<trkpt lat="44.806030" lon="6.568500"><ele>1150.2</ele></trkpt>
<trkpt lat="44.806020" lon="6.568480"><ele>1148.2</ele></trkpt>
<trkpt lat="44.805970" lon="6.568440"><ele>1146.2</ele></trkpt>
<trkpt lat="44.805620" lon="6.568010"><ele>1144.2</ele></trkpt>
<trkpt lat="44.805580" lon="6.567980"><ele>1142.5</ele></trkpt>
<trkpt lat="44.805550" lon="6.567950"><ele>1140.9</ele></trkpt>
<trkpt lat="44.805400" lon="6.567850"><ele>1139.4</ele></trkpt>
<trkpt lat="44.805370" lon="6.567840"><ele>1138.1</ele></trkpt>
<trkpt lat="44.805320" lon="6.567810"><ele>1136.6</ele></trkpt>
<trkpt lat="44.805240" lon="6.567780"><ele>1134.9</ele></trkpt>
<trkpt lat="44.805210" lon="6.567780"><ele>1133.3</ele></trkpt>
<trkpt lat="44.805180" lon="6.567770"><ele>1131.9</ele></trkpt>
<trkpt lat="44.805150" lon="6.567770"><ele>1131.0</ele></trkpt>
<trkpt lat="44.805100" lon="6.567760"><ele>1130.2</ele></trkpt>
<trkpt lat="44.805070" lon="6.567760"><ele>1129.5</ele></trkpt>
<trkpt lat="44.805030" lon="6.567750"><ele>1129.2</ele></trkpt>
<trkpt lat="44.804760" lon="6.567750"><ele>1129.0</ele></trkpt>
<trkpt lat="44.804480" lon="6.567790"><ele>1128.9</ele></trkpt>
<trkpt lat="44.804310" lon="6.567830"><ele>1128.9</ele></trkpt>
<trkpt lat="44.804130" lon="6.567890"><ele>1128.9</ele></trkpt>
<trkpt lat="44.804100" lon="6.567910"><ele>1128.9</ele></trkpt>
<trkpt lat="44.804070" lon="6.567920"><ele>1129.0</ele></trkpt>
<trkpt lat="44.804010" lon="6.567960"><ele>1129.0</ele></trkpt>
<trkpt lat="44.803930" lon="6.568000"><ele>1129.0</ele></trkpt>
<trkpt lat="44.803680" lon="6.568180"><ele>1129.1</ele></trkpt>
<trkpt lat="44.803630" lon="6.568200"><ele>1129.4</ele></trkpt>
<trkpt lat="44.803600" lon="6.568200"><ele>1129.7</ele></trkpt>
<trkpt lat="44.803580" lon="6.568210"><ele>1130.0</ele></trkpt>
<trkpt lat="44.803560" lon="6.568200"><ele>1130.1</ele></trkpt>
<trkpt lat="44.803520" lon="6.568200"><ele>1130.1</ele></trkpt>
<trkpt lat="44.803500" lon="6.568190"><ele>1130.1</ele></trkpt>
<trkpt lat="44.803480" lon="6.568170"><ele>1129.9</ele></trkpt>
<trkpt lat="44.803460" lon="6.568160"><ele>1129.7</ele></trkpt>
<trkpt lat="44.803430" lon="6.568120"><ele>1129.3</ele></trkpt>
<trkpt lat="44.803410" lon="6.568080"><ele>1128.8</ele></trkpt>
<trkpt lat="44.803410" lon="6.568060"><ele>1128.3</ele></trkpt>
<trkpt lat="44.803400" lon="6.568040"><ele>1127.8</ele></trkpt>
<trkpt lat="44.803400" lon="6.567980"><ele>1127.3</ele></trkpt>
<trkpt lat="44.803410" lon="6.567950"><ele>1126.8</ele></trkpt>
<trkpt lat="44.803410" lon="6.567930"><ele>1126.4</ele></trkpt>
<trkpt lat="44.803420" lon="6.567920"><ele>1125.9</ele></trkpt>
<trkpt lat="44.803420" lon="6.567900"><ele>1125.5</ele></trkpt>
<trkpt lat="44.803430" lon="6.567880"><ele>1125.1</ele></trkpt>
<trkpt lat="44.803460" lon="6.567840"><ele>1124.8</ele></trkpt>
<trkpt lat="44.803470" lon="6.567820"><ele>1124.2</ele></trkpt>
<trkpt lat="44.803500" lon="6.567790"><ele>1123.8</ele></trkpt>
<trkpt lat="44.803500" lon="6.567780"><ele>1123.4</ele></trkpt>
<trkpt lat="44.803510" lon="6.567780"><ele>1123.1</ele></trkpt>
<trkpt lat="44.803530" lon="6.567760"><ele>1122.9</ele></trkpt>
<trkpt lat="44.803550" lon="6.567750"><ele>1122.5</ele></trkpt>
<trkpt lat="44.803560" lon="6.567740"><ele>1121.6</ele></trkpt>
<trkpt lat="44.803580" lon="6.567730"><ele>1120.6</ele></trkpt>
<trkpt lat="44.804750" lon="6.567440"><ele>1119.5</ele></trkpt>
<trkpt lat="44.804920" lon="6.567370"><ele>1118.4</ele></trkpt>
<trkpt lat="44.805030" lon="6.567290"><ele>1117.7</ele></trkpt>
<trkpt lat="44.805080" lon="6.567240"><ele>1117.0</ele></trkpt>
<trkpt lat="44.805120" lon="6.567210"><ele>1116.3</ele></trkpt>
<trkpt lat="44.805210" lon="6.567100"><ele>1115.6</ele></trkpt>
<trkpt lat="44.805610" lon="6.566500"><ele>1115.0</ele></trkpt>
<trkpt lat="44.805780" lon="6.566330"><ele>1114.3</ele></trkpt>
<trkpt lat="44.805940" lon="6.566250"><ele>1113.7</ele></trkpt>
<trkpt lat="44.806090" lon="6.566200"><ele>1113.2</ele></trkpt>
<trkpt lat="44.806520" lon="6.566130"><ele>1112.6</ele></trkpt>
<trkpt lat="44.806550" lon="6.566120"><ele>1111.9</ele></trkpt>
<trkpt lat="44.806580" lon="6.566120"><ele>1111.1</ele></trkpt>
<trkpt lat="44.806590" lon="6.566110"><ele>1110.3</ele></trkpt>
<trkpt lat="44.806650" lon="6.566080"><ele>1109.6</ele></trkpt>
<trkpt lat="44.806710" lon="6.566020"><ele>1109.4</ele></trkpt>
<trkpt lat="44.806730" lon="6.565970"><ele>1109.3</ele></trkpt>
<trkpt lat="44.806730" lon="6.565950"><ele>1109.3</ele></trkpt>
<trkpt lat="44.806750" lon="6.565900"><ele>1109.3</ele></trkpt>
<trkpt lat="44.806750" lon="6.565830"><ele>1108.9</ele></trkpt>
<trkpt lat="44.806740" lon="6.565810"><ele>1108.4</ele></trkpt>
<trkpt lat="44.806740" lon="6.565790"><ele>1108.0</ele></trkpt>
<trkpt lat="44.806730" lon="6.565770"><ele>1107.4</ele></trkpt>
<trkpt lat="44.806730" lon="6.565750"><ele>1106.8</ele></trkpt>
<trkpt lat="44.806720" lon="6.565740"><ele>1106.2</ele></trkpt>
<trkpt lat="44.806720" lon="6.565730"><ele>1105.6</ele></trkpt>
<trkpt lat="44.806690" lon="6.565700"><ele>1104.8</ele></trkpt>
<trkpt lat="44.806660" lon="6.565690"><ele>1104.0</ele></trkpt>
<trkpt lat="44.806650" lon="6.565690"><ele>1103.2</ele></trkpt>
<trkpt lat="44.806640" lon="6.565680"><ele>1102.3</ele></trkpt>
<trkpt lat="44.806550" lon="6.565680"><ele>1101.2</ele></trkpt>
<trkpt lat="44.806520" lon="6.565690"><ele>1100.0</ele></trkpt>
<trkpt lat="44.806490" lon="6.565690"><ele>1098.6</ele></trkpt>
<trkpt lat="44.806410" lon="6.565720"><ele>1096.7</ele></trkpt>
<trkpt lat="44.806140" lon="6.565770"><ele>1094.8</ele></trkpt>
<trkpt lat="44.806020" lon="6.565780"><ele>1092.9</ele></trkpt>
<trkpt lat="44.805810" lon="6.565760"><ele>1091.1</ele></trkpt>
<trkpt lat="44.805550" lon="6.565670"><ele>1089.4</ele></trkpt>
<trkpt lat="44.805310" lon="6.565550"><ele>1087.9</ele></trkpt>
<trkpt lat="44.805210" lon="6.565510"><ele>1086.5</ele></trkpt>
<trkpt lat="44.804920" lon="6.565420"><ele>1085.0</ele></trkpt>
<trkpt lat="44.804370" lon="6.565310"><ele>1083.5</ele></trkpt>
<trkpt lat="44.804330" lon="6.565310"><ele>1082.0</ele></trkpt>
<trkpt lat="44.804290" lon="6.565300"><ele>1080.7</ele></trkpt>
<trkpt lat="44.803970" lon="6.565370"><ele>1079.4</ele></trkpt>
<trkpt lat="44.803750" lon="6.565470"><ele>1078.2</ele></trkpt>
<trkpt lat="44.803140" lon="6.565830"><ele>1076.8</ele></trkpt>
<trkpt lat="44.802950" lon="6.565920"><ele>1075.7</ele></trkpt>
<trkpt lat="44.802730" lon="6.566000"><ele>1074.5</ele></trkpt>
<trkpt lat="44.802630" lon="6.566020"><ele>1073.1</ele></trkpt>
<trkpt lat="44.802590" lon="6.566020"><ele>1071.9</ele></trkpt>
<trkpt lat="44.802560" lon="6.566030"><ele>1070.7</ele></trkpt>
<trkpt lat="44.802520" lon="6.566030"><ele>1069.5</ele></trkpt>
<trkpt lat="44.802480" lon="6.566040"><ele>1068.2</ele></trkpt>
<trkpt lat="44.802070" lon="6.566040"><ele>1066.9</ele></trkpt>
<trkpt lat="44.802020" lon="6.566050"><ele>1065.2</ele></trkpt>
<trkpt lat="44.801720" lon="6.566040"><ele>1063.6</ele></trkpt>
<trkpt lat="44.800580" lon="6.566060"><ele>1062.0</ele></trkpt>
<trkpt lat="44.800130" lon="6.566030"><ele>1060.5</ele></trkpt>
<trkpt lat="44.799900" lon="6.565980"><ele>1059.0</ele></trkpt>
<trkpt lat="44.799600" lon="6.565870"><ele>1056.8</ele></trkpt>
<trkpt lat="44.799590" lon="6.565870"><ele>1054.5</ele></trkpt>
<trkpt lat="44.799350" lon="6.565760"><ele>1052.1</ele></trkpt>
<trkpt lat="44.799180" lon="6.565660"><ele>1049.9</ele></trkpt>
<trkpt lat="44.799020" lon="6.565530"><ele>1047.1</ele></trkpt>
<trkpt lat="44.798900" lon="6.565410"><ele>1044.4</ele></trkpt>
<trkpt lat="44.798870" lon="6.565370"><ele>1042.2</ele></trkpt>
<trkpt lat="44.798840" lon="6.565340"><ele>1040.0</ele></trkpt>
<trkpt lat="44.798030" lon="6.564120"><ele>1037.5</ele></trkpt>
<trkpt lat="44.797930" lon="6.563990"><ele>1034.6</ele></trkpt>
<trkpt lat="44.797720" lon="6.563770"><ele>1031.6</ele></trkpt>
<trkpt lat="44.797630" lon="6.563690"><ele>1028.6</ele></trkpt>
<trkpt lat="44.796730" lon="6.563030"><ele>1024.5</ele></trkpt>
<trkpt lat="44.796680" lon="6.563000"><ele>1020.5</ele></trkpt>
<trkpt lat="44.796650" lon="6.562970"><ele>1016.3</ele></trkpt>
<trkpt lat="44.796420" lon="6.562870"><ele>1012.2</ele></trkpt>
<trkpt lat="44.796010" lon="6.562740"><ele>1008.0</ele></trkpt>
<trkpt lat="44.795150" lon="6.562610"><ele>1004.2</ele></trkpt>
<trkpt lat="44.794820" lon="6.562580"><ele>1000.6</ele></trkpt>
<trkpt lat="44.794320" lon="6.562580"><ele>997.2</ele></trkpt>
<trkpt lat="44.790780" lon="6.561900"><ele>993.9</ele></trkpt>
<trkpt lat="44.790680" lon="6.561870"><ele>991.2</ele></trkpt>
<trkpt lat="44.790530" lon="6.561840"><ele>988.6</ele></trkpt>
<trkpt lat="44.790490" lon="6.561810"><ele>986.1</ele></trkpt>
<trkpt lat="44.790240" lon="6.561730"><ele>984.5</ele></trkpt>
<trkpt lat="44.789500" lon="6.561550"><ele>983.1</ele></trkpt>
<trkpt lat="44.788460" lon="6.561350"><ele>982.2</ele></trkpt>
<trkpt lat="44.788320" lon="6.561310"><ele>981.3</ele></trkpt>
<trkpt lat="44.787790" lon="6.561220"><ele>980.5</ele></trkpt>
<trkpt lat="44.787380" lon="6.561180"><ele>980.5</ele></trkpt>
<trkpt lat="44.787320" lon="6.561180"><ele>980.6</ele></trkpt>
<trkpt lat="44.787240" lon="6.561200"><ele>980.8</ele></trkpt>
<trkpt lat="44.784060" lon="6.560590"><ele>980.9</ele></trkpt>
<trkpt lat="44.783960" lon="6.560590"><ele>981.2</ele></trkpt>
<trkpt lat="44.783750" lon="6.560570"><ele>981.6</ele></trkpt>
<trkpt lat="44.783360" lon="6.560580"><ele>981.9</ele></trkpt>
<trkpt lat="44.783030" lon="6.560610"><ele>982.1</ele></trkpt>
<trkpt lat="44.782400" lon="6.560740"><ele>982.1</ele></trkpt>
<trkpt lat="44.781960" lon="6.560880"><ele>982.0</ele></trkpt>
<trkpt lat="44.781570" lon="6.561040"><ele>981.7</ele></trkpt>
<trkpt lat="44.781260" lon="6.561120"><ele>981.3</ele></trkpt>
<trkpt lat="44.781190" lon="6.561130"><ele>980.2</ele></trkpt>
<trkpt lat="44.781130" lon="6.561130"><ele>979.1</ele></trkpt>
<trkpt lat="44.781070" lon="6.561140"><ele>977.6</ele></trkpt>
<trkpt lat="44.780870" lon="6.561140"><ele>976.1</ele></trkpt>
<trkpt lat="44.780600" lon="6.561110"><ele>974.7</ele></trkpt>
<trkpt lat="44.780540" lon="6.561110"><ele>973.4</ele></trkpt>
<trkpt lat="44.780420" lon="6.561090"><ele>972.2</ele></trkpt>
<trkpt lat="44.780140" lon="6.561020"><ele>970.8</ele></trkpt>
<trkpt lat="44.779160" lon="6.560660"><ele>969.4</ele></trkpt>
<trkpt lat="44.778930" lon="6.560550"><ele>967.9</ele></trkpt>
<trkpt lat="44.777940" lon="6.560160"><ele>966.4</ele></trkpt>
<trkpt lat="44.777560" lon="6.560060"><ele>964.9</ele></trkpt>
<trkpt lat="44.777440" lon="6.560050"><ele>963.9</ele></trkpt>
<trkpt lat="44.777400" lon="6.560010"><ele>962.8</ele></trkpt>
<trkpt lat="44.777380" lon="6.560010"><ele>961.5</ele></trkpt>
<trkpt lat="44.777370" lon="6.560000"><ele>960.4</ele></trkpt>
<trkpt lat="44.775690" lon="6.559760"><ele>959.5</ele></trkpt>
<trkpt lat="44.775370" lon="6.559750"><ele>958.9</ele></trkpt>
<trkpt lat="44.775310" lon="6.559770"><ele>958.4</ele></trkpt>
<trkpt lat="44.775150" lon="6.559780"><ele>958.5</ele></trkpt>
<trkpt lat="44.773190" lon="6.560130"><ele>958.3</ele></trkpt>
<trkpt lat="44.772730" lon="6.560240"><ele>958.0</ele></trkpt>
<trkpt lat="44.772560" lon="6.560300"><ele>957.7</ele></trkpt>
<trkpt lat="44.772140" lon="6.560520"><ele>957.1</ele></trkpt>
<trkpt lat="44.771890" lon="6.560710"><ele>956.2</ele></trkpt>
<trkpt lat="44.771410" lon="6.561140"><ele>955.5</ele></trkpt>
<trkpt lat="44.771320" lon="6.561200"><ele>955.0</ele></trkpt>
<trkpt lat="44.771260" lon="6.561260"><ele>954.5</ele></trkpt>
<trkpt lat="44.768450" lon="6.563240"><ele>953.9</ele></trkpt>
<trkpt lat="44.768120" lon="6.563510"><ele>953.0</ele></trkpt>
<trkpt lat="44.767670" lon="6.563950"><ele>952.1</ele></trkpt>
<trkpt lat="44.765660" lon="6.566120"><ele>951.4</ele></trkpt>
<trkpt lat="44.761610" lon="6.570280"><ele>950.6</ele></trkpt>
<trkpt lat="44.761540" lon="6.570310"><ele>949.7</ele></trkpt>
<trkpt lat="44.760110" lon="6.571800"><ele>948.4</ele></trkpt>
<trkpt lat="44.759690" lon="6.572200"><ele>947.1</ele></trkpt>
<trkpt lat="44.759460" lon="6.572390"><ele>946.0</ele></trkpt>
<trkpt lat="44.759400" lon="6.572460"><ele>945.2</ele></trkpt>
<trkpt lat="44.756080" lon="6.574600"><ele>944.5</ele></trkpt>
<trkpt lat="44.756010" lon="6.574620"><ele>943.9</ele></trkpt>
<trkpt lat="44.756000" lon="6.574630"><ele>943.4</ele></trkpt>
<trkpt lat="44.755340" lon="6.575030"><ele>943.3</ele></trkpt>
<trkpt lat="44.754080" lon="6.575870"><ele>943.1</ele></trkpt>
<trkpt lat="44.754000" lon="6.575960"><ele>942.9</ele></trkpt>
<trkpt lat="44.748480" lon="6.579560"><ele>942.7</ele></trkpt>
<trkpt lat="44.748400" lon="6.579590"><ele>942.5</ele></trkpt>
<trkpt lat="44.748310" lon="6.579610"><ele>942.4</ele></trkpt>
<trkpt lat="44.748150" lon="6.579620"><ele>942.6</ele></trkpt>
<trkpt lat="44.748070" lon="6.579640"><ele>942.7</ele></trkpt>
<trkpt lat="44.748000" lon="6.579680"><ele>942.9</ele></trkpt>
<trkpt lat="44.747670" lon="6.579970"><ele>943.2</ele></trkpt>
<trkpt lat="44.747330" lon="6.580240"><ele>943.5</ele></trkpt>
<trkpt lat="44.746940" lon="6.580440"><ele>944.0</ele></trkpt>
<trkpt lat="44.746620" lon="6.580580"><ele>944.1</ele></trkpt>
<trkpt lat="44.746310" lon="6.580770"><ele>944.3</ele></trkpt>
<trkpt lat="44.746070" lon="6.580950"><ele>944.8</ele></trkpt>
<trkpt lat="44.745850" lon="6.581180"><ele>945.2</ele></trkpt>
<trkpt lat="44.745770" lon="6.581250"><ele>945.5</ele></trkpt>
<trkpt lat="44.745530" lon="6.581380"><ele>945.6</ele></trkpt>
<trkpt lat="44.744860" lon="6.581800"><ele>945.8</ele></trkpt>
<trkpt lat="44.744460" lon="6.582110"><ele>945.8</ele></trkpt>
<trkpt lat="44.744230" lon="6.582250"><ele>945.6</ele></trkpt>
<trkpt lat="44.744110" lon="6.582280"><ele>945.0</ele></trkpt>
<trkpt lat="44.742330" lon="6.582590"><ele>943.6</ele></trkpt>
<trkpt lat="44.742030" lon="6.582700"><ele>942.6</ele></trkpt>
<trkpt lat="44.741840" lon="6.582750"><ele>941.6</ele></trkpt>
<trkpt lat="44.741650" lon="6.582780"><ele>940.9</ele></trkpt>
<trkpt lat="44.741610" lon="6.582780"><ele>939.2</ele></trkpt>
<trkpt lat="44.741500" lon="6.582800"><ele>937.5</ele></trkpt>
<trkpt lat="44.739970" lon="6.583320"><ele>936.0</ele></trkpt>
<trkpt lat="44.739380" lon="6.583460"><ele>934.2</ele></trkpt>
<trkpt lat="44.734730" lon="6.584040"><ele>932.7</ele></trkpt>
<trkpt lat="44.733340" lon="6.584170"><ele>930.9</ele></trkpt>
<trkpt lat="44.733110" lon="6.584220"><ele>929.1</ele></trkpt>
<trkpt lat="44.732230" lon="6.584490"><ele>927.2</ele></trkpt>
<trkpt lat="44.727970" lon="6.585930"><ele>925.5</ele></trkpt>
<trkpt lat="44.727590" lon="6.586110"><ele>923.2</ele></trkpt>
<trkpt lat="44.727050" lon="6.586450"><ele>921.1</ele></trkpt>
<trkpt lat="44.726600" lon="6.586830"><ele>919.3</ele></trkpt>
<trkpt lat="44.724730" lon="6.588760"><ele>918.2</ele></trkpt>
<trkpt lat="44.724640" lon="6.588840"><ele>917.9</ele></trkpt>
<trkpt lat="44.724500" lon="6.589000"><ele>917.2</ele></trkpt>
<trkpt lat="44.721660" lon="6.591890"><ele>916.4</ele></trkpt>
<trkpt lat="44.721280" lon="6.592250"><ele>915.1</ele></trkpt>
<trkpt lat="44.712660" lon="6.600990"><ele>914.4</ele></trkpt>
<trkpt lat="44.712560" lon="6.601080"><ele>913.6</ele></trkpt>
<trkpt lat="44.712410" lon="6.601240"><ele>912.6</ele></trkpt>
<trkpt lat="44.711630" lon="6.601990"><ele>911.7</ele></trkpt>
<trkpt lat="44.711400" lon="6.602170"><ele>910.5</ele></trkpt>
<trkpt lat="44.711200" lon="6.602300"><ele>909.3</ele></trkpt>
<trkpt lat="44.711190" lon="6.602310"><ele>908.2</ele></trkpt>
<trkpt lat="44.710890" lon="6.602460"><ele>907.4</ele></trkpt>
<trkpt lat="44.708790" lon="6.603250"><ele>906.5</ele></trkpt>
<trkpt lat="44.707810" lon="6.603690"><ele>906.2</ele></trkpt>
<trkpt lat="44.706860" lon="6.604230"><ele>905.9</ele></trkpt>
<trkpt lat="44.706840" lon="6.604190"><ele>905.5</ele></trkpt>
<trkpt lat="44.706840" lon="6.604180"><ele>904.8</ele></trkpt>
<trkpt lat="44.706810" lon="6.604150"><ele>904.1</ele></trkpt>
<trkpt lat="44.706810" lon="6.604140"><ele>903.4</ele></trkpt>
<trkpt lat="44.706780" lon="6.604110"><ele>902.7</ele></trkpt>
<trkpt lat="44.706770" lon="6.604110"><ele>902.3</ele></trkpt>
<trkpt lat="44.706760" lon="6.604100"><ele>902.2</ele></trkpt>
<trkpt lat="44.706730" lon="6.604100"><ele>902.2</ele></trkpt>
<trkpt lat="44.706720" lon="6.604090"><ele>902.2</ele></trkpt>
<trkpt lat="44.706700" lon="6.604090"><ele>902.1</ele></trkpt>
<trkpt lat="44.706690" lon="6.604100"><ele>902.1</ele></trkpt>
<trkpt lat="44.706670" lon="6.604100"><ele>902.1</ele></trkpt>
<trkpt lat="44.706660" lon="6.604110"><ele>902.0</ele></trkpt>
<trkpt lat="44.706650" lon="6.604110"><ele>902.1</ele></trkpt>
<trkpt lat="44.706620" lon="6.604140"><ele>902.1</ele></trkpt>
<trkpt lat="44.706550" lon="6.604010"><ele>902.2</ele></trkpt>
<trkpt lat="44.706420" lon="6.603720"><ele>902.1</ele></trkpt>
<trkpt lat="44.706370" lon="6.603580"><ele>901.9</ele></trkpt>
<trkpt lat="44.706280" lon="6.603260"><ele>901.8</ele></trkpt>
<trkpt lat="44.706210" lon="6.603100"><ele>901.7</ele></trkpt>
<trkpt lat="44.705830" lon="6.602390"><ele>901.6</ele></trkpt>
<trkpt lat="44.705550" lon="6.601940"><ele>901.6</ele></trkpt>
<trkpt lat="44.705440" lon="6.601730"><ele>901.5</ele></trkpt>
<trkpt lat="44.705330" lon="6.601560"><ele>901.5</ele></trkpt>
<trkpt lat="44.705230" lon="6.601360"><ele>901.5</ele></trkpt>
<trkpt lat="44.704830" lon="6.600670"><ele>901.6</ele></trkpt>
<trkpt lat="44.704770" lon="6.600540"><ele>901.6</ele></trkpt>
<trkpt lat="44.704730" lon="6.600420"><ele>901.6</ele></trkpt>
<trkpt lat="44.704700" lon="6.600220"><ele>901.6</ele></trkpt>
<trkpt lat="44.704710" lon="6.600150"><ele>901.6</ele></trkpt>
<trkpt lat="44.704710" lon="6.600090"><ele>901.6</ele></trkpt>
<trkpt lat="44.704740" lon="6.599950"><ele>901.5</ele></trkpt>
<trkpt lat="44.704760" lon="6.599890"><ele>901.5</ele></trkpt>
<trkpt lat="44.704840" lon="6.599720"><ele>901.6</ele></trkpt>
<trkpt lat="44.705160" lon="6.599190"><ele>901.9</ele></trkpt>
<trkpt lat="44.705690" lon="6.598410"><ele>902.1</ele></trkpt>
<trkpt lat="44.706000" lon="6.597850"><ele>902.4</ele></trkpt>
<trkpt lat="44.706060" lon="6.597710"><ele>902.6</ele></trkpt>
<trkpt lat="44.706290" lon="6.597270"><ele>902.4</ele></trkpt>
<trkpt lat="44.706320" lon="6.597170"><ele>902.2</ele></trkpt>
<trkpt lat="44.706340" lon="6.597140"><ele>902.0</ele></trkpt>
<trkpt lat="44.706400" lon="6.596970"><ele>901.7</ele></trkpt>
<trkpt lat="44.706450" lon="6.596740"><ele>901.5</ele></trkpt>
<trkpt lat="44.706490" lon="6.596420"><ele>901.2</ele></trkpt>
<trkpt lat="44.706480" lon="6.595930"><ele>901.0</ele></trkpt>
<trkpt lat="44.706380" lon="6.595910"><ele>900.8</ele></trkpt>
<trkpt lat="44.701040" lon="6.595240"><ele>900.5</ele></trkpt>
<trkpt lat="44.700650" lon="6.595210"><ele>900.3</ele></trkpt>
<trkpt lat="44.700170" lon="6.595210"><ele>900.0</ele></trkpt>
<trkpt lat="44.700050" lon="6.595220"><ele>899.7</ele></trkpt>
<trkpt lat="44.699900" lon="6.595270"><ele>899.4</ele></trkpt>
<trkpt lat="44.699390" lon="6.595510"><ele>899.1</ele></trkpt>
<trkpt lat="44.699180" lon="6.595590"><ele>898.7</ele></trkpt>
<trkpt lat="44.699000" lon="6.595690"><ele>898.3</ele></trkpt>
<trkpt lat="44.698950" lon="6.595730"><ele>897.9</ele></trkpt>
<trkpt lat="44.698810" lon="6.595920"><ele>897.9</ele></trkpt>
<trkpt lat="44.698610" lon="6.596260"><ele>897.9</ele></trkpt>
<trkpt lat="44.698600" lon="6.596270"><ele>897.9</ele></trkpt>
<trkpt lat="44.698570" lon="6.596320"><ele>897.9</ele></trkpt>
<trkpt lat="44.698420" lon="6.596510"><ele>898.0</ele></trkpt>
<trkpt lat="44.698290" lon="6.596630"><ele>898.1</ele></trkpt>
<trkpt lat="44.698230" lon="6.596670"><ele>898.3</ele></trkpt>
<trkpt lat="44.698160" lon="6.596690"><ele>898.4</ele></trkpt>
<trkpt lat="44.698090" lon="6.596700"><ele>898.6</ele></trkpt>
<trkpt lat="44.697980" lon="6.596680"><ele>898.8</ele></trkpt>
<trkpt lat="44.697880" lon="6.596640"><ele>899.1</ele></trkpt>
<trkpt lat="44.697800" lon="6.596590"><ele>899.5</ele></trkpt>
<trkpt lat="44.697560" lon="6.596410"><ele>900.1</ele></trkpt>
<trkpt lat="44.697510" lon="6.596390"><ele>900.6</ele></trkpt>
<trkpt lat="44.697480" lon="6.596370"><ele>901.2</ele></trkpt>
<trkpt lat="44.697440" lon="6.596360"><ele>901.7</ele></trkpt>
<trkpt lat="44.697370" lon="6.596360"><ele>902.1</ele></trkpt>
<trkpt lat="44.697230" lon="6.596390"><ele>902.3</ele></trkpt>
<trkpt lat="44.696880" lon="6.596520"><ele>902.3</ele></trkpt>
<trkpt lat="44.696370" lon="6.596680"><ele>902.9</ele></trkpt>
<trkpt lat="44.696190" lon="6.596710"><ele>903.5</ele></trkpt>
<trkpt lat="44.696100" lon="6.596740"><ele>904.0</ele></trkpt>
<trkpt lat="44.696050" lon="6.596770"><ele>904.5</ele></trkpt>
<trkpt lat="44.695960" lon="6.596850"><ele>905.1</ele></trkpt>
<trkpt lat="44.695690" lon="6.597170"><ele>905.6</ele></trkpt>
<trkpt lat="44.695450" lon="6.597400"><ele>906.2</ele></trkpt>
<trkpt lat="44.694750" lon="6.597880"><ele>906.7</ele></trkpt>
<trkpt lat="44.693460" lon="6.599020"><ele>907.1</ele></trkpt>
<trkpt lat="44.693370" lon="6.599060"><ele>907.5</ele></trkpt>
<trkpt lat="44.693280" lon="6.599120"><ele>907.7</ele></trkpt>
<trkpt lat="44.693150" lon="6.599170"><ele>908.0</ele></trkpt>
<trkpt lat="44.693050" lon="6.599220"><ele>908.1</ele></trkpt>
<trkpt lat="44.692990" lon="6.599270"><ele>908.2</ele></trkpt>
<trkpt lat="44.692930" lon="6.599340"><ele>908.6</ele></trkpt>
<trkpt lat="44.692750" lon="6.599510"><ele>909.1</ele></trkpt>
<trkpt lat="44.692530" lon="6.599630"><ele>910.0</ele></trkpt>
<trkpt lat="44.692370" lon="6.599800"><ele>910.5</ele></trkpt>
<trkpt lat="44.692300" lon="6.599900"><ele>911.0</ele></trkpt>
<trkpt lat="44.692120" lon="6.600110"><ele>911.5</ele></trkpt>
<trkpt lat="44.691830" lon="6.600350"><ele>911.5</ele></trkpt>
<trkpt lat="44.691520" lon="6.600500"><ele>911.0</ele></trkpt>
<trkpt lat="44.690860" lon="6.600730"><ele>910.3</ele></trkpt>
<trkpt lat="44.690770" lon="6.600750"><ele>909.6</ele></trkpt>
<trkpt lat="44.690600" lon="6.600770"><ele>908.6</ele></trkpt>
<trkpt lat="44.690280" lon="6.600780"><ele>907.6</ele></trkpt>
<trkpt lat="44.690170" lon="6.600800"><ele>906.5</ele></trkpt>
<trkpt lat="44.689770" lon="6.600910"><ele>905.4</ele></trkpt>
<trkpt lat="44.688630" lon="6.601390"><ele>904.3</ele></trkpt>
<trkpt lat="44.687490" lon="6.601920"><ele>903.3</ele></trkpt>
<trkpt lat="44.687310" lon="6.601990"><ele>902.3</ele></trkpt>
<trkpt lat="44.687020" lon="6.602080"><ele>901.1</ele></trkpt>
<trkpt lat="44.686380" lon="6.602230"><ele>899.9</ele></trkpt>
<trkpt lat="44.685970" lon="6.602290"><ele>898.6</ele></trkpt>
<trkpt lat="44.685910" lon="6.602310"><ele>896.9</ele></trkpt>
<trkpt lat="44.685870" lon="6.602330"><ele>895.4</ele></trkpt>
<trkpt lat="44.685790" lon="6.602350"><ele>894.5</ele></trkpt>
<trkpt lat="44.685660" lon="6.602410"><ele>894.0</ele></trkpt>
<trkpt lat="44.685500" lon="6.602500"><ele>894.1</ele></trkpt>
<trkpt lat="44.685370" lon="6.602530"><ele>894.3</ele></trkpt>
<trkpt lat="44.685290" lon="6.602540"><ele>894.6</ele></trkpt>
<trkpt lat="44.685110" lon="6.602500"><ele>894.8</ele></trkpt>
<trkpt lat="44.684860" lon="6.602370"><ele>894.9</ele></trkpt>
<trkpt lat="44.684480" lon="6.602120"><ele>895.0</ele></trkpt>
<trkpt lat="44.683300" lon="6.601430"><ele>895.1</ele></trkpt>
<trkpt lat="44.683150" lon="6.601400"><ele>895.3</ele></trkpt>
<trkpt lat="44.683080" lon="6.601400"><ele>895.5</ele></trkpt>
<trkpt lat="44.683000" lon="6.601410"><ele>895.8</ele></trkpt>
<trkpt lat="44.682930" lon="6.601430"><ele>896.2</ele></trkpt>
<trkpt lat="44.682730" lon="6.601520"><ele>896.6</ele></trkpt>
<trkpt lat="44.682070" lon="6.601760"><ele>896.9</ele></trkpt>
<trkpt lat="44.681740" lon="6.601850"><ele>897.4</ele></trkpt>
<trkpt lat="44.681550" lon="6.601880"><ele>897.9</ele></trkpt>
<trkpt lat="44.681330" lon="6.601860"><ele>897.9</ele></trkpt>
<trkpt lat="44.681100" lon="6.601810"><ele>897.9</ele></trkpt>
<trkpt lat="44.680790" lon="6.601800"><ele>898.1</ele></trkpt>
<trkpt lat="44.680560" lon="6.601830"><ele>898.5</ele></trkpt>
<trkpt lat="44.680370" lon="6.601880"><ele>899.0</ele></trkpt>
<trkpt lat="44.680060" lon="6.602060"><ele>899.8</ele></trkpt>
<trkpt lat="44.679950" lon="6.602140"><ele>900.8</ele></trkpt>
<trkpt lat="44.679630" lon="6.602430"><ele>901.9</ele></trkpt>
<trkpt lat="44.679490" lon="6.602580"><ele>903.1</ele></trkpt>
<trkpt lat="44.679420" lon="6.602640"><ele>904.5</ele></trkpt>
<trkpt lat="44.678990" lon="6.603070"><ele>905.8</ele></trkpt>
<trkpt lat="44.678540" lon="6.603480"><ele>907.0</ele></trkpt>
<trkpt lat="44.678340" lon="6.603590"><ele>908.4</ele></trkpt>
<trkpt lat="44.678260" lon="6.603610"><ele>910.0</ele></trkpt>
<trkpt lat="44.678170" lon="6.603620"><ele>911.9</ele></trkpt>
<trkpt lat="44.678000" lon="6.603620"><ele>913.7</ele></trkpt>
<trkpt lat="44.677920" lon="6.603610"><ele>915.5</ele></trkpt>
<trkpt lat="44.677760" lon="6.603570"><ele>917.2</ele></trkpt>
<trkpt lat="44.677670" lon="6.603530"><ele>919.0</ele></trkpt>
<trkpt lat="44.677610" lon="6.603490"><ele>920.4</ele></trkpt>
<trkpt lat="44.677530" lon="6.603450"><ele>921.6</ele></trkpt>
<trkpt lat="44.677130" lon="6.603130"><ele>922.6</ele></trkpt>
<trkpt lat="44.677000" lon="6.603050"><ele>923.5</ele></trkpt>
<trkpt lat="44.676900" lon="6.603020"><ele>924.9</ele></trkpt>
<trkpt lat="44.676830" lon="6.603010"><ele>926.7</ele></trkpt>
<trkpt lat="44.676670" lon="6.603020"><ele>928.6</ele></trkpt>
<trkpt lat="44.675980" lon="6.603210"><ele>930.6</ele></trkpt>
<trkpt lat="44.675320" lon="6.603360"><ele>932.5</ele></trkpt>
<trkpt lat="44.675120" lon="6.603420"><ele>934.5</ele></trkpt>
<trkpt lat="44.674850" lon="6.603480"><ele>936.6</ele></trkpt>
<trkpt lat="44.674600" lon="6.603510"><ele>938.4</ele></trkpt>
<trkpt lat="44.673670" lon="6.603550"><ele>940.4</ele></trkpt>
<trkpt lat="44.673190" lon="6.603520"><ele>942.3</ele></trkpt>
<trkpt lat="44.672660" lon="6.603390"><ele>944.4</ele></trkpt>
<trkpt lat="44.671940" lon="6.603100"><ele>946.6</ele></trkpt>
<trkpt lat="44.671820" lon="6.603040"><ele>948.8</ele></trkpt>
<trkpt lat="44.671590" lon="6.602880"><ele>951.2</ele></trkpt>
<trkpt lat="44.670970" lon="6.602160"><ele>953.8</ele></trkpt>
<trkpt lat="44.670840" lon="6.601980"><ele>956.7</ele></trkpt>
<trkpt lat="44.670650" lon="6.601560"><ele>959.8</ele></trkpt>
<trkpt lat="44.670550" lon="6.601390"><ele>962.5</ele></trkpt>
<trkpt lat="44.670420" lon="6.601230"><ele>965.3</ele></trkpt>
<trkpt lat="44.669920" lon="6.600690"><ele>967.2</ele></trkpt>
<trkpt lat="44.669800" lon="6.600580"><ele>968.8</ele></trkpt>
<trkpt lat="44.669640" lon="6.600460"><ele>970.2</ele></trkpt>
<trkpt lat="44.669250" lon="6.600240"><ele>971.5</ele></trkpt>
<trkpt lat="44.668880" lon="6.600060"><ele>972.6</ele></trkpt>
<trkpt lat="44.668620" lon="6.599900"><ele>973.5</ele></trkpt>
<trkpt lat="44.668470" lon="6.599780"><ele>974.2</ele></trkpt>
<trkpt lat="44.667810" lon="6.599130"><ele>976.0</ele></trkpt>
<trkpt lat="44.667270" lon="6.598640"><ele>978.0</ele></trkpt>
<trkpt lat="44.667170" lon="6.598520"><ele>979.8</ele></trkpt>
<trkpt lat="44.667010" lon="6.598270"><ele>980.3</ele></trkpt>
<trkpt lat="44.666870" lon="6.597920"><ele>980.6</ele></trkpt>
<trkpt lat="44.666780" lon="6.597650"><ele>981.4</ele></trkpt>
<trkpt lat="44.666640" lon="6.597310"><ele>982.0</ele></trkpt>
<trkpt lat="44.666620" lon="6.597210"><ele>982.5</ele></trkpt>
<trkpt lat="44.666660" lon="6.596420"><ele>982.6</ele></trkpt>
<trkpt lat="44.666660" lon="6.596030"><ele>982.2</ele></trkpt>
<trkpt lat="44.666530" lon="6.594830"><ele>982.7</ele></trkpt>
<trkpt lat="44.666430" lon="6.594370"><ele>983.4</ele></trkpt>
<trkpt lat="44.666350" lon="6.594140"><ele>984.2</ele></trkpt>
<trkpt lat="44.666070" lon="6.593660"><ele>984.6</ele></trkpt>
<trkpt lat="44.665800" lon="6.592810"><ele>984.6</ele></trkpt>
<trkpt lat="44.665780" lon="6.592710"><ele>985.4</ele></trkpt>
<trkpt lat="44.665740" lon="6.592580"><ele>986.8</ele></trkpt>
<trkpt lat="44.665720" lon="6.592340"><ele>987.1</ele></trkpt>
<trkpt lat="44.665770" lon="6.592020"><ele>986.9</ele></trkpt>
<trkpt lat="44.665770" lon="6.591910"><ele>986.8</ele></trkpt>
<trkpt lat="44.665760" lon="6.591870"><ele>987.8</ele></trkpt>
<trkpt lat="44.665700" lon="6.591760"><ele>989.0</ele></trkpt>
<trkpt lat="44.665520" lon="6.591600"><ele>989.4</ele></trkpt>
<trkpt lat="44.665410" lon="6.591480"><ele>989.9</ele></trkpt>
<trkpt lat="44.665110" lon="6.591040"><ele>990.3</ele></trkpt>
<trkpt lat="44.664970" lon="6.590940"><ele>990.7</ele></trkpt>
<trkpt lat="44.664830" lon="6.590880"><ele>991.1</ele></trkpt>
<trkpt lat="44.664710" lon="6.590850"><ele>991.3</ele></trkpt>
<trkpt lat="44.664600" lon="6.590800"><ele>991.6</ele></trkpt>
<trkpt lat="44.664440" lon="6.590690"><ele>992.4</ele></trkpt>
<trkpt lat="44.664280" lon="6.590610"><ele>993.5</ele></trkpt>
<trkpt lat="44.664010" lon="6.590500"><ele>994.9</ele></trkpt>
<trkpt lat="44.663810" lon="6.590440"><ele>995.7</ele></trkpt>
<trkpt lat="44.663650" lon="6.590360"><ele>995.6</ele></trkpt>
<trkpt lat="44.663510" lon="6.590250"><ele>995.4</ele></trkpt>
<trkpt lat="44.663440" lon="6.590160"><ele>995.1</ele></trkpt>
<trkpt lat="44.663210" lon="6.589770"><ele>994.8</ele></trkpt>
<trkpt lat="44.662840" lon="6.588980"><ele>994.5</ele></trkpt>
<trkpt lat="44.662750" lon="6.588870"><ele>994.1</ele></trkpt>
<trkpt lat="44.662610" lon="6.588780"><ele>993.6</ele></trkpt>
<trkpt lat="44.662560" lon="6.588760"><ele>992.6</ele></trkpt>
<trkpt lat="44.662450" lon="6.588730"><ele>991.8</ele></trkpt>
<trkpt lat="44.662350" lon="6.588720"><ele>990.9</ele></trkpt>
<trkpt lat="44.662140" lon="6.588640"><ele>990.1</ele></trkpt>
<trkpt lat="44.661990" lon="6.588540"><ele>989.5</ele></trkpt>
<trkpt lat="44.661720" lon="6.588330"><ele>988.9</ele></trkpt>
<trkpt lat="44.661310" lon="6.588090"><ele>988.0</ele></trkpt>
<trkpt lat="44.661170" lon="6.588050"><ele>987.3</ele></trkpt>
<trkpt lat="44.660770" lon="6.588070"><ele>986.7</ele></trkpt>
<trkpt lat="44.660720" lon="6.588060"><ele>986.4</ele></trkpt>
<trkpt lat="44.660490" lon="6.587970"><ele>986.2</ele></trkpt>
<trkpt lat="44.660320" lon="6.587870"><ele>986.1</ele></trkpt>
<trkpt lat="44.659910" lon="6.587460"><ele>986.2</ele></trkpt>
<trkpt lat="44.659710" lon="6.587220"><ele>986.4</ele></trkpt>
<trkpt lat="44.659630" lon="6.587030"><ele>986.5</ele></trkpt>
<trkpt lat="44.659610" lon="6.586940"><ele>986.6</ele></trkpt>
<trkpt lat="44.659600" lon="6.586840"><ele>986.7</ele></trkpt>
<trkpt lat="44.659540" lon="6.586640"><ele>987.2</ele></trkpt>
<trkpt lat="44.659490" lon="6.586560"><ele>987.7</ele></trkpt>
<trkpt lat="44.659440" lon="6.586510"><ele>987.9</ele></trkpt>
<trkpt lat="44.659280" lon="6.586430"><ele>987.9</ele></trkpt>
<trkpt lat="44.659170" lon="6.586400"><ele>987.6</ele></trkpt>
<trkpt lat="44.659050" lon="6.586390"><ele>987.2</ele></trkpt>
<trkpt lat="44.658920" lon="6.586420"><ele>986.6</ele></trkpt>
<trkpt lat="44.658610" lon="6.586430"><ele>986.1</ele></trkpt>
<trkpt lat="44.658510" lon="6.586420"><ele>985.4</ele></trkpt>
<trkpt lat="44.658390" lon="6.586380"><ele>984.5</ele></trkpt>
<trkpt lat="44.657570" lon="6.585910"><ele>983.5</ele></trkpt>
<trkpt lat="44.657250" lon="6.585670"><ele>982.5</ele></trkpt>
<trkpt lat="44.657140" lon="6.585560"><ele>981.2</ele></trkpt>
<trkpt lat="44.657090" lon="6.585490"><ele>979.9</ele></trkpt>
<trkpt lat="44.657010" lon="6.585340"><ele>978.5</ele></trkpt>
<trkpt lat="44.656750" lon="6.584360"><ele>977.0</ele></trkpt>
<trkpt lat="44.656700" lon="6.584260"><ele>975.6</ele></trkpt>
<trkpt lat="44.656660" lon="6.584200"><ele>974.1</ele></trkpt>
<trkpt lat="44.656550" lon="6.584110"><ele>972.6</ele></trkpt>
<trkpt lat="44.656500" lon="6.584090"><ele>971.4</ele></trkpt>
<trkpt lat="44.656260" lon="6.584070"><ele>970.1</ele></trkpt>
<trkpt lat="44.656230" lon="6.584060"><ele>968.8</ele></trkpt>
<trkpt lat="44.656090" lon="6.584060"><ele>967.5</ele></trkpt>
<trkpt lat="44.655980" lon="6.584090"><ele>966.1</ele></trkpt>
<trkpt lat="44.655890" lon="6.584130"><ele>964.5</ele></trkpt>
<trkpt lat="44.655690" lon="6.584240"><ele>962.9</ele></trkpt>
<trkpt lat="44.655620" lon="6.584250"><ele>961.3</ele></trkpt>
<trkpt lat="44.655540" lon="6.584250"><ele>959.7</ele></trkpt>
<trkpt lat="44.655310" lon="6.584180"><ele>958.0</ele></trkpt>
<trkpt lat="44.655190" lon="6.584110"><ele>956.6</ele></trkpt>
<trkpt lat="44.655070" lon="6.584010"><ele>955.1</ele></trkpt>
<trkpt lat="44.654950" lon="6.583880"><ele>953.7</ele></trkpt>
<trkpt lat="44.654750" lon="6.583700"><ele>952.4</ele></trkpt>
<trkpt lat="44.654700" lon="6.583670"><ele>951.2</ele></trkpt>
<trkpt lat="44.654550" lon="6.583620"><ele>950.3</ele></trkpt>
<trkpt lat="44.654480" lon="6.583580"><ele>949.4</ele></trkpt>
<trkpt lat="44.654400" lon="6.583520"><ele>948.5</ele></trkpt>
<trkpt lat="44.654280" lon="6.583410"><ele>947.5</ele></trkpt>
<trkpt lat="44.654160" lon="6.583280"><ele>946.6</ele></trkpt>
<trkpt lat="44.653930" lon="6.582960"><ele>945.6</ele></trkpt>
<trkpt lat="44.653840" lon="6.582780"><ele>944.7</ele></trkpt>
<trkpt lat="44.653800" lon="6.582680"><ele>943.8</ele></trkpt>
<trkpt lat="44.653770" lon="6.582510"><ele>943.0</ele></trkpt>
<trkpt lat="44.653730" lon="6.582370"><ele>942.4</ele></trkpt>
<trkpt lat="44.653690" lon="6.582300"><ele>941.9</ele></trkpt>
<trkpt lat="44.653640" lon="6.582260"><ele>941.4</ele></trkpt>
<trkpt lat="44.653590" lon="6.582270"><ele>940.8</ele></trkpt>
<trkpt lat="44.653550" lon="6.582310"><ele>940.1</ele></trkpt>
<trkpt lat="44.653530" lon="6.582360"><ele>939.4</ele></trkpt>
<trkpt lat="44.653520" lon="6.582420"><ele>938.4</ele></trkpt>
<trkpt lat="44.653520" lon="6.582490"><ele>937.4</ele></trkpt>
<trkpt lat="44.653540" lon="6.582550"><ele>936.4</ele></trkpt>
<trkpt lat="44.653630" lon="6.582720"><ele>935.7</ele></trkpt>
<trkpt lat="44.653710" lon="6.582910"><ele>935.2</ele></trkpt>
<trkpt lat="44.653750" lon="6.583170"><ele>934.8</ele></trkpt>
<trkpt lat="44.653750" lon="6.583300"><ele>934.5</ele></trkpt>
<trkpt lat="44.653800" lon="6.583610"><ele>934.2</ele></trkpt>
<trkpt lat="44.653880" lon="6.583910"><ele>933.7</ele></trkpt>
<trkpt lat="44.653940" lon="6.584030"><ele>933.2</ele></trkpt>
<trkpt lat="44.653990" lon="6.584100"><ele>932.4</ele></trkpt>
<trkpt lat="44.654320" lon="6.584420"><ele>931.5</ele></trkpt>
<trkpt lat="44.654390" lon="6.584500"><ele>930.4</ele></trkpt>
<trkpt lat="44.654430" lon="6.584600"><ele>929.4</ele></trkpt>
<trkpt lat="44.654430" lon="6.584680"><ele>928.1</ele></trkpt>
<trkpt lat="44.654410" lon="6.584740"><ele>926.6</ele></trkpt>
<trkpt lat="44.654340" lon="6.584790"><ele>924.5</ele></trkpt>
<trkpt lat="44.654280" lon="6.584770"><ele>922.7</ele></trkpt>
<trkpt lat="44.654020" lon="6.584460"><ele>921.2</ele></trkpt>
<trkpt lat="44.653850" lon="6.584220"><ele>920.1</ele></trkpt>
<trkpt lat="44.653650" lon="6.583870"><ele>919.3</ele></trkpt>
<trkpt lat="44.653430" lon="6.583440"><ele>918.4</ele></trkpt>
<trkpt lat="44.653170" lon="6.583050"><ele>917.6</ele></trkpt>
<trkpt lat="44.653090" lon="6.582900"><ele>916.4</ele></trkpt>
<trkpt lat="44.652930" lon="6.582670"><ele>915.1</ele></trkpt>
<trkpt lat="44.652850" lon="6.582590"><ele>913.8</ele></trkpt>
<trkpt lat="44.652770" lon="6.582490"><ele>912.4</ele></trkpt>
<trkpt lat="44.652690" lon="6.582370"><ele>911.2</ele></trkpt>
<trkpt lat="44.652550" lon="6.581960"><ele>910.2</ele></trkpt>
<trkpt lat="44.652500" lon="6.581860"><ele>909.2</ele></trkpt>
<trkpt lat="44.652450" lon="6.581790"><ele>908.1</ele></trkpt>
<trkpt lat="44.652130" lon="6.581500"><ele>907.3</ele></trkpt>
<trkpt lat="44.652010" lon="6.581370"><ele>906.5</ele></trkpt>
<trkpt lat="44.651900" lon="6.581210"><ele>906.4</ele></trkpt>
<trkpt lat="44.651670" lon="6.580780"><ele>905.9</ele></trkpt>
<trkpt lat="44.651630" lon="6.580600"><ele>904.8</ele></trkpt>
<trkpt lat="44.651540" lon="6.580300"><ele>902.7</ele></trkpt>
<trkpt lat="44.651430" lon="6.580060"><ele>900.0</ele></trkpt>
<trkpt lat="44.651300" lon="6.579860"><ele>897.4</ele></trkpt>
<trkpt lat="44.651100" lon="6.579650"><ele>894.8</ele></trkpt>
<trkpt lat="44.650970" lon="6.579580"><ele>892.7</ele></trkpt>
<trkpt lat="44.650910" lon="6.579570"><ele>890.8</ele></trkpt>
<trkpt lat="44.650780" lon="6.579670"><ele>889.1</ele></trkpt>
<trkpt lat="44.650730" lon="6.579740"><ele>887.8</ele></trkpt>
<trkpt lat="44.650300" lon="6.580460"><ele>887.2</ele></trkpt>
<trkpt lat="44.650000" lon="6.580840"><ele>886.6</ele></trkpt>
<trkpt lat="44.649870" lon="6.580670"><ele>886.8</ele></trkpt>
<trkpt lat="44.649220" lon="6.579960"><ele>887.2</ele></trkpt>
<trkpt lat="44.649100" lon="6.579740"><ele>888.0</ele></trkpt>
<trkpt lat="44.648890" lon="6.579210"><ele>888.7</ele></trkpt>
<trkpt lat="44.648710" lon="6.578840"><ele>889.7</ele></trkpt>
<trkpt lat="44.648510" lon="6.578550"><ele>891.1</ele></trkpt>
<trkpt lat="44.639040" lon="6.567900"><ele>892.8</ele></trkpt>
<trkpt lat="44.637980" lon="6.566620"><ele>895.7</ele></trkpt>
<trkpt lat="44.637470" lon="6.566070"><ele>898.5</ele></trkpt>
<trkpt lat="44.637340" lon="6.566000"><ele>901.4</ele></trkpt>
<trkpt lat="44.636300" lon="6.565550"><ele>904.0</ele></trkpt>
<trkpt lat="44.635310" lon="6.565160"><ele>906.6</ele></trkpt>
<trkpt lat="44.635200" lon="6.565090"><ele>909.1</ele></trkpt>
<trkpt lat="44.635090" lon="6.564980"><ele>911.6</ele></trkpt>
<trkpt lat="44.634960" lon="6.564810"><ele>913.9</ele></trkpt>
<trkpt lat="44.634700" lon="6.564510"><ele>915.7</ele></trkpt>
<trkpt lat="44.634650" lon="6.564490"><ele>917.5</ele></trkpt>
<trkpt lat="44.634500" lon="6.564450"><ele>919.2</ele></trkpt>
<trkpt lat="44.634130" lon="6.564420"><ele>920.6</ele></trkpt>
<trkpt lat="44.634000" lon="6.564400"><ele>922.0</ele></trkpt>
<trkpt lat="44.633810" lon="6.564330"><ele>923.5</ele></trkpt>
<trkpt lat="44.633670" lon="6.564220"><ele>925.3</ele></trkpt>
<trkpt lat="44.633580" lon="6.564130"><ele>927.3</ele></trkpt>
<trkpt lat="44.633510" lon="6.564030"><ele>929.0</ele></trkpt>
<trkpt lat="44.633420" lon="6.563870"><ele>930.3</ele></trkpt>
<trkpt lat="44.632650" lon="6.562270"><ele>931.5</ele></trkpt>
<trkpt lat="44.632570" lon="6.562080"><ele>932.1</ele></trkpt>
<trkpt lat="44.632480" lon="6.561820"><ele>932.5</ele></trkpt>
<trkpt lat="44.632440" lon="6.561640"><ele>932.9</ele></trkpt>
<trkpt lat="44.632450" lon="6.561330"><ele>933.3</ele></trkpt>
<trkpt lat="44.632490" lon="6.561030"><ele>933.6</ele></trkpt>
<trkpt lat="44.632490" lon="6.560870"><ele>933.8</ele></trkpt>
<trkpt lat="44.632470" lon="6.560800"><ele>934.3</ele></trkpt>
<trkpt lat="44.632460" lon="6.560690"><ele>934.9</ele></trkpt>
<trkpt lat="44.632250" lon="6.559800"><ele>935.1</ele></trkpt>
<trkpt lat="44.632200" lon="6.559510"><ele>935.5</ele></trkpt>
<trkpt lat="44.632180" lon="6.559220"><ele>935.9</ele></trkpt>
<trkpt lat="44.632200" lon="6.558910"><ele>935.8</ele></trkpt>
<trkpt lat="44.632270" lon="6.558520"><ele>935.5</ele></trkpt>
<trkpt lat="44.632310" lon="6.558390"><ele>934.5</ele></trkpt>
<trkpt lat="44.632490" lon="6.557970"><ele>933.4</ele></trkpt>
<trkpt lat="44.632650" lon="6.557650"><ele>932.4</ele></trkpt>
<trkpt lat="44.632730" lon="6.557390"><ele>931.5</ele></trkpt>
<trkpt lat="44.632870" lon="6.556790"><ele>931.4</ele></trkpt>
<trkpt lat="44.632920" lon="6.556410"><ele>931.8</ele></trkpt>
<trkpt lat="44.632960" lon="6.555500"><ele>932.5</ele></trkpt>
<trkpt lat="44.632960" lon="6.554540"><ele>933.3</ele></trkpt>
<trkpt lat="44.632710" lon="6.552840"><ele>934.1</ele></trkpt>
<trkpt lat="44.632680" lon="6.551850"><ele>934.0</ele></trkpt>
<trkpt lat="44.632660" lon="6.551640"><ele>933.0</ele></trkpt>
<trkpt lat="44.632620" lon="6.551390"><ele>931.2</ele></trkpt>
<trkpt lat="44.632420" lon="6.550490"><ele>929.5</ele></trkpt>
<trkpt lat="44.632330" lon="6.549920"><ele>927.7</ele></trkpt>
<trkpt lat="44.632200" lon="6.549320"><ele>926.5</ele></trkpt>
<trkpt lat="44.632100" lon="6.549070"><ele>925.7</ele></trkpt>
<trkpt lat="44.632030" lon="6.548960"><ele>925.0</ele></trkpt>
<trkpt lat="44.631080" lon="6.547890"><ele>924.6</ele></trkpt>
<trkpt lat="44.630890" lon="6.547720"><ele>924.2</ele></trkpt>
<trkpt lat="44.630800" lon="6.547670"><ele>924.1</ele></trkpt>
<trkpt lat="44.630720" lon="6.547650"><ele>924.2</ele></trkpt>
<trkpt lat="44.630670" lon="6.547630"><ele>924.1</ele></trkpt>
<trkpt lat="44.630330" lon="6.547570"><ele>923.8</ele></trkpt>
<trkpt lat="44.630140" lon="6.547550"><ele>923.3</ele></trkpt>
<trkpt lat="44.629940" lon="6.547500"><ele>922.8</ele></trkpt>
<trkpt lat="44.629840" lon="6.547460"><ele>922.8</ele></trkpt>
<trkpt lat="44.629680" lon="6.547360"><ele>923.6</ele></trkpt>
<trkpt lat="44.626350" lon="6.544380"><ele>925.2</ele></trkpt>
<trkpt lat="44.626040" lon="6.544060"><ele>927.1</ele></trkpt>
<trkpt lat="44.625990" lon="6.543980"><ele>929.1</ele></trkpt>
<trkpt lat="44.625820" lon="6.543760"><ele>931.0</ele></trkpt>
<trkpt lat="44.625670" lon="6.543490"><ele>933.0</ele></trkpt>
<trkpt lat="44.625480" lon="6.543080"><ele>935.9</ele></trkpt>
<trkpt lat="44.624200" lon="6.539520"><ele>938.9</ele></trkpt>
<trkpt lat="44.624210" lon="6.539400"><ele>941.5</ele></trkpt>
<trkpt lat="44.624210" lon="6.539210"><ele>944.1</ele></trkpt>
<trkpt lat="44.624190" lon="6.539090"><ele>946.3</ele></trkpt>
<trkpt lat="44.623770" lon="6.537660"><ele>948.6</ele></trkpt>
<trkpt lat="44.623630" lon="6.537300"><ele>950.9</ele></trkpt>
<trkpt lat="44.621870" lon="6.533670"><ele>953.5</ele></trkpt>
<trkpt lat="44.621100" lon="6.531920"><ele>956.3</ele></trkpt>
<trkpt lat="44.621010" lon="6.531810"><ele>959.2</ele></trkpt>
<trkpt lat="44.620570" lon="6.531420"><ele>961.5</ele></trkpt>
<trkpt lat="44.620460" lon="6.531290"><ele>963.9</ele></trkpt>
<trkpt lat="44.620390" lon="6.531120"><ele>966.1</ele></trkpt>
<trkpt lat="44.619800" lon="6.529210"><ele>968.4</ele></trkpt>
<trkpt lat="44.619670" lon="6.528860"><ele>970.6</ele></trkpt>
<trkpt lat="44.619400" lon="6.528350"><ele>972.7</ele></trkpt>
<trkpt lat="44.618380" lon="6.526920"><ele>974.2</ele></trkpt>
<trkpt lat="44.618130" lon="6.526640"><ele>975.1</ele></trkpt>
<trkpt lat="44.617990" lon="6.526460"><ele>976.0</ele></trkpt>
<trkpt lat="44.617950" lon="6.526390"><ele>977.3</ele></trkpt>
<trkpt lat="44.617890" lon="6.526310"><ele>978.6</ele></trkpt>
<trkpt lat="44.617860" lon="6.526230"><ele>979.8</ele></trkpt>
<trkpt lat="44.617800" lon="6.526120"><ele>980.6</ele></trkpt>
<trkpt lat="44.617740" lon="6.525920"><ele>981.0</ele></trkpt>
<trkpt lat="44.617700" lon="6.525720"><ele>981.0</ele></trkpt>
<trkpt lat="44.617580" lon="6.524880"><ele>980.7</ele></trkpt>
<trkpt lat="44.617580" lon="6.524810"><ele>980.3</ele></trkpt>
<trkpt lat="44.617500" lon="6.524550"><ele>980.0</ele></trkpt>
<trkpt lat="44.617380" lon="6.524330"><ele>979.7</ele></trkpt>
<trkpt lat="44.617070" lon="6.523900"><ele>979.5</ele></trkpt>
<trkpt lat="44.616870" lon="6.523590"><ele>979.6</ele></trkpt>
<trkpt lat="44.616570" lon="6.523200"><ele>979.8</ele></trkpt>
<trkpt lat="44.616390" lon="6.523020"><ele>979.9</ele></trkpt>
<trkpt lat="44.616360" lon="6.522940"><ele>979.9</ele></trkpt>
<trkpt lat="44.616340" lon="6.522860"><ele>979.7</ele></trkpt>
<trkpt lat="44.616350" lon="6.522770"><ele>979.5</ele></trkpt>
<trkpt lat="44.616410" lon="6.522660"><ele>979.1</ele></trkpt>
<trkpt lat="44.616550" lon="6.522480"><ele>978.7</ele></trkpt>
<trkpt lat="44.616780" lon="6.522230"><ele>978.5</ele></trkpt>
<trkpt lat="44.616880" lon="6.522050"><ele>978.3</ele></trkpt>
<trkpt lat="44.616920" lon="6.521920"><ele>978.3</ele></trkpt>
<trkpt lat="44.616940" lon="6.521790"><ele>978.5</ele></trkpt>
<trkpt lat="44.616940" lon="6.521650"><ele>978.9</ele></trkpt>
<trkpt lat="44.616930" lon="6.521540"><ele>979.4</ele></trkpt>
<trkpt lat="44.616890" lon="6.521380"><ele>979.9</ele></trkpt>
<trkpt lat="44.616840" lon="6.521270"><ele>980.5</ele></trkpt>
<trkpt lat="44.616830" lon="6.521270"><ele>981.1</ele></trkpt>
<trkpt lat="44.616680" lon="6.521080"><ele>981.4</ele></trkpt>
<trkpt lat="44.616640" lon="6.521040"><ele>981.6</ele></trkpt>
<trkpt lat="44.616540" lon="6.520970"><ele>981.8</ele></trkpt>
<trkpt lat="44.616430" lon="6.520930"><ele>981.9</ele></trkpt>
<trkpt lat="44.616370" lon="6.520920"><ele>982.0</ele></trkpt>
<trkpt lat="44.616320" lon="6.520920"><ele>982.1</ele></trkpt>
<trkpt lat="44.616270" lon="6.520930"><ele>982.2</ele></trkpt>
<trkpt lat="44.616160" lon="6.520970"><ele>982.5</ele></trkpt>
<trkpt lat="44.615530" lon="6.521390"><ele>982.8</ele></trkpt>
<trkpt lat="44.615290" lon="6.521590"><ele>983.3</ele></trkpt>
<trkpt lat="44.615210" lon="6.521700"><ele>983.9</ele></trkpt>
<trkpt lat="44.615150" lon="6.521800"><ele>984.6</ele></trkpt>
<trkpt lat="44.615040" lon="6.522060"><ele>985.1</ele></trkpt>
<trkpt lat="44.615020" lon="6.522090"><ele>985.5</ele></trkpt>
<trkpt lat="44.614980" lon="6.522110"><ele>986.0</ele></trkpt>
<trkpt lat="44.614930" lon="6.522120"><ele>986.5</ele></trkpt>
<trkpt lat="44.614860" lon="6.522110"><ele>986.9</ele></trkpt>
<trkpt lat="44.614840" lon="6.522100"><ele>987.5</ele></trkpt>
<trkpt lat="44.614670" lon="6.522060"><ele>988.2</ele></trkpt>
<trkpt lat="44.614610" lon="6.522020"><ele>988.8</ele></trkpt>
<trkpt lat="44.614530" lon="6.521990"><ele>989.6</ele></trkpt>
<trkpt lat="44.614420" lon="6.521900"><ele>990.4</ele></trkpt>
<trkpt lat="44.614350" lon="6.521820"><ele>991.2</ele></trkpt>
<trkpt lat="44.614140" lon="6.521630"><ele>992.0</ele></trkpt>
<trkpt lat="44.614070" lon="6.521470"><ele>992.8</ele></trkpt>
<trkpt lat="44.613970" lon="6.521080"><ele>993.3</ele></trkpt>
<trkpt lat="44.613920" lon="6.520960"><ele>993.7</ele></trkpt>
<trkpt lat="44.613910" lon="6.520960"><ele>994.0</ele></trkpt>
<trkpt lat="44.613810" lon="6.520790"><ele>994.2</ele></trkpt>
<trkpt lat="44.612860" lon="6.519850"><ele>994.4</ele></trkpt>
<trkpt lat="44.612680" lon="6.519720"><ele>994.6</ele></trkpt>
<trkpt lat="44.612610" lon="6.519700"><ele>994.7</ele></trkpt>
<trkpt lat="44.612540" lon="6.519700"><ele>994.7</ele></trkpt>
<trkpt lat="44.612240" lon="6.519750"><ele>994.4</ele></trkpt>
<trkpt lat="44.611940" lon="6.519760"><ele>993.7</ele></trkpt>
<trkpt lat="44.611860" lon="6.519750"><ele>993.1</ele></trkpt>
<trkpt lat="44.611700" lon="6.519700"><ele>993.0</ele></trkpt>
<trkpt lat="44.611520" lon="6.519580"><ele>992.6</ele></trkpt>
<trkpt lat="44.611380" lon="6.519520"><ele>992.1</ele></trkpt>
<trkpt lat="44.611260" lon="6.519510"><ele>991.6</ele></trkpt>
<trkpt lat="44.611100" lon="6.519530"><ele>991.1</ele></trkpt>
<trkpt lat="44.610840" lon="6.519590"><ele>990.7</ele></trkpt>
<trkpt lat="44.610640" lon="6.519670"><ele>990.3</ele></trkpt>
<trkpt lat="44.610390" lon="6.519720"><ele>989.9</ele></trkpt>
<trkpt lat="44.608600" lon="6.519770"><ele>989.4</ele></trkpt>
<trkpt lat="44.607730" lon="6.519730"><ele>988.9</ele></trkpt>
<trkpt lat="44.607420" lon="6.519730"><ele>988.3</ele></trkpt>
<trkpt lat="44.606600" lon="6.519820"><ele>987.7</ele></trkpt>
<trkpt lat="44.606340" lon="6.519830"><ele>987.1</ele></trkpt>
<trkpt lat="44.605710" lon="6.519780"><ele>986.4</ele></trkpt>
<trkpt lat="44.605330" lon="6.519730"><ele>986.1</ele></trkpt>
<trkpt lat="44.605070" lon="6.519720"><ele>986.1</ele></trkpt>
<trkpt lat="44.604730" lon="6.519740"><ele>985.6</ele></trkpt>
<trkpt lat="44.604160" lon="6.519730"><ele>984.3</ele></trkpt>
<trkpt lat="44.603880" lon="6.519700"><ele>983.1</ele></trkpt>
<trkpt lat="44.603500" lon="6.519630"><ele>982.1</ele></trkpt>
<trkpt lat="44.602460" lon="6.519360"><ele>980.9</ele></trkpt>
<trkpt lat="44.601110" lon="6.519100"><ele>979.3</ele></trkpt>
<trkpt lat="44.600950" lon="6.519040"><ele>977.7</ele></trkpt>
<trkpt lat="44.600580" lon="6.518860"><ele>976.1</ele></trkpt>
<trkpt lat="44.598820" lon="6.517710"><ele>974.7</ele></trkpt>
<trkpt lat="44.598690" lon="6.517650"><ele>973.4</ele></trkpt>
<trkpt lat="44.598610" lon="6.517640"><ele>972.1</ele></trkpt>
<trkpt lat="44.598510" lon="6.517640"><ele>970.8</ele></trkpt>
<trkpt lat="44.598350" lon="6.517690"><ele>969.4</ele></trkpt>
<trkpt lat="44.598000" lon="6.518120"><ele>968.2</ele></trkpt>
<trkpt lat="44.597920" lon="6.518200"><ele>967.1</ele></trkpt>
<trkpt lat="44.597850" lon="6.518250"><ele>966.0</ele></trkpt>
<trkpt lat="44.597770" lon="6.518280"><ele>964.5</ele></trkpt>
<trkpt lat="44.597730" lon="6.518280"><ele>963.7</ele></trkpt>
<trkpt lat="44.597680" lon="6.518290"><ele>963.1</ele></trkpt>
<trkpt lat="44.597630" lon="6.518280"><ele>962.6</ele></trkpt>
<trkpt lat="44.597590" lon="6.518260"><ele>962.2</ele></trkpt>
<trkpt lat="44.597520" lon="6.518210"><ele>961.8</ele></trkpt>
<trkpt lat="44.597410" lon="6.518070"><ele>961.6</ele></trkpt>
<trkpt lat="44.597360" lon="6.517960"><ele>961.6</ele></trkpt>
<trkpt lat="44.597330" lon="6.517870"><ele>961.6</ele></trkpt>
<trkpt lat="44.597320" lon="6.517790"><ele>961.7</ele></trkpt>
<trkpt lat="44.597320" lon="6.517660"><ele>961.9</ele></trkpt>
<trkpt lat="44.597440" lon="6.516690"><ele>962.0</ele></trkpt>
<trkpt lat="44.597450" lon="6.516350"><ele>961.2</ele></trkpt>
<trkpt lat="44.597440" lon="6.516230"><ele>960.3</ele></trkpt>
<trkpt lat="44.597400" lon="6.516080"><ele>959.4</ele></trkpt>
<trkpt lat="44.597350" lon="6.515960"><ele>958.6</ele></trkpt>
<trkpt lat="44.597330" lon="6.515940"><ele>958.0</ele></trkpt>
<trkpt lat="44.597200" lon="6.515760"><ele>957.1</ele></trkpt>
<trkpt lat="44.597060" lon="6.515690"><ele>956.0</ele></trkpt>
<trkpt lat="44.596920" lon="6.515640"><ele>954.7</ele></trkpt>
<trkpt lat="44.595530" lon="6.515260"><ele>953.1</ele></trkpt>
<trkpt lat="44.595030" lon="6.515100"><ele>951.6</ele></trkpt>
<trkpt lat="44.594850" lon="6.515010"><ele>950.0</ele></trkpt>
<trkpt lat="44.594520" lon="6.514760"><ele>948.4</ele></trkpt>
<trkpt lat="44.594040" lon="6.514270"><ele>946.4</ele></trkpt>
<trkpt lat="44.592750" lon="6.512830"><ele>944.0</ele></trkpt>
<trkpt lat="44.592570" lon="6.512600"><ele>941.9</ele></trkpt>
<trkpt lat="44.592470" lon="6.512440"><ele>939.9</ele></trkpt>
<trkpt lat="44.592370" lon="6.512230"><ele>937.9</ele></trkpt>
<trkpt lat="44.592310" lon="6.512030"><ele>936.8</ele></trkpt>
<trkpt lat="44.592170" lon="6.511690"><ele>935.9</ele></trkpt>
<trkpt lat="44.592090" lon="6.511570"><ele>934.9</ele></trkpt>
<trkpt lat="44.592000" lon="6.511460"><ele>933.7</ele></trkpt>
<trkpt lat="44.591900" lon="6.511380"><ele>932.1</ele></trkpt>
<trkpt lat="44.591750" lon="6.511290"><ele>930.9</ele></trkpt>
<trkpt lat="44.591660" lon="6.511270"><ele>929.8</ele></trkpt>
<trkpt lat="44.591620" lon="6.511280"><ele>928.7</ele></trkpt>
<trkpt lat="44.591540" lon="6.511270"><ele>927.7</ele></trkpt>
<trkpt lat="44.591440" lon="6.511280"><ele>926.7</ele></trkpt>
<trkpt lat="44.591320" lon="6.511310"><ele>926.0</ele></trkpt>
<trkpt lat="44.591160" lon="6.511400"><ele>925.4</ele></trkpt>
<trkpt lat="44.591040" lon="6.511530"><ele>925.0</ele></trkpt>
<trkpt lat="44.590940" lon="6.511700"><ele>925.0</ele></trkpt>
<trkpt lat="44.590850" lon="6.511900"><ele>924.6</ele></trkpt>
<trkpt lat="44.590710" lon="6.512400"><ele>924.1</ele></trkpt>
<trkpt lat="44.590640" lon="6.512710"><ele>923.5</ele></trkpt>
<trkpt lat="44.590550" lon="6.512980"><ele>922.4</ele></trkpt>
<trkpt lat="44.590410" lon="6.513240"><ele>921.2</ele></trkpt>
<trkpt lat="44.590260" lon="6.513410"><ele>920.0</ele></trkpt>
<trkpt lat="44.590160" lon="6.513490"><ele>919.0</ele></trkpt>
<trkpt lat="44.590020" lon="6.513580"><ele>917.9</ele></trkpt>
<trkpt lat="44.589890" lon="6.513620"><ele>916.9</ele></trkpt>
<trkpt lat="44.589730" lon="6.513640"><ele>916.0</ele></trkpt>
<trkpt lat="44.589550" lon="6.513640"><ele>915.2</ele></trkpt>
<trkpt lat="44.588300" lon="6.513450"><ele>914.2</ele></trkpt>
<trkpt lat="44.588070" lon="6.513380"><ele>913.3</ele></trkpt>
<trkpt lat="44.587640" lon="6.513160"><ele>912.4</ele></trkpt>
<trkpt lat="44.587340" lon="6.512980"><ele>911.4</ele></trkpt>
<trkpt lat="44.587030" lon="6.512770"><ele>910.4</ele></trkpt>
<trkpt lat="44.587000" lon="6.512720"><ele>909.2</ele></trkpt>
<trkpt lat="44.586980" lon="6.512700"><ele>907.9</ele></trkpt>
<trkpt lat="44.586910" lon="6.512680"><ele>906.7</ele></trkpt>
<trkpt lat="44.586800" lon="6.512710"><ele>905.3</ele></trkpt>
<trkpt lat="44.586780" lon="6.512660"><ele>904.6</ele></trkpt>
<trkpt lat="44.586770" lon="6.512610"><ele>904.0</ele></trkpt>
<trkpt lat="44.586730" lon="6.512540"><ele>903.4</ele></trkpt>
<trkpt lat="44.586640" lon="6.512480"><ele>902.8</ele></trkpt>
<trkpt lat="44.586400" lon="6.512430"><ele>902.0</ele></trkpt>
<trkpt lat="44.586340" lon="6.512460"><ele>901.1</ele></trkpt>
<trkpt lat="44.586010" lon="6.512430"><ele>900.1</ele></trkpt>
<trkpt lat="44.584740" lon="6.512460"><ele>899.2</ele></trkpt>
<trkpt lat="44.584600" lon="6.512450"><ele>898.4</ele></trkpt>
<trkpt lat="44.584330" lon="6.512410"><ele>897.6</ele></trkpt>
<trkpt lat="44.584060" lon="6.512340"><ele>896.9</ele></trkpt>
<trkpt lat="44.583550" lon="6.512180"><ele>896.2</ele></trkpt>
<trkpt lat="44.582050" lon="6.511780"><ele>895.6</ele></trkpt>
<trkpt lat="44.581900" lon="6.511750"><ele>895.2</ele></trkpt>
<trkpt lat="44.581360" lon="6.511590"><ele>894.8</ele></trkpt>
<trkpt lat="44.581240" lon="6.511540"><ele>894.4</ele></trkpt>
<trkpt lat="44.581010" lon="6.511390"><ele>893.8</ele></trkpt>
<trkpt lat="44.580900" lon="6.511300"><ele>893.2</ele></trkpt>
<trkpt lat="44.580660" lon="6.511140"><ele>892.5</ele></trkpt>
<trkpt lat="44.580540" lon="6.511080"><ele>891.6</ele></trkpt>
<trkpt lat="44.579980" lon="6.510920"><ele>890.8</ele></trkpt>
<trkpt lat="44.579420" lon="6.510790"><ele>890.1</ele></trkpt>
<trkpt lat="44.579300" lon="6.510750"><ele>889.4</ele></trkpt>
<trkpt lat="44.578940" lon="6.510670"><ele>888.7</ele></trkpt>
<trkpt lat="44.578700" lon="6.510670"><ele>887.9</ele></trkpt>
<trkpt lat="44.578590" lon="6.510690"><ele>887.4</ele></trkpt>
<trkpt lat="44.578250" lon="6.510720"><ele>886.9</ele></trkpt>
<trkpt lat="44.578130" lon="6.510720"><ele>886.4</ele></trkpt>
<trkpt lat="44.578020" lon="6.510710"><ele>886.1</ele></trkpt>
<trkpt lat="44.577650" lon="6.510620"><ele>886.0</ele></trkpt>
<trkpt lat="44.577530" lon="6.510580"><ele>885.6</ele></trkpt>
<trkpt lat="44.577170" lon="6.510490"><ele>885.2</ele></trkpt>
<trkpt lat="44.577060" lon="6.510450"><ele>884.9</ele></trkpt>
<trkpt lat="44.574360" lon="6.509780"><ele>884.5</ele></trkpt>
<trkpt lat="44.574060" lon="6.509690"><ele>883.9</ele></trkpt>
<trkpt lat="44.573920" lon="6.509630"><ele>883.2</ele></trkpt>
<trkpt lat="44.573670" lon="6.509460"><ele>882.6</ele></trkpt>
<trkpt lat="44.571560" lon="6.507890"><ele>881.9</ele></trkpt>
<trkpt lat="44.571310" lon="6.507680"><ele>881.2</ele></trkpt>
<trkpt lat="44.571290" lon="6.507670"><ele>880.5</ele></trkpt>
<trkpt lat="44.571190" lon="6.507560"><ele>879.6</ele></trkpt>
<trkpt lat="44.570440" lon="6.506450"><ele>878.9</ele></trkpt>
<trkpt lat="44.570020" lon="6.505870"><ele>877.9</ele></trkpt>
<trkpt lat="44.569920" lon="6.505670"><ele>877.0</ele></trkpt>
<trkpt lat="44.569880" lon="6.505540"><ele>875.9</ele></trkpt>
<trkpt lat="44.569870" lon="6.505410"><ele>874.9</ele></trkpt>
<trkpt lat="44.569990" lon="6.504230"><ele>873.8</ele></trkpt>
<trkpt lat="44.569980" lon="6.503990"><ele>872.8</ele></trkpt>
<trkpt lat="44.569860" lon="6.502870"><ele>871.9</ele></trkpt>
<trkpt lat="44.569870" lon="6.502300"><ele>871.1</ele></trkpt>
<trkpt lat="44.569850" lon="6.502160"><ele>870.6</ele></trkpt>
<trkpt lat="44.569820" lon="6.502070"><ele>870.3</ele></trkpt>
<trkpt lat="44.569640" lon="6.501810"><ele>870.1</ele></trkpt>
<trkpt lat="44.566610" lon="6.498160"><ele>869.9</ele></trkpt>
<trkpt lat="44.566530" lon="6.498040"><ele>869.8</ele></trkpt>
<trkpt lat="44.566460" lon="6.497960"><ele>869.9</ele></trkpt>
<trkpt lat="44.566250" lon="6.497780"><ele>870.0</ele></trkpt>
<trkpt lat="44.566250" lon="6.497760"><ele>870.5</ele></trkpt>
<trkpt lat="44.566260" lon="6.497760"><ele>870.7</ele></trkpt>
<trkpt lat="44.566260" lon="6.497720"><ele>871.0</ele></trkpt>
<trkpt lat="44.566250" lon="6.497710"><ele>871.3</ele></trkpt>
<trkpt lat="44.566250" lon="6.497680"><ele>871.6</ele></trkpt>
<trkpt lat="44.566240" lon="6.497680"><ele>871.6</ele></trkpt>
<trkpt lat="44.566240" lon="6.497660"><ele>871.6</ele></trkpt>
<trkpt lat="44.566230" lon="6.497660"><ele>871.6</ele></trkpt>
<trkpt lat="44.566230" lon="6.497650"><ele>871.6</ele></trkpt>
<trkpt lat="44.566220" lon="6.497650"><ele>871.6</ele></trkpt>
<trkpt lat="44.566220" lon="6.497640"><ele>871.6</ele></trkpt>
<trkpt lat="44.566200" lon="6.497640"><ele>871.5</ele></trkpt>
<trkpt lat="44.566200" lon="6.497630"><ele>871.5</ele></trkpt>
<trkpt lat="44.566160" lon="6.497630"><ele>871.4</ele></trkpt>
<trkpt lat="44.566160" lon="6.497640"><ele>871.4</ele></trkpt>
<trkpt lat="44.566150" lon="6.497640"><ele>871.4</ele></trkpt>
<trkpt lat="44.566110" lon="6.497600"><ele>871.3</ele></trkpt>
<trkpt lat="44.566030" lon="6.497540"><ele>871.4</ele></trkpt>
<trkpt lat="44.565970" lon="6.497530"><ele>871.6</ele></trkpt>
<trkpt lat="44.565890" lon="6.497450"><ele>871.7</ele></trkpt>
<trkpt lat="44.565780" lon="6.497360"><ele>871.8</ele></trkpt>
<trkpt lat="44.565620" lon="6.497190"><ele>872.0</ele></trkpt>
<trkpt lat="44.565560" lon="6.497040"><ele>872.1</ele></trkpt>
<trkpt lat="44.565550" lon="6.497000"><ele>872.3</ele></trkpt>
<trkpt lat="44.565540" lon="6.496980"><ele>872.4</ele></trkpt>
<trkpt lat="44.565480" lon="6.496030"><ele>871.8</ele></trkpt>
<trkpt lat="44.565400" lon="6.495510"><ele>871.2</ele></trkpt>
<trkpt lat="44.565340" lon="6.495340"><ele>870.5</ele></trkpt>
<trkpt lat="44.565240" lon="6.495160"><ele>869.7</ele></trkpt>
<trkpt lat="44.565240" lon="6.495150"><ele>868.9</ele></trkpt>
<trkpt lat="44.564980" lon="6.494700"><ele>868.0</ele></trkpt>
<trkpt lat="44.564960" lon="6.494650"><ele>867.2</ele></trkpt>
<trkpt lat="44.564950" lon="6.494640"><ele>866.3</ele></trkpt>
<trkpt lat="44.563990" lon="6.492990"><ele>865.4</ele></trkpt>
<trkpt lat="44.563830" lon="6.492790"><ele>864.5</ele></trkpt>
<trkpt lat="44.563710" lon="6.492680"><ele>863.5</ele></trkpt>
<trkpt lat="44.563480" lon="6.492510"><ele>862.3</ele></trkpt>
<trkpt lat="44.563340" lon="6.492380"><ele>860.8</ele></trkpt>
<trkpt lat="44.563250" lon="6.492260"><ele>859.4</ele></trkpt>
<trkpt lat="44.563210" lon="6.492180"><ele>857.4</ele></trkpt>
<trkpt lat="44.563100" lon="6.492040"><ele>855.4</ele></trkpt>
<trkpt lat="44.562520" lon="6.491200"><ele>853.3</ele></trkpt>
<trkpt lat="44.562200" lon="6.490690"><ele>851.9</ele></trkpt>
<trkpt lat="44.562110" lon="6.490600"><ele>850.5</ele></trkpt>
<trkpt lat="44.560300" lon="6.487840"><ele>849.2</ele></trkpt>
<trkpt lat="44.560030" lon="6.487310"><ele>847.8</ele></trkpt>
<trkpt lat="44.559900" lon="6.486950"><ele>846.3</ele></trkpt>
<trkpt lat="44.559450" lon="6.485390"><ele>844.7</ele></trkpt>
<trkpt lat="44.559340" lon="6.485130"><ele>843.1</ele></trkpt>
<trkpt lat="44.559200" lon="6.484850"><ele>841.5</ele></trkpt>
<trkpt lat="44.559070" lon="6.484650"><ele>839.9</ele></trkpt>
<trkpt lat="44.558930" lon="6.484510"><ele>838.1</ele></trkpt>
<trkpt lat="44.558820" lon="6.484440"><ele>836.2</ele></trkpt>
<trkpt lat="44.558510" lon="6.484340"><ele>834.3</ele></trkpt>
<trkpt lat="44.558350" lon="6.484310"><ele>832.5</ele></trkpt>
<trkpt lat="44.558070" lon="6.484190"><ele>830.6</ele></trkpt>
<trkpt lat="44.557910" lon="6.484080"><ele>829.1</ele></trkpt>
<trkpt lat="44.557600" lon="6.483810"><ele>827.7</ele></trkpt>
<trkpt lat="44.557290" lon="6.483470"><ele>826.2</ele></trkpt>
<trkpt lat="44.557060" lon="6.483270"><ele>824.7</ele></trkpt>
<trkpt lat="44.556900" lon="6.483180"><ele>823.3</ele></trkpt>
<trkpt lat="44.556740" lon="6.483120"><ele>822.0</ele></trkpt>
<trkpt lat="44.556610" lon="6.483100"><ele>820.8</ele></trkpt>
<trkpt lat="44.556460" lon="6.483100"><ele>819.7</ele></trkpt>
<trkpt lat="44.556400" lon="6.483110"><ele>818.8</ele></trkpt>
<trkpt lat="44.556280" lon="6.483110"><ele>817.9</ele></trkpt>
<trkpt lat="44.556170" lon="6.483120"><ele>817.0</ele></trkpt>
<trkpt lat="44.556160" lon="6.483110"><ele>816.1</ele></trkpt>
<trkpt lat="44.556160" lon="6.483100"><ele>815.3</ele></trkpt>
<trkpt lat="44.556150" lon="6.483100"><ele>814.7</ele></trkpt>
<trkpt lat="44.556150" lon="6.483090"><ele>814.2</ele></trkpt>
<trkpt lat="44.556140" lon="6.483090"><ele>813.9</ele></trkpt>
<trkpt lat="44.556140" lon="6.483080"><ele>813.7</ele></trkpt>
<trkpt lat="44.556130" lon="6.483080"><ele>813.5</ele></trkpt>
<trkpt lat="44.556120" lon="6.483070"><ele>813.4</ele></trkpt>
<trkpt lat="44.556100" lon="6.483070"><ele>813.4</ele></trkpt>
<trkpt lat="44.556090" lon="6.483060"><ele>813.4</ele></trkpt>
<trkpt lat="44.556080" lon="6.483060"><ele>813.3</ele></trkpt>
<trkpt lat="44.556080" lon="6.483070"><ele>813.3</ele></trkpt>
<trkpt lat="44.556050" lon="6.483070"><ele>813.2</ele></trkpt>
<trkpt lat="44.556050" lon="6.483080"><ele>813.1</ele></trkpt>
<trkpt lat="44.556040" lon="6.483080"><ele>813.1</ele></trkpt>
<trkpt lat="44.556030" lon="6.483090"><ele>813.0</ele></trkpt>
<trkpt lat="44.556020" lon="6.483090"><ele>812.9</ele></trkpt>
<trkpt lat="44.556020" lon="6.483110"><ele>812.8</ele></trkpt>
<trkpt lat="44.556010" lon="6.483110"><ele>812.6</ele></trkpt>
<trkpt lat="44.556010" lon="6.483120"><ele>812.4</ele></trkpt>
<trkpt lat="44.556000" lon="6.483130"><ele>812.1</ele></trkpt>
<trkpt lat="44.556000" lon="6.483140"><ele>811.4</ele></trkpt>
<trkpt lat="44.555990" lon="6.483150"><ele>810.4</ele></trkpt>
<trkpt lat="44.555990" lon="6.483160"><ele>809.4</ele></trkpt>
<trkpt lat="44.555920" lon="6.483190"><ele>808.2</ele></trkpt>
<trkpt lat="44.555790" lon="6.483220"><ele>806.9</ele></trkpt>
<trkpt lat="44.555210" lon="6.483310"><ele>805.7</ele></trkpt>
<trkpt lat="44.555080" lon="6.483370"><ele>804.4</ele></trkpt>
<trkpt lat="44.554850" lon="6.483420"><ele>803.0</ele></trkpt>
<trkpt lat="44.554270" lon="6.483580"><ele>801.6</ele></trkpt>
<trkpt lat="44.553550" lon="6.483750"><ele>799.7</ele></trkpt>
<trkpt lat="44.553530" lon="6.483760"><ele>797.6</ele></trkpt>
<trkpt lat="44.552730" lon="6.483960"><ele>795.6</ele></trkpt>
<trkpt lat="44.552570" lon="6.483990"><ele>793.5</ele></trkpt>
<trkpt lat="44.552500" lon="6.483980"><ele>791.6</ele></trkpt>
<trkpt lat="44.552420" lon="6.483980"><ele>789.9</ele></trkpt>
<trkpt lat="44.552010" lon="6.484060"><ele>788.4</ele></trkpt>
<trkpt lat="44.551660" lon="6.484160"><ele>787.0</ele></trkpt>
<trkpt lat="44.550940" lon="6.484330"><ele>786.1</ele></trkpt>
<trkpt lat="44.550820" lon="6.484430"><ele>785.5</ele></trkpt>
<trkpt lat="44.550690" lon="6.484460"><ele>785.0</ele></trkpt>
<trkpt lat="44.550670" lon="6.484470"><ele>784.7</ele></trkpt>
<trkpt lat="44.550140" lon="6.484600"><ele>784.4</ele></trkpt>
<trkpt lat="44.549970" lon="6.484630"><ele>784.1</ele></trkpt>
<trkpt lat="44.549820" lon="6.484670"><ele>783.9</ele></trkpt>
<trkpt lat="44.549770" lon="6.484660"><ele>783.7</ele></trkpt>
<trkpt lat="44.549650" lon="6.484680"><ele>783.6</ele></trkpt>
<trkpt lat="44.549540" lon="6.484680"><ele>784.0</ele></trkpt>
<trkpt lat="44.549450" lon="6.484690"><ele>784.6</ele></trkpt>
<trkpt lat="44.549200" lon="6.484660"><ele>785.1</ele></trkpt>
<trkpt lat="44.549030" lon="6.484610"><ele>785.7</ele></trkpt>
<trkpt lat="44.548910" lon="6.484560"><ele>786.1</ele></trkpt>
<trkpt lat="44.548780" lon="6.484460"><ele>786.4</ele></trkpt>
<trkpt lat="44.548700" lon="6.484410"><ele>786.5</ele></trkpt>
<trkpt lat="44.548700" lon="6.484400"><ele>786.7</ele></trkpt>
<trkpt lat="44.548690" lon="6.484380"><ele>786.7</ele></trkpt>
<trkpt lat="44.548690" lon="6.484370"><ele>786.7</ele></trkpt>
<trkpt lat="44.548680" lon="6.484350"><ele>786.6</ele></trkpt>
<trkpt lat="44.548670" lon="6.484340"><ele>786.6</ele></trkpt>
<trkpt lat="44.548670" lon="6.484320"><ele>786.6</ele></trkpt>
<trkpt lat="44.548660" lon="6.484310"><ele>786.6</ele></trkpt>
<trkpt lat="44.548650" lon="6.484290"><ele>786.6</ele></trkpt>
<trkpt lat="44.548630" lon="6.484270"><ele>786.6</ele></trkpt>
<trkpt lat="44.548610" lon="6.484240"><ele>786.6</ele></trkpt>
<trkpt lat="44.548580" lon="6.484220"><ele>786.6</ele></trkpt>
<trkpt lat="44.548560" lon="6.484200"><ele>786.6</ele></trkpt>
<trkpt lat="44.548470" lon="6.484170"><ele>786.6</ele></trkpt>
<trkpt lat="44.548410" lon="6.484170"><ele>786.6</ele></trkpt>
<trkpt lat="44.548400" lon="6.484180"><ele>786.7</ele></trkpt>
<trkpt lat="44.548380" lon="6.484180"><ele>786.7</ele></trkpt>
<trkpt lat="44.548360" lon="6.484190"><ele>786.7</ele></trkpt>
<trkpt lat="44.548350" lon="6.484200"><ele>786.7</ele></trkpt>
<trkpt lat="44.548330" lon="6.484200"><ele>786.6</ele></trkpt>
<trkpt lat="44.548320" lon="6.484210"><ele>786.4</ele></trkpt>
<trkpt lat="44.548190" lon="6.484150"><ele>786.2</ele></trkpt>
<trkpt lat="44.548140" lon="6.484100"><ele>785.9</ele></trkpt>
<trkpt lat="44.548100" lon="6.484070"><ele>785.7</ele></trkpt>
<trkpt lat="44.547290" lon="6.483150"><ele>785.4</ele></trkpt>
<trkpt lat="44.547230" lon="6.483120"><ele>785.1</ele></trkpt>
<trkpt lat="44.547030" lon="6.482910"><ele>784.7</ele></trkpt>
<trkpt lat="44.542870" lon="6.479080"><ele>784.4</ele></trkpt>
<trkpt lat="44.542580" lon="6.478790"><ele>784.1</ele></trkpt>
<trkpt lat="44.542400" lon="6.478640"><ele>783.8</ele></trkpt>
<trkpt lat="44.538780" lon="6.475330"><ele>783.5</ele></trkpt>
<trkpt lat="44.538720" lon="6.475230"><ele>783.1</ele></trkpt>
<trkpt lat="44.538410" lon="6.474920"><ele>782.8</ele></trkpt>
<trkpt lat="44.538160" lon="6.474590"><ele>782.5</ele></trkpt>
<trkpt lat="44.537780" lon="6.474020"><ele>782.2</ele></trkpt>
<trkpt lat="44.537470" lon="6.473460"><ele>781.9</ele></trkpt>
<trkpt lat="44.537290" lon="6.473040"><ele>781.7</ele></trkpt>
<trkpt lat="44.537200" lon="6.472890"><ele>781.8</ele></trkpt>
<trkpt lat="44.537130" lon="6.472690"><ele>781.9</ele></trkpt>
<trkpt lat="44.536650" lon="6.471020"><ele>782.3</ele></trkpt>
<trkpt lat="44.536190" lon="6.469700"><ele>782.8</ele></trkpt>
<trkpt lat="44.536040" lon="6.469330"><ele>783.4</ele></trkpt>
<trkpt lat="44.535890" lon="6.468860"><ele>784.3</ele></trkpt>
<trkpt lat="44.535480" lon="6.467890"><ele>785.5</ele></trkpt>
<trkpt lat="44.535470" lon="6.467880"><ele>786.8</ele></trkpt>
<trkpt lat="44.534270" lon="6.465090"><ele>788.3</ele></trkpt>
<trkpt lat="44.534240" lon="6.465040"><ele>791.4</ele></trkpt>
<trkpt lat="44.533790" lon="6.463950"><ele>794.6</ele></trkpt>
<trkpt lat="44.533710" lon="6.463830"><ele>797.8</ele></trkpt>
<trkpt lat="44.533650" lon="6.463660"><ele>800.8</ele></trkpt>
<trkpt lat="44.533390" lon="6.462740"><ele>803.7</ele></trkpt>
<trkpt lat="44.533260" lon="6.462150"><ele>806.5</ele></trkpt>
<trkpt lat="44.533110" lon="6.461280"><ele>809.2</ele></trkpt>
<trkpt lat="44.533040" lon="6.460650"><ele>811.8</ele></trkpt>
<trkpt lat="44.532250" lon="6.448030"><ele>814.1</ele></trkpt>
<trkpt lat="44.532270" lon="6.447810"><ele>815.3</ele></trkpt>
<trkpt lat="44.532150" lon="6.445380"><ele>816.2</ele></trkpt>
<trkpt lat="44.532160" lon="6.443390"><ele>816.3</ele></trkpt>
<trkpt lat="44.532140" lon="6.443250"><ele>816.4</ele></trkpt>
<trkpt lat="44.532110" lon="6.442050"><ele>815.9</ele></trkpt>
<trkpt lat="44.532070" lon="6.441410"><ele>815.1</ele></trkpt>
<trkpt lat="44.532000" lon="6.440840"><ele>814.1</ele></trkpt>
<trkpt lat="44.531690" lon="6.439220"><ele>813.0</ele></trkpt>
<trkpt lat="44.531520" lon="6.436470"><ele>810.3</ele></trkpt>
<trkpt lat="44.531520" lon="6.436280"><ele>807.7</ele></trkpt>
<trkpt lat="44.531350" lon="6.433480"><ele>805.7</ele></trkpt>
<trkpt lat="44.531320" lon="6.433230"><ele>804.1</ele></trkpt>
<trkpt lat="44.531280" lon="6.432590"><ele>802.6</ele></trkpt>
<trkpt lat="44.531220" lon="6.432030"><ele>801.3</ele></trkpt>
<trkpt lat="44.531180" lon="6.431780"><ele>799.8</ele></trkpt>
<trkpt lat="44.531090" lon="6.431370"><ele>798.5</ele></trkpt>
<trkpt lat="44.530970" lon="6.430970"><ele>798.3</ele></trkpt>
<trkpt lat="44.530770" lon="6.430440"><ele>799.3</ele></trkpt>
<trkpt lat="44.528860" lon="6.426680"><ele>800.2</ele></trkpt>
<trkpt lat="44.528620" lon="6.426040"><ele>801.9</ele></trkpt>
<trkpt lat="44.528490" lon="6.425620"><ele>804.1</ele></trkpt>
<trkpt lat="44.528360" lon="6.425070"><ele>806.8</ele></trkpt>
<trkpt lat="44.528050" lon="6.423100"><ele>809.6</ele></trkpt>
<trkpt lat="44.527860" lon="6.422280"><ele>812.2</ele></trkpt>
<trkpt lat="44.527470" lon="6.420930"><ele>814.7</ele></trkpt>
<trkpt lat="44.527170" lon="6.420020"><ele>817.2</ele></trkpt>
<trkpt lat="44.526930" lon="6.419090"><ele>819.5</ele></trkpt>
<trkpt lat="44.526780" lon="6.418340"><ele>821.2</ele></trkpt>
<trkpt lat="44.526680" lon="6.417530"><ele>822.7</ele></trkpt>
<trkpt lat="44.526650" lon="6.416900"><ele>823.7</ele></trkpt>
<trkpt lat="44.526690" lon="6.414280"><ele>824.5</ele></trkpt>
<trkpt lat="44.526530" lon="6.411010"><ele>825.5</ele></trkpt>
<trkpt lat="44.526540" lon="6.410890"><ele>826.1</ele></trkpt>
<trkpt lat="44.526530" lon="6.410580"><ele>825.3</ele></trkpt>
<trkpt lat="44.526560" lon="6.410140"><ele>824.3</ele></trkpt>
<trkpt lat="44.526540" lon="6.409930"><ele>823.2</ele></trkpt>
<trkpt lat="44.526490" lon="6.409700"><ele>822.0</ele></trkpt>
<trkpt lat="44.526400" lon="6.408370"><ele>820.2</ele></trkpt>
<trkpt lat="44.526350" lon="6.407920"><ele>818.2</ele></trkpt>
<trkpt lat="44.526290" lon="6.406840"><ele>816.0</ele></trkpt>
<trkpt lat="44.526310" lon="6.406500"><ele>813.9</ele></trkpt>
<trkpt lat="44.526200" lon="6.404530"><ele>811.6</ele></trkpt>
<trkpt lat="44.526190" lon="6.404460"><ele>808.9</ele></trkpt>
<trkpt lat="44.526130" lon="6.403050"><ele>806.2</ele></trkpt>
<trkpt lat="44.526120" lon="6.402980"><ele>803.8</ele></trkpt>
<trkpt lat="44.526100" lon="6.402940"><ele>801.4</ele></trkpt>
<trkpt lat="44.526120" lon="6.402650"><ele>799.4</ele></trkpt>
<trkpt lat="44.526160" lon="6.402330"><ele>798.0</ele></trkpt>
<trkpt lat="44.526220" lon="6.402020"><ele>796.6</ele></trkpt>
<trkpt lat="44.526320" lon="6.401630"><ele>795.3</ele></trkpt>
<trkpt lat="44.526460" lon="6.401220"><ele>794.7</ele></trkpt>
<trkpt lat="44.526380" lon="6.401230"><ele>794.0</ele></trkpt>
<trkpt lat="44.526120" lon="6.401300"><ele>793.6</ele></trkpt>
<trkpt lat="44.526070" lon="6.401280"><ele>793.3</ele></trkpt>
<trkpt lat="44.525720" lon="6.401090"><ele>792.9</ele></trkpt>
<trkpt lat="44.524330" lon="6.400250"><ele>792.6</ele></trkpt>
<trkpt lat="44.523480" lon="6.399700"><ele>792.4</ele></trkpt>
<trkpt lat="44.523340" lon="6.399570"><ele>792.1</ele></trkpt>
<trkpt lat="44.523210" lon="6.399420"><ele>791.7</ele></trkpt>
<trkpt lat="44.523080" lon="6.399220"><ele>791.4</ele></trkpt>
<trkpt lat="44.523030" lon="6.399120"><ele>790.7</ele></trkpt>
<trkpt lat="44.522950" lon="6.398920"><ele>790.0</ele></trkpt>
<trkpt lat="44.522610" lon="6.397630"><ele>789.2</ele></trkpt>
<trkpt lat="44.522560" lon="6.397300"><ele>788.5</ele></trkpt>
<trkpt lat="44.522560" lon="6.397140"><ele>787.6</ele></trkpt>
<trkpt lat="44.522640" lon="6.396790"><ele>786.9</ele></trkpt>
<trkpt lat="44.522850" lon="6.396190"><ele>786.3</ele></trkpt>
<trkpt lat="44.522900" lon="6.395950"><ele>786.0</ele></trkpt>
<trkpt lat="44.522920" lon="6.395570"><ele>786.0</ele></trkpt>
<trkpt lat="44.522890" lon="6.395220"><ele>786.0</ele></trkpt>
<trkpt lat="44.522870" lon="6.395120"><ele>786.2</ele></trkpt>
<trkpt lat="44.522800" lon="6.394880"><ele>786.3</ele></trkpt>
<trkpt lat="44.522610" lon="6.394550"><ele>786.4</ele></trkpt>
<trkpt lat="44.522490" lon="6.394410"><ele>786.0</ele></trkpt>
<trkpt lat="44.522380" lon="6.394310"><ele>785.6</ele></trkpt>
<trkpt lat="44.522240" lon="6.394220"><ele>786.6</ele></trkpt>
<trkpt lat="44.521940" lon="6.394070"><ele>788.0</ele></trkpt>
<trkpt lat="44.521830" lon="6.394000"><ele>789.7</ele></trkpt>
<trkpt lat="44.521770" lon="6.393950"><ele>791.2</ele></trkpt>
<trkpt lat="44.521720" lon="6.393890"><ele>792.7</ele></trkpt>
<trkpt lat="44.521620" lon="6.393740"><ele>794.1</ele></trkpt>
<trkpt lat="44.521380" lon="6.393230"><ele>795.2</ele></trkpt>
<trkpt lat="44.520720" lon="6.392010"><ele>796.3</ele></trkpt>
<trkpt lat="44.519460" lon="6.390030"><ele>797.2</ele></trkpt>
<trkpt lat="44.519300" lon="6.389710"><ele>797.8</ele></trkpt>
<trkpt lat="44.519220" lon="6.389490"><ele>798.2</ele></trkpt>
<trkpt lat="44.519140" lon="6.389160"><ele>798.6</ele></trkpt>
<trkpt lat="44.519130" lon="6.389050"><ele>799.0</ele></trkpt>
<trkpt lat="44.519110" lon="6.388950"><ele>799.3</ele></trkpt>
<trkpt lat="44.519110" lon="6.388600"><ele>799.8</ele></trkpt>
<trkpt lat="44.519160" lon="6.388120"><ele>800.9</ele></trkpt>
<trkpt lat="44.519200" lon="6.387930"><ele>802.0</ele></trkpt>
<trkpt lat="44.519210" lon="6.387750"><ele>802.2</ele></trkpt>
<trkpt lat="44.519250" lon="6.387500"><ele>801.8</ele></trkpt>
<trkpt lat="44.519340" lon="6.386630"><ele>802.1</ele></trkpt>
<trkpt lat="44.519350" lon="6.386420"><ele>802.5</ele></trkpt>
<trkpt lat="44.519320" lon="6.386050"><ele>803.0</ele></trkpt>
<trkpt lat="44.519230" lon="6.385720"><ele>803.6</ele></trkpt>
<trkpt lat="44.519110" lon="6.385430"><ele>804.2</ele></trkpt>
<trkpt lat="44.519040" lon="6.385290"><ele>805.0</ele></trkpt>
<trkpt lat="44.518960" lon="6.385170"><ele>805.7</ele></trkpt>
<trkpt lat="44.518690" lon="6.384860"><ele>806.5</ele></trkpt>
<trkpt lat="44.517890" lon="6.384080"><ele>807.4</ele></trkpt>
<trkpt lat="44.517480" lon="6.383590"><ele>808.4</ele></trkpt>
<trkpt lat="44.517340" lon="6.383400"><ele>809.5</ele></trkpt>
<trkpt lat="44.517060" lon="6.382880"><ele>810.7</ele></trkpt>
<trkpt lat="44.517010" lon="6.382740"><ele>812.6</ele></trkpt>
<trkpt lat="44.516850" lon="6.382370"><ele>814.5</ele></trkpt>
<trkpt lat="44.516700" lon="6.381940"><ele>816.4</ele></trkpt>
<trkpt lat="44.516520" lon="6.381200"><ele>818.5</ele></trkpt>
<trkpt lat="44.516010" lon="6.378540"><ele>821.5</ele></trkpt>
<trkpt lat="44.515890" lon="6.378180"><ele>824.0</ele></trkpt>
<trkpt lat="44.515730" lon="6.377810"><ele>826.5</ele></trkpt>
<trkpt lat="44.515630" lon="6.377630"><ele>828.9</ele></trkpt>
<trkpt lat="44.515010" lon="6.376730"><ele>831.2</ele></trkpt>
<trkpt lat="44.514780" lon="6.376340"><ele>833.5</ele></trkpt>
<trkpt lat="44.514750" lon="6.376240"><ele>835.6</ele></trkpt>
<trkpt lat="44.514700" lon="6.376120"><ele>837.7</ele></trkpt>
<trkpt lat="44.513710" lon="6.372180"><ele>839.8</ele></trkpt>
<trkpt lat="44.513700" lon="6.371940"><ele>841.8</ele></trkpt>
<trkpt lat="44.513720" lon="6.371810"><ele>843.6</ele></trkpt>
<trkpt lat="44.513770" lon="6.371620"><ele>845.2</ele></trkpt>
<trkpt lat="44.513880" lon="6.371430"><ele>846.7</ele></trkpt>
<trkpt lat="44.513940" lon="6.371360"><ele>847.6</ele></trkpt>
<trkpt lat="44.514230" lon="6.371120"><ele>848.4</ele></trkpt>
<trkpt lat="44.514330" lon="6.371010"><ele>849.3</ele></trkpt>
<trkpt lat="44.514440" lon="6.370840"><ele>851.7</ele></trkpt>
<trkpt lat="44.514470" lon="6.370780"><ele>853.7</ele></trkpt>
<trkpt lat="44.514510" lon="6.370670"><ele>855.8</ele></trkpt>
<trkpt lat="44.514520" lon="6.370610"><ele>858.0</ele></trkpt>
<trkpt lat="44.514540" lon="6.370550"><ele>860.3</ele></trkpt>
<trkpt lat="44.514570" lon="6.370390"><ele>862.5</ele></trkpt>
<trkpt lat="44.514550" lon="6.370030"><ele>864.8</ele></trkpt>
<trkpt lat="44.514530" lon="6.369910"><ele>867.2</ele></trkpt>
<trkpt lat="44.513540" lon="6.367080"><ele>869.7</ele></trkpt>
<trkpt lat="44.513440" lon="6.366730"><ele>872.2</ele></trkpt>
<trkpt lat="44.513410" lon="6.366410"><ele>874.9</ele></trkpt>
<trkpt lat="44.513420" lon="6.366090"><ele>877.7</ele></trkpt>
<trkpt lat="44.513490" lon="6.365790"><ele>881.0</ele></trkpt>
<trkpt lat="44.513770" lon="6.365100"><ele>884.5</ele></trkpt>
<trkpt lat="44.513810" lon="6.364950"><ele>888.0</ele></trkpt>
<trkpt lat="44.513830" lon="6.364820"><ele>891.3</ele></trkpt>
<trkpt lat="44.513830" lon="6.364580"><ele>894.7</ele></trkpt>
<trkpt lat="44.513810" lon="6.364390"><ele>896.4</ele></trkpt>
<trkpt lat="44.513750" lon="6.364180"><ele>897.9</ele></trkpt>
<trkpt lat="44.513610" lon="6.363920"><ele>899.4</ele></trkpt>
<trkpt lat="44.513190" lon="6.363310"><ele>902.0</ele></trkpt>
<trkpt lat="44.513110" lon="6.363150"><ele>904.7</ele></trkpt>
<trkpt lat="44.513020" lon="6.362870"><ele>907.5</ele></trkpt>
<trkpt lat="44.512930" lon="6.362180"><ele>910.5</ele></trkpt>
<trkpt lat="44.512930" lon="6.362120"><ele>913.5</ele></trkpt>
<trkpt lat="44.512870" lon="6.361890"><ele>916.4</ele></trkpt>
<trkpt lat="44.512790" lon="6.361670"><ele>919.3</ele></trkpt>
<trkpt lat="44.512670" lon="6.361480"><ele>922.1</ele></trkpt>
<trkpt lat="44.511930" lon="6.360690"><ele>924.7</ele></trkpt>
<trkpt lat="44.511800" lon="6.360510"><ele>926.2</ele></trkpt>
<trkpt lat="44.511720" lon="6.360360"><ele>927.5</ele></trkpt>
<trkpt lat="44.511630" lon="6.360070"><ele>928.8</ele></trkpt>
<trkpt lat="44.511610" lon="6.359940"><ele>930.2</ele></trkpt>
<trkpt lat="44.511610" lon="6.359760"><ele>931.6</ele></trkpt>
<trkpt lat="44.511620" lon="6.359690"><ele>932.9</ele></trkpt>
<trkpt lat="44.511620" lon="6.359630"><ele>934.2</ele></trkpt>
<trkpt lat="44.511660" lon="6.359430"><ele>935.4</ele></trkpt>
<trkpt lat="44.512210" lon="6.357770"><ele>935.4</ele></trkpt>
<trkpt lat="44.512260" lon="6.357570"><ele>935.2</ele></trkpt>
<trkpt lat="44.512300" lon="6.357300"><ele>934.9</ele></trkpt>
<trkpt lat="44.512290" lon="6.356910"><ele>934.4</ele></trkpt>
<trkpt lat="44.512220" lon="6.356600"><ele>933.9</ele></trkpt>
<trkpt lat="44.512140" lon="6.356390"><ele>933.3</ele></trkpt>
<trkpt lat="44.512120" lon="6.356360"><ele>932.8</ele></trkpt>
<trkpt lat="44.512110" lon="6.356330"><ele>932.3</ele></trkpt>
<trkpt lat="44.512080" lon="6.356300"><ele>931.9</ele></trkpt>
<trkpt lat="44.512050" lon="6.356260"><ele>931.9</ele></trkpt>
<trkpt lat="44.512010" lon="6.356230"><ele>932.2</ele></trkpt>
<trkpt lat="44.511980" lon="6.356200"><ele>932.6</ele></trkpt>
<trkpt lat="44.511950" lon="6.356180"><ele>933.1</ele></trkpt>
<trkpt lat="44.511910" lon="6.356140"><ele>934.1</ele></trkpt>
<trkpt lat="44.511860" lon="6.356110"><ele>935.2</ele></trkpt>
<trkpt lat="44.511760" lon="6.356070"><ele>936.4</ele></trkpt>
<trkpt lat="44.511650" lon="6.356050"><ele>937.6</ele></trkpt>
<trkpt lat="44.511600" lon="6.356050"><ele>938.9</ele></trkpt>
<trkpt lat="44.511420" lon="6.356090"><ele>940.3</ele></trkpt>
<trkpt lat="44.511270" lon="6.356150"><ele>941.6</ele></trkpt>
<trkpt lat="44.511170" lon="6.356220"><ele>943.7</ele></trkpt>
<trkpt lat="44.510830" lon="6.356500"><ele>945.9</ele></trkpt>
<trkpt lat="44.510790" lon="6.356520"><ele>948.1</ele></trkpt>
<trkpt lat="44.510760" lon="6.356520"><ele>950.2</ele></trkpt>
<trkpt lat="44.510680" lon="6.356540"><ele>952.2</ele></trkpt>
<trkpt lat="44.510600" lon="6.356540"><ele>953.8</ele></trkpt>
<trkpt lat="44.510400" lon="6.356480"><ele>955.4</ele></trkpt>
<trkpt lat="44.510230" lon="6.356320"><ele>956.9</ele></trkpt>
<trkpt lat="44.509040" lon="6.354750"><ele>958.2</ele></trkpt>
<trkpt lat="44.508940" lon="6.354540"><ele>959.5</ele></trkpt>
<trkpt lat="44.508900" lon="6.354410"><ele>960.3</ele></trkpt>
<trkpt lat="44.508880" lon="6.354270"><ele>961.2</ele></trkpt>
<trkpt lat="44.508880" lon="6.353960"><ele>962.3</ele></trkpt>
<trkpt lat="44.509000" lon="6.353110"><ele>963.4</ele></trkpt>
<trkpt lat="44.509000" lon="6.352880"><ele>965.3</ele></trkpt>
<trkpt lat="44.508960" lon="6.352580"><ele>967.2</ele></trkpt>
<trkpt lat="44.508940" lon="6.352510"><ele>969.8</ele></trkpt>
<trkpt lat="44.508860" lon="6.352320"><ele>971.5</ele></trkpt>
<trkpt lat="44.508810" lon="6.352230"><ele>972.7</ele></trkpt>
<trkpt lat="44.508730" lon="6.352130"><ele>973.9</ele></trkpt>
<trkpt lat="44.508600" lon="6.352010"><ele>975.1</ele></trkpt>
<trkpt lat="44.508480" lon="6.351940"><ele>976.4</ele></trkpt>
<trkpt lat="44.507660" lon="6.351590"><ele>978.0</ele></trkpt>
<trkpt lat="44.507440" lon="6.351450"><ele>979.6</ele></trkpt>
<trkpt lat="44.505920" lon="6.349930"><ele>981.3</ele></trkpt>
<trkpt lat="44.505820" lon="6.349810"><ele>982.9</ele></trkpt>
<trkpt lat="44.505180" lon="6.349180"><ele>984.5</ele></trkpt>
<trkpt lat="44.505100" lon="6.349130"><ele>986.2</ele></trkpt>
<trkpt lat="44.505060" lon="6.349090"><ele>987.8</ele></trkpt>
<trkpt lat="44.504980" lon="6.349060"><ele>989.4</ele></trkpt>
<trkpt lat="44.504910" lon="6.349050"><ele>990.8</ele></trkpt>
<trkpt lat="44.504790" lon="6.349050"><ele>991.6</ele></trkpt>
<trkpt lat="44.504720" lon="6.349070"><ele>992.3</ele></trkpt>
<trkpt lat="44.504640" lon="6.349110"><ele>992.3</ele></trkpt>
<trkpt lat="44.504530" lon="6.349210"><ele>992.3</ele></trkpt>
<trkpt lat="44.504490" lon="6.349260"><ele>992.8</ele></trkpt>
<trkpt lat="44.504400" lon="6.349400"><ele>993.2</ele></trkpt>
<trkpt lat="44.504350" lon="6.349520"><ele>993.6</ele></trkpt>
<trkpt lat="44.504330" lon="6.349590"><ele>994.0</ele></trkpt>
<trkpt lat="44.504240" lon="6.349720"><ele>994.4</ele></trkpt>
<trkpt lat="44.504200" lon="6.349760"><ele>994.8</ele></trkpt>
<trkpt lat="44.504110" lon="6.349800"><ele>995.0</ele></trkpt>
<trkpt lat="44.504070" lon="6.349800"><ele>995.2</ele></trkpt>
<trkpt lat="44.504020" lon="6.349790"><ele>995.4</ele></trkpt>
<trkpt lat="44.503970" lon="6.349770"><ele>995.6</ele></trkpt>
<trkpt lat="44.503880" lon="6.349710"><ele>995.9</ele></trkpt>
<trkpt lat="44.503840" lon="6.349650"><ele>996.3</ele></trkpt>
<trkpt lat="44.503800" lon="6.349560"><ele>997.2</ele></trkpt>
<trkpt lat="44.503710" lon="6.349080"><ele>998.1</ele></trkpt>
<trkpt lat="44.503680" lon="6.348990"><ele>999.0</ele></trkpt>
<trkpt lat="44.503630" lon="6.348900"><ele>1000.0</ele></trkpt>
<trkpt lat="44.503550" lon="6.348810"><ele>1000.9</ele></trkpt>
<trkpt lat="44.503480" lon="6.348760"><ele>1001.9</ele></trkpt>
<trkpt lat="44.503250" lon="6.348680"><ele>1002.9</ele></trkpt>
<trkpt lat="44.503060" lon="6.348640"><ele>1004.0</ele></trkpt>
<trkpt lat="44.502520" lon="6.348360"><ele>1005.1</ele></trkpt>
<trkpt lat="44.502410" lon="6.348270"><ele>1006.4</ele></trkpt>
<trkpt lat="44.502370" lon="6.348210"><ele>1007.8</ele></trkpt>
<trkpt lat="44.502320" lon="6.348070"><ele>1009.3</ele></trkpt>
<trkpt lat="44.502310" lon="6.348020"><ele>1011.0</ele></trkpt>
<trkpt lat="44.502310" lon="6.347960"><ele>1012.7</ele></trkpt>
<trkpt lat="44.502300" lon="6.347890"><ele>1014.5</ele></trkpt>
<trkpt lat="44.502310" lon="6.347710"><ele>1016.0</ele></trkpt>
<trkpt lat="44.502290" lon="6.347110"><ele>1017.2</ele></trkpt>
<trkpt lat="44.502250" lon="6.346820"><ele>1017.7</ele></trkpt>
<trkpt lat="44.502220" lon="6.346700"><ele>1018.0</ele></trkpt>
<trkpt lat="44.502170" lon="6.346560"><ele>1018.3</ele></trkpt>
<trkpt lat="44.502100" lon="6.346410"><ele>1018.6</ele></trkpt>
<trkpt lat="44.502010" lon="6.346270"><ele>1018.9</ele></trkpt>
<trkpt lat="44.501910" lon="6.346150"><ele>1019.5</ele></trkpt>
<trkpt lat="44.501750" lon="6.346020"><ele>1020.2</ele></trkpt>
<trkpt lat="44.501470" lon="6.345870"><ele>1020.8</ele></trkpt>
<trkpt lat="44.500680" lon="6.345500"><ele>1021.5</ele></trkpt>
<trkpt lat="44.500620" lon="6.345480"><ele>1022.0</ele></trkpt>
<trkpt lat="44.500430" lon="6.345450"><ele>1022.4</ele></trkpt>
<trkpt lat="44.500340" lon="6.345450"><ele>1022.6</ele></trkpt>
<trkpt lat="44.500200" lon="6.345470"><ele>1022.7</ele></trkpt>
<trkpt lat="44.499800" lon="6.345620"><ele>1022.7</ele></trkpt>
<trkpt lat="44.499760" lon="6.345630"><ele>1022.3</ele></trkpt>
<trkpt lat="44.499620" lon="6.345630"><ele>1022.0</ele></trkpt>
<trkpt lat="44.499500" lon="6.345590"><ele>1021.5</ele></trkpt>
<trkpt lat="44.499440" lon="6.345550"><ele>1021.2</ele></trkpt>
<trkpt lat="44.499370" lon="6.345480"><ele>1020.9</ele></trkpt>
<trkpt lat="44.499310" lon="6.345390"><ele>1020.6</ele></trkpt>
<trkpt lat="44.499220" lon="6.345210"><ele>1020.2</ele></trkpt>
<trkpt lat="44.499180" lon="6.345030"><ele>1019.9</ele></trkpt>
<trkpt lat="44.499150" lon="6.344670"><ele>1019.2</ele></trkpt>
<trkpt lat="44.499150" lon="6.344580"><ele>1018.6</ele></trkpt>
<trkpt lat="44.499110" lon="6.344300"><ele>1017.8</ele></trkpt>
<trkpt lat="44.499070" lon="6.344160"><ele>1017.0</ele></trkpt>
<trkpt lat="44.499030" lon="6.344060"><ele>1016.2</ele></trkpt>
<trkpt lat="44.498930" lon="6.343900"><ele>1015.3</ele></trkpt>
<trkpt lat="44.498840" lon="6.343810"><ele>1014.5</ele></trkpt>
<trkpt lat="44.498710" lon="6.343700"><ele>1013.8</ele></trkpt>
<trkpt lat="44.498530" lon="6.343610"><ele>1013.3</ele></trkpt>
<trkpt lat="44.498440" lon="6.343600"><ele>1013.0</ele></trkpt>
<trkpt lat="44.498330" lon="6.343600"><ele>1013.1</ele></trkpt>
<trkpt lat="44.498120" lon="6.343650"><ele>1013.6</ele></trkpt>
<trkpt lat="44.498010" lon="6.343690"><ele>1014.1</ele></trkpt>
<trkpt lat="44.497900" lon="6.343760"><ele>1014.7</ele></trkpt>
<trkpt lat="44.497850" lon="6.343810"><ele>1015.3</ele></trkpt>
<trkpt lat="44.497720" lon="6.343990"><ele>1015.9</ele></trkpt>
<trkpt lat="44.497620" lon="6.344170"><ele>1016.5</ele></trkpt>
<trkpt lat="44.497580" lon="6.344260"><ele>1017.1</ele></trkpt>
<trkpt lat="44.497300" lon="6.344770"><ele>1017.6</ele></trkpt>
<trkpt lat="44.497200" lon="6.344920"><ele>1017.8</ele></trkpt>
<trkpt lat="44.497080" lon="6.345000"><ele>1018.1</ele></trkpt>
<trkpt lat="44.497000" lon="6.345020"><ele>1018.3</ele></trkpt>
<trkpt lat="44.496910" lon="6.345000"><ele>1018.6</ele></trkpt>
<trkpt lat="44.496870" lon="6.344980"><ele>1018.7</ele></trkpt>
<trkpt lat="44.496840" lon="6.344950"><ele>1018.8</ele></trkpt>
<trkpt lat="44.496810" lon="6.344930"><ele>1018.8</ele></trkpt>
<trkpt lat="44.496730" lon="6.344790"><ele>1018.8</ele></trkpt>
<trkpt lat="44.496670" lon="6.344500"><ele>1018.3</ele></trkpt>
<trkpt lat="44.496650" lon="6.344440"><ele>1017.2</ele></trkpt>
<trkpt lat="44.496640" lon="6.344380"><ele>1016.1</ele></trkpt>
<trkpt lat="44.496620" lon="6.344320"><ele>1014.8</ele></trkpt>
<trkpt lat="44.496510" lon="6.344140"><ele>1013.5</ele></trkpt>
<trkpt lat="44.496420" lon="6.344050"><ele>1012.2</ele></trkpt>
<trkpt lat="44.496070" lon="6.343750"><ele>1010.9</ele></trkpt>
<trkpt lat="44.496020" lon="6.343680"><ele>1009.7</ele></trkpt>
<trkpt lat="44.495990" lon="6.343590"><ele>1008.5</ele></trkpt>
<trkpt lat="44.495910" lon="6.343190"><ele>1007.5</ele></trkpt>
<trkpt lat="44.495870" lon="6.343110"><ele>1006.5</ele></trkpt>
<trkpt lat="44.495850" lon="6.343040"><ele>1005.4</ele></trkpt>
<trkpt lat="44.495820" lon="6.342990"><ele>1004.9</ele></trkpt>
<trkpt lat="44.495700" lon="6.342860"><ele>1004.7</ele></trkpt>
<trkpt lat="44.495550" lon="6.342760"><ele>1004.7</ele></trkpt>
<trkpt lat="44.495370" lon="6.342720"><ele>1004.6</ele></trkpt>
<trkpt lat="44.495150" lon="6.342700"><ele>1004.5</ele></trkpt>
<trkpt lat="44.495120" lon="6.342690"><ele>1004.5</ele></trkpt>
<trkpt lat="44.495010" lon="6.342610"><ele>1004.9</ele></trkpt>
<trkpt lat="44.494950" lon="6.342540"><ele>1005.4</ele></trkpt>
<trkpt lat="44.494640" lon="6.342240"><ele>1005.7</ele></trkpt>
<trkpt lat="44.494450" lon="6.342000"><ele>1006.0</ele></trkpt>
<trkpt lat="44.494390" lon="6.341850"><ele>1005.9</ele></trkpt>
<trkpt lat="44.494370" lon="6.341740"><ele>1005.5</ele></trkpt>
<trkpt lat="44.494350" lon="6.341680"><ele>1005.0</ele></trkpt>
<trkpt lat="44.494350" lon="6.341500"><ele>1004.6</ele></trkpt>
<trkpt lat="44.494380" lon="6.341340"><ele>1004.4</ele></trkpt>
<trkpt lat="44.494460" lon="6.341140"><ele>1004.5</ele></trkpt>
<trkpt lat="44.494600" lon="6.340940"><ele>1004.5</ele></trkpt>
<trkpt lat="44.494650" lon="6.340850"><ele>1004.3</ele></trkpt>
<trkpt lat="44.495170" lon="6.340070"><ele>1004.0</ele></trkpt>
<trkpt lat="44.495340" lon="6.339720"><ele>1003.7</ele></trkpt>
<trkpt lat="44.495420" lon="6.339410"><ele>1003.6</ele></trkpt>
<trkpt lat="44.495450" lon="6.339110"><ele>1003.5</ele></trkpt>
<trkpt lat="44.495430" lon="6.338720"><ele>1003.3</ele></trkpt>
<trkpt lat="44.495400" lon="6.338610"><ele>1002.7</ele></trkpt>
<trkpt lat="44.495390" lon="6.338510"><ele>1002.1</ele></trkpt>
<trkpt lat="44.495230" lon="6.338130"><ele>1001.5</ele></trkpt>
<trkpt lat="44.495140" lon="6.338000"><ele>1001.1</ele></trkpt>
<trkpt lat="44.495050" lon="6.337890"><ele>1001.1</ele></trkpt>
<trkpt lat="44.494740" lon="6.337570"><ele>1001.4</ele></trkpt>
<trkpt lat="44.494670" lon="6.337410"><ele>1001.9</ele></trkpt>
<trkpt lat="44.494630" lon="6.337290"><ele>1002.4</ele></trkpt>
<trkpt lat="44.494450" lon="6.336070"><ele>1002.6</ele></trkpt>
<trkpt lat="44.494400" lon="6.335860"><ele>1002.4</ele></trkpt>
<trkpt lat="44.494360" lon="6.335740"><ele>1002.3</ele></trkpt>
<trkpt lat="44.494250" lon="6.335500"><ele>1001.8</ele></trkpt>
<trkpt lat="44.494160" lon="6.335350"><ele>1001.3</ele></trkpt>
<trkpt lat="44.494100" lon="6.335270"><ele>1000.6</ele></trkpt>
<trkpt lat="44.494000" lon="6.335160"><ele>999.7</ele></trkpt>
<trkpt lat="44.493570" lon="6.334810"><ele>998.8</ele></trkpt>
<trkpt lat="44.493260" lon="6.334520"><ele>998.0</ele></trkpt>
<trkpt lat="44.493060" lon="6.334370"><ele>998.4</ele></trkpt>
<trkpt lat="44.492980" lon="6.334330"><ele>999.0</ele></trkpt>
<trkpt lat="44.492900" lon="6.334300"><ele>999.6</ele></trkpt>
<trkpt lat="44.492740" lon="6.334270"><ele>1000.3</ele></trkpt>
<trkpt lat="44.492610" lon="6.334260"><ele>1000.9</ele></trkpt>
<trkpt lat="44.492450" lon="6.334280"><ele>1001.6</ele></trkpt>
<trkpt lat="44.492300" lon="6.334340"><ele>1002.1</ele></trkpt>
<trkpt lat="44.492060" lon="6.334480"><ele>1002.5</ele></trkpt>
<trkpt lat="44.491110" lon="6.335130"><ele>1003.0</ele></trkpt>
<trkpt lat="44.490980" lon="6.335190"><ele>1003.9</ele></trkpt>
<trkpt lat="44.490930" lon="6.335200"><ele>1004.8</ele></trkpt>
<trkpt lat="44.490850" lon="6.335200"><ele>1005.9</ele></trkpt>
<trkpt lat="44.490800" lon="6.335190"><ele>1006.9</ele></trkpt>
<trkpt lat="44.490750" lon="6.335170"><ele>1008.0</ele></trkpt>
<trkpt lat="44.490640" lon="6.335090"><ele>1009.1</ele></trkpt>
<trkpt lat="44.490460" lon="6.334930"><ele>1010.2</ele></trkpt>
<trkpt lat="44.490390" lon="6.334850"><ele>1011.3</ele></trkpt>
<trkpt lat="44.490160" lon="6.334660"><ele>1011.7</ele></trkpt>
<trkpt lat="44.490090" lon="6.334590"><ele>1011.9</ele></trkpt>
<trkpt lat="44.490050" lon="6.334560"><ele>1011.8</ele></trkpt>
<trkpt lat="44.490020" lon="6.334520"><ele>1011.6</ele></trkpt>
<trkpt lat="44.489990" lon="6.334490"><ele>1011.5</ele></trkpt>
<trkpt lat="44.489950" lon="6.334430"><ele>1011.5</ele></trkpt>
<trkpt lat="44.489890" lon="6.334310"><ele>1011.5</ele></trkpt>
<trkpt lat="44.489860" lon="6.334180"><ele>1011.6</ele></trkpt>
<trkpt lat="44.489860" lon="6.334110"><ele>1012.1</ele></trkpt>
<trkpt lat="44.489890" lon="6.333890"><ele>1012.5</ele></trkpt>
<trkpt lat="44.490300" lon="6.332630"><ele>1012.8</ele></trkpt>
<trkpt lat="44.490370" lon="6.332350"><ele>1013.2</ele></trkpt>
<trkpt lat="44.490430" lon="6.332000"><ele>1013.5</ele></trkpt>
<trkpt lat="44.490450" lon="6.331690"><ele>1013.8</ele></trkpt>
<trkpt lat="44.490450" lon="6.331480"><ele>1014.1</ele></trkpt>
<trkpt lat="44.490440" lon="6.331350"><ele>1014.3</ele></trkpt>
<trkpt lat="44.490310" lon="6.330570"><ele>1014.5</ele></trkpt>
<trkpt lat="44.490260" lon="6.330050"><ele>1014.7</ele></trkpt>
<trkpt lat="44.490260" lon="6.329790"><ele>1015.0</ele></trkpt>
<trkpt lat="44.490300" lon="6.329040"><ele>1014.8</ele></trkpt>
<trkpt lat="44.490260" lon="6.328730"><ele>1014.4</ele></trkpt>
<trkpt lat="44.490190" lon="6.328510"><ele>1014.0</ele></trkpt>
<trkpt lat="44.490160" lon="6.328450"><ele>1013.4</ele></trkpt>
<trkpt lat="44.490140" lon="6.328390"><ele>1012.9</ele></trkpt>
<trkpt lat="44.490080" lon="6.328290"><ele>1012.4</ele></trkpt>
<trkpt lat="44.489930" lon="6.328120"><ele>1011.7</ele></trkpt>
<trkpt lat="44.489740" lon="6.327990"><ele>1010.9</ele></trkpt>
<trkpt lat="44.488660" lon="6.327540"><ele>1010.0</ele></trkpt>
<trkpt lat="44.488480" lon="6.327440"><ele>1009.0</ele></trkpt>
<trkpt lat="44.488410" lon="6.327380"><ele>1008.3</ele></trkpt>
<trkpt lat="44.488190" lon="6.327150"><ele>1007.7</ele></trkpt>
<trkpt lat="44.487730" lon="6.326570"><ele>1007.0</ele></trkpt>
<trkpt lat="44.487650" lon="6.326450"><ele>1006.5</ele></trkpt>
<trkpt lat="44.487560" lon="6.326280"><ele>1006.0</ele></trkpt>
<trkpt lat="44.487530" lon="6.326200"><ele>1005.5</ele></trkpt>
<trkpt lat="44.487450" lon="6.325720"><ele>1005.1</ele></trkpt>
<trkpt lat="44.487430" lon="6.325660"><ele>1005.5</ele></trkpt>
<trkpt lat="44.486980" lon="6.324680"><ele>1006.1</ele></trkpt>
<trkpt lat="44.486740" lon="6.324100"><ele>1006.8</ele></trkpt>
<trkpt lat="44.486500" lon="6.323590"><ele>1007.6</ele></trkpt>
<trkpt lat="44.486320" lon="6.323290"><ele>1008.3</ele></trkpt>
<trkpt lat="44.486110" lon="6.323010"><ele>1008.9</ele></trkpt>
<trkpt lat="44.486010" lon="6.322800"><ele>1009.5</ele></trkpt>
<trkpt lat="44.485400" lon="6.320800"><ele>1010.1</ele></trkpt>
<trkpt lat="44.485260" lon="6.320520"><ele>1010.9</ele></trkpt>
<trkpt lat="44.485160" lon="6.320360"><ele>1011.7</ele></trkpt>
<trkpt lat="44.484840" lon="6.319980"><ele>1012.3</ele></trkpt>
<trkpt lat="44.484700" lon="6.319780"><ele>1012.9</ele></trkpt>
<trkpt lat="44.484430" lon="6.319300"><ele>1013.6</ele></trkpt>
<trkpt lat="44.484320" lon="6.319180"><ele>1014.1</ele></trkpt>
<trkpt lat="44.484260" lon="6.319130"><ele>1014.6</ele></trkpt>
<trkpt lat="44.484150" lon="6.319060"><ele>1015.2</ele></trkpt>
<trkpt lat="44.484010" lon="6.318990"><ele>1015.6</ele></trkpt>
<trkpt lat="44.483900" lon="6.318950"><ele>1016.0</ele></trkpt>
<trkpt lat="44.483790" lon="6.318930"><ele>1016.6</ele></trkpt>
<trkpt lat="44.482970" lon="6.318850"><ele>1017.3</ele></trkpt>
<trkpt lat="44.482790" lon="6.318850"><ele>1018.2</ele></trkpt>
<trkpt lat="44.482700" lon="6.318860"><ele>1019.1</ele></trkpt>
<trkpt lat="44.482580" lon="6.318900"><ele>1020.0</ele></trkpt>
<trkpt lat="44.482520" lon="6.318960"><ele>1021.0</ele></trkpt>
<trkpt lat="44.482500" lon="6.318970"><ele>1021.9</ele></trkpt>
<trkpt lat="44.482490" lon="6.318990"><ele>1023.0</ele></trkpt>
<trkpt lat="44.482320" lon="6.319190"><ele>1024.0</ele></trkpt>
<trkpt lat="44.482150" lon="6.319350"><ele>1025.0</ele></trkpt>
<trkpt lat="44.482030" lon="6.319430"><ele>1025.9</ele></trkpt>
<trkpt lat="44.481990" lon="6.319450"><ele>1026.9</ele></trkpt>
<trkpt lat="44.481930" lon="6.319470"><ele>1028.0</ele></trkpt>
<trkpt lat="44.481890" lon="6.319470"><ele>1029.1</ele></trkpt>
<trkpt lat="44.481840" lon="6.319480"><ele>1030.1</ele></trkpt>
<trkpt lat="44.481750" lon="6.319480"><ele>1031.2</ele></trkpt>
<trkpt lat="44.481700" lon="6.319470"><ele>1032.3</ele></trkpt>
<trkpt lat="44.481650" lon="6.319450"><ele>1033.1</ele></trkpt>
<trkpt lat="44.481600" lon="6.319420"><ele>1033.6</ele></trkpt>
<trkpt lat="44.481400" lon="6.319250"><ele>1034.0</ele></trkpt>
<trkpt lat="44.481140" lon="6.318920"><ele>1034.3</ele></trkpt>
<trkpt lat="44.480930" lon="6.318600"><ele>1034.3</ele></trkpt>
<trkpt lat="44.480810" lon="6.318390"><ele>1034.2</ele></trkpt>
<trkpt lat="44.480750" lon="6.318240"><ele>1034.1</ele></trkpt>
<trkpt lat="44.480710" lon="6.318100"><ele>1033.9</ele></trkpt>
<trkpt lat="44.480670" lon="6.317880"><ele>1033.7</ele></trkpt>
<trkpt lat="44.480660" lon="6.317770"><ele>1033.5</ele></trkpt>
<trkpt lat="44.480660" lon="6.317500"><ele>1033.3</ele></trkpt>
<trkpt lat="44.480680" lon="6.317350"><ele>1033.2</ele></trkpt>
<trkpt lat="44.480810" lon="6.316890"><ele>1033.0</ele></trkpt>
<trkpt lat="44.480850" lon="6.316790"><ele>1032.8</ele></trkpt>
<trkpt lat="44.480900" lon="6.316540"><ele>1032.5</ele></trkpt>
<trkpt lat="44.480910" lon="6.316270"><ele>1032.4</ele></trkpt>
<trkpt lat="44.480900" lon="6.316110"><ele>1032.5</ele></trkpt>
<trkpt lat="44.480860" lon="6.315920"><ele>1032.7</ele></trkpt>
<trkpt lat="44.480780" lon="6.315730"><ele>1033.1</ele></trkpt>
<trkpt lat="44.480650" lon="6.315530"><ele>1033.6</ele></trkpt>
<trkpt lat="44.480590" lon="6.315460"><ele>1034.1</ele></trkpt>
<trkpt lat="44.480470" lon="6.315350"><ele>1034.8</ele></trkpt>
<trkpt lat="44.480390" lon="6.315300"><ele>1035.6</ele></trkpt>
<trkpt lat="44.480150" lon="6.315200"><ele>1036.4</ele></trkpt>
<trkpt lat="44.479750" lon="6.315080"><ele>1037.2</ele></trkpt>
<trkpt lat="44.479660" lon="6.315070"><ele>1037.9</ele></trkpt>
<trkpt lat="44.478880" lon="6.315090"><ele>1038.5</ele></trkpt>
<trkpt lat="44.478860" lon="6.315100"><ele>1038.9</ele></trkpt>
<trkpt lat="44.478840" lon="6.315100"><ele>1039.2</ele></trkpt>
<trkpt lat="44.478760" lon="6.315120"><ele>1039.4</ele></trkpt>
<trkpt lat="44.478660" lon="6.315160"><ele>1039.4</ele></trkpt>
<trkpt lat="44.478630" lon="6.315200"><ele>1039.2</ele></trkpt>
<trkpt lat="44.478590" lon="6.315240"><ele>1038.6</ele></trkpt>
<trkpt lat="44.478500" lon="6.315390"><ele>1037.7</ele></trkpt>
<trkpt lat="44.478390" lon="6.315620"><ele>1036.5</ele></trkpt>
<trkpt lat="44.478280" lon="6.315800"><ele>1035.0</ele></trkpt>
<trkpt lat="44.478220" lon="6.315880"><ele>1033.1</ele></trkpt>
<trkpt lat="44.478150" lon="6.315940"><ele>1030.7</ele></trkpt>
<trkpt lat="44.477980" lon="6.316020"><ele>1028.3</ele></trkpt>
<trkpt lat="44.477860" lon="6.316060"><ele>1026.0</ele></trkpt>
<trkpt lat="44.477450" lon="6.316160"><ele>1023.6</ele></trkpt>
<trkpt lat="44.477270" lon="6.316250"><ele>1021.2</ele></trkpt>
<trkpt lat="44.476550" lon="6.316900"><ele>1018.9</ele></trkpt>
<trkpt lat="44.476230" lon="6.317120"><ele>1016.5</ele></trkpt>
<trkpt lat="44.475730" lon="6.317360"><ele>1014.0</ele></trkpt>
<trkpt lat="44.474940" lon="6.317630"><ele>1011.4</ele></trkpt>
<trkpt lat="44.474900" lon="6.317650"><ele>1009.0</ele></trkpt>
<trkpt lat="44.474860" lon="6.317690"><ele>1006.7</ele></trkpt>
<trkpt lat="44.474830" lon="6.317730"><ele>1004.5</ele></trkpt>
<trkpt lat="44.474780" lon="6.317780"><ele>1002.6</ele></trkpt>
<trkpt lat="44.474540" lon="6.318160"><ele>1000.7</ele></trkpt>
<trkpt lat="44.474480" lon="6.318240"><ele>999.0</ele></trkpt>
<trkpt lat="44.474150" lon="6.318610"><ele>997.4</ele></trkpt>
<trkpt lat="44.474080" lon="6.318780"><ele>996.2</ele></trkpt>
<trkpt lat="44.474050" lon="6.319110"><ele>995.4</ele></trkpt>
<trkpt lat="44.474030" lon="6.319190"><ele>994.7</ele></trkpt>
<trkpt lat="44.474000" lon="6.319220"><ele>993.9</ele></trkpt>
<trkpt lat="44.473960" lon="6.319240"><ele>993.2</ele></trkpt>
<trkpt lat="44.473930" lon="6.319240"><ele>992.7</ele></trkpt>
<trkpt lat="44.473920" lon="6.319230"><ele>992.4</ele></trkpt>
<trkpt lat="44.473890" lon="6.319220"><ele>991.9</ele></trkpt>
<trkpt lat="44.473870" lon="6.319190"><ele>991.4</ele></trkpt>
<trkpt lat="44.473840" lon="6.319060"><ele>990.2</ele></trkpt>
<trkpt lat="44.473840" lon="6.319000"><ele>989.0</ele></trkpt>
<trkpt lat="44.473850" lon="6.318930"><ele>987.5</ele></trkpt>
<trkpt lat="44.473890" lon="6.318780"><ele>986.0</ele></trkpt>
<trkpt lat="44.474270" lon="6.318110"><ele>984.5</ele></trkpt>
<trkpt lat="44.474320" lon="6.317930"><ele>983.0</ele></trkpt>
<trkpt lat="44.474310" lon="6.317680"><ele>981.6</ele></trkpt>
<trkpt lat="44.474230" lon="6.317240"><ele>980.4</ele></trkpt>
<trkpt lat="44.474050" lon="6.316840"><ele>979.4</ele></trkpt>
<trkpt lat="44.474030" lon="6.316760"><ele>978.4</ele></trkpt>
<trkpt lat="44.474040" lon="6.316560"><ele>977.4</ele></trkpt>
<trkpt lat="44.474080" lon="6.316450"><ele>976.2</ele></trkpt>
<trkpt lat="44.474140" lon="6.316350"><ele>975.0</ele></trkpt>
<trkpt lat="44.474190" lon="6.316300"><ele>973.4</ele></trkpt>
<trkpt lat="44.474240" lon="6.316270"><ele>971.7</ele></trkpt>
<trkpt lat="44.474710" lon="6.316110"><ele>970.0</ele></trkpt>
<trkpt lat="44.474820" lon="6.316060"><ele>968.7</ele></trkpt>
<trkpt lat="44.474840" lon="6.316040"><ele>968.1</ele></trkpt>
<trkpt lat="44.474860" lon="6.316010"><ele>967.5</ele></trkpt>
<trkpt lat="44.474880" lon="6.315940"><ele>967.1</ele></trkpt>
<trkpt lat="44.474880" lon="6.315870"><ele>966.8</ele></trkpt>
<trkpt lat="44.474870" lon="6.315830"><ele>966.3</ele></trkpt>
<trkpt lat="44.474860" lon="6.315810"><ele>965.6</ele></trkpt>
<trkpt lat="44.474820" lon="6.315770"><ele>965.0</ele></trkpt>
<trkpt lat="44.474770" lon="6.315770"><ele>964.0</ele></trkpt>
<trkpt lat="44.474750" lon="6.315780"><ele>962.9</ele></trkpt>
<trkpt lat="44.474700" lon="6.315790"><ele>961.9</ele></trkpt>
<trkpt lat="44.474500" lon="6.315930"><ele>961.2</ele></trkpt>
<trkpt lat="44.474440" lon="6.315950"><ele>960.7</ele></trkpt>
<trkpt lat="44.474140" lon="6.315990"><ele>960.2</ele></trkpt>
<trkpt lat="44.474010" lon="6.316050"><ele>959.8</ele></trkpt>
<trkpt lat="44.473900" lon="6.316140"><ele>959.4</ele></trkpt>
<trkpt lat="44.473650" lon="6.316400"><ele>959.0</ele></trkpt>
<trkpt lat="44.473490" lon="6.316600"><ele>958.4</ele></trkpt>
<trkpt lat="44.473440" lon="6.316720"><ele>957.7</ele></trkpt>
<trkpt lat="44.473360" lon="6.317040"><ele>956.3</ele></trkpt>
<trkpt lat="44.473290" lon="6.317250"><ele>954.8</ele></trkpt>
<trkpt lat="44.473260" lon="6.317310"><ele>953.2</ele></trkpt>
<trkpt lat="44.473180" lon="6.317410"><ele>951.8</ele></trkpt>
<trkpt lat="44.473120" lon="6.317460"><ele>950.3</ele></trkpt>
<trkpt lat="44.473030" lon="6.317510"><ele>948.8</ele></trkpt>
<trkpt lat="44.472930" lon="6.317520"><ele>947.1</ele></trkpt>
<trkpt lat="44.472850" lon="6.317510"><ele>945.4</ele></trkpt>
<trkpt lat="44.472450" lon="6.317370"><ele>943.5</ele></trkpt>
<trkpt lat="44.472370" lon="6.317350"><ele>941.1</ele></trkpt>
<trkpt lat="44.472290" lon="6.317340"><ele>938.1</ele></trkpt>
<trkpt lat="44.472240" lon="6.317350"><ele>935.1</ele></trkpt>
<trkpt lat="44.472120" lon="6.317400"><ele>932.1</ele></trkpt>
<trkpt lat="44.472030" lon="6.317450"><ele>929.2</ele></trkpt>
<trkpt lat="44.471910" lon="6.317540"><ele>926.5</ele></trkpt>
<trkpt lat="44.471810" lon="6.317630"><ele>924.0</ele></trkpt>
<trkpt lat="44.471730" lon="6.317750"><ele>921.7</ele></trkpt>
<trkpt lat="44.471520" lon="6.318180"><ele>920.2</ele></trkpt>
<trkpt lat="44.471190" lon="6.318640"><ele>919.1</ele></trkpt>
<trkpt lat="44.471070" lon="6.318850"><ele>918.2</ele></trkpt>
<trkpt lat="44.471030" lon="6.318990"><ele>917.4</ele></trkpt>
<trkpt lat="44.471000" lon="6.319160"><ele>916.7</ele></trkpt>
<trkpt lat="44.470990" lon="6.319460"><ele>916.2</ele></trkpt>
<trkpt lat="44.471000" lon="6.319520"><ele>915.5</ele></trkpt>
<trkpt lat="44.471000" lon="6.319570"><ele>914.9</ele></trkpt>
<trkpt lat="44.471020" lon="6.319650"><ele>914.3</ele></trkpt>
<trkpt lat="44.471240" lon="6.320080"><ele>913.6</ele></trkpt>
<trkpt lat="44.471300" lon="6.320230"><ele>913.1</ele></trkpt>
<trkpt lat="44.471300" lon="6.320270"><ele>912.6</ele></trkpt>
<trkpt lat="44.471310" lon="6.320320"><ele>912.0</ele></trkpt>
<trkpt lat="44.471310" lon="6.320480"><ele>911.3</ele></trkpt>
<trkpt lat="44.471240" lon="6.321030"><ele>910.5</ele></trkpt>
<trkpt lat="44.471250" lon="6.321300"><ele>909.6</ele></trkpt>
<trkpt lat="44.471280" lon="6.321440"><ele>908.8</ele></trkpt>
<trkpt lat="44.471580" lon="6.322260"><ele>907.9</ele></trkpt>
<trkpt lat="44.471700" lon="6.322480"><ele>906.7</ele></trkpt>
<trkpt lat="44.471820" lon="6.322610"><ele>905.4</ele></trkpt>
<trkpt lat="44.471940" lon="6.322710"><ele>904.1</ele></trkpt>
<trkpt lat="44.472030" lon="6.322770"><ele>902.7</ele></trkpt>
<trkpt lat="44.472140" lon="6.322810"><ele>901.4</ele></trkpt>
<trkpt lat="44.472710" lon="6.322930"><ele>900.2</ele></trkpt>
<trkpt lat="44.472800" lon="6.322970"><ele>899.0</ele></trkpt>
<trkpt lat="44.472910" lon="6.323070"><ele>897.8</ele></trkpt>
<trkpt lat="44.473010" lon="6.323220"><ele>896.9</ele></trkpt>
<trkpt lat="44.473030" lon="6.323260"><ele>896.1</ele></trkpt>
<trkpt lat="44.473090" lon="6.323520"><ele>895.4</ele></trkpt>
<trkpt lat="44.473080" lon="6.323600"><ele>894.8</ele></trkpt>
<trkpt lat="44.473080" lon="6.323660"><ele>894.4</ele></trkpt>
<trkpt lat="44.473070" lon="6.323720"><ele>894.2</ele></trkpt>
<trkpt lat="44.472940" lon="6.324150"><ele>893.9</ele></trkpt>
<trkpt lat="44.472840" lon="6.324600"><ele>893.7</ele></trkpt>
<trkpt lat="44.472780" lon="6.324780"><ele>893.4</ele></trkpt>
<trkpt lat="44.472700" lon="6.324950"><ele>893.1</ele></trkpt>
<trkpt lat="44.472610" lon="6.325190"><ele>892.7</ele></trkpt>
<trkpt lat="44.472580" lon="6.325370"><ele>892.4</ele></trkpt>
<trkpt lat="44.472600" lon="6.325740"><ele>892.1</ele></trkpt>
<trkpt lat="44.472710" lon="6.326540"><ele>891.7</ele></trkpt>
<trkpt lat="44.472720" lon="6.326720"><ele>891.4</ele></trkpt>
<trkpt lat="44.472700" lon="6.326840"><ele>891.2</ele></trkpt>
<trkpt lat="44.472660" lon="6.326980"><ele>891.0</ele></trkpt>
<trkpt lat="44.472590" lon="6.327120"><ele>890.8</ele></trkpt>
<trkpt lat="44.472490" lon="6.327220"><ele>890.6</ele></trkpt>
<trkpt lat="44.472440" lon="6.327260"><ele>890.1</ele></trkpt>
<trkpt lat="44.472350" lon="6.327300"><ele>889.5</ele></trkpt>
<trkpt lat="44.472250" lon="6.327320"><ele>888.7</ele></trkpt>
<trkpt lat="44.472150" lon="6.327300"><ele>887.8</ele></trkpt>
<trkpt lat="44.472090" lon="6.327280"><ele>886.8</ele></trkpt>
<trkpt lat="44.472000" lon="6.327220"><ele>885.7</ele></trkpt>
<trkpt lat="44.471860" lon="6.327090"><ele>884.6</ele></trkpt>
<trkpt lat="44.471830" lon="6.327040"><ele>883.3</ele></trkpt>
<trkpt lat="44.471570" lon="6.326310"><ele>882.1</ele></trkpt>
<trkpt lat="44.471440" lon="6.326030"><ele>880.7</ele></trkpt>
<trkpt lat="44.471380" lon="6.325970"><ele>879.3</ele></trkpt>
<trkpt lat="44.471320" lon="6.325930"><ele>877.8</ele></trkpt>
<trkpt lat="44.471110" lon="6.325870"><ele>876.3</ele></trkpt>
<trkpt lat="44.471010" lon="6.325830"><ele>874.7</ele></trkpt>
<trkpt lat="44.470890" lon="6.325800"><ele>873.1</ele></trkpt>
<trkpt lat="44.470660" lon="6.325700"><ele>871.6</ele></trkpt>
<trkpt lat="44.470570" lon="6.325670"><ele>870.1</ele></trkpt>
<trkpt lat="44.470450" lon="6.325650"><ele>868.7</ele></trkpt>
<trkpt lat="44.470410" lon="6.325650"><ele>867.3</ele></trkpt>
<trkpt lat="44.470320" lon="6.325670"><ele>865.9</ele></trkpt>
<trkpt lat="44.470270" lon="6.325700"><ele>864.5</ele></trkpt>
<trkpt lat="44.470050" lon="6.325910"><ele>863.4</ele></trkpt>
<trkpt lat="44.470010" lon="6.325970"><ele>862.2</ele></trkpt>
<trkpt lat="44.469970" lon="6.326060"><ele>861.1</ele></trkpt>
<trkpt lat="44.469910" lon="6.326300"><ele>860.0</ele></trkpt>
<trkpt lat="44.469820" lon="6.326950"><ele>858.9</ele></trkpt>
<trkpt lat="44.469820" lon="6.327220"><ele>857.5</ele></trkpt>
<trkpt lat="44.469840" lon="6.327360"><ele>856.0</ele></trkpt>
<trkpt lat="44.469880" lon="6.327510"><ele>854.6</ele></trkpt>
<trkpt lat="44.470200" lon="6.328090"><ele>853.2</ele></trkpt>
<trkpt lat="44.470230" lon="6.328170"><ele>852.0</ele></trkpt>
<trkpt lat="44.470290" lon="6.328410"><ele>850.7</ele></trkpt>
<trkpt lat="44.470310" lon="6.328600"><ele>849.5</ele></trkpt>
<trkpt lat="44.470290" lon="6.328790"><ele>847.7</ele></trkpt>
<trkpt lat="44.470130" lon="6.329290"><ele>846.0</ele></trkpt>
<trkpt lat="44.470090" lon="6.329450"><ele>844.1</ele></trkpt>
<trkpt lat="44.470070" lon="6.329580"><ele>841.8</ele></trkpt>
<trkpt lat="44.470070" lon="6.330340"><ele>839.1</ele></trkpt>
<trkpt lat="44.470060" lon="6.330440"><ele>836.0</ele></trkpt>
<trkpt lat="44.470060" lon="6.330550"><ele>832.9</ele></trkpt>
<trkpt lat="44.470040" lon="6.330710"><ele>829.7</ele></trkpt>
<trkpt lat="44.469470" lon="6.333090"><ele>826.5</ele></trkpt>
<trkpt lat="44.469340" lon="6.333490"><ele>823.3</ele></trkpt>
<trkpt lat="44.469140" lon="6.333990"><ele>820.5</ele></trkpt>
<trkpt lat="44.468920" lon="6.334440"><ele>817.7</ele></trkpt>
<trkpt lat="44.468550" lon="6.335050"><ele>814.9</ele></trkpt>
<trkpt lat="44.468270" lon="6.335460"><ele>812.2</ele></trkpt>
<trkpt lat="44.468200" lon="6.335590"><ele>809.5</ele></trkpt>
<trkpt lat="44.468060" lon="6.335810"><ele>805.7</ele></trkpt>
<trkpt lat="44.467890" lon="6.336190"><ele>801.9</ele></trkpt>
<trkpt lat="44.467860" lon="6.336310"><ele>798.6</ele></trkpt>
<trkpt lat="44.467840" lon="6.336440"><ele>795.6</ele></trkpt>
<trkpt lat="44.467830" lon="6.336740"><ele>793.0</ele></trkpt>
<trkpt lat="44.467840" lon="6.336880"><ele>790.9</ele></trkpt>
<trkpt lat="44.467840" lon="6.337370"><ele>789.5</ele></trkpt>
<trkpt lat="44.467790" lon="6.337670"><ele>788.7</ele></trkpt>
<trkpt lat="44.467320" lon="6.339350"><ele>788.1</ele></trkpt>
<trkpt lat="44.467300" lon="6.339470"><ele>787.6</ele></trkpt>
<trkpt lat="44.466850" lon="6.341190"><ele>787.3</ele></trkpt>
<trkpt lat="44.466840" lon="6.341320"><ele>787.1</ele></trkpt>
<trkpt lat="44.466840" lon="6.341520"><ele>786.9</ele></trkpt>
<trkpt lat="44.466870" lon="6.341730"><ele>786.3</ele></trkpt>
<trkpt lat="44.466970" lon="6.342030"><ele>785.7</ele></trkpt>
<trkpt lat="44.467150" lon="6.342480"><ele>785.1</ele></trkpt>
<trkpt lat="44.467220" lon="6.342740"><ele>784.5</ele></trkpt>
<trkpt lat="44.467220" lon="6.342780"><ele>784.9</ele></trkpt>
<trkpt lat="44.467230" lon="6.342840"><ele>785.3</ele></trkpt>
<trkpt lat="44.467230" lon="6.343010"><ele>785.8</ele></trkpt>
<trkpt lat="44.467190" lon="6.343350"><ele>787.7</ele></trkpt>
<trkpt lat="44.466910" lon="6.344830"><ele>789.4</ele></trkpt>
<trkpt lat="44.466910" lon="6.344990"><ele>791.0</ele></trkpt>
<trkpt lat="44.466930" lon="6.345130"><ele>792.3</ele></trkpt>
<trkpt lat="44.466960" lon="6.345210"><ele>793.2</ele></trkpt>
<trkpt lat="44.467040" lon="6.345340"><ele>793.9</ele></trkpt>
<trkpt lat="44.467090" lon="6.345390"><ele>794.5</ele></trkpt>
<trkpt lat="44.467170" lon="6.345430"><ele>794.9</ele></trkpt>
<trkpt lat="44.468180" lon="6.345760"><ele>795.2</ele></trkpt>
<trkpt lat="44.468220" lon="6.345780"><ele>795.6</ele></trkpt>
<trkpt lat="44.468290" lon="6.345830"><ele>796.2</ele></trkpt>
<trkpt lat="44.468360" lon="6.345900"><ele>796.9</ele></trkpt>
<trkpt lat="44.468380" lon="6.345950"><ele>797.4</ele></trkpt>
<trkpt lat="44.468410" lon="6.345990"><ele>797.8</ele></trkpt>
<trkpt lat="44.468440" lon="6.346110"><ele>798.2</ele></trkpt>
<trkpt lat="44.468450" lon="6.346210"><ele>798.6</ele></trkpt>
<trkpt lat="44.468450" lon="6.346310"><ele>799.0</ele></trkpt>
<trkpt lat="44.468420" lon="6.346420"><ele>798.0</ele></trkpt>
<trkpt lat="44.468320" lon="6.346550"><ele>796.8</ele></trkpt>
<trkpt lat="44.468240" lon="6.346620"><ele>795.5</ele></trkpt>
<trkpt lat="44.467970" lon="6.346740"><ele>794.3</ele></trkpt>
<trkpt lat="44.467850" lon="6.346830"><ele>793.2</ele></trkpt>
<trkpt lat="44.467760" lon="6.346950"><ele>792.1</ele></trkpt>
<trkpt lat="44.467720" lon="6.347040"><ele>791.1</ele></trkpt>
<trkpt lat="44.467690" lon="6.347140"><ele>790.2</ele></trkpt>
<trkpt lat="44.467560" lon="6.348030"><ele>790.2</ele></trkpt>
<trkpt lat="44.467470" lon="6.348360"><ele>790.4</ele></trkpt>
<trkpt lat="44.467280" lon="6.348800"><ele>790.7</ele></trkpt>
<trkpt lat="44.467220" lon="6.348990"><ele>791.0</ele></trkpt>
<trkpt lat="44.467200" lon="6.349090"><ele>791.6</ele></trkpt>
<trkpt lat="44.467180" lon="6.349290"><ele>792.5</ele></trkpt>
<trkpt lat="44.467180" lon="6.349400"><ele>793.5</ele></trkpt>
<trkpt lat="44.467200" lon="6.349480"><ele>794.6</ele></trkpt>
<trkpt lat="44.467460" lon="6.350160"><ele>795.8</ele></trkpt>
<trkpt lat="44.467500" lon="6.350480"><ele>797.1</ele></trkpt>
<trkpt lat="44.467480" lon="6.350730"><ele>798.5</ele></trkpt>
<trkpt lat="44.467410" lon="6.351090"><ele>799.9</ele></trkpt>
<trkpt lat="44.467250" lon="6.351700"><ele>800.8</ele></trkpt>
<trkpt lat="44.467170" lon="6.352360"><ele>801.5</ele></trkpt>
<trkpt lat="44.467140" lon="6.352490"><ele>802.1</ele></trkpt>
<trkpt lat="44.467090" lon="6.352610"><ele>802.6</ele></trkpt>
<trkpt lat="44.467040" lon="6.352690"><ele>803.1</ele></trkpt>
<trkpt lat="44.466970" lon="6.352780"><ele>802.8</ele></trkpt>
<trkpt lat="44.466910" lon="6.352840"><ele>802.7</ele></trkpt>
<trkpt lat="44.466810" lon="6.352900"><ele>802.6</ele></trkpt>
<trkpt lat="44.466310" lon="6.353140"><ele>802.5</ele></trkpt>
<trkpt lat="44.466230" lon="6.353200"><ele>802.4</ele></trkpt>
<trkpt lat="44.466010" lon="6.353410"><ele>802.0</ele></trkpt>
<trkpt lat="44.465930" lon="6.353510"><ele>801.5</ele></trkpt>
<trkpt lat="44.465810" lon="6.353700"><ele>800.9</ele></trkpt>
<trkpt lat="44.465670" lon="6.353980"><ele>800.2</ele></trkpt>
<trkpt lat="44.465540" lon="6.354450"><ele>799.5</ele></trkpt>
<trkpt lat="44.465040" lon="6.356630"><ele>798.7</ele></trkpt>
<trkpt lat="44.464920" lon="6.357270"><ele>797.9</ele></trkpt>
<trkpt lat="44.464890" lon="6.357510"><ele>797.2</ele></trkpt>
<trkpt lat="44.464900" lon="6.357750"><ele>796.4</ele></trkpt>
<trkpt lat="44.465270" lon="6.360510"><ele>795.7</ele></trkpt>
<trkpt lat="44.465260" lon="6.360860"><ele>794.9</ele></trkpt>
<trkpt lat="44.465140" lon="6.361140"><ele>794.2</ele></trkpt>
<trkpt lat="44.465080" lon="6.361230"><ele>793.3</ele></trkpt>
<trkpt lat="44.464960" lon="6.361370"><ele>792.2</ele></trkpt>
<trkpt lat="44.464850" lon="6.361460"><ele>790.9</ele></trkpt>
<trkpt lat="44.463330" lon="6.362270"><ele>789.7</ele></trkpt>
<trkpt lat="44.463220" lon="6.362340"><ele>788.6</ele></trkpt>
<trkpt lat="44.463060" lon="6.362500"><ele>788.2</ele></trkpt>
<trkpt lat="44.462950" lon="6.362660"><ele>787.5</ele></trkpt>
<trkpt lat="44.462920" lon="6.362740"><ele>786.8</ele></trkpt>
<trkpt lat="44.462850" lon="6.363030"><ele>786.5</ele></trkpt>
<trkpt lat="44.462850" lon="6.363120"><ele>786.9</ele></trkpt>
<trkpt lat="44.462840" lon="6.363200"><ele>787.3</ele></trkpt>
<trkpt lat="44.462850" lon="6.363290"><ele>787.8</ele></trkpt>
<trkpt lat="44.462850" lon="6.363400"><ele>788.9</ele></trkpt>
<trkpt lat="44.462980" lon="6.364450"><ele>790.1</ele></trkpt>
<trkpt lat="44.463090" lon="6.364980"><ele>791.3</ele></trkpt>
<trkpt lat="44.463180" lon="6.365290"><ele>792.5</ele></trkpt>
<trkpt lat="44.463290" lon="6.365530"><ele>793.8</ele></trkpt>
<trkpt lat="44.463730" lon="6.366270"><ele>794.9</ele></trkpt>
<trkpt lat="44.463770" lon="6.366380"><ele>795.9</ele></trkpt>
<trkpt lat="44.463820" lon="6.366480"><ele>796.1</ele></trkpt>
<trkpt lat="44.463890" lon="6.366710"><ele>796.2</ele></trkpt>
<trkpt lat="44.463910" lon="6.366820"><ele>796.3</ele></trkpt>
<trkpt lat="44.463910" lon="6.367020"><ele>795.8</ele></trkpt>
<trkpt lat="44.463890" lon="6.367180"><ele>796.1</ele></trkpt>
<trkpt lat="44.463860" lon="6.367310"><ele>796.6</ele></trkpt>
<trkpt lat="44.463780" lon="6.367500"><ele>796.7</ele></trkpt>
<trkpt lat="44.463650" lon="6.367720"><ele>794.9</ele></trkpt>
<trkpt lat="44.462180" lon="6.369780"><ele>793.2</ele></trkpt>
<trkpt lat="44.462060" lon="6.369970"><ele>791.5</ele></trkpt>
<trkpt lat="44.461960" lon="6.370190"><ele>789.8</ele></trkpt>
<trkpt lat="44.461880" lon="6.370430"><ele>788.2</ele></trkpt>
<trkpt lat="44.461680" lon="6.371780"><ele>786.8</ele></trkpt>
<trkpt lat="44.461610" lon="6.372040"><ele>785.6</ele></trkpt>
<trkpt lat="44.461520" lon="6.372260"><ele>784.8</ele></trkpt>
<trkpt lat="44.460490" lon="6.373910"><ele>784.0</ele></trkpt>
<trkpt lat="44.460430" lon="6.374030"><ele>783.4</ele></trkpt>
<trkpt lat="44.460360" lon="6.374140"><ele>783.5</ele></trkpt>
<trkpt lat="44.460310" lon="6.374250"><ele>783.7</ele></trkpt>
<trkpt lat="44.460250" lon="6.374350"><ele>784.2</ele></trkpt>
<trkpt lat="44.460190" lon="6.374480"><ele>784.6</ele></trkpt>
<trkpt lat="44.460040" lon="6.374920"><ele>784.4</ele></trkpt>
<trkpt lat="44.459600" lon="6.376570"><ele>784.2</ele></trkpt>
<trkpt lat="44.459460" lon="6.376990"><ele>784.0</ele></trkpt>
<trkpt lat="44.459290" lon="6.377360"><ele>785.2</ele></trkpt>
<trkpt lat="44.459170" lon="6.377580"><ele>786.5</ele></trkpt>
<trkpt lat="44.459030" lon="6.377800"><ele>787.6</ele></trkpt>
<trkpt lat="44.458750" lon="6.378180"><ele>788.7</ele></trkpt>
<trkpt lat="44.458590" lon="6.378350"><ele>789.6</ele></trkpt>
<trkpt lat="44.458570" lon="6.378360"><ele>790.6</ele></trkpt>
<trkpt lat="44.458460" lon="6.378470"><ele>791.5</ele></trkpt>
<trkpt lat="44.458360" lon="6.378600"><ele>792.1</ele></trkpt>
<trkpt lat="44.458210" lon="6.378860"><ele>793.2</ele></trkpt>
<trkpt lat="44.457850" lon="6.379640"><ele>794.6</ele></trkpt>
<trkpt lat="44.457640" lon="6.380180"><ele>796.0</ele></trkpt>
<trkpt lat="44.457390" lon="6.381060"><ele>797.1</ele></trkpt>
<trkpt lat="44.457300" lon="6.381580"><ele>797.9</ele></trkpt>
<trkpt lat="44.457280" lon="6.381870"><ele>798.4</ele></trkpt>
<trkpt lat="44.457290" lon="6.382100"><ele>798.7</ele></trkpt>
<trkpt lat="44.457260" lon="6.383030"><ele>798.9</ele></trkpt>
<trkpt lat="44.457150" lon="6.384270"><ele>799.0</ele></trkpt>
<trkpt lat="44.457120" lon="6.384460"><ele>798.9</ele></trkpt>
<trkpt lat="44.456950" lon="6.385130"><ele>798.6</ele></trkpt>
<trkpt lat="44.456700" lon="6.385620"><ele>798.4</ele></trkpt>
<trkpt lat="44.456610" lon="6.385760"><ele>798.0</ele></trkpt>
<trkpt lat="44.456400" lon="6.386020"><ele>797.6</ele></trkpt>
<trkpt lat="44.456080" lon="6.386300"><ele>797.1</ele></trkpt>
<trkpt lat="44.455520" lon="6.386740"><ele>795.5</ele></trkpt>
<trkpt lat="44.455390" lon="6.386810"><ele>793.9</ele></trkpt>
<trkpt lat="44.455230" lon="6.386870"><ele>792.2</ele></trkpt>
<trkpt lat="44.455030" lon="6.386910"><ele>790.5</ele></trkpt>
<trkpt lat="44.454920" lon="6.386920"><ele>788.9</ele></trkpt>
<trkpt lat="44.454720" lon="6.386900"><ele>787.8</ele></trkpt>
<trkpt lat="44.454570" lon="6.386870"><ele>786.8</ele></trkpt>
<trkpt lat="44.454080" lon="6.386720"><ele>786.2</ele></trkpt>
<trkpt lat="44.452880" lon="6.386400"><ele>785.8</ele></trkpt>
<trkpt lat="44.452770" lon="6.386380"><ele>785.1</ele></trkpt>
<trkpt lat="44.452630" lon="6.386380"><ele>784.9</ele></trkpt>
<trkpt lat="44.452590" lon="6.386390"><ele>785.5</ele></trkpt>
<trkpt lat="44.452510" lon="6.386430"><ele>786.2</ele></trkpt>
<trkpt lat="44.452470" lon="6.386460"><ele>787.0</ele></trkpt>
<trkpt lat="44.452430" lon="6.386500"><ele>787.7</ele></trkpt>
<trkpt lat="44.452380" lon="6.386570"><ele>788.4</ele></trkpt>
<trkpt lat="44.452340" lon="6.386650"><ele>789.0</ele></trkpt>
<trkpt lat="44.452230" lon="6.387020"><ele>790.4</ele></trkpt>
<trkpt lat="44.452160" lon="6.387320"><ele>791.8</ele></trkpt>
<trkpt lat="44.452080" lon="6.387900"><ele>792.7</ele></trkpt>
<trkpt lat="44.452080" lon="6.388010"><ele>793.5</ele></trkpt>
<trkpt lat="44.452070" lon="6.388110"><ele>794.1</ele></trkpt>
<trkpt lat="44.452130" lon="6.388610"><ele>794.5</ele></trkpt>
<trkpt lat="44.452210" lon="6.388930"><ele>794.9</ele></trkpt>
<trkpt lat="44.452270" lon="6.389080"><ele>795.4</ele></trkpt>
<trkpt lat="44.452340" lon="6.389220"><ele>795.9</ele></trkpt>
<trkpt lat="44.452360" lon="6.389280"><ele>797.6</ele></trkpt>
<trkpt lat="44.452410" lon="6.389590"><ele>798.9</ele></trkpt>
<trkpt lat="44.452410" lon="6.389660"><ele>799.7</ele></trkpt>
<trkpt lat="44.452400" lon="6.389730"><ele>800.8</ele></trkpt>
<trkpt lat="44.452360" lon="6.389890"><ele>802.0</ele></trkpt>
<trkpt lat="44.452290" lon="6.390060"><ele>803.5</ele></trkpt>
<trkpt lat="44.452150" lon="6.390310"><ele>805.2</ele></trkpt>
<trkpt lat="44.452070" lon="6.390430"><ele>807.0</ele></trkpt>
<trkpt lat="44.451440" lon="6.391150"><ele>808.9</ele></trkpt>
<trkpt lat="44.451190" lon="6.391400"><ele>810.8</ele></trkpt>
<trkpt lat="44.451070" lon="6.391490"><ele>812.6</ele></trkpt>
<trkpt lat="44.450820" lon="6.391610"><ele>814.2</ele></trkpt>
<trkpt lat="44.450570" lon="6.391700"><ele>815.9</ele></trkpt>
<trkpt lat="44.450330" lon="6.391840"><ele>817.4</ele></trkpt>
<trkpt lat="44.450240" lon="6.391950"><ele>819.0</ele></trkpt>
<trkpt lat="44.450180" lon="6.392070"><ele>820.5</ele></trkpt>
<trkpt lat="44.450150" lon="6.392210"><ele>822.6</ele></trkpt>
<trkpt lat="44.450150" lon="6.392270"><ele>824.2</ele></trkpt>
<trkpt lat="44.450190" lon="6.392600"><ele>825.6</ele></trkpt>
<trkpt lat="44.450190" lon="6.392800"><ele>827.1</ele></trkpt>
<trkpt lat="44.450180" lon="6.392860"><ele>828.5</ele></trkpt>
<trkpt lat="44.450130" lon="6.392970"><ele>829.7</ele></trkpt>
<trkpt lat="44.450040" lon="6.393090"><ele>830.8</ele></trkpt>
<trkpt lat="44.450000" lon="6.393120"><ele>831.8</ele></trkpt>
<trkpt lat="44.449560" lon="6.393310"><ele>832.4</ele></trkpt>
<trkpt lat="44.449490" lon="6.393360"><ele>832.9</ele></trkpt>
<trkpt lat="44.449430" lon="6.393420"><ele>833.2</ele></trkpt>
<trkpt lat="44.449320" lon="6.393590"><ele>833.7</ele></trkpt>
<trkpt lat="44.449270" lon="6.393690"><ele>834.3</ele></trkpt>
<trkpt lat="44.449220" lon="6.393930"><ele>834.9</ele></trkpt>
<trkpt lat="44.449210" lon="6.394060"><ele>835.5</ele></trkpt>
<trkpt lat="44.449230" lon="6.394180"><ele>836.4</ele></trkpt>
<trkpt lat="44.449320" lon="6.394510"><ele>837.5</ele></trkpt>
<trkpt lat="44.449370" lon="6.394640"><ele>838.2</ele></trkpt>
<trkpt lat="44.449400" lon="6.394780"><ele>838.9</ele></trkpt>
<trkpt lat="44.449410" lon="6.394890"><ele>839.6</ele></trkpt>
<trkpt lat="44.449390" lon="6.395090"><ele>840.1</ele></trkpt>
<trkpt lat="44.449150" lon="6.396160"><ele>840.5</ele></trkpt>
<trkpt lat="44.449110" lon="6.396270"><ele>840.9</ele></trkpt>
<trkpt lat="44.448920" lon="6.396630"><ele>841.3</ele></trkpt>
<trkpt lat="44.448680" lon="6.397010"><ele>841.2</ele></trkpt>
<trkpt lat="44.448500" lon="6.397330"><ele>841.5</ele></trkpt>
<trkpt lat="44.448430" lon="6.397490"><ele>842.0</ele></trkpt>
<trkpt lat="44.448390" lon="6.397630"><ele>842.5</ele></trkpt>
<trkpt lat="44.448350" lon="6.397970"><ele>843.0</ele></trkpt>
<trkpt lat="44.448350" lon="6.398520"><ele>843.6</ele></trkpt>
<trkpt lat="44.448370" lon="6.398660"><ele>844.4</ele></trkpt>
<trkpt lat="44.448420" lon="6.398860"><ele>845.2</ele></trkpt>
<trkpt lat="44.448750" lon="6.399810"><ele>846.1</ele></trkpt>
<trkpt lat="44.448800" lon="6.399990"><ele>847.2</ele></trkpt>
<trkpt lat="44.448930" lon="6.400940"><ele>848.7</ele></trkpt>
<trkpt lat="44.448950" lon="6.401710"><ele>850.3</ele></trkpt>
<trkpt lat="44.448930" lon="6.401960"><ele>851.7</ele></trkpt>
<trkpt lat="44.448880" lon="6.402160"><ele>853.0</ele></trkpt>
<trkpt lat="44.448840" lon="6.402250"><ele>853.4</ele></trkpt>
<trkpt lat="44.448770" lon="6.402340"><ele>853.7</ele></trkpt>
<trkpt lat="44.448650" lon="6.402470"><ele>854.1</ele></trkpt>
<trkpt lat="44.448450" lon="6.402660"><ele>856.0</ele></trkpt>
<trkpt lat="44.448060" lon="6.403090"><ele>858.1</ele></trkpt>
<trkpt lat="44.447900" lon="6.403430"><ele>860.7</ele></trkpt>
<trkpt lat="44.447850" lon="6.403630"><ele>863.5</ele></trkpt>
<trkpt lat="44.447810" lon="6.403880"><ele>866.3</ele></trkpt>
<trkpt lat="44.447710" lon="6.405120"><ele>868.4</ele></trkpt>
<trkpt lat="44.447660" lon="6.405330"><ele>870.5</ele></trkpt>
<trkpt lat="44.447580" lon="6.405540"><ele>872.5</ele></trkpt>
<trkpt lat="44.446740" lon="6.406730"><ele>874.6</ele></trkpt>
<trkpt lat="44.446540" lon="6.407070"><ele>876.3</ele></trkpt>
<trkpt lat="44.446330" lon="6.407550"><ele>877.1</ele></trkpt>
<trkpt lat="44.446260" lon="6.407780"><ele>877.4</ele></trkpt>
<trkpt lat="44.446240" lon="6.407950"><ele>877.7</ele></trkpt>
<trkpt lat="44.446250" lon="6.408540"><ele>878.1</ele></trkpt>
<trkpt lat="44.446220" lon="6.408650"><ele>879.3</ele></trkpt>
<trkpt lat="44.446160" lon="6.408810"><ele>880.6</ele></trkpt>
<trkpt lat="44.446060" lon="6.408990"><ele>882.0</ele></trkpt>
<trkpt lat="44.446020" lon="6.409100"><ele>882.7</ele></trkpt>
<trkpt lat="44.446000" lon="6.409190"><ele>883.9</ele></trkpt>
<trkpt lat="44.446000" lon="6.409580"><ele>884.8</ele></trkpt>
<trkpt lat="44.445990" lon="6.409680"><ele>885.7</ele></trkpt>
<trkpt lat="44.445770" lon="6.410610"><ele>886.6</ele></trkpt>
<trkpt lat="44.445710" lon="6.410790"><ele>888.1</ele></trkpt>
<trkpt lat="44.445670" lon="6.410880"><ele>889.5</ele></trkpt>
<trkpt lat="44.445610" lon="6.410970"><ele>890.8</ele></trkpt>
<trkpt lat="44.445450" lon="6.411160"><ele>891.6</ele></trkpt>
<trkpt lat="44.444880" lon="6.411630"><ele>892.4</ele></trkpt>
<trkpt lat="44.443890" lon="6.412310"><ele>893.3</ele></trkpt>
<trkpt lat="44.443700" lon="6.412410"><ele>894.6</ele></trkpt>
<trkpt lat="44.443570" lon="6.412500"><ele>895.6</ele></trkpt>
<trkpt lat="44.443530" lon="6.412540"><ele>896.7</ele></trkpt>
<trkpt lat="44.443470" lon="6.412580"><ele>898.0</ele></trkpt>
<trkpt lat="44.443410" lon="6.412640"><ele>899.6</ele></trkpt>
<trkpt lat="44.442590" lon="6.413340"><ele>901.0</ele></trkpt>
<trkpt lat="44.442520" lon="6.413390"><ele>901.7</ele></trkpt>
<trkpt lat="44.442150" lon="6.413600"><ele>901.6</ele></trkpt>
<trkpt lat="44.441970" lon="6.413720"><ele>901.9</ele></trkpt>
<trkpt lat="44.441260" lon="6.414450"><ele>902.1</ele></trkpt>
<trkpt lat="44.441170" lon="6.414510"><ele>902.7</ele></trkpt>
<trkpt lat="44.441000" lon="6.414580"><ele>903.4</ele></trkpt>
<trkpt lat="44.440550" lon="6.414940"><ele>903.9</ele></trkpt>
<trkpt lat="44.440420" lon="6.415140"><ele>904.3</ele></trkpt>
<trkpt lat="44.440340" lon="6.415340"><ele>904.5</ele></trkpt>
<trkpt lat="44.440250" lon="6.415460"><ele>904.2</ele></trkpt>
<trkpt lat="44.439680" lon="6.416090"><ele>903.7</ele></trkpt>
<trkpt lat="44.439580" lon="6.416170"><ele>903.1</ele></trkpt>
<trkpt lat="44.439160" lon="6.416430"><ele>903.0</ele></trkpt>
<trkpt lat="44.438790" lon="6.416700"><ele>902.9</ele></trkpt>
<trkpt lat="44.438580" lon="6.416910"><ele>902.5</ele></trkpt>
<trkpt lat="44.438520" lon="6.416990"><ele>901.9</ele></trkpt>
<trkpt lat="44.438390" lon="6.417200"><ele>901.7</ele></trkpt>
<trkpt lat="44.438190" lon="6.417610"><ele>901.3</ele></trkpt>
<trkpt lat="44.438150" lon="6.417650"><ele>901.7</ele></trkpt>
<trkpt lat="44.438130" lon="6.417660"><ele>902.2</ele></trkpt>
<trkpt lat="44.438110" lon="6.417660"><ele>902.7</ele></trkpt>
<trkpt lat="44.438090" lon="6.417650"><ele>903.2</ele></trkpt>
<trkpt lat="44.438070" lon="6.417630"><ele>903.6</ele></trkpt>
<trkpt lat="44.438040" lon="6.417610"><ele>904.2</ele></trkpt>
<trkpt lat="44.437990" lon="6.417550"><ele>904.8</ele></trkpt>
<trkpt lat="44.437790" lon="6.417840"><ele>905.5</ele></trkpt>
<trkpt lat="44.437300" lon="6.418460"><ele>906.4</ele></trkpt>
<trkpt lat="44.437160" lon="6.418740"><ele>907.2</ele></trkpt>
<trkpt lat="44.437110" lon="6.418890"><ele>907.9</ele></trkpt>
<trkpt lat="44.437010" lon="6.419290"><ele>908.5</ele></trkpt>
<trkpt lat="44.437000" lon="6.419370"><ele>909.1</ele></trkpt>
<trkpt lat="44.437000" lon="6.419420"><ele>909.5</ele></trkpt>
<trkpt lat="44.437020" lon="6.419580"><ele>910.2</ele></trkpt>
<trkpt lat="44.437060" lon="6.419770"><ele>910.6</ele></trkpt>
<trkpt lat="44.437110" lon="6.419930"><ele>911.3</ele></trkpt>
<trkpt lat="44.437150" lon="6.420140"><ele>911.5</ele></trkpt>
<trkpt lat="44.437160" lon="6.420240"><ele>911.4</ele></trkpt>
<trkpt lat="44.437150" lon="6.420300"><ele>911.2</ele></trkpt>
<trkpt lat="44.437150" lon="6.420400"><ele>910.9</ele></trkpt>
<trkpt lat="44.437100" lon="6.420630"><ele>910.5</ele></trkpt>
<trkpt lat="44.436640" lon="6.421820"><ele>910.1</ele></trkpt>
<trkpt lat="44.436540" lon="6.422120"><ele>909.9</ele></trkpt>
<trkpt lat="44.436320" lon="6.422680"><ele>910.1</ele></trkpt>
<trkpt lat="44.436250" lon="6.422810"><ele>910.6</ele></trkpt>
<trkpt lat="44.436060" lon="6.423010"><ele>911.3</ele></trkpt>
<trkpt lat="44.435800" lon="6.423190"><ele>912.0</ele></trkpt>
<trkpt lat="44.435520" lon="6.423410"><ele>912.7</ele></trkpt>
<trkpt lat="44.435330" lon="6.423620"><ele>913.5</ele></trkpt>
<trkpt lat="44.435080" lon="6.423940"><ele>914.1</ele></trkpt>
<trkpt lat="44.434540" lon="6.424440"><ele>914.4</ele></trkpt>
<trkpt lat="44.434300" lon="6.424760"><ele>914.9</ele></trkpt>
<trkpt lat="44.434100" lon="6.425060"><ele>915.3</ele></trkpt>
<trkpt lat="44.433940" lon="6.425330"><ele>915.8</ele></trkpt>
<trkpt lat="44.433710" lon="6.425840"><ele>916.2</ele></trkpt>
<trkpt lat="44.433640" lon="6.425960"><ele>916.5</ele></trkpt>
<trkpt lat="44.433550" lon="6.426080"><ele>916.6</ele></trkpt>
<trkpt lat="44.433360" lon="6.426290"><ele>916.7</ele></trkpt>
<trkpt lat="44.433240" lon="6.426400"><ele>917.1</ele></trkpt>
<trkpt lat="44.433060" lon="6.426540"><ele>917.2</ele></trkpt>
<trkpt lat="44.432380" lon="6.427190"><ele>917.0</ele></trkpt>
<trkpt lat="44.431570" lon="6.428040"><ele>916.6</ele></trkpt>
<trkpt lat="44.430220" lon="6.429540"><ele>916.2</ele></trkpt>
<trkpt lat="44.430100" lon="6.429730"><ele>915.9</ele></trkpt>
<trkpt lat="44.429920" lon="6.430200"><ele>915.6</ele></trkpt>
<trkpt lat="44.429870" lon="6.430520"><ele>915.3</ele></trkpt>
<trkpt lat="44.429760" lon="6.430770"><ele>914.9</ele></trkpt>
<trkpt lat="44.429680" lon="6.430890"><ele>914.5</ele></trkpt>
<trkpt lat="44.428850" lon="6.432610"><ele>914.1</ele></trkpt>
<trkpt lat="44.428760" lon="6.432840"><ele>913.5</ele></trkpt>
<trkpt lat="44.428750" lon="6.432900"><ele>912.7</ele></trkpt>
<trkpt lat="44.428710" lon="6.433040"><ele>911.7</ele></trkpt>
<trkpt lat="44.428680" lon="6.433330"><ele>910.9</ele></trkpt>
<trkpt lat="44.428680" lon="6.433470"><ele>910.3</ele></trkpt>
<trkpt lat="44.428730" lon="6.433920"><ele>909.6</ele></trkpt>
<trkpt lat="44.428730" lon="6.434050"><ele>908.8</ele></trkpt>
<trkpt lat="44.428710" lon="6.434210"><ele>907.9</ele></trkpt>
<trkpt lat="44.428650" lon="6.434390"><ele>907.2</ele></trkpt>
<trkpt lat="44.428580" lon="6.434530"><ele>906.6</ele></trkpt>
<trkpt lat="44.428310" lon="6.434920"><ele>906.0</ele></trkpt>
<trkpt lat="44.428060" lon="6.435350"><ele>905.3</ele></trkpt>
<trkpt lat="44.427880" lon="6.435770"><ele>904.8</ele></trkpt>
<trkpt lat="44.427780" lon="6.435930"><ele>904.2</ele></trkpt>
<trkpt lat="44.427570" lon="6.436170"><ele>903.6</ele></trkpt>
<trkpt lat="44.427000" lon="6.436710"><ele>903.0</ele></trkpt>
<trkpt lat="44.426840" lon="6.436820"><ele>902.5</ele></trkpt>
<trkpt lat="44.426710" lon="6.436890"><ele>902.2</ele></trkpt>
<trkpt lat="44.426640" lon="6.436910"><ele>902.3</ele></trkpt>
<trkpt lat="44.426310" lon="6.437050"><ele>902.4</ele></trkpt>
<trkpt lat="44.426260" lon="6.437090"><ele>902.4</ele></trkpt>
<trkpt lat="44.426160" lon="6.437150"><ele>902.3</ele></trkpt>
<trkpt lat="44.426000" lon="6.437280"><ele>902.2</ele></trkpt>
<trkpt lat="44.425660" lon="6.437600"><ele>902.2</ele></trkpt>
<trkpt lat="44.425380" lon="6.437920"><ele>902.5</ele></trkpt>
<trkpt lat="44.424820" lon="6.438800"><ele>902.7</ele></trkpt>
<trkpt lat="44.424510" lon="6.439180"><ele>903.0</ele></trkpt>
<trkpt lat="44.424390" lon="6.439310"><ele>903.3</ele></trkpt>
<trkpt lat="44.424030" lon="6.439750"><ele>903.6</ele></trkpt>
<trkpt lat="44.424000" lon="6.439810"><ele>904.0</ele></trkpt>
<trkpt lat="44.423830" lon="6.440070"><ele>904.5</ele></trkpt>
<trkpt lat="44.423640" lon="6.440430"><ele>905.6</ele></trkpt>
<trkpt lat="44.423410" lon="6.440970"><ele>906.9</ele></trkpt>
<trkpt lat="44.422980" lon="6.442090"><ele>908.4</ele></trkpt>
<trkpt lat="44.422740" lon="6.442560"><ele>909.5</ele></trkpt>
<trkpt lat="44.422550" lon="6.442820"><ele>910.4</ele></trkpt>
<trkpt lat="44.422440" lon="6.442940"><ele>911.2</ele></trkpt>
<trkpt lat="44.422290" lon="6.443080"><ele>912.0</ele></trkpt>
<trkpt lat="44.422010" lon="6.443280"><ele>912.8</ele></trkpt>
<trkpt lat="44.420450" lon="6.444220"><ele>913.6</ele></trkpt>
<trkpt lat="44.420220" lon="6.444410"><ele>914.4</ele></trkpt>
<trkpt lat="44.419980" lon="6.444660"><ele>915.2</ele></trkpt>
<trkpt lat="44.419960" lon="6.444700"><ele>917.3</ele></trkpt>
<trkpt lat="44.419200" lon="6.445730"><ele>919.5</ele></trkpt>
<trkpt lat="44.419020" lon="6.445940"><ele>921.1</ele></trkpt>
<trkpt lat="44.418830" lon="6.446120"><ele>922.6</ele></trkpt>
<trkpt lat="44.418730" lon="6.446200"><ele>924.0</ele></trkpt>
<trkpt lat="44.418680" lon="6.446230"><ele>925.3</ele></trkpt>
<trkpt lat="44.418630" lon="6.446270"><ele>926.1</ele></trkpt>
<trkpt lat="44.418410" lon="6.446390"><ele>926.8</ele></trkpt>
<trkpt lat="44.415840" lon="6.447450"><ele>927.4</ele></trkpt>
<trkpt lat="44.415590" lon="6.447540"><ele>928.2</ele></trkpt>
<trkpt lat="44.413820" lon="6.447880"><ele>929.1</ele></trkpt>
<trkpt lat="44.413540" lon="6.447980"><ele>930.2</ele></trkpt>
<trkpt lat="44.413330" lon="6.448080"><ele>931.6</ele></trkpt>
<trkpt lat="44.413140" lon="6.448190"><ele>932.9</ele></trkpt>
<trkpt lat="44.413010" lon="6.448280"><ele>934.2</ele></trkpt>
<trkpt lat="44.412680" lon="6.448550"><ele>935.5</ele></trkpt>
<trkpt lat="44.412420" lon="6.448850"><ele>936.7</ele></trkpt>
<trkpt lat="44.412200" lon="6.449180"><ele>936.3</ele></trkpt>
<trkpt lat="44.412090" lon="6.449400"><ele>935.7</ele></trkpt>
<trkpt lat="44.411840" lon="6.450050"><ele>935.8</ele></trkpt>
<trkpt lat="44.411250" lon="6.451940"><ele>936.1</ele></trkpt>
<trkpt lat="44.411130" lon="6.452230"><ele>936.4</ele></trkpt>
<trkpt lat="44.411030" lon="6.452420"><ele>936.5</ele></trkpt>
<trkpt lat="44.410770" lon="6.452820"><ele>936.7</ele></trkpt>
<trkpt lat="44.410650" lon="6.452960"><ele>936.9</ele></trkpt>
<trkpt lat="44.410340" lon="6.453250"><ele>936.9</ele></trkpt>
<trkpt lat="44.409930" lon="6.453540"><ele>936.9</ele></trkpt>
<trkpt lat="44.409850" lon="6.453580"><ele>937.0</ele></trkpt>
<trkpt lat="44.409590" lon="6.453780"><ele>937.0</ele></trkpt>
<trkpt lat="44.408220" lon="6.454690"><ele>936.7</ele></trkpt>
<trkpt lat="44.408120" lon="6.454770"><ele>936.6</ele></trkpt>
<trkpt lat="44.408020" lon="6.454870"><ele>936.7</ele></trkpt>
<trkpt lat="44.407830" lon="6.455100"><ele>936.9</ele></trkpt>
<trkpt lat="44.407340" lon="6.455800"><ele>937.0</ele></trkpt>
<trkpt lat="44.407220" lon="6.455950"><ele>937.5</ele></trkpt>
<trkpt lat="44.407000" lon="6.456330"><ele>938.0</ele></trkpt>
<trkpt lat="44.406630" lon="6.457070"><ele>938.5</ele></trkpt>
<trkpt lat="44.406120" lon="6.458240"><ele>938.9</ele></trkpt>
<trkpt lat="44.405930" lon="6.458580"><ele>939.6</ele></trkpt>
<trkpt lat="44.405600" lon="6.459090"><ele>940.5</ele></trkpt>
<trkpt lat="44.405390" lon="6.459500"><ele>941.4</ele></trkpt>
<trkpt lat="44.404660" lon="6.461460"><ele>942.3</ele></trkpt>
<trkpt lat="44.404470" lon="6.461810"><ele>943.2</ele></trkpt>
<trkpt lat="44.404250" lon="6.462150"><ele>944.0</ele></trkpt>
<trkpt lat="44.404170" lon="6.462250"><ele>944.9</ele></trkpt>
<trkpt lat="44.403880" lon="6.462560"><ele>945.7</ele></trkpt>
<trkpt lat="44.403340" lon="6.463040"><ele>946.3</ele></trkpt>
<trkpt lat="44.403050" lon="6.463390"><ele>946.9</ele></trkpt>
<trkpt lat="44.402910" lon="6.463600"><ele>947.4</ele></trkpt>
<trkpt lat="44.402750" lon="6.463880"><ele>947.8</ele></trkpt>
<trkpt lat="44.402620" lon="6.464180"><ele>948.1</ele></trkpt>
<trkpt lat="44.402460" lon="6.464630"><ele>948.3</ele></trkpt>
<trkpt lat="44.402370" lon="6.464980"><ele>948.4</ele></trkpt>
<trkpt lat="44.402290" lon="6.465390"><ele>948.3</ele></trkpt>
<trkpt lat="44.402180" lon="6.466590"><ele>948.1</ele></trkpt>
<trkpt lat="44.402090" lon="6.467050"><ele>947.8</ele></trkpt>
<trkpt lat="44.401960" lon="6.467500"><ele>948.0</ele></trkpt>
<trkpt lat="44.401380" lon="6.469230"><ele>948.8</ele></trkpt>
<trkpt lat="44.401210" lon="6.469610"><ele>949.9</ele></trkpt>
<trkpt lat="44.400960" lon="6.469970"><ele>951.1</ele></trkpt>
<trkpt lat="44.400800" lon="6.470130"><ele>952.3</ele></trkpt>
<trkpt lat="44.400650" lon="6.470260"><ele>953.3</ele></trkpt>
<trkpt lat="44.400420" lon="6.470400"><ele>954.4</ele></trkpt>
<trkpt lat="44.400070" lon="6.470540"><ele>955.6</ele></trkpt>
<trkpt lat="44.399680" lon="6.470660"><ele>956.8</ele></trkpt>
<trkpt lat="44.399480" lon="6.470760"><ele>957.9</ele></trkpt>
<trkpt lat="44.399240" lon="6.470940"><ele>959.1</ele></trkpt>
<trkpt lat="44.399110" lon="6.471080"><ele>960.4</ele></trkpt>
<trkpt lat="44.398900" lon="6.471370"><ele>961.9</ele></trkpt>
<trkpt lat="44.398750" lon="6.471650"><ele>963.6</ele></trkpt>
<trkpt lat="44.398470" lon="6.472340"><ele>965.5</ele></trkpt>
<trkpt lat="44.397970" lon="6.473460"><ele>967.4</ele></trkpt>
<trkpt lat="44.397780" lon="6.473810"><ele>969.2</ele></trkpt>
<trkpt lat="44.397590" lon="6.474120"><ele>970.3</ele></trkpt>
<trkpt lat="44.397200" lon="6.474690"><ele>970.8</ele></trkpt>
<trkpt lat="44.397040" lon="6.474990"><ele>970.9</ele></trkpt>
<trkpt lat="44.396980" lon="6.475140"><ele>970.7</ele></trkpt>
<trkpt lat="44.396820" lon="6.475650"><ele>970.0</ele></trkpt>
<trkpt lat="44.396800" lon="6.475740"><ele>969.3</ele></trkpt>
<trkpt lat="44.396730" lon="6.476260"><ele>968.4</ele></trkpt>
<trkpt lat="44.396720" lon="6.476510"><ele>967.5</ele></trkpt>
<trkpt lat="44.396730" lon="6.476870"><ele>966.8</ele></trkpt>
<trkpt lat="44.396780" lon="6.477350"><ele>966.2</ele></trkpt>
<trkpt lat="44.396770" lon="6.477550"><ele>965.8</ele></trkpt>
<trkpt lat="44.396840" lon="6.478360"><ele>965.7</ele></trkpt>
<trkpt lat="44.397060" lon="6.479920"><ele>965.6</ele></trkpt>
<trkpt lat="44.397200" lon="6.481270"><ele>965.5</ele></trkpt>
<trkpt lat="44.397200" lon="6.481470"><ele>965.4</ele></trkpt>
<trkpt lat="44.397210" lon="6.481590"><ele>965.3</ele></trkpt>
<trkpt lat="44.397190" lon="6.482050"><ele>965.4</ele></trkpt>
<trkpt lat="44.397110" lon="6.482590"><ele>965.6</ele></trkpt>
<trkpt lat="44.397030" lon="6.482900"><ele>966.1</ele></trkpt>
<trkpt lat="44.396830" lon="6.483510"><ele>966.6</ele></trkpt>
<trkpt lat="44.396710" lon="6.483980"><ele>967.4</ele></trkpt>
<trkpt lat="44.396670" lon="6.484310"><ele>968.7</ele></trkpt>
<trkpt lat="44.396660" lon="6.484630"><ele>970.3</ele></trkpt>
<trkpt lat="44.396680" lon="6.484930"><ele>972.0</ele></trkpt>
<trkpt lat="44.396720" lon="6.485210"><ele>973.9</ele></trkpt>
<trkpt lat="44.396820" lon="6.485600"><ele>975.5</ele></trkpt>
<trkpt lat="44.396870" lon="6.485740"><ele>977.1</ele></trkpt>
<trkpt lat="44.397000" lon="6.486020"><ele>978.5</ele></trkpt>
<trkpt lat="44.397150" lon="6.486280"><ele>979.8</ele></trkpt>
<trkpt lat="44.397320" lon="6.486510"><ele>981.4</ele></trkpt>
<trkpt lat="44.397410" lon="6.486610"><ele>983.1</ele></trkpt>
<trkpt lat="44.397660" lon="6.486940"><ele>984.8</ele></trkpt>
<trkpt lat="44.397840" lon="6.487240"><ele>986.6</ele></trkpt>
<trkpt lat="44.397970" lon="6.487520"><ele>988.3</ele></trkpt>
<trkpt lat="44.398090" lon="6.487910"><ele>989.8</ele></trkpt>
<trkpt lat="44.398160" lon="6.488280"><ele>991.2</ele></trkpt>
<trkpt lat="44.398220" lon="6.488720"><ele>992.6</ele></trkpt>
<trkpt lat="44.398340" lon="6.490090"><ele>993.9</ele></trkpt>
<trkpt lat="44.398470" lon="6.491120"><ele>995.1</ele></trkpt>
<trkpt lat="44.398500" lon="6.491540"><ele>996.3</ele></trkpt>
<trkpt lat="44.398630" lon="6.492620"><ele>997.3</ele></trkpt>
<trkpt lat="44.398630" lon="6.492990"><ele>998.3</ele></trkpt>
<trkpt lat="44.398610" lon="6.493160"><ele>999.4</ele></trkpt>
<trkpt lat="44.398610" lon="6.493270"><ele>1000.4</ele></trkpt>
<trkpt lat="44.398600" lon="6.493330"><ele>1001.4</ele></trkpt>
<trkpt lat="44.398600" lon="6.493380"><ele>1002.3</ele></trkpt>
<trkpt lat="44.398650" lon="6.493670"><ele>1002.8</ele></trkpt>
<trkpt lat="44.398700" lon="6.493830"><ele>1003.4</ele></trkpt>
<trkpt lat="44.398740" lon="6.493900"><ele>1004.2</ele></trkpt>
<trkpt lat="44.398790" lon="6.493960"><ele>1004.9</ele></trkpt>
<trkpt lat="44.398840" lon="6.494050"><ele>1005.7</ele></trkpt>
<trkpt lat="44.398990" lon="6.494250"><ele>1006.5</ele></trkpt>
<trkpt lat="44.399110" lon="6.494380"><ele>1007.1</ele></trkpt>
<trkpt lat="44.399160" lon="6.494410"><ele>1007.8</ele></trkpt>
<trkpt lat="44.399190" lon="6.494440"><ele>1008.5</ele></trkpt>
<trkpt lat="44.399380" lon="6.494520"><ele>1009.3</ele></trkpt>
<trkpt lat="44.399530" lon="6.494570"><ele>1010.1</ele></trkpt>
<trkpt lat="44.399630" lon="6.494620"><ele>1011.0</ele></trkpt>
<trkpt lat="44.399760" lon="6.494730"><ele>1012.0</ele></trkpt>
<trkpt lat="44.399880" lon="6.494910"><ele>1013.1</ele></trkpt>
<trkpt lat="44.400330" lon="6.495870"><ele>1014.3</ele></trkpt>
<trkpt lat="44.400400" lon="6.496050"><ele>1015.7</ele></trkpt>
<trkpt lat="44.400480" lon="6.496320"><ele>1017.1</ele></trkpt>
<trkpt lat="44.400520" lon="6.496550"><ele>1018.2</ele></trkpt>
<trkpt lat="44.400520" lon="6.496640"><ele>1019.0</ele></trkpt>
<trkpt lat="44.400530" lon="6.496710"><ele>1019.6</ele></trkpt>
<trkpt lat="44.400590" lon="6.497780"><ele>1020.1</ele></trkpt>
<trkpt lat="44.400570" lon="6.498840"><ele>1020.4</ele></trkpt>
<trkpt lat="44.400580" lon="6.499140"><ele>1020.5</ele></trkpt>
<trkpt lat="44.400750" lon="6.500000"><ele>1020.9</ele></trkpt>
<trkpt lat="44.400770" lon="6.500210"><ele>1021.2</ele></trkpt>
<trkpt lat="44.400750" lon="6.501290"><ele>1021.6</ele></trkpt>
<trkpt lat="44.400710" lon="6.501770"><ele>1022.0</ele></trkpt>
<trkpt lat="44.400680" lon="6.501900"><ele>1022.6</ele></trkpt>
<trkpt lat="44.400610" lon="6.502100"><ele>1023.1</ele></trkpt>
<trkpt lat="44.400490" lon="6.502340"><ele>1023.5</ele></trkpt>
<trkpt lat="44.400030" lon="6.503090"><ele>1023.7</ele></trkpt>
<trkpt lat="44.399880" lon="6.503370"><ele>1023.9</ele></trkpt>
<trkpt lat="44.399870" lon="6.503430"><ele>1023.8</ele></trkpt>
<trkpt lat="44.399820" lon="6.503610"><ele>1023.6</ele></trkpt>
<trkpt lat="44.399770" lon="6.503960"><ele>1023.9</ele></trkpt>
<trkpt lat="44.399770" lon="6.504200"><ele>1024.9</ele></trkpt>
<trkpt lat="44.399800" lon="6.504310"><ele>1026.1</ele></trkpt>
<trkpt lat="44.399820" lon="6.504360"><ele>1027.4</ele></trkpt>
<trkpt lat="44.399850" lon="6.504400"><ele>1029.4</ele></trkpt>
<trkpt lat="44.399890" lon="6.504480"><ele>1031.7</ele></trkpt>
<trkpt lat="44.399920" lon="6.504520"><ele>1033.9</ele></trkpt>
<trkpt lat="44.399950" lon="6.504550"><ele>1036.0</ele></trkpt>
<trkpt lat="44.400050" lon="6.504620"><ele>1037.9</ele></trkpt>
<trkpt lat="44.400540" lon="6.504910"><ele>1039.6</ele></trkpt>
<trkpt lat="44.400570" lon="6.504940"><ele>1041.2</ele></trkpt>
<trkpt lat="44.400670" lon="6.505080"><ele>1042.7</ele></trkpt>
<trkpt lat="44.401150" lon="6.505890"><ele>1044.2</ele></trkpt>
<trkpt lat="44.401220" lon="6.506030"><ele>1045.6</ele></trkpt>
<trkpt lat="44.401350" lon="6.506440"><ele>1047.2</ele></trkpt>
<trkpt lat="44.401390" lon="6.506670"><ele>1048.7</ele></trkpt>
<trkpt lat="44.401420" lon="6.506970"><ele>1050.0</ele></trkpt>
<trkpt lat="44.401420" lon="6.507120"><ele>1051.2</ele></trkpt>
<trkpt lat="44.401430" lon="6.507190"><ele>1051.4</ele></trkpt>
<trkpt lat="44.401430" lon="6.507260"><ele>1051.5</ele></trkpt>
<trkpt lat="44.401450" lon="6.507420"><ele>1051.3</ele></trkpt>
<trkpt lat="44.401520" lon="6.507720"><ele>1050.4</ele></trkpt>
<trkpt lat="44.401560" lon="6.507830"><ele>1049.5</ele></trkpt>
<trkpt lat="44.401650" lon="6.508210"><ele>1048.6</ele></trkpt>
<trkpt lat="44.401670" lon="6.508380"><ele>1048.0</ele></trkpt>
<trkpt lat="44.401670" lon="6.508600"><ele>1047.7</ele></trkpt>
<trkpt lat="44.401660" lon="6.508710"><ele>1047.5</ele></trkpt>
<trkpt lat="44.401600" lon="6.509000"><ele>1046.9</ele></trkpt>
<trkpt lat="44.401590" lon="6.509140"><ele>1046.2</ele></trkpt>
<trkpt lat="44.401570" lon="6.509230"><ele>1045.6</ele></trkpt>
<trkpt lat="44.401550" lon="6.509500"><ele>1044.9</ele></trkpt>
<trkpt lat="44.401550" lon="6.509670"><ele>1044.4</ele></trkpt>
<trkpt lat="44.401670" lon="6.511100"><ele>1043.9</ele></trkpt>
<trkpt lat="44.401670" lon="6.511430"><ele>1043.5</ele></trkpt>
<trkpt lat="44.401650" lon="6.511580"><ele>1043.2</ele></trkpt>
<trkpt lat="44.401200" lon="6.513520"><ele>1042.9</ele></trkpt>
<trkpt lat="44.401030" lon="6.514080"><ele>1042.8</ele></trkpt>
<trkpt lat="44.400990" lon="6.514250"><ele>1042.7</ele></trkpt>
<trkpt lat="44.400990" lon="6.514550"><ele>1042.7</ele></trkpt>
<trkpt lat="44.401040" lon="6.514970"><ele>1042.9</ele></trkpt>
<trkpt lat="44.401030" lon="6.515470"><ele>1043.6</ele></trkpt>
<trkpt lat="44.401010" lon="6.515550"><ele>1044.1</ele></trkpt>
<trkpt lat="44.401000" lon="6.515630"><ele>1044.6</ele></trkpt>
<trkpt lat="44.400860" lon="6.516120"><ele>1045.3</ele></trkpt>
<trkpt lat="44.400750" lon="6.516420"><ele>1046.7</ele></trkpt>
<trkpt lat="44.400710" lon="6.516590"><ele>1048.4</ele></trkpt>
<trkpt lat="44.400680" lon="6.516820"><ele>1050.1</ele></trkpt>
<trkpt lat="44.400700" lon="6.517230"><ele>1052.1</ele></trkpt>
<trkpt lat="44.400830" lon="6.518390"><ele>1054.0</ele></trkpt>
<trkpt lat="44.400830" lon="6.518660"><ele>1055.9</ele></trkpt>
<trkpt lat="44.400790" lon="6.519200"><ele>1058.0</ele></trkpt>
<trkpt lat="44.400720" lon="6.519660"><ele>1059.4</ele></trkpt>
<trkpt lat="44.400590" lon="6.520290"><ele>1060.9</ele></trkpt>
<trkpt lat="44.400520" lon="6.520750"><ele>1062.6</ele></trkpt>
<trkpt lat="44.400490" lon="6.521140"><ele>1064.5</ele></trkpt>
<trkpt lat="44.400510" lon="6.521940"><ele>1066.5</ele></trkpt>
<trkpt lat="44.400580" lon="6.522660"><ele>1068.7</ele></trkpt>
<trkpt lat="44.400620" lon="6.522850"><ele>1070.5</ele></trkpt>
<trkpt lat="44.400820" lon="6.523520"><ele>1072.3</ele></trkpt>
<trkpt lat="44.401380" lon="6.526160"><ele>1073.8</ele></trkpt>
<trkpt lat="44.401430" lon="6.526570"><ele>1074.9</ele></trkpt>
<trkpt lat="44.401420" lon="6.527030"><ele>1075.7</ele></trkpt>
<trkpt lat="44.401380" lon="6.527330"><ele>1076.2</ele></trkpt>
<trkpt lat="44.401310" lon="6.527650"><ele>1076.7</ele></trkpt>
<trkpt lat="44.401210" lon="6.527940"><ele>1077.0</ele></trkpt>
<trkpt lat="44.401090" lon="6.528210"><ele>1077.3</ele></trkpt>
<trkpt lat="44.400780" lon="6.528800"><ele>1077.4</ele></trkpt>
<trkpt lat="44.400510" lon="6.529250"><ele>1077.2</ele></trkpt>
<trkpt lat="44.399980" lon="6.530020"><ele>1077.7</ele></trkpt>
<trkpt lat="44.399910" lon="6.530070"><ele>1078.3</ele></trkpt>
<trkpt lat="44.399840" lon="6.530180"><ele>1078.6</ele></trkpt>
<trkpt lat="44.399790" lon="6.530280"><ele>1078.8</ele></trkpt>
<trkpt lat="44.399730" lon="6.530480"><ele>1078.8</ele></trkpt>
<trkpt lat="44.399710" lon="6.530580"><ele>1078.7</ele></trkpt>
<trkpt lat="44.399590" lon="6.532090"><ele>1078.6</ele></trkpt>
<trkpt lat="44.399540" lon="6.532320"><ele>1078.5</ele></trkpt>
<trkpt lat="44.399460" lon="6.532570"><ele>1079.0</ele></trkpt>
<trkpt lat="44.399380" lon="6.532740"><ele>1079.8</ele></trkpt>
<trkpt lat="44.398960" lon="6.533470"><ele>1080.4</ele></trkpt>
<trkpt lat="44.398860" lon="6.533710"><ele>1080.8</ele></trkpt>
<trkpt lat="44.398790" lon="6.534050"><ele>1081.1</ele></trkpt>
<trkpt lat="44.398770" lon="6.534210"><ele>1081.2</ele></trkpt>
<trkpt lat="44.398770" lon="6.534490"><ele>1080.8</ele></trkpt>
<trkpt lat="44.398800" lon="6.534820"><ele>1080.7</ele></trkpt>
<trkpt lat="44.399020" lon="6.535870"><ele>1080.5</ele></trkpt>
<trkpt lat="44.399120" lon="6.536230"><ele>1080.3</ele></trkpt>
<trkpt lat="44.399580" lon="6.537630"><ele>1080.2</ele></trkpt>
<trkpt lat="44.399690" lon="6.538130"><ele>1080.0</ele></trkpt>
<trkpt lat="44.399730" lon="6.538400"><ele>1079.7</ele></trkpt>
<trkpt lat="44.399770" lon="6.538940"><ele>1079.3</ele></trkpt>
<trkpt lat="44.399750" lon="6.541360"><ele>1078.9</ele></trkpt>
<trkpt lat="44.399710" lon="6.541780"><ele>1078.6</ele></trkpt>
<trkpt lat="44.399690" lon="6.541850"><ele>1078.1</ele></trkpt>
<trkpt lat="44.399680" lon="6.541920"><ele>1077.4</ele></trkpt>
<trkpt lat="44.399620" lon="6.542100"><ele>1076.6</ele></trkpt>
<trkpt lat="44.399530" lon="6.542310"><ele>1075.9</ele></trkpt>
<trkpt lat="44.399350" lon="6.542640"><ele>1075.4</ele></trkpt>
<trkpt lat="44.399140" lon="6.542970"><ele>1074.8</ele></trkpt>
<trkpt lat="44.398990" lon="6.543240"><ele>1074.5</ele></trkpt>
<trkpt lat="44.398790" lon="6.543750"><ele>1074.4</ele></trkpt>
<trkpt lat="44.398730" lon="6.543950"><ele>1074.2</ele></trkpt>
<trkpt lat="44.398540" lon="6.544320"><ele>1074.2</ele></trkpt>
<trkpt lat="44.398450" lon="6.544470"><ele>1074.3</ele></trkpt>
<trkpt lat="44.398280" lon="6.544710"><ele>1074.7</ele></trkpt>
<trkpt lat="44.398190" lon="6.544820"><ele>1075.4</ele></trkpt>
<trkpt lat="44.398090" lon="6.544910"><ele>1076.5</ele></trkpt>
<trkpt lat="44.397930" lon="6.545010"><ele>1077.8</ele></trkpt>
<trkpt lat="44.397540" lon="6.545170"><ele>1079.0</ele></trkpt>
<trkpt lat="44.397440" lon="6.545230"><ele>1079.9</ele></trkpt>
<trkpt lat="44.397220" lon="6.545420"><ele>1080.4</ele></trkpt>
<trkpt lat="44.397140" lon="6.545510"><ele>1080.8</ele></trkpt>
<trkpt lat="44.396860" lon="6.545880"><ele>1081.5</ele></trkpt>
<trkpt lat="44.396710" lon="6.546180"><ele>1082.4</ele></trkpt>
<trkpt lat="44.396540" lon="6.546710"><ele>1083.4</ele></trkpt>
<trkpt lat="44.396270" lon="6.547350"><ele>1084.3</ele></trkpt>
<trkpt lat="44.396130" lon="6.547610"><ele>1085.2</ele></trkpt>
<trkpt lat="44.395910" lon="6.547960"><ele>1086.1</ele></trkpt>
<trkpt lat="44.395170" lon="6.548920"><ele>1087.1</ele></trkpt>
<trkpt lat="44.394850" lon="6.549400"><ele>1088.0</ele></trkpt>
<trkpt lat="44.394650" lon="6.549780"><ele>1088.8</ele></trkpt>
<trkpt lat="44.394490" lon="6.550170"><ele>1089.3</ele></trkpt>
<trkpt lat="44.394330" lon="6.550500"><ele>1089.1</ele></trkpt>
<trkpt lat="44.394090" lon="6.550900"><ele>1088.6</ele></trkpt>
<trkpt lat="44.393900" lon="6.551330"><ele>1088.0</ele></trkpt>
<trkpt lat="44.393830" lon="6.551670"><ele>1087.9</ele></trkpt>
<trkpt lat="44.393800" lon="6.551990"><ele>1088.2</ele></trkpt>
<trkpt lat="44.393790" lon="6.552700"><ele>1089.1</ele></trkpt>
<trkpt lat="44.393760" lon="6.553200"><ele>1090.0</ele></trkpt>
<trkpt lat="44.393730" lon="6.553380"><ele>1090.8</ele></trkpt>
<trkpt lat="44.393230" lon="6.555290"><ele>1091.5</ele></trkpt>
<trkpt lat="44.393110" lon="6.555890"><ele>1092.0</ele></trkpt>
<trkpt lat="44.393110" lon="6.556110"><ele>1092.7</ele></trkpt>
<trkpt lat="44.393240" lon="6.557140"><ele>1093.8</ele></trkpt>
<trkpt lat="44.393350" lon="6.557710"><ele>1094.8</ele></trkpt>
<trkpt lat="44.393520" lon="6.558340"><ele>1096.1</ele></trkpt>
<trkpt lat="44.393590" lon="6.558670"><ele>1097.3</ele></trkpt>
<trkpt lat="44.393590" lon="6.558760"><ele>1098.5</ele></trkpt>
<trkpt lat="44.393600" lon="6.558860"><ele>1099.6</ele></trkpt>
<trkpt lat="44.393580" lon="6.559060"><ele>1101.1</ele></trkpt>
<trkpt lat="44.393490" lon="6.559530"><ele>1102.7</ele></trkpt>
<trkpt lat="44.392640" lon="6.563250"><ele>1103.9</ele></trkpt>
<trkpt lat="44.392530" lon="6.563930"><ele>1104.6</ele></trkpt>
<trkpt lat="44.392460" lon="6.564800"><ele>1105.1</ele></trkpt>
<trkpt lat="44.392460" lon="6.565150"><ele>1105.4</ele></trkpt>
<trkpt lat="44.392500" lon="6.565550"><ele>1105.6</ele></trkpt>
<trkpt lat="44.393510" lon="6.571930"><ele>1106.0</ele></trkpt>
<trkpt lat="44.393510" lon="6.572030"><ele>1106.5</ele></trkpt>
<trkpt lat="44.393450" lon="6.572550"><ele>1107.0</ele></trkpt>
<trkpt lat="44.393060" lon="6.575010"><ele>1107.6</ele></trkpt>
<trkpt lat="44.392970" lon="6.575440"><ele>1107.9</ele></trkpt>
<trkpt lat="44.392890" lon="6.575690"><ele>1108.1</ele></trkpt>
<trkpt lat="44.392670" lon="6.576220"><ele>1108.1</ele></trkpt>
<trkpt lat="44.391460" lon="6.578720"><ele>1108.0</ele></trkpt>
<trkpt lat="44.390230" lon="6.580930"><ele>1107.7</ele></trkpt>
<trkpt lat="44.390100" lon="6.581280"><ele>1107.5</ele></trkpt>
<trkpt lat="44.390040" lon="6.581550"><ele>1107.3</ele></trkpt>
<trkpt lat="44.390020" lon="6.581700"><ele>1107.0</ele></trkpt>
<trkpt lat="44.389900" lon="6.583830"><ele>1107.0</ele></trkpt>
<trkpt lat="44.389910" lon="6.584180"><ele>1107.0</ele></trkpt>
<trkpt lat="44.390060" lon="6.585650"><ele>1106.9</ele></trkpt>
<trkpt lat="44.390110" lon="6.585890"><ele>1107.1</ele></trkpt>
<trkpt lat="44.390590" lon="6.587710"><ele>1107.2</ele></trkpt>
<trkpt lat="44.390710" lon="6.588390"><ele>1107.3</ele></trkpt>
<trkpt lat="44.390770" lon="6.589080"><ele>1107.8</ele></trkpt>
<trkpt lat="44.390780" lon="6.589470"><ele>1108.4</ele></trkpt>
<trkpt lat="44.390750" lon="6.589810"><ele>1109.1</ele></trkpt>
<trkpt lat="44.390700" lon="6.590100"><ele>1109.8</ele></trkpt>
<trkpt lat="44.390630" lon="6.590340"><ele>1110.6</ele></trkpt>
<trkpt lat="44.389340" lon="6.593640"><ele>1111.4</ele></trkpt>
<trkpt lat="44.389330" lon="6.593680"><ele>1112.3</ele></trkpt>
<trkpt lat="44.388530" lon="6.595700"><ele>1113.4</ele></trkpt>
<trkpt lat="44.386040" lon="6.603990"><ele>1114.4</ele></trkpt>
<trkpt lat="44.385820" lon="6.604810"><ele>1115.4</ele></trkpt>
<trkpt lat="44.385590" lon="6.605910"><ele>1116.5</ele></trkpt>
<trkpt lat="44.385480" lon="6.606660"><ele>1117.7</ele></trkpt>
<trkpt lat="44.385400" lon="6.607390"><ele>1118.8</ele></trkpt>
<trkpt lat="44.385360" lon="6.608050"><ele>1119.8</ele></trkpt>
<trkpt lat="44.385360" lon="6.608760"><ele>1121.0</ele></trkpt>
<trkpt lat="44.385340" lon="6.609020"><ele>1122.2</ele></trkpt>
<trkpt lat="44.385360" lon="6.609770"><ele>1123.2</ele></trkpt>
<trkpt lat="44.385500" lon="6.611490"><ele>1123.7</ele></trkpt>
<trkpt lat="44.385590" lon="6.612040"><ele>1124.1</ele></trkpt>
<trkpt lat="44.386220" lon="6.614820"><ele>1124.5</ele></trkpt>
<trkpt lat="44.386250" lon="6.615000"><ele>1124.7</ele></trkpt>
<trkpt lat="44.386300" lon="6.615910"><ele>1125.0</ele></trkpt>
<trkpt lat="44.386300" lon="6.627890"><ele>1125.3</ele></trkpt>
<trkpt lat="44.386310" lon="6.628030"><ele>1125.5</ele></trkpt>
<trkpt lat="44.386300" lon="6.628140"><ele>1125.7</ele></trkpt>
<trkpt lat="44.386300" lon="6.628300"><ele>1125.9</ele></trkpt>
<trkpt lat="44.386330" lon="6.628630"><ele>1126.2</ele></trkpt>
<trkpt lat="44.386370" lon="6.628900"><ele>1126.5</ele></trkpt>
<trkpt lat="44.386370" lon="6.628940"><ele>1126.6</ele></trkpt>
<trkpt lat="44.386380" lon="6.628970"><ele>1126.8</ele></trkpt>
<trkpt lat="44.386360" lon="6.629140"><ele>1127.2</ele></trkpt>
<trkpt lat="44.386340" lon="6.629160"><ele>1127.2</ele></trkpt>
<trkpt lat="44.386340" lon="6.629170"><ele>1127.1</ele></trkpt>
<trkpt lat="44.386330" lon="6.629180"><ele>1127.0</ele></trkpt>
<trkpt lat="44.386330" lon="6.629200"><ele>1126.9</ele></trkpt>
<trkpt lat="44.386320" lon="6.629210"><ele>1126.8</ele></trkpt>
<trkpt lat="44.386320" lon="6.629340"><ele>1126.7</ele></trkpt>
<trkpt lat="44.386330" lon="6.629350"><ele>1126.8</ele></trkpt>
<trkpt lat="44.386330" lon="6.629370"><ele>1126.9</ele></trkpt>
<trkpt lat="44.386340" lon="6.629370"><ele>1127.2</ele></trkpt>
<trkpt lat="44.386340" lon="6.629380"><ele>1127.4</ele></trkpt>
<trkpt lat="44.386350" lon="6.629390"><ele>1127.6</ele></trkpt>
<trkpt lat="44.386290" lon="6.630050"><ele>1127.8</ele></trkpt>
<trkpt lat="44.386290" lon="6.630230"><ele>1128.0</ele></trkpt>
<trkpt lat="44.386300" lon="6.630350"><ele>1128.2</ele></trkpt>
<trkpt lat="44.386290" lon="6.635920"><ele>1128.5</ele></trkpt>
<trkpt lat="44.386330" lon="6.638700"><ele>1128.7</ele></trkpt>
<trkpt lat="44.386310" lon="6.641000"><ele>1128.9</ele></trkpt>
<trkpt lat="44.386300" lon="6.641090"><ele>1129.2</ele></trkpt>
<trkpt lat="44.386270" lon="6.641960"><ele>1129.4</ele></trkpt>
<trkpt lat="44.386180" lon="6.642620"><ele>1129.7</ele></trkpt>
<trkpt lat="44.386170" lon="6.642620"><ele>1130.0</ele></trkpt>
<trkpt lat="44.386170" lon="6.642640"><ele>1130.6</ele></trkpt>
<trkpt lat="44.386160" lon="6.642640"><ele>1131.2</ele></trkpt>
<trkpt lat="44.386160" lon="6.642670"><ele>1131.6</ele></trkpt>
<trkpt lat="44.386150" lon="6.642670"><ele>1132.0</ele></trkpt>
<trkpt lat="44.386150" lon="6.642710"><ele>1132.3</ele></trkpt>
<trkpt lat="44.386110" lon="6.642830"><ele>1132.6</ele></trkpt>
<trkpt lat="44.386100" lon="6.643000"><ele>1133.0</ele></trkpt>
<trkpt lat="44.385560" lon="6.646000"><ele>1133.3</ele></trkpt>
<trkpt lat="44.384630" lon="6.650000"><ele>1133.9</ele></trkpt>
<trkpt lat="44.384510" lon="6.650660"><ele>1134.4</ele></trkpt>
<trkpt lat="44.384500" lon="6.650780"><ele>1134.8</ele></trkpt>
<trkpt lat="44.384480" lon="6.650890"><ele>1135.3</ele></trkpt>
<trkpt lat="44.384460" lon="6.651270"><ele>1135.8</ele></trkpt>
<trkpt lat="44.384470" lon="6.651480"><ele>1136.5</ele></trkpt>
<trkpt lat="44.384400" lon="6.651780"><ele>1137.3</ele></trkpt>
<trkpt lat="44.384360" lon="6.652030"><ele>1138.0</ele></trkpt>
<trkpt lat="44.384060" lon="6.655500"><ele>1138.7</ele></trkpt>
<trkpt lat="44.384060" lon="6.655640"><ele>1139.2</ele></trkpt>
<trkpt lat="44.384040" lon="6.655920"><ele>1139.7</ele></trkpt>
<trkpt lat="44.384010" lon="6.657700"><ele>1140.1</ele></trkpt>
<trkpt lat="44.384030" lon="6.657970"><ele>1140.8</ele></trkpt>
<trkpt lat="44.387600" lon="6.657210"><ele>1141.4</ele></trkpt>
<trkpt lat="44.387700" lon="6.657210"><ele>1141.9</ele></trkpt>
<trkpt lat="44.387750" lon="6.657220"><ele>1142.5</ele></trkpt>
<trkpt lat="44.387810" lon="6.657260"><ele>1143.1</ele></trkpt>
<trkpt lat="44.387890" lon="6.657360"><ele>1143.6</ele></trkpt>
<trkpt lat="44.387930" lon="6.657450"><ele>1144.2</ele></trkpt>
<trkpt lat="44.387960" lon="6.657560"><ele>1144.9</ele></trkpt>
<trkpt lat="44.388420" lon="6.661830"><ele>1145.6</ele></trkpt>
<trkpt lat="44.388490" lon="6.662290"><ele>1146.3</ele></trkpt>
<trkpt lat="44.388690" lon="6.662960"><ele>1147.0</ele></trkpt>
<trkpt lat="44.389080" lon="6.664100"><ele>1147.7</ele></trkpt>
<trkpt lat="44.389190" lon="6.664320"><ele>1148.4</ele></trkpt>
<trkpt lat="44.389600" lon="6.664980"><ele>1149.1</ele></trkpt>
<trkpt lat="44.389700" lon="6.665320"><ele>1149.7</ele></trkpt>
<trkpt lat="44.389730" lon="6.665460"><ele>1150.2</ele></trkpt>
<trkpt lat="44.389790" lon="6.665590"><ele>1150.7</ele></trkpt>
<trkpt lat="44.389810" lon="6.665660"><ele>1150.9</ele></trkpt>
<trkpt lat="44.390040" lon="6.666120"><ele>1151.2</ele></trkpt>
<trkpt lat="44.390100" lon="6.666340"><ele>1151.6</ele></trkpt>
<trkpt lat="44.390110" lon="6.666440"><ele>1151.9</ele></trkpt>
<trkpt lat="44.390120" lon="6.666460"><ele>1152.3</ele></trkpt>
<trkpt lat="44.390120" lon="6.666800"><ele>1152.6</ele></trkpt>
<trkpt lat="44.390110" lon="6.666820"><ele>1152.8</ele></trkpt>
<trkpt lat="44.390070" lon="6.667150"><ele>1153.1</ele></trkpt>
<trkpt lat="44.390030" lon="6.667350"><ele>1153.3</ele></trkpt>
<trkpt lat="44.390000" lon="6.667600"><ele>1153.6</ele></trkpt>
<trkpt lat="44.389990" lon="6.667870"><ele>1153.6</ele></trkpt>
<trkpt lat="44.390040" lon="6.668220"><ele>1153.7</ele></trkpt>
<trkpt lat="44.390350" lon="6.669480"><ele>1153.9</ele></trkpt>
<trkpt lat="44.390440" lon="6.669710"><ele>1154.0</ele></trkpt>
<trkpt lat="44.390550" lon="6.669870"><ele>1154.2</ele></trkpt>
<trkpt lat="44.390680" lon="6.669990"><ele>1154.5</ele></trkpt>
<trkpt lat="44.390750" lon="6.670040"><ele>1155.3</ele></trkpt>
<trkpt lat="44.390930" lon="6.670200"><ele>1156.0</ele></trkpt>
<trkpt lat="44.391070" lon="6.670370"><ele>1156.9</ele></trkpt>
<trkpt lat="44.391200" lon="6.670600"><ele>1157.7</ele></trkpt>
<trkpt lat="44.391250" lon="6.670710"><ele>1158.5</ele></trkpt>
<trkpt lat="44.391310" lon="6.670900"><ele>1159.2</ele></trkpt>
<trkpt lat="44.391350" lon="6.671120"><ele>1160.6</ele></trkpt>
<trkpt lat="44.391370" lon="6.671330"><ele>1161.8</ele></trkpt>
<trkpt lat="44.391590" lon="6.682380"><ele>1162.9</ele></trkpt>
<trkpt lat="44.391620" lon="6.682900"><ele>1164.0</ele></trkpt>
<trkpt lat="44.391660" lon="6.683220"><ele>1165.6</ele></trkpt>
<trkpt lat="44.392410" lon="6.685990"><ele>1166.7</ele></trkpt>
<trkpt lat="44.392510" lon="6.686280"><ele>1167.6</ele></trkpt>
<trkpt lat="44.392590" lon="6.686470"><ele>1168.5</ele></trkpt>
<trkpt lat="44.394180" lon="6.689110"><ele>1169.7</ele></trkpt>
<trkpt lat="44.394490" lon="6.689580"><ele>1170.9</ele></trkpt>
<trkpt lat="44.394720" lon="6.689870"><ele>1172.1</ele></trkpt>
<trkpt lat="44.395270" lon="6.690500"><ele>1172.8</ele></trkpt>
<trkpt lat="44.395790" lon="6.691050"><ele>1173.5</ele></trkpt>
<trkpt lat="44.396940" lon="6.692060"><ele>1174.8</ele></trkpt>
<trkpt lat="44.397010" lon="6.692110"><ele>1176.0</ele></trkpt>
<trkpt lat="44.397090" lon="6.692190"><ele>1177.3</ele></trkpt>
<trkpt lat="44.399220" lon="6.693970"><ele>1178.6</ele></trkpt>
<trkpt lat="44.399310" lon="6.694070"><ele>1179.2</ele></trkpt>
<trkpt lat="44.399460" lon="6.694270"><ele>1180.1</ele></trkpt>
<trkpt lat="44.399540" lon="6.694410"><ele>1180.8</ele></trkpt>
<trkpt lat="44.399660" lon="6.694690"><ele>1181.3</ele></trkpt>
<trkpt lat="44.401840" lon="6.700880"><ele>1181.6</ele></trkpt>
<trkpt lat="44.401910" lon="6.701020"><ele>1182.2</ele></trkpt>
<trkpt lat="44.401980" lon="6.701130"><ele>1182.9</ele></trkpt>
<trkpt lat="44.402050" lon="6.701220"><ele>1183.7</ele></trkpt>
<trkpt lat="44.402210" lon="6.701370"><ele>1184.0</ele></trkpt>
<trkpt lat="44.402280" lon="6.701420"><ele>1184.1</ele></trkpt>
<trkpt lat="44.403500" lon="6.701920"><ele>1184.1</ele></trkpt>
<trkpt lat="44.403580" lon="6.701960"><ele>1184.2</ele></trkpt>
<trkpt lat="44.403720" lon="6.702080"><ele>1184.2</ele></trkpt>
<trkpt lat="44.403840" lon="6.702230"><ele>1183.7</ele></trkpt>
<trkpt lat="44.403890" lon="6.702310"><ele>1183.2</ele></trkpt>
<trkpt lat="44.403940" lon="6.702410"><ele>1183.3</ele></trkpt>
<trkpt lat="44.404020" lon="6.702610"><ele>1183.3</ele></trkpt>
<trkpt lat="44.404750" lon="6.705430"><ele>1183.3</ele></trkpt>
<trkpt lat="44.404810" lon="6.705770"><ele>1183.4</ele></trkpt>
<trkpt lat="44.404810" lon="6.705870"><ele>1183.8</ele></trkpt>
<trkpt lat="44.404830" lon="6.706090"><ele>1184.9</ele></trkpt>
<trkpt lat="44.404830" lon="6.706290"><ele>1186.2</ele></trkpt>
<trkpt lat="44.404840" lon="6.706420"><ele>1187.5</ele></trkpt>
<trkpt lat="44.404850" lon="6.709690"><ele>1188.9</ele></trkpt>
<trkpt lat="44.404860" lon="6.709810"><ele>1190.5</ele></trkpt>
<trkpt lat="44.404850" lon="6.709900"><ele>1192.2</ele></trkpt>
<trkpt lat="44.404870" lon="6.711420"><ele>1194.2</ele></trkpt>
<trkpt lat="44.404890" lon="6.711650"><ele>1196.4</ele></trkpt>
<trkpt lat="44.405800" lon="6.717610"><ele>1198.6</ele></trkpt>
<trkpt lat="44.405970" lon="6.718320"><ele>1200.7</ele></trkpt>
<trkpt lat="44.406370" lon="6.719650"><ele>1202.7</ele></trkpt>
<trkpt lat="44.406380" lon="6.719720"><ele>1204.6</ele></trkpt>
<trkpt lat="44.407080" lon="6.722000"><ele>1205.9</ele></trkpt>
<trkpt lat="44.407230" lon="6.722370"><ele>1207.1</ele></trkpt>
<trkpt lat="44.409120" lon="6.726360"><ele>1208.5</ele></trkpt>
<trkpt lat="44.409300" lon="6.726670"><ele>1209.8</ele></trkpt>
<trkpt lat="44.409770" lon="6.727360"><ele>1211.2</ele></trkpt>
<trkpt lat="44.410070" lon="6.727740"><ele>1211.8</ele></trkpt>
<trkpt lat="44.410130" lon="6.727800"><ele>1212.3</ele></trkpt>
<trkpt lat="44.410200" lon="6.727890"><ele>1212.6</ele></trkpt>
<trkpt lat="44.410560" lon="6.728200"><ele>1212.9</ele></trkpt>
<trkpt lat="44.410920" lon="6.728450"><ele>1213.1</ele></trkpt>
<trkpt lat="44.411250" lon="6.728610"><ele>1213.2</ele></trkpt>
<trkpt lat="44.411530" lon="6.728710"><ele>1213.2</ele></trkpt>
<trkpt lat="44.412220" lon="6.728920"><ele>1213.2</ele></trkpt>
<trkpt lat="44.412620" lon="6.729010"><ele>1213.3</ele></trkpt>
<trkpt lat="44.412810" lon="6.729030"><ele>1213.5</ele></trkpt>
<trkpt lat="44.412990" lon="6.729030"><ele>1213.8</ele></trkpt>
<trkpt lat="44.413110" lon="6.729010"><ele>1214.1</ele></trkpt>
<trkpt lat="44.413490" lon="6.728890"><ele>1214.7</ele></trkpt>
<trkpt lat="44.414890" lon="6.728290"><ele>1215.3</ele></trkpt>
<trkpt lat="44.414990" lon="6.728260"><ele>1215.8</ele></trkpt>
<trkpt lat="44.415160" lon="6.728230"><ele>1216.2</ele></trkpt>
<trkpt lat="44.415350" lon="6.728240"><ele>1216.2</ele></trkpt>
<trkpt lat="44.416040" lon="6.728380"><ele>1216.3</ele></trkpt>
<trkpt lat="44.416150" lon="6.728420"><ele>1216.4</ele></trkpt>
<trkpt lat="44.416300" lon="6.728490"><ele>1216.3</ele></trkpt>
<trkpt lat="44.416460" lon="6.728580"><ele>1216.5</ele></trkpt>
<trkpt lat="44.416660" lon="6.728750"><ele>1216.8</ele></trkpt>
<trkpt lat="44.416790" lon="6.728880"><ele>1217.2</ele></trkpt>
<trkpt lat="44.416970" lon="6.729110"><ele>1218.0</ele></trkpt>
<trkpt lat="44.418180" lon="6.730920"><ele>1218.7</ele></trkpt>
<trkpt lat="44.418270" lon="6.731110"><ele>1219.5</ele></trkpt>
<trkpt lat="44.418370" lon="6.731390"><ele>1220.2</ele></trkpt>
<trkpt lat="44.418480" lon="6.731830"><ele>1220.9</ele></trkpt>
<trkpt lat="44.418680" lon="6.732810"><ele>1221.5</ele></trkpt>
<trkpt lat="44.418750" lon="6.733060"><ele>1221.7</ele></trkpt>
<trkpt lat="44.418850" lon="6.733230"><ele>1221.8</ele></trkpt>
<trkpt lat="44.419250" lon="6.733540"><ele>1221.8</ele></trkpt>
<trkpt lat="44.419300" lon="6.733590"><ele>1221.8</ele></trkpt>
<trkpt lat="44.419320" lon="6.733620"><ele>1222.1</ele></trkpt>
<trkpt lat="44.419370" lon="6.733670"><ele>1222.3</ele></trkpt>
<trkpt lat="44.419420" lon="6.733750"><ele>1222.5</ele></trkpt>
<trkpt lat="44.419830" lon="6.734650"><ele>1222.8</ele></trkpt>
<trkpt lat="44.420080" lon="6.735430"><ele>1222.8</ele></trkpt>
<trkpt lat="44.420110" lon="6.735590"><ele>1222.7</ele></trkpt>
<trkpt lat="44.420110" lon="6.735960"><ele>1222.6</ele></trkpt>
<trkpt lat="44.420120" lon="6.736010"><ele>1222.2</ele></trkpt>
<trkpt lat="44.420120" lon="6.736050"><ele>1222.0</ele></trkpt>
<trkpt lat="44.420140" lon="6.736140"><ele>1222.0</ele></trkpt>
<trkpt lat="44.420210" lon="6.736300"><ele>1222.1</ele></trkpt>
<trkpt lat="44.420260" lon="6.736360"><ele>1222.2</ele></trkpt>
<trkpt lat="44.420560" lon="6.736630"><ele>1222.4</ele></trkpt>
<trkpt lat="44.421210" lon="6.736930"><ele>1223.0</ele></trkpt>
<trkpt lat="44.421540" lon="6.737050"><ele>1223.6</ele></trkpt>
<trkpt lat="44.422020" lon="6.737170"><ele>1224.0</ele></trkpt>
<trkpt lat="44.422450" lon="6.737210"><ele>1224.8</ele></trkpt>
<trkpt lat="44.424960" lon="6.737060"><ele>1225.8</ele></trkpt>
<trkpt lat="44.425130" lon="6.737040"><ele>1227.2</ele></trkpt>
<trkpt lat="44.427030" lon="6.736960"><ele>1228.8</ele></trkpt>
<trkpt lat="44.427190" lon="6.736940"><ele>1230.7</ele></trkpt>
<trkpt lat="44.427420" lon="6.736880"><ele>1233.0</ele></trkpt>
<trkpt lat="44.427710" lon="6.736760"><ele>1235.3</ele></trkpt>
<trkpt lat="44.428230" lon="6.736500"><ele>1237.7</ele></trkpt>
<trkpt lat="44.428620" lon="6.736350"><ele>1239.9</ele></trkpt>
<trkpt lat="44.428750" lon="6.736320"><ele>1241.8</ele></trkpt>
<trkpt lat="44.428890" lon="6.736300"><ele>1243.3</ele></trkpt>
<trkpt lat="44.429030" lon="6.736300"><ele>1244.5</ele></trkpt>
<trkpt lat="44.429310" lon="6.736360"><ele>1245.8</ele></trkpt>
<trkpt lat="44.429590" lon="6.736480"><ele>1247.0</ele></trkpt>
<trkpt lat="44.429720" lon="6.736560"><ele>1248.1</ele></trkpt>
<trkpt lat="44.429790" lon="6.736620"><ele>1249.4</ele></trkpt>
<trkpt lat="44.430060" lon="6.736910"><ele>1251.3</ele></trkpt>
<trkpt lat="44.430270" lon="6.737220"><ele>1252.9</ele></trkpt>
<trkpt lat="44.430510" lon="6.737700"><ele>1254.4</ele></trkpt>
<trkpt lat="44.430760" lon="6.738150"><ele>1255.6</ele></trkpt>
<trkpt lat="44.430840" lon="6.738260"><ele>1256.7</ele></trkpt>
<trkpt lat="44.430930" lon="6.738350"><ele>1257.4</ele></trkpt>
<trkpt lat="44.431060" lon="6.738460"><ele>1257.6</ele></trkpt>
<trkpt lat="44.431190" lon="6.738530"><ele>1257.4</ele></trkpt>
<trkpt lat="44.431580" lon="6.738650"><ele>1257.0</ele></trkpt>
<trkpt lat="44.431750" lon="6.738770"><ele>1256.4</ele></trkpt>
<trkpt lat="44.431850" lon="6.738860"><ele>1255.9</ele></trkpt>
<trkpt lat="44.431900" lon="6.738930"><ele>1255.7</ele></trkpt>
<trkpt lat="44.432010" lon="6.739150"><ele>1255.6</ele></trkpt>
<trkpt lat="44.432120" lon="6.739410"><ele>1255.4</ele></trkpt>
<trkpt lat="44.432450" lon="6.740040"><ele>1255.5</ele></trkpt>
<trkpt lat="44.432610" lon="6.740300"><ele>1255.7</ele></trkpt>
<trkpt lat="44.432800" lon="6.740520"><ele>1255.8</ele></trkpt>
<trkpt lat="44.433370" lon="6.740980"><ele>1255.6</ele></trkpt>
<trkpt lat="44.433460" lon="6.741080"><ele>1255.4</ele></trkpt>
<trkpt lat="44.433590" lon="6.741270"><ele>1255.0</ele></trkpt>
<trkpt lat="44.433640" lon="6.741370"><ele>1254.5</ele></trkpt>
<trkpt lat="44.433760" lon="6.741690"><ele>1253.8</ele></trkpt>
<trkpt lat="44.434210" lon="6.743390"><ele>1253.2</ele></trkpt>
<trkpt lat="44.434320" lon="6.743710"><ele>1252.9</ele></trkpt>
<trkpt lat="44.434370" lon="6.743790"><ele>1252.9</ele></trkpt>
<trkpt lat="44.434450" lon="6.743890"><ele>1253.3</ele></trkpt>
<trkpt lat="44.434550" lon="6.743960"><ele>1254.2</ele></trkpt>
<trkpt lat="44.434610" lon="6.743970"><ele>1255.2</ele></trkpt>
<trkpt lat="44.434740" lon="6.744010"><ele>1256.2</ele></trkpt>
<trkpt lat="44.435320" lon="6.744090"><ele>1257.3</ele></trkpt>
<trkpt lat="44.435470" lon="6.744090"><ele>1258.6</ele></trkpt>
<trkpt lat="44.435600" lon="6.744060"><ele>1259.6</ele></trkpt>
<trkpt lat="44.435710" lon="6.743990"><ele>1260.4</ele></trkpt>
<trkpt lat="44.435820" lon="6.743900"><ele>1261.3</ele></trkpt>
<trkpt lat="44.435950" lon="6.743770"><ele>1262.0</ele></trkpt>
<trkpt lat="44.436050" lon="6.743710"><ele>1262.6</ele></trkpt>
<trkpt lat="44.436150" lon="6.743670"><ele>1263.1</ele></trkpt>
<trkpt lat="44.436240" lon="6.743670"><ele>1263.7</ele></trkpt>
<trkpt lat="44.436320" lon="6.743680"><ele>1264.5</ele></trkpt>
<trkpt lat="44.436730" lon="6.743870"><ele>1265.2</ele></trkpt>
<trkpt lat="44.436870" lon="6.743920"><ele>1265.9</ele></trkpt>
<trkpt lat="44.436990" lon="6.743950"><ele>1266.3</ele></trkpt>
<trkpt lat="44.437410" lon="6.744090"><ele>1266.2</ele></trkpt>
<trkpt lat="44.437500" lon="6.744100"><ele>1265.9</ele></trkpt>
<trkpt lat="44.437600" lon="6.744090"><ele>1265.3</ele></trkpt>
<trkpt lat="44.437700" lon="6.744050"><ele>1264.7</ele></trkpt>
<trkpt lat="44.438000" lon="6.743880"><ele>1263.9</ele></trkpt>
<trkpt lat="44.438090" lon="6.743850"><ele>1263.3</ele></trkpt>
<trkpt lat="44.438170" lon="6.743840"><ele>1263.1</ele></trkpt>
<trkpt lat="44.438320" lon="6.743860"><ele>1263.0</ele></trkpt>
<trkpt lat="44.438680" lon="6.743960"><ele>1262.9</ele></trkpt>
<trkpt lat="44.438810" lon="6.743940"><ele>1263.0</ele></trkpt>
<trkpt lat="44.439020" lon="6.743830"><ele>1262.9</ele></trkpt>
<trkpt lat="44.439190" lon="6.743700"><ele>1262.6</ele></trkpt>
<trkpt lat="44.439260" lon="6.743620"><ele>1262.5</ele></trkpt>
<trkpt lat="44.439390" lon="6.743420"><ele>1262.2</ele></trkpt>
<trkpt lat="44.439660" lon="6.742950"><ele>1262.1</ele></trkpt>
<trkpt lat="44.439800" lon="6.742800"><ele>1262.2</ele></trkpt>
<trkpt lat="44.439930" lon="6.742740"><ele>1262.6</ele></trkpt>
<trkpt lat="44.440030" lon="6.742730"><ele>1263.4</ele></trkpt>
<trkpt lat="44.440450" lon="6.742750"><ele>1264.3</ele></trkpt>
<trkpt lat="44.440580" lon="6.742720"><ele>1265.3</ele></trkpt>
<trkpt lat="44.440690" lon="6.742670"><ele>1266.4</ele></trkpt>
<trkpt lat="44.440800" lon="6.742600"><ele>1267.6</ele></trkpt>
<trkpt lat="44.440890" lon="6.742520"><ele>1269.3</ele></trkpt>
<trkpt lat="44.441270" lon="6.742110"><ele>1270.5</ele></trkpt>
<trkpt lat="44.441360" lon="6.742040"><ele>1271.1</ele></trkpt>
<trkpt lat="44.441500" lon="6.741960"><ele>1271.2</ele></trkpt>
<trkpt lat="44.441550" lon="6.741940"><ele>1271.8</ele></trkpt>
<trkpt lat="44.441630" lon="6.741930"><ele>1272.9</ele></trkpt>
<trkpt lat="44.441770" lon="6.741930"><ele>1274.0</ele></trkpt>
<trkpt lat="44.442280" lon="6.742030"><ele>1275.1</ele></trkpt>
<trkpt lat="44.442840" lon="6.742080"><ele>1276.0</ele></trkpt>
<trkpt lat="44.443090" lon="6.742120"><ele>1276.7</ele></trkpt>
<trkpt lat="44.443270" lon="6.742170"><ele>1277.1</ele></trkpt>
<trkpt lat="44.443420" lon="6.742230"><ele>1277.2</ele></trkpt>
<trkpt lat="44.443770" lon="6.742470"><ele>1276.8</ele></trkpt>
<trkpt lat="44.443890" lon="6.742540"><ele>1276.4</ele></trkpt>
<trkpt lat="44.443990" lon="6.742580"><ele>1275.9</ele></trkpt>
<trkpt lat="44.444080" lon="6.742600"><ele>1275.5</ele></trkpt>
<trkpt lat="44.444380" lon="6.742610"><ele>1274.8</ele></trkpt>
<trkpt lat="44.444510" lon="6.742590"><ele>1273.5</ele></trkpt>
<trkpt lat="44.444620" lon="6.742560"><ele>1272.2</ele></trkpt>
<trkpt lat="44.444960" lon="6.742390"><ele>1271.2</ele></trkpt>
<trkpt lat="44.445530" lon="6.742010"><ele>1270.7</ele></trkpt>
<trkpt lat="44.445750" lon="6.741840"><ele>1269.7</ele></trkpt>
<trkpt lat="44.445940" lon="6.741670"><ele>1268.7</ele></trkpt>
<trkpt lat="44.446690" lon="6.740880"><ele>1268.4</ele></trkpt>
<trkpt lat="44.447240" lon="6.740380"><ele>1268.6</ele></trkpt>
<trkpt lat="44.447370" lon="6.740290"><ele>1269.0</ele></trkpt>
<trkpt lat="44.447480" lon="6.740240"><ele>1269.5</ele></trkpt>
<trkpt lat="44.447630" lon="6.740200"><ele>1270.3</ele></trkpt>
<trkpt lat="44.447730" lon="6.740190"><ele>1271.3</ele></trkpt>
<trkpt lat="44.447880" lon="6.740200"><ele>1273.0</ele></trkpt>
<trkpt lat="44.448180" lon="6.740260"><ele>1275.0</ele></trkpt>
<trkpt lat="44.449120" lon="6.740540"><ele>1277.1</ele></trkpt>
<trkpt lat="44.449620" lon="6.740630"><ele>1279.1</ele></trkpt>
<trkpt lat="44.449780" lon="6.740680"><ele>1281.0</ele></trkpt>
<trkpt lat="44.449870" lon="6.740730"><ele>1282.7</ele></trkpt>
<trkpt lat="44.450060" lon="6.740890"><ele>1284.4</ele></trkpt>
<trkpt lat="44.451130" lon="6.742060"><ele>1286.1</ele></trkpt>
<trkpt lat="44.451470" lon="6.742370"><ele>1287.7</ele></trkpt>
<trkpt lat="44.451850" lon="6.742680"><ele>1289.3</ele></trkpt>
<trkpt lat="44.452530" lon="6.743090"><ele>1290.6</ele></trkpt>
<trkpt lat="44.452660" lon="6.743220"><ele>1291.2</ele></trkpt>
<trkpt lat="44.452760" lon="6.743350"><ele>1291.5</ele></trkpt>
<trkpt lat="44.452960" lon="6.743680"><ele>1291.7</ele></trkpt>
<trkpt lat="44.453100" lon="6.743790"><ele>1291.9</ele></trkpt>
<trkpt lat="44.453180" lon="6.743830"><ele>1292.2</ele></trkpt>
<trkpt lat="44.453300" lon="6.743860"><ele>1292.4</ele></trkpt>
<trkpt lat="44.453370" lon="6.743870"><ele>1292.1</ele></trkpt>
<trkpt lat="44.453460" lon="6.743860"><ele>1291.6</ele></trkpt>
<trkpt lat="44.453610" lon="6.743800"><ele>1290.9</ele></trkpt>
<trkpt lat="44.453760" lon="6.743710"><ele>1290.3</ele></trkpt>
<trkpt lat="44.453900" lon="6.743650"><ele>1289.8</ele></trkpt>
<trkpt lat="44.454000" lon="6.743630"><ele>1289.8</ele></trkpt>
<trkpt lat="44.455150" lon="6.743670"><ele>1290.1</ele></trkpt>
<trkpt lat="44.455350" lon="6.743740"><ele>1290.4</ele></trkpt>
<trkpt lat="44.455560" lon="6.743890"><ele>1290.7</ele></trkpt>
<trkpt lat="44.455780" lon="6.744020"><ele>1291.0</ele></trkpt>
<trkpt lat="44.455900" lon="6.744070"><ele>1291.4</ele></trkpt>
<trkpt lat="44.456020" lon="6.744100"><ele>1291.8</ele></trkpt>
<trkpt lat="44.456160" lon="6.744110"><ele>1292.0</ele></trkpt>
<trkpt lat="44.456630" lon="6.744100"><ele>1291.9</ele></trkpt>
<trkpt lat="44.456720" lon="6.744110"><ele>1291.8</ele></trkpt>
<trkpt lat="44.456890" lon="6.744160"><ele>1291.4</ele></trkpt>
<trkpt lat="44.457610" lon="6.744660"><ele>1291.0</ele></trkpt>
<trkpt lat="44.457840" lon="6.744880"><ele>1290.7</ele></trkpt>
<trkpt lat="44.457970" lon="6.745050"><ele>1290.4</ele></trkpt>
<trkpt lat="44.458080" lon="6.745310"><ele>1290.5</ele></trkpt>
<trkpt lat="44.458150" lon="6.745610"><ele>1290.7</ele></trkpt>
<trkpt lat="44.458190" lon="6.746130"><ele>1291.0</ele></trkpt>
<trkpt lat="44.458210" lon="6.746240"><ele>1291.1</ele></trkpt>
<trkpt lat="44.458280" lon="6.746400"><ele>1291.3</ele></trkpt>
<trkpt lat="44.458370" lon="6.746540"><ele>1291.7</ele></trkpt>
<trkpt lat="44.458470" lon="6.746630"><ele>1292.2</ele></trkpt>
<trkpt lat="44.458690" lon="6.746720"><ele>1292.9</ele></trkpt>
<trkpt lat="44.459270" lon="6.746760"><ele>1293.0</ele></trkpt>
<trkpt lat="44.459530" lon="6.746830"><ele>1293.1</ele></trkpt>
<trkpt lat="44.459850" lon="6.746950"><ele>1293.3</ele></trkpt>
<trkpt lat="44.460100" lon="6.747100"><ele>1293.9</ele></trkpt>
<trkpt lat="44.460450" lon="6.747390"><ele>1294.7</ele></trkpt>
<trkpt lat="44.460750" lon="6.747700"><ele>1295.7</ele></trkpt>
<trkpt lat="44.460920" lon="6.747930"><ele>1296.9</ele></trkpt>
<trkpt lat="44.461380" lon="6.748670"><ele>1298.2</ele></trkpt>
<trkpt lat="44.462210" lon="6.749800"><ele>1299.4</ele></trkpt>
<trkpt lat="44.462370" lon="6.749980"><ele>1300.6</ele></trkpt>
<trkpt lat="44.462530" lon="6.750100"><ele>1301.6</ele></trkpt>
<trkpt lat="44.462810" lon="6.750200"><ele>1302.5</ele></trkpt>
<trkpt lat="44.462960" lon="6.750230"><ele>1303.2</ele></trkpt>
<trkpt lat="44.463160" lon="6.750300"><ele>1303.6</ele></trkpt>
<trkpt lat="44.463290" lon="6.750370"><ele>1303.9</ele></trkpt>
<trkpt lat="44.463450" lon="6.750500"><ele>1304.0</ele></trkpt>
<trkpt lat="44.463500" lon="6.750550"><ele>1304.1</ele></trkpt>
<trkpt lat="44.464520" lon="6.751830"><ele>1304.6</ele></trkpt>
<trkpt lat="44.464640" lon="6.752000"><ele>1305.0</ele></trkpt>
<trkpt lat="44.464800" lon="6.752260"><ele>1305.0</ele></trkpt>
<trkpt lat="44.465130" lon="6.752920"><ele>1304.7</ele></trkpt>
<trkpt lat="44.465170" lon="6.753030"><ele>1304.3</ele></trkpt>
<trkpt lat="44.465240" lon="6.753280"><ele>1303.7</ele></trkpt>
<trkpt lat="44.465260" lon="6.753440"><ele>1303.0</ele></trkpt>
<trkpt lat="44.465260" lon="6.753530"><ele>1302.2</ele></trkpt>
<trkpt lat="44.465270" lon="6.753620"><ele>1301.6</ele></trkpt>
<trkpt lat="44.465270" lon="6.753890"><ele>1300.9</ele></trkpt>
<trkpt lat="44.465110" lon="6.755120"><ele>1300.2</ele></trkpt>
<trkpt lat="44.464980" lon="6.755910"><ele>1299.6</ele></trkpt>
<trkpt lat="44.464940" lon="6.756250"><ele>1298.8</ele></trkpt>
<trkpt lat="44.464940" lon="6.756330"><ele>1298.5</ele></trkpt>
<trkpt lat="44.464930" lon="6.756410"><ele>1298.3</ele></trkpt>
<trkpt lat="44.464930" lon="6.756510"><ele>1298.3</ele></trkpt>
<trkpt lat="44.464970" lon="6.756890"><ele>1298.3</ele></trkpt>
<trkpt lat="44.465050" lon="6.757230"><ele>1298.3</ele></trkpt>
<trkpt lat="44.465250" lon="6.757670"><ele>1298.5</ele></trkpt>
<trkpt lat="44.466180" lon="6.759500"><ele>1299.2</ele></trkpt>
<trkpt lat="44.466790" lon="6.760530"><ele>1300.3</ele></trkpt>
<trkpt lat="44.467220" lon="6.761470"><ele>1301.3</ele></trkpt>
<trkpt lat="44.467390" lon="6.761720"><ele>1302.2</ele></trkpt>
<trkpt lat="44.467490" lon="6.761820"><ele>1303.1</ele></trkpt>
<trkpt lat="44.467540" lon="6.761860"><ele>1303.9</ele></trkpt>
<trkpt lat="44.467620" lon="6.761910"><ele>1304.5</ele></trkpt>
<trkpt lat="44.470340" lon="6.763270"><ele>1305.0</ele></trkpt>
<trkpt lat="44.470440" lon="6.763340"><ele>1305.4</ele></trkpt>
<trkpt lat="44.470880" lon="6.763720"><ele>1305.8</ele></trkpt>
<trkpt lat="44.470940" lon="6.763750"><ele>1306.4</ele></trkpt>
<trkpt lat="44.471080" lon="6.763780"><ele>1306.7</ele></trkpt>
<trkpt lat="44.471160" lon="6.763780"><ele>1306.8</ele></trkpt>
<trkpt lat="44.471370" lon="6.763740"><ele>1306.9</ele></trkpt>
<trkpt lat="44.471460" lon="6.763700"><ele>1307.1</ele></trkpt>
<trkpt lat="44.471490" lon="6.763680"><ele>1307.3</ele></trkpt>
<trkpt lat="44.471520" lon="6.763670"><ele>1307.4</ele></trkpt>
<trkpt lat="44.472160" lon="6.763200"><ele>1307.6</ele></trkpt>
<trkpt lat="44.472310" lon="6.763140"><ele>1307.7</ele></trkpt>
<trkpt lat="44.472400" lon="6.763120"><ele>1307.8</ele></trkpt>
<trkpt lat="44.472450" lon="6.763120"><ele>1308.1</ele></trkpt>
<trkpt lat="44.472500" lon="6.763030"><ele>1308.6</ele></trkpt>
<trkpt lat="44.472550" lon="6.762960"><ele>1309.2</ele></trkpt>
<trkpt lat="44.472700" lon="6.762850"><ele>1310.1</ele></trkpt>
<trkpt lat="44.476560" lon="6.760650"><ele>1311.1</ele></trkpt>
<trkpt lat="44.476730" lon="6.760510"><ele>1312.2</ele></trkpt>
<trkpt lat="44.476870" lon="6.760350"><ele>1313.4</ele></trkpt>
<trkpt lat="44.476990" lon="6.760160"><ele>1314.5</ele></trkpt>
<trkpt lat="44.477900" lon="6.758210"><ele>1315.5</ele></trkpt>
<trkpt lat="44.478210" lon="6.757730"><ele>1316.8</ele></trkpt>
<trkpt lat="44.478540" lon="6.757300"><ele>1318.2</ele></trkpt>
<trkpt lat="44.479430" lon="6.756410"><ele>1319.6</ele></trkpt>
<trkpt lat="44.479660" lon="6.756140"><ele>1321.0</ele></trkpt>
<trkpt lat="44.479790" lon="6.755960"><ele>1322.5</ele></trkpt>
<trkpt lat="44.480000" lon="6.755590"><ele>1323.8</ele></trkpt>
<trkpt lat="44.480180" lon="6.755190"><ele>1325.1</ele></trkpt>
<trkpt lat="44.480300" lon="6.754770"><ele>1326.2</ele></trkpt>
<trkpt lat="44.480570" lon="6.753430"><ele>1327.2</ele></trkpt>
<trkpt lat="44.480630" lon="6.753260"><ele>1328.4</ele></trkpt>
<trkpt lat="44.480760" lon="6.753010"><ele>1329.6</ele></trkpt>
<trkpt lat="44.481330" lon="6.752080"><ele>1331.4</ele></trkpt>
<trkpt lat="44.481640" lon="6.751660"><ele>1333.1</ele></trkpt>
<trkpt lat="44.482590" lon="6.750580"><ele>1334.4</ele></trkpt>
<trkpt lat="44.483460" lon="6.749670"><ele>1335.5</ele></trkpt>
<trkpt lat="44.483700" lon="6.749370"><ele>1336.7</ele></trkpt>
<trkpt lat="44.484040" lon="6.748830"><ele>1337.9</ele></trkpt>
<trkpt lat="44.484320" lon="6.748490"><ele>1338.9</ele></trkpt>
<trkpt lat="44.484500" lon="6.748320"><ele>1339.8</ele></trkpt>
<trkpt lat="44.485320" lon="6.747740"><ele>1340.7</ele></trkpt>
<trkpt lat="44.485400" lon="6.747700"><ele>1341.6</ele></trkpt>
<trkpt lat="44.485950" lon="6.747530"><ele>1342.4</ele></trkpt>
<trkpt lat="44.486050" lon="6.747470"><ele>1343.3</ele></trkpt>
<trkpt lat="44.486150" lon="6.747390"><ele>1344.2</ele></trkpt>
<trkpt lat="44.486220" lon="6.747320"><ele>1345.4</ele></trkpt>
<trkpt lat="44.486280" lon="6.747240"><ele>1346.7</ele></trkpt>
<trkpt lat="44.486370" lon="6.747050"><ele>1347.9</ele></trkpt>
<trkpt lat="44.486930" lon="6.746200"><ele>1349.1</ele></trkpt>
<trkpt lat="44.487030" lon="6.746090"><ele>1349.5</ele></trkpt>
<trkpt lat="44.487170" lon="6.745970"><ele>1350.0</ele></trkpt>
<trkpt lat="44.487280" lon="6.745890"><ele>1350.9</ele></trkpt>
<trkpt lat="44.487710" lon="6.745660"><ele>1351.7</ele></trkpt>
<trkpt lat="44.488120" lon="6.745380"><ele>1352.4</ele></trkpt>
<trkpt lat="44.488400" lon="6.745090"><ele>1353.0</ele></trkpt>
<trkpt lat="44.488580" lon="6.744850"><ele>1353.4</ele></trkpt>
<trkpt lat="44.488860" lon="6.744360"><ele>1353.7</ele></trkpt>
<trkpt lat="44.489010" lon="6.744030"><ele>1354.2</ele></trkpt>
<trkpt lat="44.489220" lon="6.743660"><ele>1355.2</ele></trkpt>
<trkpt lat="44.489310" lon="6.743550"><ele>1356.3</ele></trkpt>
<trkpt lat="44.489420" lon="6.743440"><ele>1357.4</ele></trkpt>
<trkpt lat="44.489620" lon="6.743310"><ele>1358.3</ele></trkpt>
<trkpt lat="44.489810" lon="6.743250"><ele>1358.9</ele></trkpt>
<trkpt lat="44.490130" lon="6.743180"><ele>1359.1</ele></trkpt>
<trkpt lat="44.490350" lon="6.743110"><ele>1359.1</ele></trkpt>
<trkpt lat="44.490620" lon="6.742910"><ele>1358.9</ele></trkpt>
<trkpt lat="44.491150" lon="6.742290"><ele>1358.5</ele></trkpt>
<trkpt lat="44.491220" lon="6.742220"><ele>1358.2</ele></trkpt>
<trkpt lat="44.491300" lon="6.742160"><ele>1358.0</ele></trkpt>
<trkpt lat="44.491630" lon="6.742090"><ele>1358.1</ele></trkpt>
<trkpt lat="44.491900" lon="6.742070"><ele>1358.7</ele></trkpt>
<trkpt lat="44.492280" lon="6.742080"><ele>1359.4</ele></trkpt>
<trkpt lat="44.492920" lon="6.741980"><ele>1360.4</ele></trkpt>
<trkpt lat="44.493100" lon="6.741900"><ele>1361.2</ele></trkpt>
<trkpt lat="44.493190" lon="6.741850"><ele>1361.7</ele></trkpt>
<trkpt lat="44.493390" lon="6.741670"><ele>1361.7</ele></trkpt>
<trkpt lat="44.493600" lon="6.741530"><ele>1361.5</ele></trkpt>
<trkpt lat="44.493960" lon="6.741360"><ele>1361.3</ele></trkpt>
<trkpt lat="44.494300" lon="6.741240"><ele>1361.8</ele></trkpt>
<trkpt lat="44.494730" lon="6.741140"><ele>1362.9</ele></trkpt>
<trkpt lat="44.494910" lon="6.741080"><ele>1364.3</ele></trkpt>
<trkpt lat="44.495740" lon="6.740880"><ele>1366.0</ele></trkpt>
<trkpt lat="44.495890" lon="6.740820"><ele>1367.8</ele></trkpt>
<trkpt lat="44.496050" lon="6.740740"><ele>1369.8</ele></trkpt>
<trkpt lat="44.496290" lon="6.740570"><ele>1372.2</ele></trkpt>
<trkpt lat="44.496860" lon="6.740090"><ele>1374.5</ele></trkpt>
<trkpt lat="44.497440" lon="6.739680"><ele>1376.6</ele></trkpt>
<trkpt lat="44.498090" lon="6.739280"><ele>1378.4</ele></trkpt>
<trkpt lat="44.498210" lon="6.739220"><ele>1379.9</ele></trkpt>
<trkpt lat="44.498310" lon="6.739200"><ele>1381.3</ele></trkpt>
<trkpt lat="44.498410" lon="6.739190"><ele>1382.6</ele></trkpt>
<trkpt lat="44.498690" lon="6.739230"><ele>1383.7</ele></trkpt>
<trkpt lat="44.499330" lon="6.739400"><ele>1384.8</ele></trkpt>
<trkpt lat="44.499430" lon="6.739440"><ele>1386.1</ele></trkpt>
<trkpt lat="44.499530" lon="6.739500"><ele>1387.3</ele></trkpt>
<trkpt lat="44.499620" lon="6.739570"><ele>1388.1</ele></trkpt>
<trkpt lat="44.499770" lon="6.739730"><ele>1388.5</ele></trkpt>
<trkpt lat="44.500110" lon="6.740030"><ele>1388.8</ele></trkpt>
<trkpt lat="44.500560" lon="6.740360"><ele>1389.2</ele></trkpt>
<trkpt lat="44.500940" lon="6.740540"><ele>1389.6</ele></trkpt>
<trkpt lat="44.501180" lon="6.740580"><ele>1389.9</ele></trkpt>
<trkpt lat="44.501380" lon="6.740600"><ele>1389.8</ele></trkpt>
<trkpt lat="44.501590" lon="6.740600"><ele>1389.5</ele></trkpt>
<trkpt lat="44.501840" lon="6.740570"><ele>1389.3</ele></trkpt>
<trkpt lat="44.501940" lon="6.740570"><ele>1389.2</ele></trkpt>
<trkpt lat="44.501990" lon="6.740580"><ele>1389.2</ele></trkpt>
<trkpt lat="44.502180" lon="6.740650"><ele>1389.5</ele></trkpt>
<trkpt lat="44.502420" lon="6.740830"><ele>1390.3</ele></trkpt>
<trkpt lat="44.502520" lon="6.740940"><ele>1391.3</ele></trkpt>
<trkpt lat="44.502610" lon="6.741060"><ele>1392.2</ele></trkpt>
<trkpt lat="44.502690" lon="6.741190"><ele>1393.2</ele></trkpt>
<trkpt lat="44.502770" lon="6.741380"><ele>1394.1</ele></trkpt>
<trkpt lat="44.502820" lon="6.741540"><ele>1394.8</ele></trkpt>
<trkpt lat="44.502820" lon="6.741580"><ele>1395.6</ele></trkpt>
<trkpt lat="44.502880" lon="6.741920"><ele>1396.5</ele></trkpt>
<trkpt lat="44.502980" lon="6.742730"><ele>1397.4</ele></trkpt>
<trkpt lat="44.502990" lon="6.742770"><ele>1397.9</ele></trkpt>
<trkpt lat="44.503070" lon="6.742910"><ele>1398.5</ele></trkpt>
<trkpt lat="44.503120" lon="6.742960"><ele>1399.4</ele></trkpt>
<trkpt lat="44.503170" lon="6.742990"><ele>1400.5</ele></trkpt>
<trkpt lat="44.503260" lon="6.743010"><ele>1401.8</ele></trkpt>
<trkpt lat="44.503320" lon="6.743010"><ele>1403.6</ele></trkpt>
<trkpt lat="44.503420" lon="6.743040"><ele>1405.6</ele></trkpt>
<trkpt lat="44.503510" lon="6.743090"><ele>1407.8</ele></trkpt>
<trkpt lat="44.503730" lon="6.743260"><ele>1409.8</ele></trkpt>
<trkpt lat="44.503800" lon="6.743300"><ele>1411.7</ele></trkpt>
<trkpt lat="44.503940" lon="6.743350"><ele>1413.3</ele></trkpt>
<trkpt lat="44.503990" lon="6.743380"><ele>1414.5</ele></trkpt>
<trkpt lat="44.504070" lon="6.743400"><ele>1415.4</ele></trkpt>
<trkpt lat="44.504230" lon="6.743420"><ele>1416.4</ele></trkpt>
<trkpt lat="44.504300" lon="6.743440"><ele>1417.3</ele></trkpt>
<trkpt lat="44.504400" lon="6.743490"><ele>1418.3</ele></trkpt>
<trkpt lat="44.504450" lon="6.743530"><ele>1419.2</ele></trkpt>
<trkpt lat="44.504530" lon="6.743670"><ele>1421.0</ele></trkpt>
<trkpt lat="44.504610" lon="6.743920"><ele>1422.5</ele></trkpt>
<trkpt lat="44.504640" lon="6.744160"><ele>1423.5</ele></trkpt>
<trkpt lat="44.504710" lon="6.744470"><ele>1424.5</ele></trkpt>
<trkpt lat="44.504790" lon="6.744690"><ele>1425.2</ele></trkpt>
<trkpt lat="44.504860" lon="6.744790"><ele>1425.4</ele></trkpt>
<trkpt lat="44.505070" lon="6.744980"><ele>1425.5</ele></trkpt>
<trkpt lat="44.505080" lon="6.744980"><ele>1425.3</ele></trkpt>
<trkpt lat="44.509230" lon="6.746470"><ele>1425.2</ele></trkpt>
<trkpt lat="44.509670" lon="6.746650"><ele>1425.1</ele></trkpt>
<trkpt lat="44.509780" lon="6.746680"><ele>1425.6</ele></trkpt>
<trkpt lat="44.509860" lon="6.746690"><ele>1427.1</ele></trkpt>
<trkpt lat="44.509940" lon="6.746670"><ele>1429.0</ele></trkpt>
<trkpt lat="44.510010" lon="6.746630"><ele>1431.1</ele></trkpt>
<trkpt lat="44.510080" lon="6.746570"><ele>1433.1</ele></trkpt>
<trkpt lat="44.510150" lon="6.746490"><ele>1435.0</ele></trkpt>
<trkpt lat="44.510180" lon="6.746430"><ele>1436.9</ele></trkpt>
<trkpt lat="44.510220" lon="6.746370"><ele>1438.1</ele></trkpt>
<trkpt lat="44.510250" lon="6.746270"><ele>1439.6</ele></trkpt>
<trkpt lat="44.510360" lon="6.745540"><ele>1441.3</ele></trkpt>
<trkpt lat="44.510400" lon="6.745390"><ele>1443.0</ele></trkpt>
<trkpt lat="44.510510" lon="6.745130"><ele>1444.8</ele></trkpt>
<trkpt lat="44.510560" lon="6.745040"><ele>1446.6</ele></trkpt>
<trkpt lat="44.511040" lon="6.744410"><ele>1448.4</ele></trkpt>
<trkpt lat="44.511070" lon="6.744380"><ele>1450.3</ele></trkpt>
<trkpt lat="44.511230" lon="6.744280"><ele>1452.5</ele></trkpt>
<trkpt lat="44.511340" lon="6.744230"><ele>1454.7</ele></trkpt>
<trkpt lat="44.511550" lon="6.744190"><ele>1456.9</ele></trkpt>
<trkpt lat="44.511690" lon="6.744190"><ele>1458.4</ele></trkpt>
<trkpt lat="44.511800" lon="6.744200"><ele>1459.8</ele></trkpt>
<trkpt lat="44.511940" lon="6.744240"><ele>1460.9</ele></trkpt>
<trkpt lat="44.512170" lon="6.744280"><ele>1461.9</ele></trkpt>
<trkpt lat="44.512260" lon="6.744280"><ele>1462.6</ele></trkpt>
<trkpt lat="44.515160" lon="6.744050"><ele>1463.3</ele></trkpt>
<trkpt lat="44.515210" lon="6.744040"><ele>1463.8</ele></trkpt>
<trkpt lat="44.515350" lon="6.744060"><ele>1464.2</ele></trkpt>
<trkpt lat="44.515410" lon="6.744080"><ele>1464.5</ele></trkpt>
<trkpt lat="44.515500" lon="6.744130"><ele>1465.2</ele></trkpt>
<trkpt lat="44.515550" lon="6.744190"><ele>1465.8</ele></trkpt>
<trkpt lat="44.515590" lon="6.744260"><ele>1466.1</ele></trkpt>
<trkpt lat="44.515620" lon="6.744350"><ele>1466.3</ele></trkpt>
<trkpt lat="44.515630" lon="6.744430"><ele>1466.5</ele></trkpt>
<trkpt lat="44.515620" lon="6.744600"><ele>1466.5</ele></trkpt>
<trkpt lat="44.515580" lon="6.744730"><ele>1466.3</ele></trkpt>
<trkpt lat="44.515500" lon="6.744900"><ele>1466.1</ele></trkpt>
<trkpt lat="44.515300" lon="6.745640"><ele>1465.9</ele></trkpt>
<trkpt lat="44.515160" lon="6.745980"><ele>1465.9</ele></trkpt>
<trkpt lat="44.514820" lon="6.746530"><ele>1466.5</ele></trkpt>
<trkpt lat="44.514770" lon="6.746640"><ele>1467.5</ele></trkpt>
<trkpt lat="44.514730" lon="6.746850"><ele>1468.6</ele></trkpt>
<trkpt lat="44.514580" lon="6.748170"><ele>1469.9</ele></trkpt>
<trkpt lat="44.514570" lon="6.748500"><ele>1471.4</ele></trkpt>
<trkpt lat="44.514580" lon="6.748630"><ele>1473.0</ele></trkpt>
<trkpt lat="44.514600" lon="6.748730"><ele>1475.4</ele></trkpt>
<trkpt lat="44.514640" lon="6.748860"><ele>1477.6</ele></trkpt>
<trkpt lat="44.515110" lon="6.749900"><ele>1479.8</ele></trkpt>
<trkpt lat="44.515280" lon="6.750210"><ele>1482.3</ele></trkpt>
<trkpt lat="44.515390" lon="6.750340"><ele>1484.8</ele></trkpt>
<trkpt lat="44.515750" lon="6.750680"><ele>1487.2</ele></trkpt>
<trkpt lat="44.515910" lon="6.750770"><ele>1489.5</ele></trkpt>
<trkpt lat="44.516140" lon="6.750860"><ele>1491.8</ele></trkpt>
<trkpt lat="44.516930" lon="6.751030"><ele>1493.9</ele></trkpt>
<trkpt lat="44.517200" lon="6.751140"><ele>1495.9</ele></trkpt>
<trkpt lat="44.517330" lon="6.751250"><ele>1497.8</ele></trkpt>
<trkpt lat="44.517490" lon="6.751500"><ele>1499.2</ele></trkpt>
<trkpt lat="44.517540" lon="6.751630"><ele>1500.4</ele></trkpt>
<trkpt lat="44.517590" lon="6.751800"><ele>1501.7</ele></trkpt>
<trkpt lat="44.517620" lon="6.751960"><ele>1502.8</ele></trkpt>
<trkpt lat="44.517630" lon="6.752120"><ele>1504.0</ele></trkpt>
<trkpt lat="44.517620" lon="6.752390"><ele>1505.2</ele></trkpt>
<trkpt lat="44.517640" lon="6.752580"><ele>1505.8</ele></trkpt>
<trkpt lat="44.517660" lon="6.752630"><ele>1506.2</ele></trkpt>
<trkpt lat="44.517710" lon="6.752700"><ele>1506.7</ele></trkpt>
<trkpt lat="44.517730" lon="6.752720"><ele>1507.4</ele></trkpt>
<trkpt lat="44.517770" lon="6.752740"><ele>1508.2</ele></trkpt>
<trkpt lat="44.517830" lon="6.752740"><ele>1509.3</ele></trkpt>
<trkpt lat="44.517880" lon="6.752730"><ele>1510.4</ele></trkpt>
<trkpt lat="44.517940" lon="6.752670"><ele>1511.5</ele></trkpt>
<trkpt lat="44.518000" lon="6.752530"><ele>1512.8</ele></trkpt>
<trkpt lat="44.518040" lon="6.752300"><ele>1514.3</ele></trkpt>
<trkpt lat="44.518050" lon="6.752030"><ele>1515.8</ele></trkpt>
<trkpt lat="44.518020" lon="6.751650"><ele>1517.6</ele></trkpt>
<trkpt lat="44.517940" lon="6.751390"><ele>1519.6</ele></trkpt>
<trkpt lat="44.517420" lon="6.750140"><ele>1521.6</ele></trkpt>
<trkpt lat="44.517210" lon="6.749490"><ele>1524.2</ele></trkpt>
<trkpt lat="44.517140" lon="6.749180"><ele>1526.9</ele></trkpt>
<trkpt lat="44.517110" lon="6.748960"><ele>1529.7</ele></trkpt>
<trkpt lat="44.517100" lon="6.748550"><ele>1533.2</ele></trkpt>
<trkpt lat="44.517110" lon="6.748350"><ele>1536.9</ele></trkpt>
<trkpt lat="44.517180" lon="6.747830"><ele>1540.7</ele></trkpt>
<trkpt lat="44.517280" lon="6.747440"><ele>1544.4</ele></trkpt>
<trkpt lat="44.517340" lon="6.747270"><ele>1548.1</ele></trkpt>
<trkpt lat="44.517970" lon="6.746010"><ele>1551.6</ele></trkpt>
<trkpt lat="44.518160" lon="6.745710"><ele>1555.3</ele></trkpt>
<trkpt lat="44.518490" lon="6.745340"><ele>1559.0</ele></trkpt>
<trkpt lat="44.519640" lon="6.744340"><ele>1562.6</ele></trkpt>
<trkpt lat="44.520050" lon="6.743900"><ele>1566.2</ele></trkpt>
<trkpt lat="44.520190" lon="6.743680"><ele>1569.6</ele></trkpt>
<trkpt lat="44.520230" lon="6.743600"><ele>1572.4</ele></trkpt>
<trkpt lat="44.520290" lon="6.743430"><ele>1575.0</ele></trkpt>
<trkpt lat="44.520360" lon="6.743160"><ele>1577.5</ele></trkpt>
<trkpt lat="44.520380" lon="6.742970"><ele>1579.3</ele></trkpt>
<trkpt lat="44.520380" lon="6.742770"><ele>1580.9</ele></trkpt>
<trkpt lat="44.520320" lon="6.742250"><ele>1582.3</ele></trkpt>
<trkpt lat="44.520290" lon="6.742130"><ele>1582.8</ele></trkpt>
<trkpt lat="44.520260" lon="6.741940"><ele>1583.0</ele></trkpt>
<trkpt lat="44.520090" lon="6.741230"><ele>1583.0</ele></trkpt>
<trkpt lat="44.520080" lon="6.741080"><ele>1583.0</ele></trkpt>
<trkpt lat="44.520090" lon="6.740990"><ele>1583.5</ele></trkpt>
<trkpt lat="44.520110" lon="6.740900"><ele>1583.9</ele></trkpt>
<trkpt lat="44.520160" lon="6.740790"><ele>1584.3</ele></trkpt>
<trkpt lat="44.520270" lon="6.740620"><ele>1584.7</ele></trkpt>
<trkpt lat="44.520350" lon="6.740550"><ele>1585.1</ele></trkpt>
<trkpt lat="44.520420" lon="6.740510"><ele>1585.6</ele></trkpt>
<trkpt lat="44.520480" lon="6.740500"><ele>1586.1</ele></trkpt>
<trkpt lat="44.520550" lon="6.740500"><ele>1587.1</ele></trkpt>
<trkpt lat="44.521150" lon="6.740620"><ele>1588.1</ele></trkpt>
<trkpt lat="44.521220" lon="6.740620"><ele>1589.2</ele></trkpt>
<trkpt lat="44.521310" lon="6.740600"><ele>1590.4</ele></trkpt>
<trkpt lat="44.521400" lon="6.740550"><ele>1591.7</ele></trkpt>
<trkpt lat="44.521480" lon="6.740490"><ele>1593.9</ele></trkpt>
<trkpt lat="44.521520" lon="6.740450"><ele>1596.2</ele></trkpt>
<trkpt lat="44.521580" lon="6.740360"><ele>1598.7</ele></trkpt>
<trkpt lat="44.521880" lon="6.739770"><ele>1601.1</ele></trkpt>
<trkpt lat="44.521940" lon="6.739680"><ele>1603.8</ele></trkpt>
<trkpt lat="44.522000" lon="6.739610"><ele>1605.8</ele></trkpt>
<trkpt lat="44.522070" lon="6.739550"><ele>1607.9</ele></trkpt>
<trkpt lat="44.522220" lon="6.739470"><ele>1610.0</ele></trkpt>
<trkpt lat="44.522750" lon="6.739350"><ele>1611.7</ele></trkpt>
<trkpt lat="44.522860" lon="6.739270"><ele>1613.4</ele></trkpt>
<trkpt lat="44.522930" lon="6.739200"><ele>1615.1</ele></trkpt>
<trkpt lat="44.522960" lon="6.739160"><ele>1616.9</ele></trkpt>
<trkpt lat="44.523120" lon="6.738810"><ele>1619.5</ele></trkpt>
<trkpt lat="44.523150" lon="6.738690"><ele>1622.2</ele></trkpt>
<trkpt lat="44.523160" lon="6.738430"><ele>1624.9</ele></trkpt>
<trkpt lat="44.523150" lon="6.738310"><ele>1627.5</ele></trkpt>
<trkpt lat="44.522980" lon="6.737600"><ele>1629.7</ele></trkpt>
<trkpt lat="44.522960" lon="6.737460"><ele>1631.1</ele></trkpt>
<trkpt lat="44.522960" lon="6.737230"><ele>1632.2</ele></trkpt>
<trkpt lat="44.522980" lon="6.737090"><ele>1633.2</ele></trkpt>
<trkpt lat="44.523390" lon="6.735360"><ele>1634.1</ele></trkpt>
<trkpt lat="44.523400" lon="6.735260"><ele>1634.8</ele></trkpt>
<trkpt lat="44.523410" lon="6.735250"><ele>1635.4</ele></trkpt>
<trkpt lat="44.523410" lon="6.735010"><ele>1636.1</ele></trkpt>
<trkpt lat="44.523300" lon="6.734550"><ele>1636.8</ele></trkpt>
<trkpt lat="44.523290" lon="6.734530"><ele>1638.0</ele></trkpt>
<trkpt lat="44.523270" lon="6.734390"><ele>1639.4</ele></trkpt>
<trkpt lat="44.523270" lon="6.734240"><ele>1640.9</ele></trkpt>
<trkpt lat="44.523300" lon="6.733920"><ele>1642.9</ele></trkpt>
<trkpt lat="44.523320" lon="6.733870"><ele>1644.4</ele></trkpt>
<trkpt lat="44.523360" lon="6.733680"><ele>1646.0</ele></trkpt>
<trkpt lat="44.523550" lon="6.733260"><ele>1647.4</ele></trkpt>
<trkpt lat="44.523710" lon="6.733000"><ele>1648.7</ele></trkpt>
<trkpt lat="44.523830" lon="6.732850"><ele>1650.0</ele></trkpt>
<trkpt lat="44.523930" lon="6.732750"><ele>1651.3</ele></trkpt>
<trkpt lat="44.524040" lon="6.732660"><ele>1653.0</ele></trkpt>
<trkpt lat="44.524330" lon="6.732490"><ele>1654.6</ele></trkpt>
<trkpt lat="44.524730" lon="6.732360"><ele>1656.0</ele></trkpt>
<trkpt lat="44.524830" lon="6.732270"><ele>1657.2</ele></trkpt>
<trkpt lat="44.524890" lon="6.732130"><ele>1658.5</ele></trkpt>
<trkpt lat="44.524910" lon="6.732050"><ele>1659.9</ele></trkpt>
<trkpt lat="44.524940" lon="6.731400"><ele>1661.2</ele></trkpt>
<trkpt lat="44.524980" lon="6.731040"><ele>1662.3</ele></trkpt>
<trkpt lat="44.525070" lon="6.730470"><ele>1663.3</ele></trkpt>
<trkpt lat="44.525080" lon="6.730310"><ele>1664.1</ele></trkpt>
<trkpt lat="44.525050" lon="6.728750"><ele>1664.6</ele></trkpt>
<trkpt lat="44.525060" lon="6.728610"><ele>1665.2</ele></trkpt>
<trkpt lat="44.525100" lon="6.728440"><ele>1665.9</ele></trkpt>
<trkpt lat="44.525240" lon="6.728110"><ele>1666.7</ele></trkpt>
<trkpt lat="44.525300" lon="6.727880"><ele>1667.6</ele></trkpt>
<trkpt lat="44.525410" lon="6.727090"><ele>1668.9</ele></trkpt>
<trkpt lat="44.525430" lon="6.727020"><ele>1670.1</ele></trkpt>
<trkpt lat="44.525490" lon="6.726920"><ele>1671.2</ele></trkpt>
<trkpt lat="44.525570" lon="6.726860"><ele>1672.2</ele></trkpt>
<trkpt lat="44.526010" lon="6.726780"><ele>1673.7</ele></trkpt>
<trkpt lat="44.526080" lon="6.726750"><ele>1675.1</ele></trkpt>
<trkpt lat="44.526150" lon="6.726670"><ele>1675.7</ele></trkpt>
<trkpt lat="44.526350" lon="6.726330"><ele>1675.9</ele></trkpt>
<trkpt lat="44.526360" lon="6.726300"><ele>1676.0</ele></trkpt>
<trkpt lat="44.526360" lon="6.726200"><ele>1676.1</ele></trkpt>
<trkpt lat="44.526350" lon="6.726140"><ele>1676.2</ele></trkpt>
<trkpt lat="44.526340" lon="6.726130"><ele>1676.4</ele></trkpt>
<trkpt lat="44.526320" lon="6.726090"><ele>1676.4</ele></trkpt>
<trkpt lat="44.526260" lon="6.726040"><ele>1675.4</ele></trkpt>
<trkpt lat="44.525900" lon="6.726040"><ele>1673.8</ele></trkpt>
<trkpt lat="44.525810" lon="6.726020"><ele>1672.4</ele></trkpt>
<trkpt lat="44.525730" lon="6.725970"><ele>1671.5</ele></trkpt>
<trkpt lat="44.525660" lon="6.725900"><ele>1671.1</ele></trkpt>
<trkpt lat="44.525600" lon="6.725800"><ele>1670.9</ele></trkpt>
<trkpt lat="44.525560" lon="6.725690"><ele>1670.6</ele></trkpt>
<trkpt lat="44.525450" lon="6.725120"><ele>1670.4</ele></trkpt>
<trkpt lat="44.525440" lon="6.724990"><ele>1670.3</ele></trkpt>
<trkpt lat="44.525480" lon="6.724660"><ele>1670.7</ele></trkpt>
<trkpt lat="44.525390" lon="6.723970"><ele>1672.0</ele></trkpt>
<trkpt lat="44.525380" lon="6.723690"><ele>1673.7</ele></trkpt>
<trkpt lat="44.525410" lon="6.723360"><ele>1675.9</ele></trkpt>
<trkpt lat="44.525500" lon="6.722940"><ele>1678.3</ele></trkpt>
<trkpt lat="44.525500" lon="6.722880"><ele>1681.0</ele></trkpt>
<trkpt lat="44.525540" lon="6.722580"><ele>1683.6</ele></trkpt>
<trkpt lat="44.525580" lon="6.722390"><ele>1686.4</ele></trkpt>
<trkpt lat="44.525720" lon="6.721970"><ele>1689.5</ele></trkpt>
<trkpt lat="44.525800" lon="6.721520"><ele>1693.1</ele></trkpt>
<trkpt lat="44.525870" lon="6.721250"><ele>1696.8</ele></trkpt>
<trkpt lat="44.526150" lon="6.720360"><ele>1700.7</ele></trkpt>
<trkpt lat="44.526270" lon="6.720030"><ele>1704.4</ele></trkpt>
<trkpt lat="44.526470" lon="6.719640"><ele>1707.8</ele></trkpt>
<trkpt lat="44.526570" lon="6.719350"><ele>1711.2</ele></trkpt>
<trkpt lat="44.526580" lon="6.719260"><ele>1714.6</ele></trkpt>
<trkpt lat="44.526730" lon="6.718480"><ele>1717.8</ele></trkpt>
<trkpt lat="44.526770" lon="6.718380"><ele>1720.7</ele></trkpt>
<trkpt lat="44.526810" lon="6.718320"><ele>1723.3</ele></trkpt>
<trkpt lat="44.527120" lon="6.718060"><ele>1725.6</ele></trkpt>
<trkpt lat="44.527150" lon="6.718020"><ele>1727.3</ele></trkpt>
<trkpt lat="44.527160" lon="6.718000"><ele>1728.6</ele></trkpt>
<trkpt lat="44.527180" lon="6.717930"><ele>1729.7</ele></trkpt>
<trkpt lat="44.527170" lon="6.717880"><ele>1730.8</ele></trkpt>
<trkpt lat="44.527170" lon="6.717860"><ele>1732.8</ele></trkpt>
<trkpt lat="44.527140" lon="6.717760"><ele>1735.0</ele></trkpt>
<trkpt lat="44.527090" lon="6.717690"><ele>1737.2</ele></trkpt>
<trkpt lat="44.527050" lon="6.717660"><ele>1739.3</ele></trkpt>
<trkpt lat="44.526960" lon="6.717550"><ele>1740.5</ele></trkpt>
<trkpt lat="44.526910" lon="6.717460"><ele>1741.7</ele></trkpt>
<trkpt lat="44.526890" lon="6.717390"><ele>1742.9</ele></trkpt>
<trkpt lat="44.526870" lon="6.717230"><ele>1744.1</ele></trkpt>
<trkpt lat="44.526960" lon="6.716490"><ele>1745.4</ele></trkpt>
<trkpt lat="44.526970" lon="6.715760"><ele>1746.6</ele></trkpt>
<trkpt lat="44.526940" lon="6.715140"><ele>1748.1</ele></trkpt>
<trkpt lat="44.526950" lon="6.715110"><ele>1749.7</ele></trkpt>
<trkpt lat="44.526980" lon="6.715070"><ele>1751.5</ele></trkpt>
<trkpt lat="44.527010" lon="6.715040"><ele>1753.7</ele></trkpt>
<trkpt lat="44.527050" lon="6.715030"><ele>1756.4</ele></trkpt>
<trkpt lat="44.527060" lon="6.715020"><ele>1759.2</ele></trkpt>
<trkpt lat="44.527090" lon="6.715030"><ele>1762.1</ele></trkpt>
<trkpt lat="44.527100" lon="6.715040"><ele>1764.3</ele></trkpt>
<trkpt lat="44.527140" lon="6.715060"><ele>1766.1</ele></trkpt>
<trkpt lat="44.527180" lon="6.715160"><ele>1768.0</ele></trkpt>
<trkpt lat="44.527230" lon="6.715580"><ele>1770.0</ele></trkpt>
<trkpt lat="44.527320" lon="6.715830"><ele>1771.8</ele></trkpt>
<trkpt lat="44.527520" lon="6.716270"><ele>1773.5</ele></trkpt>
<trkpt lat="44.527700" lon="6.716810"><ele>1775.1</ele></trkpt>
<trkpt lat="44.527810" lon="6.717010"><ele>1777.1</ele></trkpt>
<trkpt lat="44.527900" lon="6.717110"><ele>1779.7</ele></trkpt>
<trkpt lat="44.527960" lon="6.717200"><ele>1782.7</ele></trkpt>
<trkpt lat="44.528040" lon="6.717420"><ele>1785.5</ele></trkpt>
<trkpt lat="44.528070" lon="6.717540"><ele>1788.3</ele></trkpt>
<trkpt lat="44.528080" lon="6.717810"><ele>1791.0</ele></trkpt>
<trkpt lat="44.528060" lon="6.718030"><ele>1793.4</ele></trkpt>
<trkpt lat="44.528080" lon="6.718240"><ele>1795.5</ele></trkpt>
<trkpt lat="44.528180" lon="6.718720"><ele>1797.3</ele></trkpt>
<trkpt lat="44.528340" lon="6.719350"><ele>1798.6</ele></trkpt>
<trkpt lat="44.528520" lon="6.720540"><ele>1799.8</ele></trkpt>
<trkpt lat="44.528520" lon="6.720570"><ele>1800.9</ele></trkpt>
<trkpt lat="44.528530" lon="6.720600"><ele>1801.9</ele></trkpt>
<trkpt lat="44.528530" lon="6.720640"><ele>1802.9</ele></trkpt>
<trkpt lat="44.528660" lon="6.721570"><ele>1804.2</ele></trkpt>
<trkpt lat="44.528670" lon="6.721730"><ele>1805.7</ele></trkpt>
<trkpt lat="44.528650" lon="6.721880"><ele>1807.1</ele></trkpt>
<trkpt lat="44.528640" lon="6.722120"><ele>1808.2</ele></trkpt>
<trkpt lat="44.528680" lon="6.722200"><ele>1809.2</ele></trkpt>
<trkpt lat="44.528720" lon="6.722230"><ele>1809.9</ele></trkpt>
<trkpt lat="44.528750" lon="6.722240"><ele>1810.9</ele></trkpt>
<trkpt lat="44.528770" lon="6.722240"><ele>1812.0</ele></trkpt>
<trkpt lat="44.528840" lon="6.722200"><ele>1813.1</ele></trkpt>
<trkpt lat="44.528850" lon="6.722170"><ele>1814.2</ele></trkpt>
<trkpt lat="44.528860" lon="6.722160"><ele>1816.4</ele></trkpt>
<trkpt lat="44.528870" lon="6.722110"><ele>1819.2</ele></trkpt>
<trkpt lat="44.528860" lon="6.721500"><ele>1822.6</ele></trkpt>
<trkpt lat="44.528870" lon="6.721300"><ele>1826.0</ele></trkpt>
<trkpt lat="44.528950" lon="6.720810"><ele>1829.4</ele></trkpt>
<trkpt lat="44.528960" lon="6.720700"><ele>1833.0</ele></trkpt>
<trkpt lat="44.528970" lon="6.720660"><ele>1837.0</ele></trkpt>
<trkpt lat="44.528970" lon="6.720630"><ele>1841.0</ele></trkpt>
<trkpt lat="44.529210" lon="6.718820"><ele>1845.2</ele></trkpt>
<trkpt lat="44.529340" lon="6.717550"><ele>1849.6</ele></trkpt>
<trkpt lat="44.529420" lon="6.717150"><ele>1854.0</ele></trkpt>
<trkpt lat="44.529420" lon="6.717000"><ele>1858.0</ele></trkpt>
<trkpt lat="44.529340" lon="6.716410"><ele>1861.9</ele></trkpt>
<trkpt lat="44.529330" lon="6.715980"><ele>1865.4</ele></trkpt>
<trkpt lat="44.529430" lon="6.715250"><ele>1868.9</ele></trkpt>
<trkpt lat="44.529480" lon="6.714490"><ele>1872.3</ele></trkpt>
<trkpt lat="44.529520" lon="6.714170"><ele>1875.8</ele></trkpt>
<trkpt lat="44.529630" lon="6.713740"><ele>1878.3</ele></trkpt>
<trkpt lat="44.529640" lon="6.713640"><ele>1880.5</ele></trkpt>
<trkpt lat="44.529650" lon="6.713630"><ele>1882.5</ele></trkpt>
<trkpt lat="44.529650" lon="6.713440"><ele>1884.6</ele></trkpt>
<trkpt lat="44.529610" lon="6.713220"><ele>1886.8</ele></trkpt>
<trkpt lat="44.529550" lon="6.712980"><ele>1888.9</ele></trkpt>
<trkpt lat="44.529530" lon="6.712730"><ele>1890.7</ele></trkpt>
<trkpt lat="44.529530" lon="6.712440"><ele>1892.4</ele></trkpt>
<trkpt lat="44.529560" lon="6.712110"><ele>1893.9</ele></trkpt>
<trkpt lat="44.529620" lon="6.711830"><ele>1894.7</ele></trkpt>
<trkpt lat="44.529680" lon="6.711650"><ele>1895.4</ele></trkpt>
<trkpt lat="44.529750" lon="6.711490"><ele>1896.2</ele></trkpt>
<trkpt lat="44.529840" lon="6.711330"><ele>1897.1</ele></trkpt>
<trkpt lat="44.529980" lon="6.711140"><ele>1898.0</ele></trkpt>
<trkpt lat="44.530220" lon="6.710750"><ele>1899.2</ele></trkpt>
<trkpt lat="44.530300" lon="6.710640"><ele>1900.4</ele></trkpt>
<trkpt lat="44.530450" lon="6.710340"><ele>1901.8</ele></trkpt>
<trkpt lat="44.530570" lon="6.710010"><ele>1903.2</ele></trkpt>
<trkpt lat="44.530590" lon="6.709970"><ele>1904.8</ele></trkpt>
<trkpt lat="44.530620" lon="6.709940"><ele>1906.1</ele></trkpt>
<trkpt lat="44.530690" lon="6.709900"><ele>1907.3</ele></trkpt>
<trkpt lat="44.530710" lon="6.709900"><ele>1908.5</ele></trkpt>
<trkpt lat="44.530760" lon="6.709910"><ele>1909.7</ele></trkpt>
<trkpt lat="44.530780" lon="6.709920"><ele>1910.9</ele></trkpt>
<trkpt lat="44.530830" lon="6.709980"><ele>1911.9</ele></trkpt>
<trkpt lat="44.530850" lon="6.710030"><ele>1913.1</ele></trkpt>
<trkpt lat="44.530850" lon="6.710140"><ele>1914.8</ele></trkpt>
<trkpt lat="44.530840" lon="6.710160"><ele>1916.7</ele></trkpt>
<trkpt lat="44.530840" lon="6.710170"><ele>1918.6</ele></trkpt>
<trkpt lat="44.530570" lon="6.710650"><ele>1920.5</ele></trkpt>
<trkpt lat="44.530500" lon="6.710810"><ele>1922.3</ele></trkpt>
<trkpt lat="44.530410" lon="6.711180"><ele>1923.9</ele></trkpt>
<trkpt lat="44.530400" lon="6.711270"><ele>1925.5</ele></trkpt>
<trkpt lat="44.530400" lon="6.711560"><ele>1926.9</ele></trkpt>
<trkpt lat="44.530410" lon="6.711640"><ele>1928.3</ele></trkpt>
<trkpt lat="44.530490" lon="6.711970"><ele>1929.6</ele></trkpt>
<trkpt lat="44.530610" lon="6.712270"><ele>1931.1</ele></trkpt>
<trkpt lat="44.530650" lon="6.712330"><ele>1932.8</ele></trkpt>
<trkpt lat="44.530670" lon="6.712390"><ele>1934.2</ele></trkpt>
<trkpt lat="44.530930" lon="6.712960"><ele>1935.8</ele></trkpt>
<trkpt lat="44.530990" lon="6.713030"><ele>1937.2</ele></trkpt>
<trkpt lat="44.531030" lon="6.713050"><ele>1938.6</ele></trkpt>
<trkpt lat="44.531060" lon="6.713080"><ele>1939.9</ele></trkpt>
<trkpt lat="44.531140" lon="6.713100"><ele>1941.1</ele></trkpt>
<trkpt lat="44.531250" lon="6.713080"><ele>1942.1</ele></trkpt>
<trkpt lat="44.531310" lon="6.713040"><ele>1942.8</ele></trkpt>
<trkpt lat="44.531340" lon="6.713000"><ele>1943.5</ele></trkpt>
<trkpt lat="44.531390" lon="6.712890"><ele>1944.0</ele></trkpt>
<trkpt lat="44.531410" lon="6.712820"><ele>1944.5</ele></trkpt>
<trkpt lat="44.531420" lon="6.712740"><ele>1945.0</ele></trkpt>
<trkpt lat="44.531400" lon="6.712550"><ele>1945.3</ele></trkpt>
<trkpt lat="44.531160" lon="6.711860"><ele>1945.8</ele></trkpt>
<trkpt lat="44.531120" lon="6.711690"><ele>1946.2</ele></trkpt>
<trkpt lat="44.531100" lon="6.711510"><ele>1947.4</ele></trkpt>
<trkpt lat="44.531100" lon="6.711330"><ele>1948.7</ele></trkpt>
<trkpt lat="44.531120" lon="6.711100"><ele>1950.0</ele></trkpt>
<trkpt lat="44.531140" lon="6.710980"><ele>1951.7</ele></trkpt>
<trkpt lat="44.531170" lon="6.710870"><ele>1953.9</ele></trkpt>
<trkpt lat="44.531250" lon="6.710660"><ele>1956.2</ele></trkpt>
<trkpt lat="44.531400" lon="6.710390"><ele>1958.5</ele></trkpt>
<trkpt lat="44.531470" lon="6.710310"><ele>1960.8</ele></trkpt>
<trkpt lat="44.532240" lon="6.709620"><ele>1963.0</ele></trkpt>
<trkpt lat="44.532320" lon="6.709520"><ele>1964.9</ele></trkpt>
<trkpt lat="44.532390" lon="6.709410"><ele>1967.0</ele></trkpt>
<trkpt lat="44.532600" lon="6.708960"><ele>1969.2</ele></trkpt>
<trkpt lat="44.532830" lon="6.708620"><ele>1971.5</ele></trkpt>
<trkpt lat="44.532890" lon="6.708500"><ele>1974.1</ele></trkpt>
<trkpt lat="44.532920" lon="6.708350"><ele>1976.7</ele></trkpt>
<trkpt lat="44.532930" lon="6.708250"><ele>1979.3</ele></trkpt>
<trkpt lat="44.532930" lon="6.708150"><ele>1982.0</ele></trkpt>
<trkpt lat="44.532880" lon="6.707920"><ele>1983.7</ele></trkpt>
<trkpt lat="44.532840" lon="6.707840"><ele>1985.4</ele></trkpt>
<trkpt lat="44.532780" lon="6.707780"><ele>1987.9</ele></trkpt>
<trkpt lat="44.532700" lon="6.707730"><ele>1990.1</ele></trkpt>
<trkpt lat="44.532580" lon="6.707670"><ele>1991.7</ele></trkpt>
<trkpt lat="44.532540" lon="6.707640"><ele>1993.2</ele></trkpt>
<trkpt lat="44.532470" lon="6.707570"><ele>1994.6</ele></trkpt>
<trkpt lat="44.532410" lon="6.707480"><ele>1996.3</ele></trkpt>
<trkpt lat="44.532370" lon="6.707370"><ele>1998.6</ele></trkpt>
<trkpt lat="44.532340" lon="6.707250"><ele>2001.4</ele></trkpt>
<trkpt lat="44.532320" lon="6.705580"><ele>2004.3</ele></trkpt>
<trkpt lat="44.532300" lon="6.705290"><ele>2007.2</ele></trkpt>
<trkpt lat="44.532280" lon="6.705200"><ele>2010.1</ele></trkpt>
<trkpt lat="44.532160" lon="6.704810"><ele>2012.8</ele></trkpt>
<trkpt lat="44.532110" lon="6.704580"><ele>2015.3</ele></trkpt>
<trkpt lat="44.532100" lon="6.704340"><ele>2017.4</ele></trkpt>
<trkpt lat="44.532170" lon="6.703550"><ele>2019.4</ele></trkpt>
<trkpt lat="44.532190" lon="6.703420"><ele>2021.4</ele></trkpt>
<trkpt lat="44.532190" lon="6.703150"><ele>2023.6</ele></trkpt>
<trkpt lat="44.532170" lon="6.702890"><ele>2025.0</ele></trkpt>
<trkpt lat="44.532150" lon="6.702760"><ele>2026.4</ele></trkpt>
<trkpt lat="44.532090" lon="6.702510"><ele>2028.0</ele></trkpt>
<trkpt lat="44.531930" lon="6.702030"><ele>2029.8</ele></trkpt>
<trkpt lat="44.531790" lon="6.701680"><ele>2031.6</ele></trkpt>
<trkpt lat="44.531780" lon="6.701620"><ele>2033.3</ele></trkpt>
<trkpt lat="44.531780" lon="6.701560"><ele>2034.4</ele></trkpt>
<trkpt lat="44.531810" lon="6.701480"><ele>2035.5</ele></trkpt>
<trkpt lat="44.531860" lon="6.701420"><ele>2036.6</ele></trkpt>
<trkpt lat="44.531910" lon="6.701400"><ele>2037.7</ele></trkpt>
<trkpt lat="44.531970" lon="6.701400"><ele>2038.7</ele></trkpt>
<trkpt lat="44.531990" lon="6.701410"><ele>2039.4</ele></trkpt>
<trkpt lat="44.532030" lon="6.701450"><ele>2040.2</ele></trkpt>
<trkpt lat="44.532060" lon="6.701490"><ele>2041.4</ele></trkpt>
<trkpt lat="44.532490" lon="6.702970"><ele>2042.5</ele></trkpt>
<trkpt lat="44.532540" lon="6.703090"><ele>2043.6</ele></trkpt>
<trkpt lat="44.532730" lon="6.703410"><ele>2044.4</ele></trkpt>
<trkpt lat="44.532830" lon="6.703630"><ele>2045.2</ele></trkpt>
<trkpt lat="44.532920" lon="6.703950"><ele>2045.8</ele></trkpt>
<trkpt lat="44.533020" lon="6.704440"><ele>2046.3</ele></trkpt>
<trkpt lat="44.533110" lon="6.704600"><ele>2046.9</ele></trkpt>
<trkpt lat="44.533190" lon="6.704680"><ele>2047.5</ele></trkpt>
<trkpt lat="44.533230" lon="6.704710"><ele>2048.2</ele></trkpt>
<trkpt lat="44.533280" lon="6.704730"><ele>2048.9</ele></trkpt>
<trkpt lat="44.533350" lon="6.704740"><ele>2049.7</ele></trkpt>
<trkpt lat="44.533420" lon="6.704740"><ele>2050.3</ele></trkpt>
<trkpt lat="44.533500" lon="6.704710"><ele>2050.8</ele></trkpt>
<trkpt lat="44.533580" lon="6.704670"><ele>2051.4</ele></trkpt>
<trkpt lat="44.533680" lon="6.704600"><ele>2052.3</ele></trkpt>
<trkpt lat="44.533840" lon="6.704520"><ele>2053.1</ele></trkpt>
<trkpt lat="44.533920" lon="6.704500"><ele>2054.0</ele></trkpt>
<trkpt lat="44.534090" lon="6.704500"><ele>2055.0</ele></trkpt>
<trkpt lat="44.534180" lon="6.704520"><ele>2056.0</ele></trkpt>
<trkpt lat="44.534260" lon="6.704550"><ele>2057.2</ele></trkpt>
<trkpt lat="44.534340" lon="6.704590"><ele>2058.6</ele></trkpt>
<trkpt lat="44.534480" lon="6.704700"><ele>2060.2</ele></trkpt>
<trkpt lat="44.534680" lon="6.704830"><ele>2061.7</ele></trkpt>
<trkpt lat="44.534770" lon="6.704860"><ele>2063.8</ele></trkpt>
<trkpt lat="44.534840" lon="6.704870"><ele>2065.7</ele></trkpt>
<trkpt lat="44.534920" lon="6.704870"><ele>2067.7</ele></trkpt>
<trkpt lat="44.535060" lon="6.704830"><ele>2069.9</ele></trkpt>
<trkpt lat="44.535130" lon="6.704800"><ele>2072.0</ele></trkpt>
<trkpt lat="44.535270" lon="6.704710"><ele>2074.2</ele></trkpt>
<trkpt lat="44.535390" lon="6.704590"><ele>2076.6</ele></trkpt>
<trkpt lat="44.535440" lon="6.704520"><ele>2079.0</ele></trkpt>
<trkpt lat="44.536020" lon="6.703560"><ele>2081.6</ele></trkpt>
<trkpt lat="44.536240" lon="6.703400"><ele>2084.5</ele></trkpt>
<trkpt lat="44.536480" lon="6.703340"><ele>2087.4</ele></trkpt>
<trkpt lat="44.536810" lon="6.703300"><ele>2090.3</ele></trkpt>
<trkpt lat="44.536890" lon="6.703280"><ele>2093.0</ele></trkpt>
<trkpt lat="44.536970" lon="6.703250"><ele>2095.6</ele></trkpt>
<trkpt lat="44.537310" lon="6.703050"><ele>2097.6</ele></trkpt>
<trkpt lat="44.537450" lon="6.703010"><ele>2099.5</ele></trkpt>
<trkpt lat="44.537590" lon="6.702990"><ele>2101.2</ele></trkpt>
<trkpt lat="44.538250" lon="6.702980"><ele>2102.3</ele></trkpt>
<trkpt lat="44.538530" lon="6.702920"><ele>2103.4</ele></trkpt>
<trkpt lat="44.538610" lon="6.702910"><ele>2104.4</ele></trkpt>
<trkpt lat="44.538730" lon="6.702860"><ele>2105.0</ele></trkpt>
<trkpt lat="44.538840" lon="6.702800"><ele>2105.7</ele></trkpt>
<trkpt lat="44.539130" lon="6.702540"><ele>2106.1</ele></trkpt>
<trkpt lat="44.539370" lon="6.702390"><ele>2106.4</ele></trkpt>
<trkpt lat="44.539590" lon="6.702300"><ele>2106.4</ele></trkpt>
<trkpt lat="44.539700" lon="6.702280"><ele>2106.1</ele></trkpt>
<trkpt lat="44.539830" lon="6.702240"><ele>2105.4</ele></trkpt>
<trkpt lat="44.540060" lon="6.702210"><ele>2104.6</ele></trkpt>
<trkpt lat="44.540160" lon="6.702230"><ele>2103.8</ele></trkpt>
<trkpt lat="44.540430" lon="6.702450"><ele>2103.1</ele></trkpt>
<trkpt lat="44.540540" lon="6.702490"><ele>2102.3</ele></trkpt>
<trkpt lat="44.540650" lon="6.702510"><ele>2101.6</ele></trkpt>
<trkpt lat="44.540940" lon="6.702540"><ele>2100.7</ele></trkpt>
<trkpt lat="44.541480" lon="6.702530"><ele>2099.7</ele></trkpt>
<trkpt lat="44.541610" lon="6.702550"><ele>2098.5</ele></trkpt>
<trkpt lat="44.541770" lon="6.702590"><ele>2097.2</ele></trkpt>
<trkpt lat="44.541900" lon="6.702660"><ele>2095.9</ele></trkpt>
<trkpt lat="44.542270" lon="6.702900"><ele>2094.6</ele></trkpt>
<trkpt lat="44.542360" lon="6.702920"><ele>2093.3</ele></trkpt>
<trkpt lat="44.542440" lon="6.702910"><ele>2091.9</ele></trkpt>
<trkpt lat="44.542620" lon="6.702870"><ele>2090.5</ele></trkpt>
<trkpt lat="44.542820" lon="6.702760"><ele>2089.2</ele></trkpt>
<trkpt lat="44.543010" lon="6.702690"><ele>2088.2</ele></trkpt>
<trkpt lat="44.543150" lon="6.702680"><ele>2087.1</ele></trkpt>
<trkpt lat="44.543420" lon="6.702700"><ele>2086.0</ele></trkpt>
<trkpt lat="44.543530" lon="6.702670"><ele>2084.9</ele></trkpt>
<trkpt lat="44.543640" lon="6.702620"><ele>2083.8</ele></trkpt>
<trkpt lat="44.543760" lon="6.702540"><ele>2082.7</ele></trkpt>
<trkpt lat="44.543870" lon="6.702490"><ele>2081.6</ele></trkpt>
<trkpt lat="44.543980" lon="6.702460"><ele>2080.6</ele></trkpt>
<trkpt lat="44.544090" lon="6.702450"><ele>2079.6</ele></trkpt>
<trkpt lat="44.544210" lon="6.702450"><ele>2078.7</ele></trkpt>
<trkpt lat="44.544430" lon="6.702480"><ele>2077.8</ele></trkpt>
<trkpt lat="44.544570" lon="6.702470"><ele>2076.7</ele></trkpt>
<trkpt lat="44.544870" lon="6.702370"><ele>2074.9</ele></trkpt>
<trkpt lat="44.545060" lon="6.702280"><ele>2073.1</ele></trkpt>
<trkpt lat="44.545400" lon="6.702190"><ele>2071.2</ele></trkpt>
<trkpt lat="44.545510" lon="6.702200"><ele>2069.5</ele></trkpt>
<trkpt lat="44.545710" lon="6.702240"><ele>2067.7</ele></trkpt>
<trkpt lat="44.545830" lon="6.702240"><ele>2066.0</ele></trkpt>
<trkpt lat="44.545940" lon="6.702260"><ele>2064.4</ele></trkpt>
<trkpt lat="44.546070" lon="6.702260"><ele>2062.8</ele></trkpt>
<trkpt lat="44.546930" lon="6.702360"><ele>2061.3</ele></trkpt>
<trkpt lat="44.547090" lon="6.702400"><ele>2059.7</ele></trkpt>
<trkpt lat="44.547230" lon="6.702450"><ele>2057.9</ele></trkpt>
<trkpt lat="44.547520" lon="6.702610"><ele>2056.2</ele></trkpt>
<trkpt lat="44.547670" lon="6.702680"><ele>2054.5</ele></trkpt>
<trkpt lat="44.547680" lon="6.702680"><ele>2052.8</ele></trkpt>
<trkpt lat="44.547880" lon="6.702780"><ele>2051.1</ele></trkpt>
<trkpt lat="44.547980" lon="6.702810"><ele>2049.3</ele></trkpt>
<trkpt lat="44.548050" lon="6.702800"><ele>2047.2</ele></trkpt>
<trkpt lat="44.548290" lon="6.702650"><ele>2045.8</ele></trkpt>
<trkpt lat="44.548930" lon="6.702090"><ele>2044.3</ele></trkpt>
<trkpt lat="44.549260" lon="6.701900"><ele>2042.8</ele></trkpt>
<trkpt lat="44.549410" lon="6.701790"><ele>2040.9</ele></trkpt>
<trkpt lat="44.549550" lon="6.701670"><ele>2038.9</ele></trkpt>
<trkpt lat="44.549680" lon="6.701540"><ele>2036.8</ele></trkpt>
<trkpt lat="44.549810" lon="6.701430"><ele>2034.7</ele></trkpt>
<trkpt lat="44.550330" lon="6.701120"><ele>2032.5</ele></trkpt>
<trkpt lat="44.550470" lon="6.701060"><ele>2030.3</ele></trkpt>
<trkpt lat="44.550600" lon="6.700990"><ele>2028.2</ele></trkpt>
<trkpt lat="44.550750" lon="6.700880"><ele>2026.2</ele></trkpt>
<trkpt lat="44.551180" lon="6.700520"><ele>2024.3</ele></trkpt>
<trkpt lat="44.551310" lon="6.700430"><ele>2022.3</ele></trkpt>
<trkpt lat="44.551450" lon="6.700390"><ele>2020.5</ele></trkpt>
<trkpt lat="44.551540" lon="6.700380"><ele>2018.8</ele></trkpt>
<trkpt lat="44.551640" lon="6.700390"><ele>2017.0</ele></trkpt>
<trkpt lat="44.551960" lon="6.700470"><ele>2015.5</ele></trkpt>
<trkpt lat="44.552300" lon="6.700490"><ele>2014.0</ele></trkpt>
<trkpt lat="44.552410" lon="6.700460"><ele>2012.6</ele></trkpt>
<trkpt lat="44.552480" lon="6.700400"><ele>2011.3</ele></trkpt>
<trkpt lat="44.552560" lon="6.700310"><ele>2010.1</ele></trkpt>
<trkpt lat="44.552570" lon="6.700280"><ele>2009.0</ele></trkpt>
<trkpt lat="44.552610" lon="6.700200"><ele>2008.0</ele></trkpt>
<trkpt lat="44.552750" lon="6.699830"><ele>2007.0</ele></trkpt>
<trkpt lat="44.552840" lon="6.699640"><ele>2005.9</ele></trkpt>
<trkpt lat="44.552920" lon="6.699520"><ele>2004.6</ele></trkpt>
<trkpt lat="44.553030" lon="6.699400"><ele>2003.2</ele></trkpt>
<trkpt lat="44.553290" lon="6.699230"><ele>2001.8</ele></trkpt>
<trkpt lat="44.553690" lon="6.699030"><ele>2000.3</ele></trkpt>
<trkpt lat="44.555010" lon="6.698760"><ele>1999.1</ele></trkpt>
<trkpt lat="44.555440" lon="6.698500"><ele>1998.0</ele></trkpt>
<trkpt lat="44.555650" lon="6.698310"><ele>1996.9</ele></trkpt>
<trkpt lat="44.555960" lon="6.697920"><ele>1995.9</ele></trkpt>
<trkpt lat="44.556290" lon="6.697430"><ele>1995.2</ele></trkpt>
<trkpt lat="44.556380" lon="6.697270"><ele>1994.5</ele></trkpt>
<trkpt lat="44.556460" lon="6.697080"><ele>1994.0</ele></trkpt>
<trkpt lat="44.556480" lon="6.696990"><ele>1993.5</ele></trkpt>
<trkpt lat="44.557000" lon="6.695260"><ele>1993.1</ele></trkpt>
<trkpt lat="44.557180" lon="6.694830"><ele>1991.7</ele></trkpt>
<trkpt lat="44.557370" lon="6.694480"><ele>1990.1</ele></trkpt>
<trkpt lat="44.557470" lon="6.694330"><ele>1988.4</ele></trkpt>
<trkpt lat="44.557640" lon="6.694130"><ele>1986.7</ele></trkpt>
<trkpt lat="44.557830" lon="6.693950"><ele>1985.2</ele></trkpt>
<trkpt lat="44.558620" lon="6.693270"><ele>1983.7</ele></trkpt>
<trkpt lat="44.559040" lon="6.692960"><ele>1982.2</ele></trkpt>
<trkpt lat="44.559300" lon="6.692720"><ele>1980.7</ele></trkpt>
<trkpt lat="44.560020" lon="6.691960"><ele>1978.4</ele></trkpt>
<trkpt lat="44.560170" lon="6.691740"><ele>1976.0</ele></trkpt>
<trkpt lat="44.560200" lon="6.691680"><ele>1973.5</ele></trkpt>
<trkpt lat="44.560270" lon="6.691480"><ele>1970.9</ele></trkpt>
<trkpt lat="44.560330" lon="6.691190"><ele>1968.4</ele></trkpt>
<trkpt lat="44.560380" lon="6.691030"><ele>1965.8</ele></trkpt>
<trkpt lat="44.560460" lon="6.690880"><ele>1963.0</ele></trkpt>
<trkpt lat="44.560580" lon="6.690700"><ele>1960.1</ele></trkpt>
<trkpt lat="44.561780" lon="6.689740"><ele>1957.3</ele></trkpt>
<trkpt lat="44.561890" lon="6.689680"><ele>1955.3</ele></trkpt>
<trkpt lat="44.562700" lon="6.689430"><ele>1953.3</ele></trkpt>
<trkpt lat="44.562830" lon="6.689370"><ele>1951.3</ele></trkpt>
<trkpt lat="44.562950" lon="6.689290"><ele>1949.5</ele></trkpt>
<trkpt lat="44.563470" lon="6.688640"><ele>1947.5</ele></trkpt>
<trkpt lat="44.563890" lon="6.688030"><ele>1945.6</ele></trkpt>
<trkpt lat="44.564110" lon="6.687790"><ele>1943.6</ele></trkpt>
<trkpt lat="44.564240" lon="6.687700"><ele>1941.6</ele></trkpt>
<trkpt lat="44.564400" lon="6.687640"><ele>1940.0</ele></trkpt>
<trkpt lat="44.565000" lon="6.687470"><ele>1938.6</ele></trkpt>
<trkpt lat="44.565100" lon="6.687400"><ele>1937.3</ele></trkpt>
<trkpt lat="44.565220" lon="6.687300"><ele>1936.1</ele></trkpt>
<trkpt lat="44.565700" lon="6.686650"><ele>1934.9</ele></trkpt>
<trkpt lat="44.565920" lon="6.686450"><ele>1933.3</ele></trkpt>
<trkpt lat="44.566470" lon="6.685890"><ele>1931.8</ele></trkpt>
<trkpt lat="44.566880" lon="6.685240"><ele>1930.3</ele></trkpt>
<trkpt lat="44.566980" lon="6.685110"><ele>1928.4</ele></trkpt>
<trkpt lat="44.567070" lon="6.685040"><ele>1926.5</ele></trkpt>
<trkpt lat="44.567140" lon="6.685000"><ele>1924.7</ele></trkpt>
<trkpt lat="44.567250" lon="6.684970"><ele>1922.9</ele></trkpt>
<trkpt lat="44.567370" lon="6.684970"><ele>1921.0</ele></trkpt>
<trkpt lat="44.567870" lon="6.685050"><ele>1919.4</ele></trkpt>
<trkpt lat="44.567990" lon="6.685050"><ele>1917.8</ele></trkpt>
<trkpt lat="44.568160" lon="6.685030"><ele>1916.3</ele></trkpt>
<trkpt lat="44.568570" lon="6.684880"><ele>1914.9</ele></trkpt>
<trkpt lat="44.568920" lon="6.684730"><ele>1913.4</ele></trkpt>
<trkpt lat="44.569160" lon="6.684590"><ele>1911.9</ele></trkpt>
<trkpt lat="44.569310" lon="6.684480"><ele>1910.3</ele></trkpt>
<trkpt lat="44.569440" lon="6.684330"><ele>1908.8</ele></trkpt>
<trkpt lat="44.569460" lon="6.684280"><ele>1907.2</ele></trkpt>
<trkpt lat="44.569470" lon="6.684180"><ele>1906.0</ele></trkpt>
<trkpt lat="44.569470" lon="6.684050"><ele>1904.7</ele></trkpt>
<trkpt lat="44.569420" lon="6.683920"><ele>1903.6</ele></trkpt>
<trkpt lat="44.569230" lon="6.683600"><ele>1902.8</ele></trkpt>
<trkpt lat="44.569190" lon="6.683490"><ele>1902.2</ele></trkpt>
<trkpt lat="44.569190" lon="6.683450"><ele>1901.6</ele></trkpt>
<trkpt lat="44.569180" lon="6.683400"><ele>1901.2</ele></trkpt>
<trkpt lat="44.569180" lon="6.683350"><ele>1900.7</ele></trkpt>
<trkpt lat="44.569170" lon="6.683310"><ele>1900.2</ele></trkpt>
<trkpt lat="44.569180" lon="6.683230"><ele>1899.6</ele></trkpt>
<trkpt lat="44.569210" lon="6.683130"><ele>1898.6</ele></trkpt>
<trkpt lat="44.569320" lon="6.682970"><ele>1897.5</ele></trkpt>
<trkpt lat="44.569480" lon="6.682800"><ele>1896.4</ele></trkpt>
<trkpt lat="44.569710" lon="6.682620"><ele>1895.1</ele></trkpt>
<trkpt lat="44.569760" lon="6.682590"><ele>1893.8</ele></trkpt>
<trkpt lat="44.569820" lon="6.682580"><ele>1892.3</ele></trkpt>
<trkpt lat="44.569910" lon="6.682580"><ele>1890.4</ele></trkpt>
<trkpt lat="44.570030" lon="6.682600"><ele>1888.4</ele></trkpt>
<trkpt lat="44.570530" lon="6.682760"><ele>1886.5</ele></trkpt>
<trkpt lat="44.570690" lon="6.682790"><ele>1884.5</ele></trkpt>
<trkpt lat="44.570710" lon="6.682790"><ele>1882.5</ele></trkpt>
<trkpt lat="44.570930" lon="6.682730"><ele>1880.4</ele></trkpt>
<trkpt lat="44.571070" lon="6.682650"><ele>1878.3</ele></trkpt>
<trkpt lat="44.571230" lon="6.682480"><ele>1876.1</ele></trkpt>
<trkpt lat="44.571600" lon="6.681980"><ele>1874.0</ele></trkpt>
<trkpt lat="44.571670" lon="6.681840"><ele>1871.8</ele></trkpt>
<trkpt lat="44.571700" lon="6.681760"><ele>1869.7</ele></trkpt>
<trkpt lat="44.571740" lon="6.681530"><ele>1868.0</ele></trkpt>
<trkpt lat="44.571740" lon="6.681350"><ele>1866.5</ele></trkpt>
<trkpt lat="44.571690" lon="6.680690"><ele>1864.9</ele></trkpt>
<trkpt lat="44.571700" lon="6.680550"><ele>1863.5</ele></trkpt>
<trkpt lat="44.571760" lon="6.680310"><ele>1862.3</ele></trkpt>
<trkpt lat="44.571780" lon="6.680270"><ele>1861.1</ele></trkpt>
<trkpt lat="44.571920" lon="6.680100"><ele>1860.0</ele></trkpt>
<trkpt lat="44.572000" lon="6.680040"><ele>1858.9</ele></trkpt>
<trkpt lat="44.572270" lon="6.680000"><ele>1857.6</ele></trkpt>
<trkpt lat="44.572590" lon="6.680010"><ele>1856.3</ele></trkpt>
<trkpt lat="44.572760" lon="6.680050"><ele>1854.9</ele></trkpt>
<trkpt lat="44.572840" lon="6.680130"><ele>1853.6</ele></trkpt>
<trkpt lat="44.572910" lon="6.680220"><ele>1851.7</ele></trkpt>
<trkpt lat="44.573090" lon="6.680680"><ele>1849.9</ele></trkpt>
<trkpt lat="44.573340" lon="6.681610"><ele>1848.0</ele></trkpt>
<trkpt lat="44.573380" lon="6.681720"><ele>1846.1</ele></trkpt>
<trkpt lat="44.573510" lon="6.681900"><ele>1843.9</ele></trkpt>
<trkpt lat="44.573590" lon="6.681950"><ele>1841.6</ele></trkpt>
<trkpt lat="44.573680" lon="6.681990"><ele>1839.2</ele></trkpt>
<trkpt lat="44.573790" lon="6.682000"><ele>1836.9</ele></trkpt>
<trkpt lat="44.574690" lon="6.681820"><ele>1834.7</ele></trkpt>
<trkpt lat="44.574800" lon="6.681810"><ele>1832.4</ele></trkpt>
<trkpt lat="44.574900" lon="6.681820"><ele>1829.8</ele></trkpt>
<trkpt lat="44.575060" lon="6.681890"><ele>1827.3</ele></trkpt>
<trkpt lat="44.575620" lon="6.682090"><ele>1825.0</ele></trkpt>
<trkpt lat="44.575850" lon="6.682120"><ele>1822.9</ele></trkpt>
<trkpt lat="44.576310" lon="6.682040"><ele>1821.0</ele></trkpt>
<trkpt lat="44.576390" lon="6.682040"><ele>1819.1</ele></trkpt>
<trkpt lat="44.576480" lon="6.682060"><ele>1817.4</ele></trkpt>
<trkpt lat="44.576560" lon="6.682100"><ele>1816.3</ele></trkpt>
<trkpt lat="44.577500" lon="6.682820"><ele>1815.1</ele></trkpt>
<trkpt lat="44.577650" lon="6.682920"><ele>1813.7</ele></trkpt>
<trkpt lat="44.577740" lon="6.682940"><ele>1812.2</ele></trkpt>
<trkpt lat="44.577830" lon="6.682940"><ele>1810.9</ele></trkpt>
<trkpt lat="44.578120" lon="6.682860"><ele>1809.7</ele></trkpt>
<trkpt lat="44.578220" lon="6.682860"><ele>1808.5</ele></trkpt>
<trkpt lat="44.578310" lon="6.682870"><ele>1807.1</ele></trkpt>
<trkpt lat="44.578340" lon="6.682880"><ele>1805.7</ele></trkpt>
<trkpt lat="44.578460" lon="6.682980"><ele>1804.1</ele></trkpt>
<trkpt lat="44.578580" lon="6.683170"><ele>1802.0</ele></trkpt>
<trkpt lat="44.578720" lon="6.683490"><ele>1799.8</ele></trkpt>
<trkpt lat="44.578810" lon="6.683650"><ele>1797.4</ele></trkpt>
<trkpt lat="44.578880" lon="6.683810"><ele>1794.9</ele></trkpt>
<trkpt lat="44.578970" lon="6.683980"><ele>1792.3</ele></trkpt>
<trkpt lat="44.579100" lon="6.684160"><ele>1789.8</ele></trkpt>
<trkpt lat="44.579200" lon="6.684240"><ele>1787.3</ele></trkpt>
<trkpt lat="44.579550" lon="6.684320"><ele>1784.6</ele></trkpt>
<trkpt lat="44.580270" lon="6.684440"><ele>1781.9</ele></trkpt>
<trkpt lat="44.580400" lon="6.684440"><ele>1779.3</ele></trkpt>
<trkpt lat="44.580550" lon="6.684420"><ele>1777.3</ele></trkpt>
<trkpt lat="44.580630" lon="6.684390"><ele>1775.7</ele></trkpt>
<trkpt lat="44.580770" lon="6.684310"><ele>1774.1</ele></trkpt>
<trkpt lat="44.581390" lon="6.683810"><ele>1772.5</ele></trkpt>
<trkpt lat="44.581490" lon="6.683750"><ele>1770.7</ele></trkpt>
<trkpt lat="44.581760" lon="6.683630"><ele>1768.5</ele></trkpt>
<trkpt lat="44.582010" lon="6.683540"><ele>1767.4</ele></trkpt>
<trkpt lat="44.582450" lon="6.683290"><ele>1767.0</ele></trkpt>
<trkpt lat="44.582800" lon="6.682990"><ele>1766.6</ele></trkpt>
<trkpt lat="44.583060" lon="6.682820"><ele>1766.3</ele></trkpt>
<trkpt lat="44.583160" lon="6.682780"><ele>1766.0</ele></trkpt>
<trkpt lat="44.583340" lon="6.682780"><ele>1765.7</ele></trkpt>
<trkpt lat="44.583440" lon="6.682800"><ele>1764.8</ele></trkpt>
<trkpt lat="44.583610" lon="6.682890"><ele>1763.6</ele></trkpt>
<trkpt lat="44.584320" lon="6.683420"><ele>1762.0</ele></trkpt>
<trkpt lat="44.584600" lon="6.683650"><ele>1760.5</ele></trkpt>
<trkpt lat="44.584710" lon="6.683780"><ele>1759.1</ele></trkpt>
<trkpt lat="44.584840" lon="6.684020"><ele>1757.3</ele></trkpt>
<trkpt lat="44.584940" lon="6.684160"><ele>1755.1</ele></trkpt>
<trkpt lat="44.584980" lon="6.684230"><ele>1751.2</ele></trkpt>
<trkpt lat="44.585410" lon="6.684730"><ele>1747.2</ele></trkpt>
<trkpt lat="44.585660" lon="6.685050"><ele>1743.4</ele></trkpt>
<trkpt lat="44.586120" lon="6.685730"><ele>1740.0</ele></trkpt>
<trkpt lat="44.586490" lon="6.686490"><ele>1734.7</ele></trkpt>
<trkpt lat="44.586530" lon="6.686540"><ele>1729.6</ele></trkpt>
<trkpt lat="44.586600" lon="6.686610"><ele>1724.6</ele></trkpt>
<trkpt lat="44.586700" lon="6.686680"><ele>1719.9</ele></trkpt>
<trkpt lat="44.588430" lon="6.687600"><ele>1715.3</ele></trkpt>
<trkpt lat="44.588610" lon="6.687680"><ele>1710.8</ele></trkpt>
<trkpt lat="44.588660" lon="6.687690"><ele>1707.0</ele></trkpt>
<trkpt lat="44.588740" lon="6.687720"><ele>1703.4</ele></trkpt>
<trkpt lat="44.589690" lon="6.687830"><ele>1700.1</ele></trkpt>
<trkpt lat="44.589860" lon="6.687810"><ele>1696.8</ele></trkpt>
<trkpt lat="44.590000" lon="6.687770"><ele>1693.3</ele></trkpt>
<trkpt lat="44.590150" lon="6.687740"><ele>1689.8</ele></trkpt>
<trkpt lat="44.590250" lon="6.687710"><ele>1686.4</ele></trkpt>
<trkpt lat="44.590360" lon="6.687690"><ele>1684.7</ele></trkpt>
<trkpt lat="44.590620" lon="6.687720"><ele>1683.3</ele></trkpt>
<trkpt lat="44.590880" lon="6.687810"><ele>1682.0</ele></trkpt>
<trkpt lat="44.591020" lon="6.687960"><ele>1680.6</ele></trkpt>
<trkpt lat="44.591080" lon="6.688090"><ele>1680.1</ele></trkpt>
<trkpt lat="44.591220" lon="6.688650"><ele>1679.8</ele></trkpt>
<trkpt lat="44.591280" lon="6.688730"><ele>1679.2</ele></trkpt>
<trkpt lat="44.591330" lon="6.688780"><ele>1678.6</ele></trkpt>
<trkpt lat="44.591360" lon="6.688800"><ele>1677.7</ele></trkpt>
<trkpt lat="44.591400" lon="6.688810"><ele>1676.7</ele></trkpt>
<trkpt lat="44.591440" lon="6.688830"><ele>1675.4</ele></trkpt>
<trkpt lat="44.591860" lon="6.688850"><ele>1674.2</ele></trkpt>
<trkpt lat="44.592150" lon="6.688920"><ele>1673.0</ele></trkpt>
<trkpt lat="44.592340" lon="6.689040"><ele>1671.6</ele></trkpt>
<trkpt lat="44.592730" lon="6.689370"><ele>1670.3</ele></trkpt>
<trkpt lat="44.592790" lon="6.689390"><ele>1669.0</ele></trkpt>
<trkpt lat="44.592960" lon="6.689420"><ele>1667.7</ele></trkpt>
<trkpt lat="44.593160" lon="6.689400"><ele>1666.3</ele></trkpt>
<trkpt lat="44.593260" lon="6.689380"><ele>1665.0</ele></trkpt>
<trkpt lat="44.593320" lon="6.689390"><ele>1663.7</ele></trkpt>
<trkpt lat="44.593400" lon="6.689390"><ele>1662.7</ele></trkpt>
<trkpt lat="44.593990" lon="6.689480"><ele>1661.5</ele></trkpt>
<trkpt lat="44.594020" lon="6.689490"><ele>1660.3</ele></trkpt>
<trkpt lat="44.594130" lon="6.689550"><ele>1659.1</ele></trkpt>
<trkpt lat="44.594230" lon="6.689620"><ele>1657.8</ele></trkpt>
<trkpt lat="44.594500" lon="6.689840"><ele>1656.5</ele></trkpt>
<trkpt lat="44.594610" lon="6.689880"><ele>1655.4</ele></trkpt>
<trkpt lat="44.594760" lon="6.689910"><ele>1654.8</ele></trkpt>
<trkpt lat="44.595990" lon="6.689910"><ele>1654.3</ele></trkpt>
<trkpt lat="44.596170" lon="6.689930"><ele>1653.8</ele></trkpt>
<trkpt lat="44.596420" lon="6.689980"><ele>1653.7</ele></trkpt>
<trkpt lat="44.596640" lon="6.689990"><ele>1653.5</ele></trkpt>
<trkpt lat="44.596760" lon="6.689980"><ele>1653.3</ele></trkpt>
<trkpt lat="44.597440" lon="6.689820"><ele>1652.5</ele></trkpt>
<trkpt lat="44.597580" lon="6.689800"><ele>1651.8</ele></trkpt>
<trkpt lat="44.598510" lon="6.689730"><ele>1651.0</ele></trkpt>
<trkpt lat="44.598830" lon="6.689750"><ele>1650.3</ele></trkpt>
<trkpt lat="44.599520" lon="6.689880"><ele>1649.6</ele></trkpt>
<trkpt lat="44.599690" lon="6.689890"><ele>1648.8</ele></trkpt>
<trkpt lat="44.599790" lon="6.689880"><ele>1648.1</ele></trkpt>
<trkpt lat="44.600080" lon="6.689780"><ele>1647.1</ele></trkpt>
<trkpt lat="44.601780" lon="6.689030"><ele>1646.1</ele></trkpt>
<trkpt lat="44.602000" lon="6.688990"><ele>1645.1</ele></trkpt>
<trkpt lat="44.602270" lon="6.689000"><ele>1644.0</ele></trkpt>
<trkpt lat="44.602610" lon="6.689050"><ele>1642.4</ele></trkpt>
<trkpt lat="44.602690" lon="6.689040"><ele>1640.7</ele></trkpt>
<trkpt lat="44.602840" lon="6.688990"><ele>1639.1</ele></trkpt>
<trkpt lat="44.602890" lon="6.688960"><ele>1637.7</ele></trkpt>
<trkpt lat="44.603170" lon="6.688720"><ele>1636.3</ele></trkpt>
<trkpt lat="44.603230" lon="6.688680"><ele>1635.1</ele></trkpt>
<trkpt lat="44.603380" lon="6.688610"><ele>1634.6</ele></trkpt>
<trkpt lat="44.603590" lon="6.688580"><ele>1634.2</ele></trkpt>
<trkpt lat="44.603800" lon="6.688600"><ele>1633.8</ele></trkpt>
<trkpt lat="44.604120" lon="6.688660"><ele>1633.1</ele></trkpt>
<trkpt lat="44.604380" lon="6.688750"><ele>1632.4</ele></trkpt>
<trkpt lat="44.604450" lon="6.688790"><ele>1631.7</ele></trkpt>
<trkpt lat="44.604510" lon="6.688850"><ele>1630.4</ele></trkpt>
<trkpt lat="44.604550" lon="6.688880"><ele>1629.7</ele></trkpt>
<trkpt lat="44.604830" lon="6.689230"><ele>1629.2</ele></trkpt>
<trkpt lat="44.604950" lon="6.689330"><ele>1629.1</ele></trkpt>
<trkpt lat="44.605010" lon="6.689360"><ele>1629.2</ele></trkpt>
<trkpt lat="44.605130" lon="6.689390"><ele>1629.4</ele></trkpt>
<trkpt lat="44.605220" lon="6.689370"><ele>1629.8</ele></trkpt>
<trkpt lat="44.605300" lon="6.689340"><ele>1630.2</ele></trkpt>
<trkpt lat="44.605960" lon="6.689000"><ele>1630.5</ele></trkpt>
<trkpt lat="44.607380" lon="6.688410"><ele>1630.7</ele></trkpt>
<trkpt lat="44.607580" lon="6.688360"><ele>1631.0</ele></trkpt>
<trkpt lat="44.607740" lon="6.688370"><ele>1631.0</ele></trkpt>
<trkpt lat="44.607910" lon="6.688420"><ele>1631.1</ele></trkpt>
<trkpt lat="44.607930" lon="6.688420"><ele>1631.2</ele></trkpt>
<trkpt lat="44.608070" lon="6.688450"><ele>1631.3</ele></trkpt>
<trkpt lat="44.608320" lon="6.688430"><ele>1631.5</ele></trkpt>
<trkpt lat="44.608530" lon="6.688370"><ele>1631.9</ele></trkpt>
<trkpt lat="44.608570" lon="6.688370"><ele>1632.8</ele></trkpt>
<trkpt lat="44.608700" lon="6.688400"><ele>1633.6</ele></trkpt>
<trkpt lat="44.608920" lon="6.688480"><ele>1634.3</ele></trkpt>
<trkpt lat="44.609060" lon="6.688510"><ele>1634.9</ele></trkpt>
<trkpt lat="44.609210" lon="6.688510"><ele>1635.3</ele></trkpt>
<trkpt lat="44.609340" lon="6.688480"><ele>1635.7</ele></trkpt>
<trkpt lat="44.609390" lon="6.688480"><ele>1635.9</ele></trkpt>
<trkpt lat="44.609450" lon="6.688470"><ele>1636.1</ele></trkpt>
<trkpt lat="44.609540" lon="6.688470"><ele>1636.1</ele></trkpt>
<trkpt lat="44.609640" lon="6.688490"><ele>1636.0</ele></trkpt>
<trkpt lat="44.609660" lon="6.688490"><ele>1635.9</ele></trkpt>
<trkpt lat="44.609770" lon="6.688510"><ele>1635.8</ele></trkpt>
<trkpt lat="44.609850" lon="6.688500"><ele>1635.6</ele></trkpt>
<trkpt lat="44.609860" lon="6.688490"><ele>1635.3</ele></trkpt>
<trkpt lat="44.609900" lon="6.688470"><ele>1635.2</ele></trkpt>
<trkpt lat="44.609920" lon="6.688440"><ele>1635.0</ele></trkpt>
<trkpt lat="44.610050" lon="6.688150"><ele>1634.8</ele></trkpt>
<trkpt lat="44.610090" lon="6.688090"><ele>1634.4</ele></trkpt>
<trkpt lat="44.610110" lon="6.688070"><ele>1634.0</ele></trkpt>
<trkpt lat="44.610130" lon="6.688040"><ele>1633.7</ele></trkpt>
<trkpt lat="44.610170" lon="6.688020"><ele>1633.5</ele></trkpt>
<trkpt lat="44.610210" lon="6.688010"><ele>1633.5</ele></trkpt>
<trkpt lat="44.610360" lon="6.688010"><ele>1633.5</ele></trkpt>
<trkpt lat="44.610460" lon="6.687990"><ele>1633.5</ele></trkpt>
<trkpt lat="44.610550" lon="6.687960"><ele>1633.5</ele></trkpt>
<trkpt lat="44.610850" lon="6.687770"><ele>1633.7</ele></trkpt>
<trkpt lat="44.611240" lon="6.687570"><ele>1633.9</ele></trkpt>
<trkpt lat="44.612280" lon="6.687110"><ele>1634.0</ele></trkpt>
<trkpt lat="44.612530" lon="6.687050"><ele>1633.8</ele></trkpt>
<trkpt lat="44.613070" lon="6.686970"><ele>1633.5</ele></trkpt>
<trkpt lat="44.613220" lon="6.686910"><ele>1633.2</ele></trkpt>
<trkpt lat="44.613250" lon="6.686880"><ele>1632.9</ele></trkpt>
<trkpt lat="44.613330" lon="6.686820"><ele>1632.6</ele></trkpt>
<trkpt lat="44.613370" lon="6.686770"><ele>1632.8</ele></trkpt>
<trkpt lat="44.613440" lon="6.686700"><ele>1633.2</ele></trkpt>
<trkpt lat="44.613500" lon="6.686620"><ele>1633.8</ele></trkpt>
<trkpt lat="44.613750" lon="6.686220"><ele>1634.6</ele></trkpt>
<trkpt lat="44.613840" lon="6.686100"><ele>1635.5</ele></trkpt>
<trkpt lat="44.613960" lon="6.685990"><ele>1636.1</ele></trkpt>
<trkpt lat="44.614040" lon="6.685940"><ele>1636.8</ele></trkpt>
<trkpt lat="44.614160" lon="6.685880"><ele>1637.5</ele></trkpt>
<trkpt lat="44.614710" lon="6.685690"><ele>1638.2</ele></trkpt>
<trkpt lat="44.614960" lon="6.685670"><ele>1638.8</ele></trkpt>
<trkpt lat="44.615040" lon="6.685680"><ele>1639.5</ele></trkpt>
<trkpt lat="44.615490" lon="6.685790"><ele>1640.5</ele></trkpt>
<trkpt lat="44.615820" lon="6.685750"><ele>1642.1</ele></trkpt>
<trkpt lat="44.615900" lon="6.685730"><ele>1644.0</ele></trkpt>
<trkpt lat="44.616050" lon="6.685660"><ele>1646.0</ele></trkpt>
<trkpt lat="44.616070" lon="6.685640"><ele>1648.0</ele></trkpt>
<trkpt lat="44.616100" lon="6.685620"><ele>1649.8</ele></trkpt>
<trkpt lat="44.616310" lon="6.685420"><ele>1651.1</ele></trkpt>
<trkpt lat="44.616380" lon="6.685370"><ele>1651.6</ele></trkpt>
<trkpt lat="44.616510" lon="6.685340"><ele>1652.1</ele></trkpt>
<trkpt lat="44.616700" lon="6.685320"><ele>1652.1</ele></trkpt>
<trkpt lat="44.616830" lon="6.685270"><ele>1652.0</ele></trkpt>
<trkpt lat="44.617010" lon="6.685170"><ele>1652.0</ele></trkpt>
<trkpt lat="44.617040" lon="6.685140"><ele>1652.1</ele></trkpt>
<trkpt lat="44.617380" lon="6.684880"><ele>1652.2</ele></trkpt>
<trkpt lat="44.617600" lon="6.684670"><ele>1652.4</ele></trkpt>
<trkpt lat="44.617990" lon="6.684260"><ele>1652.4</ele></trkpt>
<trkpt lat="44.618130" lon="6.684150"><ele>1652.3</ele></trkpt>
<trkpt lat="44.618530" lon="6.683950"><ele>1651.8</ele></trkpt>
<trkpt lat="44.618650" lon="6.683920"><ele>1650.6</ele></trkpt>
<trkpt lat="44.618830" lon="6.683920"><ele>1649.2</ele></trkpt>
<trkpt lat="44.618940" lon="6.683930"><ele>1647.6</ele></trkpt>
<trkpt lat="44.619070" lon="6.683930"><ele>1646.1</ele></trkpt>
<trkpt lat="44.619130" lon="6.683920"><ele>1644.7</ele></trkpt>
<trkpt lat="44.619270" lon="6.683850"><ele>1643.8</ele></trkpt>
<trkpt lat="44.619330" lon="6.683810"><ele>1643.5</ele></trkpt>
<trkpt lat="44.619460" lon="6.683700"><ele>1643.3</ele></trkpt>
<trkpt lat="44.619560" lon="6.683630"><ele>1643.1</ele></trkpt>
<trkpt lat="44.619640" lon="6.683600"><ele>1642.8</ele></trkpt>
<trkpt lat="44.619690" lon="6.683600"><ele>1642.3</ele></trkpt>
<trkpt lat="44.619810" lon="6.683620"><ele>1641.6</ele></trkpt>
<trkpt lat="44.619920" lon="6.683670"><ele>1640.7</ele></trkpt>
<trkpt lat="44.620440" lon="6.683970"><ele>1639.4</ele></trkpt>
<trkpt lat="44.620680" lon="6.684070"><ele>1638.0</ele></trkpt>
<trkpt lat="44.620820" lon="6.684100"><ele>1636.6</ele></trkpt>
<trkpt lat="44.620960" lon="6.684090"><ele>1635.4</ele></trkpt>
<trkpt lat="44.621010" lon="6.684070"><ele>1634.2</ele></trkpt>
<trkpt lat="44.621090" lon="6.684020"><ele>1633.1</ele></trkpt>
<trkpt lat="44.621210" lon="6.683920"><ele>1632.0</ele></trkpt>
<trkpt lat="44.621310" lon="6.683780"><ele>1630.9</ele></trkpt>
<trkpt lat="44.621400" lon="6.683510"><ele>1629.9</ele></trkpt>
<trkpt lat="44.621530" lon="6.683280"><ele>1628.6</ele></trkpt>
<trkpt lat="44.621600" lon="6.683190"><ele>1627.4</ele></trkpt>
<trkpt lat="44.621720" lon="6.683060"><ele>1626.2</ele></trkpt>
<trkpt lat="44.621860" lon="6.682960"><ele>1624.9</ele></trkpt>
<trkpt lat="44.621900" lon="6.682950"><ele>1623.7</ele></trkpt>
<trkpt lat="44.621920" lon="6.682940"><ele>1622.7</ele></trkpt>
<trkpt lat="44.621970" lon="6.682940"><ele>1621.9</ele></trkpt>
<trkpt lat="44.622370" lon="6.683050"><ele>1621.3</ele></trkpt>
<trkpt lat="44.622560" lon="6.683080"><ele>1621.1</ele></trkpt>
<trkpt lat="44.623760" lon="6.683190"><ele>1621.2</ele></trkpt>
<trkpt lat="44.623790" lon="6.683200"><ele>1621.2</ele></trkpt>
<trkpt lat="44.623820" lon="6.683200"><ele>1621.5</ele></trkpt>
<trkpt lat="44.623940" lon="6.683230"><ele>1622.1</ele></trkpt>
<trkpt lat="44.624130" lon="6.683340"><ele>1622.9</ele></trkpt>
<trkpt lat="44.624290" lon="6.683410"><ele>1624.1</ele></trkpt>
<trkpt lat="44.624470" lon="6.683410"><ele>1625.4</ele></trkpt>
<trkpt lat="44.624570" lon="6.683370"><ele>1626.5</ele></trkpt>
<trkpt lat="44.624680" lon="6.683300"><ele>1627.4</ele></trkpt>
<trkpt lat="44.624800" lon="6.683200"><ele>1627.7</ele></trkpt>
<trkpt lat="44.624870" lon="6.683120"><ele>1627.9</ele></trkpt>
<trkpt lat="44.624990" lon="6.682930"><ele>1627.8</ele></trkpt>
<trkpt lat="44.625410" lon="6.682150"><ele>1627.6</ele></trkpt>
<trkpt lat="44.625620" lon="6.681800"><ele>1626.9</ele></trkpt>
<trkpt lat="44.625700" lon="6.681600"><ele>1626.0</ele></trkpt>
<trkpt lat="44.625710" lon="6.681540"><ele>1625.0</ele></trkpt>
<trkpt lat="44.625710" lon="6.681400"><ele>1624.0</ele></trkpt>
<trkpt lat="44.625650" lon="6.681110"><ele>1622.8</ele></trkpt>
<trkpt lat="44.625630" lon="6.681050"><ele>1621.6</ele></trkpt>
<trkpt lat="44.625610" lon="6.680930"><ele>1620.3</ele></trkpt>
<trkpt lat="44.625610" lon="6.680900"><ele>1619.1</ele></trkpt>
<trkpt lat="44.625660" lon="6.680640"><ele>1617.6</ele></trkpt>
<trkpt lat="44.625690" lon="6.680580"><ele>1615.7</ele></trkpt>
<trkpt lat="44.625740" lon="6.680510"><ele>1613.8</ele></trkpt>
<trkpt lat="44.625870" lon="6.680380"><ele>1612.7</ele></trkpt>
<trkpt lat="44.626270" lon="6.680140"><ele>1611.8</ele></trkpt>
<trkpt lat="44.626510" lon="6.680040"><ele>1611.6</ele></trkpt>
<trkpt lat="44.626620" lon="6.680020"><ele>1611.6</ele></trkpt>
<trkpt lat="44.626980" lon="6.680070"><ele>1611.9</ele></trkpt>
<trkpt lat="44.627150" lon="6.680110"><ele>1612.2</ele></trkpt>
<trkpt lat="44.627260" lon="6.680170"><ele>1612.9</ele></trkpt>
<trkpt lat="44.627320" lon="6.680220"><ele>1613.7</ele></trkpt>
<trkpt lat="44.627520" lon="6.680700"><ele>1613.9</ele></trkpt>
<trkpt lat="44.627610" lon="6.680870"><ele>1613.8</ele></trkpt>
<trkpt lat="44.627680" lon="6.680980"><ele>1613.7</ele></trkpt>
<trkpt lat="44.627760" lon="6.681080"><ele>1613.1</ele></trkpt>
<trkpt lat="44.627820" lon="6.681110"><ele>1612.4</ele></trkpt>
<trkpt lat="44.627860" lon="6.681120"><ele>1611.6</ele></trkpt>
<trkpt lat="44.627940" lon="6.681120"><ele>1610.5</ele></trkpt>
<trkpt lat="44.628000" lon="6.681090"><ele>1609.1</ele></trkpt>
<trkpt lat="44.628330" lon="6.680830"><ele>1607.6</ele></trkpt>
<trkpt lat="44.628530" lon="6.680600"><ele>1604.4</ele></trkpt>
<trkpt lat="44.628640" lon="6.680450"><ele>1601.1</ele></trkpt>
<trkpt lat="44.629140" lon="6.679630"><ele>1597.8</ele></trkpt>
<trkpt lat="44.629200" lon="6.679480"><ele>1594.4</ele></trkpt>
<trkpt lat="44.629220" lon="6.679450"><ele>1591.1</ele></trkpt>
<trkpt lat="44.629290" lon="6.679130"><ele>1587.9</ele></trkpt>
<trkpt lat="44.629350" lon="6.678970"><ele>1584.7</ele></trkpt>
<trkpt lat="44.629450" lon="6.678840"><ele>1581.4</ele></trkpt>
<trkpt lat="44.630730" lon="6.677500"><ele>1578.3</ele></trkpt>
<trkpt lat="44.630870" lon="6.677420"><ele>1575.4</ele></trkpt>
<trkpt lat="44.630970" lon="6.677400"><ele>1572.4</ele></trkpt>
<trkpt lat="44.631080" lon="6.677390"><ele>1569.9</ele></trkpt>
<trkpt lat="44.631200" lon="6.677390"><ele>1567.4</ele></trkpt>
<trkpt lat="44.631300" lon="6.677360"><ele>1564.8</ele></trkpt>
<trkpt lat="44.631370" lon="6.677300"><ele>1562.6</ele></trkpt>
<trkpt lat="44.631420" lon="6.677240"><ele>1560.6</ele></trkpt>
<trkpt lat="44.631590" lon="6.676940"><ele>1558.6</ele></trkpt>
<trkpt lat="44.631680" lon="6.676820"><ele>1557.6</ele></trkpt>
<trkpt lat="44.631810" lon="6.676700"><ele>1556.5</ele></trkpt>
<trkpt lat="44.631950" lon="6.676610"><ele>1555.3</ele></trkpt>
<trkpt lat="44.632090" lon="6.676590"><ele>1553.8</ele></trkpt>
<trkpt lat="44.632280" lon="6.676580"><ele>1552.1</ele></trkpt>
<trkpt lat="44.632460" lon="6.676620"><ele>1550.1</ele></trkpt>
<trkpt lat="44.632550" lon="6.676650"><ele>1548.1</ele></trkpt>
<trkpt lat="44.632660" lon="6.676710"><ele>1545.6</ele></trkpt>
<trkpt lat="44.632800" lon="6.676760"><ele>1543.4</ele></trkpt>
<trkpt lat="44.632890" lon="6.676780"><ele>1541.5</ele></trkpt>
<trkpt lat="44.633020" lon="6.676780"><ele>1539.7</ele></trkpt>
<trkpt lat="44.633240" lon="6.676730"><ele>1538.0</ele></trkpt>
<trkpt lat="44.633300" lon="6.676700"><ele>1536.3</ele></trkpt>
<trkpt lat="44.633450" lon="6.676590"><ele>1534.6</ele></trkpt>
<trkpt lat="44.633580" lon="6.676450"><ele>1533.0</ele></trkpt>
<trkpt lat="44.634500" lon="6.675140"><ele>1531.5</ele></trkpt>
<trkpt lat="44.634580" lon="6.675000"><ele>1530.0</ele></trkpt>
<trkpt lat="44.634650" lon="6.674830"><ele>1528.5</ele></trkpt>
<trkpt lat="44.634700" lon="6.674620"><ele>1527.2</ele></trkpt>
<trkpt lat="44.634730" lon="6.674370"><ele>1525.9</ele></trkpt>
<trkpt lat="44.634730" lon="6.674270"><ele>1524.8</ele></trkpt>
<trkpt lat="44.634700" lon="6.673960"><ele>1523.6</ele></trkpt>
<trkpt lat="44.634700" lon="6.673880"><ele>1522.2</ele></trkpt>
<trkpt lat="44.634630" lon="6.673390"><ele>1520.4</ele></trkpt>
<trkpt lat="44.634570" lon="6.673170"><ele>1518.9</ele></trkpt>
<trkpt lat="44.634560" lon="6.673110"><ele>1517.1</ele></trkpt>
<trkpt lat="44.634500" lon="6.672970"><ele>1515.1</ele></trkpt>
<trkpt lat="44.634350" lon="6.672750"><ele>1513.1</ele></trkpt>
<trkpt lat="44.633810" lon="6.672090"><ele>1511.0</ele></trkpt>
<trkpt lat="44.633760" lon="6.672050"><ele>1509.0</ele></trkpt>
<trkpt lat="44.633560" lon="6.671980"><ele>1506.9</ele></trkpt>
<trkpt lat="44.633360" lon="6.671950"><ele>1504.9</ele></trkpt>
<trkpt lat="44.633250" lon="6.671920"><ele>1502.8</ele></trkpt>
<trkpt lat="44.633200" lon="6.671890"><ele>1500.7</ele></trkpt>
<trkpt lat="44.633140" lon="6.671830"><ele>1498.6</ele></trkpt>
<trkpt lat="44.633100" lon="6.671770"><ele>1496.7</ele></trkpt>
<trkpt lat="44.633060" lon="6.671650"><ele>1494.8</ele></trkpt>
<trkpt lat="44.633060" lon="6.671620"><ele>1493.4</ele></trkpt>
<trkpt lat="44.633050" lon="6.671560"><ele>1491.3</ele></trkpt>
<trkpt lat="44.633050" lon="6.671500"><ele>1489.4</ele></trkpt>
<trkpt lat="44.633060" lon="6.671440"><ele>1488.1</ele></trkpt>
<trkpt lat="44.633060" lon="6.671400"><ele>1487.1</ele></trkpt>
<trkpt lat="44.633090" lon="6.671270"><ele>1486.3</ele></trkpt>
<trkpt lat="44.633170" lon="6.671090"><ele>1485.2</ele></trkpt>
<trkpt lat="44.633240" lon="6.671000"><ele>1484.1</ele></trkpt>
<trkpt lat="44.634270" lon="6.670260"><ele>1482.9</ele></trkpt>
<trkpt lat="44.634860" lon="6.669730"><ele>1481.5</ele></trkpt>
<trkpt lat="44.634970" lon="6.669660"><ele>1479.5</ele></trkpt>
<trkpt lat="44.635020" lon="6.669640"><ele>1477.4</ele></trkpt>
<trkpt lat="44.635060" lon="6.669640"><ele>1475.0</ele></trkpt>
<trkpt lat="44.635130" lon="6.669650"><ele>1472.6</ele></trkpt>
<trkpt lat="44.635930" lon="6.669910"><ele>1470.0</ele></trkpt>
<trkpt lat="44.636280" lon="6.669980"><ele>1467.1</ele></trkpt>
<trkpt lat="44.636550" lon="6.669990"><ele>1464.1</ele></trkpt>
<trkpt lat="44.636670" lon="6.669980"><ele>1460.7</ele></trkpt>
<trkpt lat="44.637280" lon="6.669870"><ele>1458.0</ele></trkpt>
<trkpt lat="44.637430" lon="6.669860"><ele>1455.5</ele></trkpt>
<trkpt lat="44.637550" lon="6.669840"><ele>1453.3</ele></trkpt>
<trkpt lat="44.637630" lon="6.669810"><ele>1451.3</ele></trkpt>
<trkpt lat="44.637700" lon="6.669730"><ele>1449.3</ele></trkpt>
<trkpt lat="44.637720" lon="6.669640"><ele>1447.6</ele></trkpt>
<trkpt lat="44.637720" lon="6.669500"><ele>1446.3</ele></trkpt>
<trkpt lat="44.637690" lon="6.669430"><ele>1445.1</ele></trkpt>
<trkpt lat="44.637610" lon="6.669350"><ele>1443.9</ele></trkpt>
<trkpt lat="44.637580" lon="6.669340"><ele>1443.2</ele></trkpt>
<trkpt lat="44.637250" lon="6.669360"><ele>1442.6</ele></trkpt>
<trkpt lat="44.636980" lon="6.669350"><ele>1442.1</ele></trkpt>
<trkpt lat="44.636860" lon="6.669320"><ele>1441.5</ele></trkpt>
<trkpt lat="44.636260" lon="6.668900"><ele>1441.0</ele></trkpt>
<trkpt lat="44.636240" lon="6.668890"><ele>1440.6</ele></trkpt>
<trkpt lat="44.636190" lon="6.668820"><ele>1440.2</ele></trkpt>
<trkpt lat="44.636150" lon="6.668690"><ele>1439.6</ele></trkpt>
<trkpt lat="44.636150" lon="6.668610"><ele>1439.0</ele></trkpt>
<trkpt lat="44.636180" lon="6.668510"><ele>1438.3</ele></trkpt>
<trkpt lat="44.636210" lon="6.668460"><ele>1437.4</ele></trkpt>
<trkpt lat="44.636270" lon="6.668400"><ele>1435.9</ele></trkpt>
<trkpt lat="44.636290" lon="6.668390"><ele>1434.4</ele></trkpt>
<trkpt lat="44.636300" lon="6.668380"><ele>1432.9</ele></trkpt>
<trkpt lat="44.636380" lon="6.668380"><ele>1431.3</ele></trkpt>
<trkpt lat="44.636890" lon="6.668520"><ele>1429.7</ele></trkpt>
<trkpt lat="44.637030" lon="6.668530"><ele>1428.1</ele></trkpt>
<trkpt lat="44.637140" lon="6.668520"><ele>1426.7</ele></trkpt>
<trkpt lat="44.637260" lon="6.668480"><ele>1425.4</ele></trkpt>
<trkpt lat="44.638200" lon="6.668010"><ele>1424.3</ele></trkpt>
<trkpt lat="44.638350" lon="6.667920"><ele>1423.1</ele></trkpt>
<trkpt lat="44.638440" lon="6.667840"><ele>1421.9</ele></trkpt>
<trkpt lat="44.638520" lon="6.667730"><ele>1420.7</ele></trkpt>
<trkpt lat="44.638680" lon="6.667470"><ele>1419.5</ele></trkpt>
<trkpt lat="44.638830" lon="6.667330"><ele>1418.4</ele></trkpt>
<trkpt lat="44.638920" lon="6.667300"><ele>1417.4</ele></trkpt>
<trkpt lat="44.639100" lon="6.667300"><ele>1416.3</ele></trkpt>
<trkpt lat="44.639430" lon="6.667340"><ele>1415.3</ele></trkpt>
<trkpt lat="44.639710" lon="6.667410"><ele>1414.6</ele></trkpt>
<trkpt lat="44.639810" lon="6.667420"><ele>1413.9</ele></trkpt>
<trkpt lat="44.639870" lon="6.667400"><ele>1412.0</ele></trkpt>
<trkpt lat="44.639910" lon="6.667370"><ele>1410.1</ele></trkpt>
<trkpt lat="44.639930" lon="6.667340"><ele>1408.2</ele></trkpt>
<trkpt lat="44.639970" lon="6.667230"><ele>1406.3</ele></trkpt>
<trkpt lat="44.639970" lon="6.667110"><ele>1404.4</ele></trkpt>
<trkpt lat="44.639960" lon="6.667070"><ele>1402.4</ele></trkpt>
<trkpt lat="44.639920" lon="6.667010"><ele>1400.5</ele></trkpt>
<trkpt lat="44.639860" lon="6.666950"><ele>1398.6</ele></trkpt>
<trkpt lat="44.638260" lon="6.666230"><ele>1396.7</ele></trkpt>
<trkpt lat="44.638210" lon="6.666220"><ele>1394.9</ele></trkpt>
<trkpt lat="44.638100" lon="6.666180"><ele>1393.0</ele></trkpt>
<trkpt lat="44.638060" lon="6.666180"><ele>1391.1</ele></trkpt>
<trkpt lat="44.637980" lon="6.666160"><ele>1389.1</ele></trkpt>
<trkpt lat="44.637600" lon="6.666190"><ele>1387.0</ele></trkpt>
<trkpt lat="44.637550" lon="6.666200"><ele>1384.9</ele></trkpt>
<trkpt lat="44.637500" lon="6.666200"><ele>1382.7</ele></trkpt>
<trkpt lat="44.637440" lon="6.666180"><ele>1380.6</ele></trkpt>
<trkpt lat="44.637400" lon="6.666160"><ele>1379.6</ele></trkpt>
<trkpt lat="44.637380" lon="6.666140"><ele>1378.6</ele></trkpt>
<trkpt lat="44.637350" lon="6.666090"><ele>1377.6</ele></trkpt>
<trkpt lat="44.637330" lon="6.666010"><ele>1376.5</ele></trkpt>
<trkpt lat="44.637330" lon="6.665950"><ele>1375.4</ele></trkpt>
<trkpt lat="44.637340" lon="6.665910"><ele>1374.5</ele></trkpt>
<trkpt lat="44.637350" lon="6.665890"><ele>1373.6</ele></trkpt>
<trkpt lat="44.637350" lon="6.665860"><ele>1372.8</ele></trkpt>
<trkpt lat="44.637370" lon="6.665840"><ele>1371.9</ele></trkpt>
<trkpt lat="44.637390" lon="6.665810"><ele>1371.1</ele></trkpt>
<trkpt lat="44.637440" lon="6.665760"><ele>1370.1</ele></trkpt>
<trkpt lat="44.637580" lon="6.665710"><ele>1368.9</ele></trkpt>
<trkpt lat="44.637970" lon="6.665710"><ele>1367.8</ele></trkpt>
<trkpt lat="44.638130" lon="6.665740"><ele>1366.9</ele></trkpt>
<trkpt lat="44.638310" lon="6.665760"><ele>1366.1</ele></trkpt>
<trkpt lat="44.638370" lon="6.665760"><ele>1365.8</ele></trkpt>
<trkpt lat="44.638560" lon="6.665720"><ele>1365.7</ele></trkpt>
<trkpt lat="44.638590" lon="6.665720"><ele>1365.5</ele></trkpt>
<trkpt lat="44.639030" lon="6.665600"><ele>1365.3</ele></trkpt>
<trkpt lat="44.639390" lon="6.665520"><ele>1364.8</ele></trkpt>
<trkpt lat="44.639500" lon="6.665510"><ele>1363.8</ele></trkpt>
<trkpt lat="44.639630" lon="6.665510"><ele>1362.6</ele></trkpt>
<trkpt lat="44.639710" lon="6.665530"><ele>1361.2</ele></trkpt>
<trkpt lat="44.640200" lon="6.665770"><ele>1359.7</ele></trkpt>
<trkpt lat="44.640250" lon="6.665780"><ele>1357.6</ele></trkpt>
<trkpt lat="44.640330" lon="6.665770"><ele>1355.4</ele></trkpt>
<trkpt lat="44.640410" lon="6.665750"><ele>1352.9</ele></trkpt>
<trkpt lat="44.640570" lon="6.665670"><ele>1350.4</ele></trkpt>
<trkpt lat="44.640920" lon="6.665460"><ele>1348.0</ele></trkpt>
<trkpt lat="44.641090" lon="6.665340"><ele>1345.6</ele></trkpt>
<trkpt lat="44.641130" lon="6.665270"><ele>1343.1</ele></trkpt>
<trkpt lat="44.641160" lon="6.665230"><ele>1340.6</ele></trkpt>
<trkpt lat="44.641550" lon="6.664190"><ele>1337.5</ele></trkpt>
<trkpt lat="44.641590" lon="6.664040"><ele>1334.2</ele></trkpt>
<trkpt lat="44.641640" lon="6.663780"><ele>1330.6</ele></trkpt>
<trkpt lat="44.641730" lon="6.663510"><ele>1326.7</ele></trkpt>
<trkpt lat="44.641770" lon="6.663450"><ele>1322.8</ele></trkpt>
<trkpt lat="44.641860" lon="6.663380"><ele>1319.5</ele></trkpt>
<trkpt lat="44.641910" lon="6.663360"><ele>1316.3</ele></trkpt>
<trkpt lat="44.642020" lon="6.663340"><ele>1313.2</ele></trkpt>
<trkpt lat="44.642360" lon="6.663350"><ele>1310.0</ele></trkpt>
<trkpt lat="44.642500" lon="6.663320"><ele>1307.4</ele></trkpt>
<trkpt lat="44.642800" lon="6.663170"><ele>1304.9</ele></trkpt>
<trkpt lat="44.643080" lon="6.663010"><ele>1302.6</ele></trkpt>
<trkpt lat="44.643220" lon="6.662910"><ele>1300.6</ele></trkpt>
<trkpt lat="44.643250" lon="6.662880"><ele>1298.7</ele></trkpt>
<trkpt lat="44.643310" lon="6.662750"><ele>1296.9</ele></trkpt>
<trkpt lat="44.643330" lon="6.662660"><ele>1295.2</ele></trkpt>
<trkpt lat="44.643330" lon="6.662560"><ele>1293.7</ele></trkpt>
<trkpt lat="44.643320" lon="6.662510"><ele>1292.3</ele></trkpt>
<trkpt lat="44.643240" lon="6.662380"><ele>1291.1</ele></trkpt>
<trkpt lat="44.643210" lon="6.662350"><ele>1290.4</ele></trkpt>
<trkpt lat="44.643180" lon="6.662340"><ele>1290.2</ele></trkpt>
<trkpt lat="44.643160" lon="6.662340"><ele>1290.4</ele></trkpt>
<trkpt lat="44.643110" lon="6.662330"><ele>1290.8</ele></trkpt>
<trkpt lat="44.642990" lon="6.662380"><ele>1291.4</ele></trkpt>
<trkpt lat="44.642820" lon="6.662480"><ele>1291.9</ele></trkpt>
<trkpt lat="44.642760" lon="6.662500"><ele>1292.4</ele></trkpt>
<trkpt lat="44.642450" lon="6.662500"><ele>1292.6</ele></trkpt>
<trkpt lat="44.642370" lon="6.662520"><ele>1292.7</ele></trkpt>
<trkpt lat="44.642320" lon="6.662540"><ele>1292.9</ele></trkpt>
<trkpt lat="44.642120" lon="6.662680"><ele>1292.8</ele></trkpt>
<trkpt lat="44.642010" lon="6.662720"><ele>1292.6</ele></trkpt>
<trkpt lat="44.641940" lon="6.662730"><ele>1292.3</ele></trkpt>
<trkpt lat="44.641850" lon="6.662730"><ele>1291.8</ele></trkpt>
<trkpt lat="44.641700" lon="6.662700"><ele>1290.9</ele></trkpt>
<trkpt lat="44.641310" lon="6.662690"><ele>1289.9</ele></trkpt>
<trkpt lat="44.641240" lon="6.662670"><ele>1288.8</ele></trkpt>
<trkpt lat="44.641220" lon="6.662660"><ele>1287.6</ele></trkpt>
<trkpt lat="44.641160" lon="6.662590"><ele>1286.4</ele></trkpt>
<trkpt lat="44.641120" lon="6.662530"><ele>1284.9</ele></trkpt>
<trkpt lat="44.641100" lon="6.662460"><ele>1283.7</ele></trkpt>
<trkpt lat="44.641100" lon="6.662370"><ele>1282.4</ele></trkpt>
<trkpt lat="44.641110" lon="6.662290"><ele>1281.2</ele></trkpt>
<trkpt lat="44.641130" lon="6.662220"><ele>1279.8</ele></trkpt>
<trkpt lat="44.641190" lon="6.662120"><ele>1278.6</ele></trkpt>
<trkpt lat="44.641220" lon="6.662090"><ele>1277.4</ele></trkpt>
<trkpt lat="44.641280" lon="6.662060"><ele>1276.2</ele></trkpt>
<trkpt lat="44.641320" lon="6.662050"><ele>1274.9</ele></trkpt>
<trkpt lat="44.642170" lon="6.662140"><ele>1273.6</ele></trkpt>
<trkpt lat="44.642350" lon="6.662130"><ele>1271.9</ele></trkpt>
<trkpt lat="44.642500" lon="6.662090"><ele>1270.3</ele></trkpt>
<trkpt lat="44.642690" lon="6.661980"><ele>1268.7</ele></trkpt>
<trkpt lat="44.642970" lon="6.661790"><ele>1267.0</ele></trkpt>
<trkpt lat="44.643060" lon="6.661710"><ele>1265.5</ele></trkpt>
<trkpt lat="44.643100" lon="6.661660"><ele>1263.9</ele></trkpt>
<trkpt lat="44.643150" lon="6.661510"><ele>1262.2</ele></trkpt>
<trkpt lat="44.643160" lon="6.661400"><ele>1260.2</ele></trkpt>
<trkpt lat="44.643160" lon="6.661000"><ele>1257.7</ele></trkpt>
<trkpt lat="44.643170" lon="6.660910"><ele>1255.1</ele></trkpt>
<trkpt lat="44.643190" lon="6.660820"><ele>1252.5</ele></trkpt>
<trkpt lat="44.643260" lon="6.660670"><ele>1249.5</ele></trkpt>
<trkpt lat="44.643360" lon="6.660540"><ele>1246.6</ele></trkpt>
<trkpt lat="44.643530" lon="6.660360"><ele>1243.8</ele></trkpt>
<trkpt lat="44.643670" lon="6.660140"><ele>1241.0</ele></trkpt>
<trkpt lat="44.643830" lon="6.659770"><ele>1238.5</ele></trkpt>
<trkpt lat="44.643950" lon="6.659530"><ele>1235.9</ele></trkpt>
<trkpt lat="44.644050" lon="6.659390"><ele>1233.6</ele></trkpt>
<trkpt lat="44.644150" lon="6.659280"><ele>1231.4</ele></trkpt>
<trkpt lat="44.645020" lon="6.658590"><ele>1228.8</ele></trkpt>
<trkpt lat="44.645120" lon="6.658480"><ele>1226.3</ele></trkpt>
<trkpt lat="44.645180" lon="6.658370"><ele>1223.7</ele></trkpt>
<trkpt lat="44.645190" lon="6.658340"><ele>1221.0</ele></trkpt>
<trkpt lat="44.645250" lon="6.658220"><ele>1218.4</ele></trkpt>
<trkpt lat="44.645350" lon="6.657940"><ele>1216.0</ele></trkpt>
<trkpt lat="44.645560" lon="6.657480"><ele>1213.7</ele></trkpt>
<trkpt lat="44.645610" lon="6.657390"><ele>1211.5</ele></trkpt>
<trkpt lat="44.645860" lon="6.657040"><ele>1209.5</ele></trkpt>
<trkpt lat="44.645910" lon="6.656930"><ele>1208.2</ele></trkpt>
<trkpt lat="44.645930" lon="6.656810"><ele>1207.0</ele></trkpt>
<trkpt lat="44.645930" lon="6.656700"><ele>1206.0</ele></trkpt>
<trkpt lat="44.645900" lon="6.656600"><ele>1204.9</ele></trkpt>
<trkpt lat="44.645830" lon="6.656520"><ele>1203.9</ele></trkpt>
<trkpt lat="44.645790" lon="6.656500"><ele>1202.9</ele></trkpt>
<trkpt lat="44.645750" lon="6.656490"><ele>1202.1</ele></trkpt>
<trkpt lat="44.645610" lon="6.656480"><ele>1201.2</ele></trkpt>
<trkpt lat="44.644710" lon="6.656830"><ele>1200.6</ele></trkpt>
<trkpt lat="44.644610" lon="6.656880"><ele>1200.0</ele></trkpt>
<trkpt lat="44.643890" lon="6.657370"><ele>1199.4</ele></trkpt>
<trkpt lat="44.643830" lon="6.657380"><ele>1198.8</ele></trkpt>
<trkpt lat="44.643780" lon="6.657380"><ele>1198.4</ele></trkpt>
<trkpt lat="44.643760" lon="6.657370"><ele>1198.0</ele></trkpt>
<trkpt lat="44.643700" lon="6.657290"><ele>1197.5</ele></trkpt>
<trkpt lat="44.643670" lon="6.657210"><ele>1196.6</ele></trkpt>
<trkpt lat="44.643670" lon="6.657140"><ele>1195.3</ele></trkpt>
<trkpt lat="44.643690" lon="6.657080"><ele>1193.6</ele></trkpt>
<trkpt lat="44.643750" lon="6.656950"><ele>1191.9</ele></trkpt>
<trkpt lat="44.643850" lon="6.656850"><ele>1190.0</ele></trkpt>
<trkpt lat="44.644290" lon="6.656650"><ele>1188.0</ele></trkpt>
<trkpt lat="44.644400" lon="6.656580"><ele>1185.8</ele></trkpt>
<trkpt lat="44.644740" lon="6.656310"><ele>1183.3</ele></trkpt>
<trkpt lat="44.645060" lon="6.656020"><ele>1180.9</ele></trkpt>
<trkpt lat="44.645390" lon="6.655660"><ele>1178.5</ele></trkpt>
<trkpt lat="44.645530" lon="6.655530"><ele>1176.1</ele></trkpt>
<trkpt lat="44.645660" lon="6.655460"><ele>1173.6</ele></trkpt>
<trkpt lat="44.645760" lon="6.655450"><ele>1171.0</ele></trkpt>
<trkpt lat="44.646790" lon="6.655610"><ele>1168.1</ele></trkpt>
<trkpt lat="44.646880" lon="6.655610"><ele>1164.9</ele></trkpt>
<trkpt lat="44.647230" lon="6.655580"><ele>1161.6</ele></trkpt>
<trkpt lat="44.647300" lon="6.655560"><ele>1158.2</ele></trkpt>
<trkpt lat="44.647420" lon="6.655560"><ele>1155.1</ele></trkpt>
<trkpt lat="44.647560" lon="6.655520"><ele>1152.5</ele></trkpt>
<trkpt lat="44.647720" lon="6.655460"><ele>1150.0</ele></trkpt>
<trkpt lat="44.648050" lon="6.655380"><ele>1147.6</ele></trkpt>
<trkpt lat="44.648420" lon="6.655340"><ele>1145.3</ele></trkpt>
<trkpt lat="44.648650" lon="6.655230"><ele>1143.3</ele></trkpt>
<trkpt lat="44.648820" lon="6.655120"><ele>1141.4</ele></trkpt>
<trkpt lat="44.649250" lon="6.654800"><ele>1139.9</ele></trkpt>
<trkpt lat="44.649370" lon="6.654740"><ele>1138.5</ele></trkpt>
<trkpt lat="44.649440" lon="6.654720"><ele>1137.3</ele></trkpt>
<trkpt lat="44.649560" lon="6.654710"><ele>1136.1</ele></trkpt>
<trkpt lat="44.649680" lon="6.654670"><ele>1134.8</ele></trkpt>
<trkpt lat="44.649770" lon="6.654620"><ele>1133.7</ele></trkpt>
<trkpt lat="44.649840" lon="6.654570"><ele>1132.9</ele></trkpt>
<trkpt lat="44.649950" lon="6.654470"><ele>1132.4</ele></trkpt>
<trkpt lat="44.650040" lon="6.654320"><ele>1131.9</ele></trkpt>
<trkpt lat="44.650080" lon="6.654200"><ele>1131.4</ele></trkpt>
<trkpt lat="44.650100" lon="6.654060"><ele>1130.8</ele></trkpt>
<trkpt lat="44.650110" lon="6.653890"><ele>1130.1</ele></trkpt>
<trkpt lat="44.650080" lon="6.653370"><ele>1129.1</ele></trkpt>
<trkpt lat="44.650090" lon="6.653230"><ele>1127.9</ele></trkpt>
<trkpt lat="44.650120" lon="6.653070"><ele>1126.1</ele></trkpt>
<trkpt lat="44.650140" lon="6.653010"><ele>1124.1</ele></trkpt>
<trkpt lat="44.650180" lon="6.652930"><ele>1122.0</ele></trkpt>
<trkpt lat="44.650500" lon="6.652510"><ele>1119.7</ele></trkpt>
<trkpt lat="44.650570" lon="6.652370"><ele>1117.3</ele></trkpt>
<trkpt lat="44.650630" lon="6.652070"><ele>1114.8</ele></trkpt>
<trkpt lat="44.650620" lon="6.651820"><ele>1112.2</ele></trkpt>
<trkpt lat="44.650540" lon="6.651510"><ele>1109.9</ele></trkpt>
<trkpt lat="44.650480" lon="6.651040"><ele>1107.6</ele></trkpt>
<trkpt lat="44.650490" lon="6.650950"><ele>1105.5</ele></trkpt>
<trkpt lat="44.650520" lon="6.650830"><ele>1103.5</ele></trkpt>
<trkpt lat="44.650550" lon="6.650750"><ele>1101.5</ele></trkpt>
<trkpt lat="44.650620" lon="6.650640"><ele>1099.6</ele></trkpt>
<trkpt lat="44.650690" lon="6.650560"><ele>1097.8</ele></trkpt>
<trkpt lat="44.650760" lon="6.650520"><ele>1096.0</ele></trkpt>
<trkpt lat="44.650830" lon="6.650500"><ele>1094.3</ele></trkpt>
<trkpt lat="44.650930" lon="6.650490"><ele>1092.6</ele></trkpt>
<trkpt lat="44.651140" lon="6.650570"><ele>1091.3</ele></trkpt>
<trkpt lat="44.651300" lon="6.650600"><ele>1089.7</ele></trkpt>
<trkpt lat="44.651400" lon="6.650590"><ele>1088.2</ele></trkpt>
<trkpt lat="44.651590" lon="6.650520"><ele>1086.7</ele></trkpt>
<trkpt lat="44.651680" lon="6.650470"><ele>1085.4</ele></trkpt>
<trkpt lat="44.651860" lon="6.650390"><ele>1084.2</ele></trkpt>
<trkpt lat="44.652030" lon="6.650330"><ele>1083.2</ele></trkpt>
<trkpt lat="44.652340" lon="6.650190"><ele>1082.4</ele></trkpt>
<trkpt lat="44.652520" lon="6.650080"><ele>1081.9</ele></trkpt>
<trkpt lat="44.652720" lon="6.649900"><ele>1081.2</ele></trkpt>
<trkpt lat="44.652740" lon="6.649900"><ele>1080.3</ele></trkpt>
<trkpt lat="44.652830" lon="6.649870"><ele>1079.4</ele></trkpt>
<trkpt lat="44.652900" lon="6.649880"><ele>1078.4</ele></trkpt>
<trkpt lat="44.653000" lon="6.649920"><ele>1077.4</ele></trkpt>
<trkpt lat="44.653090" lon="6.650060"><ele>1076.3</ele></trkpt>
<trkpt lat="44.653160" lon="6.650350"><ele>1075.3</ele></trkpt>
<trkpt lat="44.653330" lon="6.651470"><ele>1074.3</ele></trkpt>
<trkpt lat="44.653400" lon="6.651820"><ele>1073.2</ele></trkpt>
<trkpt lat="44.653460" lon="6.651970"><ele>1072.4</ele></trkpt>
<trkpt lat="44.653520" lon="6.652050"><ele>1071.6</ele></trkpt>
<trkpt lat="44.653660" lon="6.652130"><ele>1070.9</ele></trkpt>
<trkpt lat="44.653720" lon="6.652140"><ele>1070.1</ele></trkpt>
<trkpt lat="44.653780" lon="6.652130"><ele>1069.4</ele></trkpt>
<trkpt lat="44.653860" lon="6.652100"><ele>1068.5</ele></trkpt>
<trkpt lat="44.653960" lon="6.652030"><ele>1067.4</ele></trkpt>
<trkpt lat="44.654130" lon="6.651830"><ele>1066.2</ele></trkpt>
<trkpt lat="44.654230" lon="6.651640"><ele>1065.1</ele></trkpt>
<trkpt lat="44.654280" lon="6.651450"><ele>1064.0</ele></trkpt>
<trkpt lat="44.654310" lon="6.650760"><ele>1062.9</ele></trkpt>
<trkpt lat="44.654300" lon="6.650640"><ele>1061.9</ele></trkpt>
<trkpt lat="44.654220" lon="6.650400"><ele>1060.9</ele></trkpt>
<trkpt lat="44.654200" lon="6.650360"><ele>1059.9</ele></trkpt>
<trkpt lat="44.653900" lon="6.650140"><ele>1058.9</ele></trkpt>
<trkpt lat="44.653860" lon="6.650100"><ele>1058.0</ele></trkpt>
<trkpt lat="44.653830" lon="6.650060"><ele>1057.2</ele></trkpt>
<trkpt lat="44.653800" lon="6.649990"><ele>1056.6</ele></trkpt>
<trkpt lat="44.653780" lon="6.649880"><ele>1056.0</ele></trkpt>
<trkpt lat="44.653780" lon="6.649810"><ele>1055.3</ele></trkpt>
<trkpt lat="44.653810" lon="6.649690"><ele>1054.6</ele></trkpt>
<trkpt lat="44.653850" lon="6.649630"><ele>1053.7</ele></trkpt>
<trkpt lat="44.653880" lon="6.649600"><ele>1052.7</ele></trkpt>
<trkpt lat="44.654000" lon="6.649560"><ele>1051.6</ele></trkpt>
<trkpt lat="44.654030" lon="6.649560"><ele>1050.4</ele></trkpt>
<trkpt lat="44.654170" lon="6.649590"><ele>1049.3</ele></trkpt>
<trkpt lat="44.654380" lon="6.649680"><ele>1048.1</ele></trkpt>
<trkpt lat="44.654480" lon="6.649700"><ele>1046.6</ele></trkpt>
<trkpt lat="44.654560" lon="6.649700"><ele>1045.3</ele></trkpt>
<trkpt lat="44.654750" lon="6.649660"><ele>1044.0</ele></trkpt>
<trkpt lat="44.654830" lon="6.649670"><ele>1042.9</ele></trkpt>
<trkpt lat="44.654890" lon="6.649700"><ele>1041.8</ele></trkpt>
<trkpt lat="44.654980" lon="6.649770"><ele>1040.8</ele></trkpt>
<trkpt lat="44.655060" lon="6.649880"><ele>1039.8</ele></trkpt>
<trkpt lat="44.655290" lon="6.650380"><ele>1038.9</ele></trkpt>
<trkpt lat="44.655550" lon="6.650750"><ele>1038.1</ele></trkpt>
<trkpt lat="44.655580" lon="6.650810"><ele>1037.5</ele></trkpt>
<trkpt lat="44.655600" lon="6.650910"><ele>1037.0</ele></trkpt>
<trkpt lat="44.655600" lon="6.650970"><ele>1036.8</ele></trkpt>
<trkpt lat="44.655570" lon="6.651150"><ele>1036.7</ele></trkpt>
<trkpt lat="44.655540" lon="6.651230"><ele>1036.6</ele></trkpt>
<trkpt lat="44.655490" lon="6.651300"><ele>1036.5</ele></trkpt>
<trkpt lat="44.655430" lon="6.651340"><ele>1036.4</ele></trkpt>
<trkpt lat="44.655300" lon="6.651400"><ele>1036.4</ele></trkpt>
<trkpt lat="44.655160" lon="6.651500"><ele>1036.8</ele></trkpt>
<trkpt lat="44.655060" lon="6.651600"><ele>1037.2</ele></trkpt>
<trkpt lat="44.654920" lon="6.651800"><ele>1037.6</ele></trkpt>
<trkpt lat="44.654900" lon="6.651820"><ele>1038.1</ele></trkpt>
<trkpt lat="44.654890" lon="6.651820"><ele>1038.6</ele></trkpt>
<trkpt lat="44.654890" lon="6.651830"><ele>1039.1</ele></trkpt>
<trkpt lat="44.654880" lon="6.651840"><ele>1039.6</ele></trkpt>
<trkpt lat="44.654880" lon="6.651850"><ele>1040.1</ele></trkpt>
<trkpt lat="44.654870" lon="6.651850"><ele>1040.5</ele></trkpt>
<trkpt lat="44.654870" lon="6.651870"><ele>1040.9</ele></trkpt>
<trkpt lat="44.654860" lon="6.651870"><ele>1041.7</ele></trkpt>
<trkpt lat="44.654860" lon="6.651890"><ele>1042.5</ele></trkpt>
<trkpt lat="44.654850" lon="6.651900"><ele>1043.3</ele></trkpt>
<trkpt lat="44.654850" lon="6.651910"><ele>1043.9</ele></trkpt>
<trkpt lat="44.654810" lon="6.651990"><ele>1044.5</ele></trkpt>
<trkpt lat="44.654740" lon="6.652190"><ele>1044.9</ele></trkpt>
<trkpt lat="44.654710" lon="6.652320"><ele>1045.4</ele></trkpt>
<trkpt lat="44.654630" lon="6.652430"><ele>1045.8</ele></trkpt>
<trkpt lat="44.654070" lon="6.653350"><ele>1046.2</ele></trkpt>
<trkpt lat="44.653830" lon="6.653950"><ele>1046.5</ele></trkpt>
<trkpt lat="44.653780" lon="6.654250"><ele>1046.7</ele></trkpt>
<trkpt lat="44.653810" lon="6.654540"><ele>1046.9</ele></trkpt>
<trkpt lat="44.653860" lon="6.654670"><ele>1047.2</ele></trkpt>
<trkpt lat="44.653950" lon="6.654800"><ele>1047.4</ele></trkpt>
<trkpt lat="44.654010" lon="6.654850"><ele>1047.4</ele></trkpt>
<trkpt lat="44.654080" lon="6.654890"><ele>1047.5</ele></trkpt>
<trkpt lat="44.654170" lon="6.654910"><ele>1047.5</ele></trkpt>
<trkpt lat="44.654270" lon="6.654920"><ele>1047.1</ele></trkpt>
<trkpt lat="44.654370" lon="6.654910"><ele>1046.6</ele></trkpt>
<trkpt lat="44.654550" lon="6.654870"><ele>1046.2</ele></trkpt>
<trkpt lat="44.654650" lon="6.654820"><ele>1046.1</ele></trkpt>
<trkpt lat="44.654780" lon="6.654710"><ele>1046.1</ele></trkpt>
<trkpt lat="44.655110" lon="6.654240"><ele>1046.3</ele></trkpt>
<trkpt lat="44.655260" lon="6.654080"><ele>1046.6</ele></trkpt>
<trkpt lat="44.655320" lon="6.654040"><ele>1047.0</ele></trkpt>
<trkpt lat="44.655410" lon="6.654020"><ele>1047.5</ele></trkpt>
<trkpt lat="44.655560" lon="6.654040"><ele>1048.0</ele></trkpt>
<trkpt lat="44.655650" lon="6.654100"><ele>1048.6</ele></trkpt>
<trkpt lat="44.655700" lon="6.654150"><ele>1049.2</ele></trkpt>
<trkpt lat="44.655760" lon="6.654230"><ele>1049.8</ele></trkpt>
<trkpt lat="44.655820" lon="6.654290"><ele>1050.5</ele></trkpt>
<trkpt lat="44.655930" lon="6.654480"><ele>1051.2</ele></trkpt>
<trkpt lat="44.655930" lon="6.654490"><ele>1051.9</ele></trkpt>
<trkpt lat="44.655940" lon="6.654490"><ele>1052.7</ele></trkpt>
<trkpt lat="44.655940" lon="6.654520"><ele>1053.4</ele></trkpt>
<trkpt lat="44.655950" lon="6.654530"><ele>1053.9</ele></trkpt>
<trkpt lat="44.655950" lon="6.654540"><ele>1054.4</ele></trkpt>
<trkpt lat="44.655960" lon="6.654550"><ele>1054.8</ele></trkpt>
<trkpt lat="44.655960" lon="6.654570"><ele>1055.3</ele></trkpt>
<trkpt lat="44.655970" lon="6.654570"><ele>1055.7</ele></trkpt>
<trkpt lat="44.655970" lon="6.654580"><ele>1056.0</ele></trkpt>
<trkpt lat="44.655980" lon="6.654580"><ele>1056.3</ele></trkpt>
<trkpt lat="44.655980" lon="6.654590"><ele>1056.7</ele></trkpt>
<trkpt lat="44.655990" lon="6.654590"><ele>1057.0</ele></trkpt>
<trkpt lat="44.655990" lon="6.654600"><ele>1057.2</ele></trkpt>
<trkpt lat="44.656000" lon="6.654600"><ele>1057.5</ele></trkpt>
<trkpt lat="44.656040" lon="6.654790"><ele>1057.8</ele></trkpt>
<trkpt lat="44.656080" lon="6.654880"><ele>1058.1</ele></trkpt>
<trkpt lat="44.656100" lon="6.654960"><ele>1058.4</ele></trkpt>
<trkpt lat="44.656160" lon="6.655040"><ele>1058.7</ele></trkpt>
<trkpt lat="44.656240" lon="6.655190"><ele>1059.0</ele></trkpt>
<trkpt lat="44.656390" lon="6.655390"><ele>1059.3</ele></trkpt>
<trkpt lat="44.656780" lon="6.655720"><ele>1059.8</ele></trkpt>
<trkpt lat="44.657490" lon="6.656260"><ele>1061.0</ele></trkpt>
<trkpt lat="44.657680" lon="6.656370"><ele>1062.4</ele></trkpt>
<trkpt lat="44.657910" lon="6.656470"><ele>1063.9</ele></trkpt>
<trkpt lat="44.658440" lon="6.656570"><ele>1065.4</ele></trkpt>
<trkpt lat="44.658590" lon="6.656620"><ele>1066.9</ele></trkpt>
<trkpt lat="44.658700" lon="6.656690"><ele>1068.4</ele></trkpt>
<trkpt lat="44.658920" lon="6.656900"><ele>1069.9</ele></trkpt>
<trkpt lat="44.659110" lon="6.657140"><ele>1071.5</ele></trkpt>
<trkpt lat="44.661380" lon="6.659750"><ele>1073.4</ele></trkpt>
<trkpt lat="44.661530" lon="6.659960"><ele>1075.5</ele></trkpt>
<trkpt lat="44.662070" lon="6.660820"><ele>1077.7</ele></trkpt>
<trkpt lat="44.662220" lon="6.661030"><ele>1080.1</ele></trkpt>
<trkpt lat="44.662330" lon="6.661130"><ele>1082.6</ele></trkpt>
<trkpt lat="44.662570" lon="6.661260"><ele>1084.9</ele></trkpt>
<trkpt lat="44.662740" lon="6.661330"><ele>1087.3</ele></trkpt>
<trkpt lat="44.663010" lon="6.661470"><ele>1089.4</ele></trkpt>
<trkpt lat="44.663210" lon="6.661620"><ele>1091.5</ele></trkpt>
<trkpt lat="44.663360" lon="6.661770"><ele>1092.9</ele></trkpt>
<trkpt lat="44.663510" lon="6.661980"><ele>1094.3</ele></trkpt>
<trkpt lat="44.663900" lon="6.662630"><ele>1095.3</ele></trkpt>
<trkpt lat="44.664250" lon="6.663160"><ele>1096.3</ele></trkpt>
<trkpt lat="44.664390" lon="6.663320"><ele>1097.2</ele></trkpt>
<trkpt lat="44.664500" lon="6.663400"><ele>1098.1</ele></trkpt>
<trkpt lat="44.664650" lon="6.663430"><ele>1098.9</ele></trkpt>
<trkpt lat="44.664870" lon="6.663450"><ele>1099.6</ele></trkpt>
<trkpt lat="44.664970" lon="6.663480"><ele>1100.2</ele></trkpt>
<trkpt lat="44.665040" lon="6.663530"><ele>1100.6</ele></trkpt>
<trkpt lat="44.665120" lon="6.663630"><ele>1100.8</ele></trkpt>
<trkpt lat="44.665210" lon="6.663850"><ele>1100.6</ele></trkpt>
<trkpt lat="44.665240" lon="6.663970"><ele>1100.4</ele></trkpt>
<trkpt lat="44.665260" lon="6.664120"><ele>1100.1</ele></trkpt>
<trkpt lat="44.665280" lon="6.664440"><ele>1099.7</ele></trkpt>
<trkpt lat="44.665270" lon="6.665190"><ele>1099.0</ele></trkpt>
<trkpt lat="44.665290" lon="6.665470"><ele>1097.1</ele></trkpt>
<trkpt lat="44.665310" lon="6.665560"><ele>1094.7</ele></trkpt>
<trkpt lat="44.665360" lon="6.665700"><ele>1092.3</ele></trkpt>
<trkpt lat="44.665440" lon="6.665870"><ele>1089.7</ele></trkpt>
<trkpt lat="44.665770" lon="6.666400"><ele>1086.9</ele></trkpt>
<trkpt lat="44.665840" lon="6.666490"><ele>1084.0</ele></trkpt>
<trkpt lat="44.665940" lon="6.666580"><ele>1081.2</ele></trkpt>
<trkpt lat="44.666070" lon="6.666650"><ele>1078.5</ele></trkpt>
<trkpt lat="44.666470" lon="6.666820"><ele>1076.1</ele></trkpt>
<trkpt lat="44.666540" lon="6.666860"><ele>1073.9</ele></trkpt>
<trkpt lat="44.666560" lon="6.666890"><ele>1072.2</ele></trkpt>
<trkpt lat="44.666580" lon="6.666910"><ele>1070.5</ele></trkpt>
<trkpt lat="44.666640" lon="6.667000"><ele>1069.8</ele></trkpt>
<trkpt lat="44.666670" lon="6.667120"><ele>1070.4</ele></trkpt>
<trkpt lat="44.666670" lon="6.667210"><ele>1071.3</ele></trkpt>
<trkpt lat="44.666650" lon="6.667300"><ele>1072.4</ele></trkpt>
<trkpt lat="44.666610" lon="6.667420"><ele>1074.0</ele></trkpt>
<trkpt lat="44.666570" lon="6.667500"><ele>1077.0</ele></trkpt>
<trkpt lat="44.666520" lon="6.667730"><ele>1080.3</ele></trkpt>
<trkpt lat="44.666510" lon="6.667830"><ele>1083.7</ele></trkpt>
<trkpt lat="44.666410" lon="6.668120"><ele>1087.0</ele></trkpt>
<trkpt lat="44.666260" lon="6.668390"><ele>1090.5</ele></trkpt>
<trkpt lat="44.666240" lon="6.668440"><ele>1093.9</ele></trkpt>
<trkpt lat="44.666220" lon="6.668470"><ele>1095.9</ele></trkpt>
<trkpt lat="44.666220" lon="6.668500"><ele>1097.3</ele></trkpt>
<trkpt lat="44.666210" lon="6.668560"><ele>1098.3</ele></trkpt>
<trkpt lat="44.666210" lon="6.668600"><ele>1098.9</ele></trkpt>
<trkpt lat="44.666230" lon="6.668670"><ele>1098.9</ele></trkpt>
<trkpt lat="44.666270" lon="6.668740"><ele>1098.7</ele></trkpt>
<trkpt lat="44.666300" lon="6.668770"><ele>1098.4</ele></trkpt>
<trkpt lat="44.666360" lon="6.668810"><ele>1097.0</ele></trkpt>
<trkpt lat="44.666600" lon="6.668880"><ele>1095.2</ele></trkpt>
<trkpt lat="44.666720" lon="6.668930"><ele>1093.0</ele></trkpt>
<trkpt lat="44.666760" lon="6.668960"><ele>1090.7</ele></trkpt>
<trkpt lat="44.666790" lon="6.668990"><ele>1088.2</ele></trkpt>
<trkpt lat="44.666830" lon="6.669070"><ele>1085.6</ele></trkpt>
<trkpt lat="44.666860" lon="6.669210"><ele>1082.9</ele></trkpt>
<trkpt lat="44.666830" lon="6.669830"><ele>1080.3</ele></trkpt>
<trkpt lat="44.666840" lon="6.669900"><ele>1077.8</ele></trkpt>
<trkpt lat="44.666880" lon="6.670010"><ele>1075.5</ele></trkpt>
<trkpt lat="44.667000" lon="6.670240"><ele>1074.6</ele></trkpt>
<trkpt lat="44.667040" lon="6.670380"><ele>1074.4</ele></trkpt>
<trkpt lat="44.667050" lon="6.670400"><ele>1074.4</ele></trkpt>
<trkpt lat="44.667100" lon="6.670780"><ele>1074.4</ele></trkpt>
<trkpt lat="44.667170" lon="6.671150"><ele>1074.6</ele></trkpt>
<trkpt lat="44.667190" lon="6.671220"><ele>1074.7</ele></trkpt>
<trkpt lat="44.667200" lon="6.671310"><ele>1074.0</ele></trkpt>
<trkpt lat="44.667220" lon="6.671390"><ele>1073.2</ele></trkpt>
<trkpt lat="44.667320" lon="6.672210"><ele>1072.6</ele></trkpt>
<trkpt lat="44.667630" lon="6.673720"><ele>1072.3</ele></trkpt>
<trkpt lat="44.667710" lon="6.673950"><ele>1072.0</ele></trkpt>
<trkpt lat="44.667850" lon="6.674190"><ele>1071.9</ele></trkpt>
<trkpt lat="44.668060" lon="6.674430"><ele>1071.9</ele></trkpt>
<trkpt lat="44.668240" lon="6.674610"><ele>1072.2</ele></trkpt>
<trkpt lat="44.668390" lon="6.674740"><ele>1072.6</ele></trkpt>
<trkpt lat="44.668610" lon="6.674980"><ele>1073.1</ele></trkpt>
<trkpt lat="44.668630" lon="6.675010"><ele>1073.7</ele></trkpt>
<trkpt lat="44.668750" lon="6.675300"><ele>1074.4</ele></trkpt>
<trkpt lat="44.668860" lon="6.675630"><ele>1075.3</ele></trkpt>
<trkpt lat="44.668900" lon="6.675860"><ele>1076.3</ele></trkpt>
<trkpt lat="44.668930" lon="6.676330"><ele>1077.4</ele></trkpt>
<trkpt lat="44.668920" lon="6.676380"><ele>1078.6</ele></trkpt>
<trkpt lat="44.668920" lon="6.676440"><ele>1079.9</ele></trkpt>
<trkpt lat="44.668910" lon="6.676490"><ele>1081.4</ele></trkpt>
<trkpt lat="44.668890" lon="6.676530"><ele>1083.0</ele></trkpt>
<trkpt lat="44.668880" lon="6.676580"><ele>1084.7</ele></trkpt>
<trkpt lat="44.668820" lon="6.676710"><ele>1086.4</ele></trkpt>
<trkpt lat="44.668820" lon="6.676760"><ele>1088.4</ele></trkpt>
<trkpt lat="44.668810" lon="6.676820"><ele>1090.4</ele></trkpt>
<trkpt lat="44.668820" lon="6.676870"><ele>1092.2</ele></trkpt>
<trkpt lat="44.668820" lon="6.676930"><ele>1094.0</ele></trkpt>
<trkpt lat="44.668870" lon="6.677240"><ele>1095.6</ele></trkpt>
<trkpt lat="44.668870" lon="6.677310"><ele>1097.2</ele></trkpt>
<trkpt lat="44.668880" lon="6.677370"><ele>1098.6</ele></trkpt>
<trkpt lat="44.668880" lon="6.677400"><ele>1100.7</ele></trkpt>
<trkpt lat="44.668850" lon="6.677560"><ele>1101.9</ele></trkpt>
<trkpt lat="44.668850" lon="6.677690"><ele>1102.3</ele></trkpt>
<trkpt lat="44.668860" lon="6.677750"><ele>1102.7</ele></trkpt>
<trkpt lat="44.668880" lon="6.677810"><ele>1104.1</ele></trkpt>
<trkpt lat="44.668890" lon="6.677880"><ele>1105.8</ele></trkpt>
<trkpt lat="44.668930" lon="6.678000"><ele>1107.0</ele></trkpt>
<trkpt lat="44.668960" lon="6.678190"><ele>1106.3</ele></trkpt>
<trkpt lat="44.668940" lon="6.678920"><ele>1105.6</ele></trkpt>
<trkpt lat="44.668960" lon="6.679120"><ele>1105.0</ele></trkpt>
<trkpt lat="44.669020" lon="6.679430"><ele>1104.5</ele></trkpt>
<trkpt lat="44.669080" lon="6.679650"><ele>1103.8</ele></trkpt>
<trkpt lat="44.669280" lon="6.680030"><ele>1100.9</ele></trkpt>
<trkpt lat="44.669380" lon="6.680180"><ele>1098.0</ele></trkpt>
<trkpt lat="44.669520" lon="6.680330"><ele>1095.2</ele></trkpt>
<trkpt lat="44.670550" lon="6.681210"><ele>1092.5</ele></trkpt>
<trkpt lat="44.670620" lon="6.681260"><ele>1089.6</ele></trkpt>
<trkpt lat="44.670740" lon="6.681370"><ele>1086.1</ele></trkpt>
<trkpt lat="44.671030" lon="6.681570"><ele>1083.2</ele></trkpt>
<trkpt lat="44.671130" lon="6.681610"><ele>1080.9</ele></trkpt>
<trkpt lat="44.672100" lon="6.681900"><ele>1078.8</ele></trkpt>
<trkpt lat="44.672190" lon="6.681980"><ele>1075.6</ele></trkpt>
<trkpt lat="44.672280" lon="6.682120"><ele>1072.4</ele></trkpt>
<trkpt lat="44.672300" lon="6.682170"><ele>1069.8</ele></trkpt>
<trkpt lat="44.672330" lon="6.682220"><ele>1069.0</ele></trkpt>
<trkpt lat="44.672350" lon="6.682270"><ele>1068.2</ele></trkpt>
<trkpt lat="44.672440" lon="6.682410"><ele>1067.4</ele></trkpt>
<trkpt lat="44.672620" lon="6.682630"><ele>1066.2</ele></trkpt>
<trkpt lat="44.672690" lon="6.682760"><ele>1064.9</ele></trkpt>
<trkpt lat="44.672710" lon="6.682810"><ele>1065.8</ele></trkpt>
<trkpt lat="44.672730" lon="6.682910"><ele>1066.6</ele></trkpt>
<trkpt lat="44.672780" lon="6.683050"><ele>1067.3</ele></trkpt>
<trkpt lat="44.672810" lon="6.683090"><ele>1068.0</ele></trkpt>
<trkpt lat="44.672830" lon="6.683130"><ele>1068.6</ele></trkpt>
<trkpt lat="44.672890" lon="6.683200"><ele>1068.8</ele></trkpt>
<trkpt lat="44.672950" lon="6.683250"><ele>1068.4</ele></trkpt>
<trkpt lat="44.673120" lon="6.683420"><ele>1068.2</ele></trkpt>
<trkpt lat="44.673350" lon="6.683700"><ele>1067.7</ele></trkpt>
<trkpt lat="44.673590" lon="6.683940"><ele>1067.2</ele></trkpt>
<trkpt lat="44.673700" lon="6.684130"><ele>1066.4</ele></trkpt>
<trkpt lat="44.673740" lon="6.684180"><ele>1065.2</ele></trkpt>
<trkpt lat="44.673860" lon="6.684270"><ele>1064.1</ele></trkpt>
<trkpt lat="44.674030" lon="6.684350"><ele>1062.9</ele></trkpt>
<trkpt lat="44.674250" lon="6.684490"><ele>1061.6</ele></trkpt>
<trkpt lat="44.674290" lon="6.684530"><ele>1061.0</ele></trkpt>
<trkpt lat="44.674400" lon="6.684670"><ele>1060.6</ele></trkpt>
<trkpt lat="44.674490" lon="6.684820"><ele>1060.6</ele></trkpt>
<trkpt lat="44.674530" lon="6.684910"><ele>1060.9</ele></trkpt>
<trkpt lat="44.674550" lon="6.685020"><ele>1061.1</ele></trkpt>
<trkpt lat="44.674550" lon="6.685120"><ele>1061.4</ele></trkpt>
<trkpt lat="44.674530" lon="6.685240"><ele>1061.9</ele></trkpt>
<trkpt lat="44.674510" lon="6.685290"><ele>1062.7</ele></trkpt>
<trkpt lat="44.674280" lon="6.685690"><ele>1063.7</ele></trkpt>
<trkpt lat="44.674240" lon="6.685820"><ele>1064.6</ele></trkpt>
<trkpt lat="44.674070" lon="6.686580"><ele>1065.7</ele></trkpt>
<trkpt lat="44.674060" lon="6.686660"><ele>1066.7</ele></trkpt>
<trkpt lat="44.674060" lon="6.686730"><ele>1067.7</ele></trkpt>
<trkpt lat="44.674050" lon="6.686810"><ele>1068.2</ele></trkpt>
<trkpt lat="44.674060" lon="6.686890"><ele>1068.6</ele></trkpt>
<trkpt lat="44.674060" lon="6.686970"><ele>1069.0</ele></trkpt>
<trkpt lat="44.674100" lon="6.687200"><ele>1069.4</ele></trkpt>
<trkpt lat="44.674190" lon="6.687520"><ele>1069.5</ele></trkpt>
<trkpt lat="44.674250" lon="6.687850"><ele>1069.5</ele></trkpt>
<trkpt lat="44.674330" lon="6.688160"><ele>1069.1</ele></trkpt>
<trkpt lat="44.674700" lon="6.689140"><ele>1068.8</ele></trkpt>
<trkpt lat="44.674920" lon="6.689370"><ele>1068.6</ele></trkpt>
<trkpt lat="44.675020" lon="6.689520"><ele>1068.4</ele></trkpt>
<trkpt lat="44.675220" lon="6.689880"><ele>1068.3</ele></trkpt>
<trkpt lat="44.675300" lon="6.690240"><ele>1068.0</ele></trkpt>
<trkpt lat="44.675360" lon="6.690670"><ele>1067.9</ele></trkpt>
<trkpt lat="44.675480" lon="6.690970"><ele>1067.9</ele></trkpt>
<trkpt lat="44.675530" lon="6.691140"><ele>1067.7</ele></trkpt>
<trkpt lat="44.675570" lon="6.691460"><ele>1067.7</ele></trkpt>
<trkpt lat="44.675550" lon="6.691810"><ele>1067.6</ele></trkpt>
<trkpt lat="44.675560" lon="6.691900"><ele>1067.8</ele></trkpt>
<trkpt lat="44.675590" lon="6.692020"><ele>1068.2</ele></trkpt>
<trkpt lat="44.675640" lon="6.692120"><ele>1068.6</ele></trkpt>
<trkpt lat="44.675700" lon="6.692210"><ele>1069.0</ele></trkpt>
<trkpt lat="44.675790" lon="6.692320"><ele>1069.2</ele></trkpt>
<trkpt lat="44.675890" lon="6.692470"><ele>1069.3</ele></trkpt>
<trkpt lat="44.676090" lon="6.692870"><ele>1069.4</ele></trkpt>
<trkpt lat="44.676290" lon="6.693140"><ele>1069.4</ele></trkpt>
<trkpt lat="44.676400" lon="6.693240"><ele>1069.1</ele></trkpt>
<trkpt lat="44.676460" lon="6.693310"><ele>1068.9</ele></trkpt>
<trkpt lat="44.676510" lon="6.693400"><ele>1068.5</ele></trkpt>
<trkpt lat="44.676580" lon="6.693560"><ele>1068.2</ele></trkpt>
<trkpt lat="44.676630" lon="6.693720"><ele>1068.0</ele></trkpt>
<trkpt lat="44.676690" lon="6.693810"><ele>1067.9</ele></trkpt>
<trkpt lat="44.676740" lon="6.693870"><ele>1068.0</ele></trkpt>
<trkpt lat="44.676830" lon="6.693920"><ele>1068.4</ele></trkpt>
<trkpt lat="44.676890" lon="6.693920"><ele>1069.0</ele></trkpt>
<trkpt lat="44.676940" lon="6.693900"><ele>1070.0</ele></trkpt>
<trkpt lat="44.677030" lon="6.693840"><ele>1071.0</ele></trkpt>
<trkpt lat="44.677140" lon="6.693790"><ele>1072.1</ele></trkpt>
<trkpt lat="44.677220" lon="6.693790"><ele>1073.2</ele></trkpt>
<trkpt lat="44.677300" lon="6.693840"><ele>1074.3</ele></trkpt>
<trkpt lat="44.677430" lon="6.693970"><ele>1075.3</ele></trkpt>
<trkpt lat="44.677650" lon="6.694230"><ele>1076.3</ele></trkpt>
<trkpt lat="44.677860" lon="6.694540"><ele>1077.2</ele></trkpt>
<trkpt lat="44.678020" lon="6.694830"><ele>1078.1</ele></trkpt>
<trkpt lat="44.678080" lon="6.694910"><ele>1079.0</ele></trkpt>
<trkpt lat="44.678140" lon="6.694970"><ele>1079.9</ele></trkpt>
<trkpt lat="44.678260" lon="6.695020"><ele>1081.0</ele></trkpt>
<trkpt lat="44.678300" lon="6.695020"><ele>1082.1</ele></trkpt>
<trkpt lat="44.678450" lon="6.695050"><ele>1083.2</ele></trkpt>
<trkpt lat="44.678660" lon="6.695060"><ele>1084.3</ele></trkpt>
<trkpt lat="44.678820" lon="6.695110"><ele>1084.9</ele></trkpt>
<trkpt lat="44.678980" lon="6.695240"><ele>1084.2</ele></trkpt>
<trkpt lat="44.679130" lon="6.695380"><ele>1083.6</ele></trkpt>
<trkpt lat="44.679350" lon="6.695500"><ele>1083.2</ele></trkpt>
<trkpt lat="44.679590" lon="6.695550"><ele>1083.0</ele></trkpt>
<trkpt lat="44.679870" lon="6.695590"><ele>1083.1</ele></trkpt>
<trkpt lat="44.680150" lon="6.695660"><ele>1083.2</ele></trkpt>
<trkpt lat="44.680360" lon="6.695750"><ele>1083.5</ele></trkpt>
<trkpt lat="44.680700" lon="6.696010"><ele>1084.0</ele></trkpt>
<trkpt lat="44.681250" lon="6.696770"><ele>1084.7</ele></trkpt>
<trkpt lat="44.681780" lon="6.697240"><ele>1085.6</ele></trkpt>
<trkpt lat="44.681920" lon="6.697330"><ele>1086.8</ele></trkpt>
<trkpt lat="44.682050" lon="6.697360"><ele>1087.8</ele></trkpt>
<trkpt lat="44.682210" lon="6.697340"><ele>1088.3</ele></trkpt>
<trkpt lat="44.682420" lon="6.697290"><ele>1088.5</ele></trkpt>
<trkpt lat="44.682580" lon="6.697270"><ele>1088.7</ele></trkpt>
<trkpt lat="44.682920" lon="6.697290"><ele>1088.9</ele></trkpt>
<trkpt lat="44.683470" lon="6.697390"><ele>1089.2</ele></trkpt>
<trkpt lat="44.683680" lon="6.697460"><ele>1090.8</ele></trkpt>
<trkpt lat="44.683870" lon="6.697550"><ele>1093.1</ele></trkpt>
<trkpt lat="44.684040" lon="6.697690"><ele>1095.5</ele></trkpt>
<trkpt lat="44.684160" lon="6.697840"><ele>1097.6</ele></trkpt>
<trkpt lat="44.684340" lon="6.698030"><ele>1099.4</ele></trkpt>
<trkpt lat="44.684460" lon="6.698090"><ele>1101.5</ele></trkpt>
<trkpt lat="44.684600" lon="6.698130"><ele>1102.3</ele></trkpt>
<trkpt lat="44.684830" lon="6.698150"><ele>1103.3</ele></trkpt>
<trkpt lat="44.685100" lon="6.698150"><ele>1104.0</ele></trkpt>
<trkpt lat="44.685680" lon="6.698190"><ele>1104.9</ele></trkpt>
<trkpt lat="44.686070" lon="6.698240"><ele>1105.8</ele></trkpt>
<trkpt lat="44.686550" lon="6.698370"><ele>1106.8</ele></trkpt>
<trkpt lat="44.687030" lon="6.698650"><ele>1108.2</ele></trkpt>
<trkpt lat="44.688470" lon="6.699700"><ele>1109.8</ele></trkpt>
<trkpt lat="44.691560" lon="6.702350"><ele>1111.4</ele></trkpt>
<trkpt lat="44.691790" lon="6.702580"><ele>1112.9</ele></trkpt>
<trkpt lat="44.692000" lon="6.702820"><ele>1114.4</ele></trkpt>
<trkpt lat="44.692240" lon="6.703170"><ele>1116.6</ele></trkpt>
<trkpt lat="44.692790" lon="6.704210"><ele>1117.8</ele></trkpt>
<trkpt lat="44.692980" lon="6.704490"><ele>1118.7</ele></trkpt>
<trkpt lat="44.693130" lon="6.704670"><ele>1119.8</ele></trkpt>
<trkpt lat="44.693330" lon="6.704860"><ele>1121.0</ele></trkpt>
<trkpt lat="44.693700" lon="6.705140"><ele>1123.4</ele></trkpt>
<trkpt lat="44.694230" lon="6.705430"><ele>1127.0</ele></trkpt>
<trkpt lat="44.694290" lon="6.705470"><ele>1130.4</ele></trkpt>
<trkpt lat="44.695360" lon="6.706000"><ele>1133.4</ele></trkpt>
<trkpt lat="44.695630" lon="6.706180"><ele>1135.9</ele></trkpt>
<trkpt lat="44.695850" lon="6.706350"><ele>1137.8</ele></trkpt>
<trkpt lat="44.697900" lon="6.708650"><ele>1139.8</ele></trkpt>
<trkpt lat="44.698140" lon="6.708960"><ele>1142.0</ele></trkpt>
<trkpt lat="44.699700" lon="6.711610"><ele>1144.1</ele></trkpt>
<trkpt lat="44.699820" lon="6.711870"><ele>1146.3</ele></trkpt>
<trkpt lat="44.699960" lon="6.712240"><ele>1148.7</ele></trkpt>
<trkpt lat="44.700060" lon="6.712610"><ele>1151.2</ele></trkpt>
<trkpt lat="44.700260" lon="6.713190"><ele>1152.9</ele></trkpt>
<trkpt lat="44.700920" lon="6.714670"><ele>1154.4</ele></trkpt>
<trkpt lat="44.701050" lon="6.715080"><ele>1155.8</ele></trkpt>
<trkpt lat="44.701180" lon="6.715430"><ele>1157.0</ele></trkpt>
<trkpt lat="44.701290" lon="6.715650"><ele>1158.4</ele></trkpt>
<trkpt lat="44.701380" lon="6.715790"><ele>1158.4</ele></trkpt>
<trkpt lat="44.701670" lon="6.716120"><ele>1158.7</ele></trkpt>
<trkpt lat="44.702190" lon="6.716600"><ele>1159.4</ele></trkpt>
<trkpt lat="44.702330" lon="6.716750"><ele>1160.9</ele></trkpt>
<trkpt lat="44.702460" lon="6.716970"><ele>1163.2</ele></trkpt>
<trkpt lat="44.702550" lon="6.717160"><ele>1165.7</ele></trkpt>
<trkpt lat="44.702880" lon="6.718080"><ele>1168.1</ele></trkpt>
<trkpt lat="44.703000" lon="6.718330"><ele>1170.4</ele></trkpt>
<trkpt lat="44.703120" lon="6.718520"><ele>1172.4</ele></trkpt>
<trkpt lat="44.703320" lon="6.718750"><ele>1173.8</ele></trkpt>
<trkpt lat="44.703600" lon="6.718940"><ele>1174.3</ele></trkpt>
<trkpt lat="44.704400" lon="6.719360"><ele>1174.8</ele></trkpt>
<trkpt lat="44.704740" lon="6.719620"><ele>1175.4</ele></trkpt>
<trkpt lat="44.704890" lon="6.719820"><ele>1176.2</ele></trkpt>
<trkpt lat="44.704980" lon="6.719970"><ele>1177.0</ele></trkpt>
<trkpt lat="44.705080" lon="6.720210"><ele>1178.1</ele></trkpt>
<trkpt lat="44.705170" lon="6.720530"><ele>1179.2</ele></trkpt>
<trkpt lat="44.705240" lon="6.721030"><ele>1180.3</ele></trkpt>
<trkpt lat="44.705250" lon="6.722290"><ele>1181.1</ele></trkpt>
<trkpt lat="44.705270" lon="6.722730"><ele>1181.4</ele></trkpt>
<trkpt lat="44.705310" lon="6.722990"><ele>1181.5</ele></trkpt>
<trkpt lat="44.705340" lon="6.723120"><ele>1181.0</ele></trkpt>
<trkpt lat="44.705340" lon="6.723130"><ele>1180.6</ele></trkpt>
<trkpt lat="44.705550" lon="6.723770"><ele>1180.5</ele></trkpt>
<trkpt lat="44.705670" lon="6.724020"><ele>1180.4</ele></trkpt>
<trkpt lat="44.705900" lon="6.724400"><ele>1180.5</ele></trkpt>
<trkpt lat="44.706300" lon="6.724980"><ele>1180.8</ele></trkpt>
<trkpt lat="44.706500" lon="6.725350"><ele>1181.8</ele></trkpt>
<trkpt lat="44.708240" lon="6.729010"><ele>1182.9</ele></trkpt>
<trkpt lat="44.708440" lon="6.729480"><ele>1184.1</ele></trkpt>
<trkpt lat="44.708740" lon="6.730320"><ele>1185.2</ele></trkpt>
<trkpt lat="44.708990" lon="6.731300"><ele>1186.4</ele></trkpt>
<trkpt lat="44.709040" lon="6.731560"><ele>1187.3</ele></trkpt>
<trkpt lat="44.709050" lon="6.731940"><ele>1188.0</ele></trkpt>
<trkpt lat="44.708980" lon="6.732440"><ele>1188.6</ele></trkpt>
<trkpt lat="44.708900" lon="6.732720"><ele>1189.4</ele></trkpt>
<trkpt lat="44.708500" lon="6.733650"><ele>1190.3</ele></trkpt>
<trkpt lat="44.708420" lon="6.733890"><ele>1191.0</ele></trkpt>
<trkpt lat="44.708330" lon="6.734250"><ele>1192.0</ele></trkpt>
<trkpt lat="44.708270" lon="6.734730"><ele>1193.9</ele></trkpt>
<trkpt lat="44.708260" lon="6.734950"><ele>1195.7</ele></trkpt>
<trkpt lat="44.708270" lon="6.735230"><ele>1197.6</ele></trkpt>
<trkpt lat="44.708310" lon="6.735670"><ele>1199.6</ele></trkpt>
<trkpt lat="44.708390" lon="6.736080"><ele>1201.9</ele></trkpt>
<trkpt lat="44.708470" lon="6.736380"><ele>1204.5</ele></trkpt>
<trkpt lat="44.708590" lon="6.736720"><ele>1206.8</ele></trkpt>
<trkpt lat="44.708750" lon="6.737070"><ele>1208.9</ele></trkpt>
<trkpt lat="44.710660" lon="6.740840"><ele>1210.9</ele></trkpt>
<trkpt lat="44.710910" lon="6.741270"><ele>1212.8</ele></trkpt>
<trkpt lat="44.711140" lon="6.741540"><ele>1214.8</ele></trkpt>
<trkpt lat="44.711380" lon="6.741790"><ele>1216.8</ele></trkpt>
<trkpt lat="44.711660" lon="6.742040"><ele>1218.1</ele></trkpt>
<trkpt lat="44.711820" lon="6.742250"><ele>1219.0</ele></trkpt>
<trkpt lat="44.711950" lon="6.742560"><ele>1219.8</ele></trkpt>
<trkpt lat="44.712060" lon="6.743040"><ele>1220.5</ele></trkpt>
<trkpt lat="44.712070" lon="6.743200"><ele>1221.2</ele></trkpt>
<trkpt lat="44.712180" lon="6.743720"><ele>1221.1</ele></trkpt>
<trkpt lat="44.712230" lon="6.743870"><ele>1220.7</ele></trkpt>
<trkpt lat="44.712840" lon="6.745140"><ele>1220.3</ele></trkpt>
<trkpt lat="44.714890" lon="6.749130"><ele>1220.1</ele></trkpt>
<trkpt lat="44.715150" lon="6.749760"><ele>1219.8</ele></trkpt>
<trkpt lat="44.715270" lon="6.750130"><ele>1219.6</ele></trkpt>
<trkpt lat="44.715430" lon="6.750730"><ele>1219.2</ele></trkpt>
<trkpt lat="44.715560" lon="6.751480"><ele>1219.2</ele></trkpt>
<trkpt lat="44.715630" lon="6.752160"><ele>1219.4</ele></trkpt>
<trkpt lat="44.715840" lon="6.755790"><ele>1219.7</ele></trkpt>
<trkpt lat="44.715880" lon="6.756120"><ele>1220.3</ele></trkpt>
<trkpt lat="44.715940" lon="6.756460"><ele>1220.8</ele></trkpt>
<trkpt lat="44.716010" lon="6.756750"><ele>1221.7</ele></trkpt>
<trkpt lat="44.716230" lon="6.757380"><ele>1222.6</ele></trkpt>
<trkpt lat="44.717330" lon="6.759800"><ele>1223.3</ele></trkpt>
<trkpt lat="44.717450" lon="6.760030"><ele>1223.9</ele></trkpt>
<trkpt lat="44.717540" lon="6.760160"><ele>1224.4</ele></trkpt>
<trkpt lat="44.717590" lon="6.760250"><ele>1226.0</ele></trkpt>
<trkpt lat="44.717780" lon="6.760490"><ele>1228.4</ele></trkpt>
<trkpt lat="44.718200" lon="6.760910"><ele>1230.7</ele></trkpt>
<trkpt lat="44.718420" lon="6.761080"><ele>1232.9</ele></trkpt>
<trkpt lat="44.718870" lon="6.761300"><ele>1235.1</ele></trkpt>
<trkpt lat="44.719240" lon="6.761450"><ele>1237.0</ele></trkpt>
<trkpt lat="44.719280" lon="6.761460"><ele>1239.3</ele></trkpt>
<trkpt lat="44.719310" lon="6.761480"><ele>1241.5</ele></trkpt>
<trkpt lat="44.720980" lon="6.762090"><ele>1244.1</ele></trkpt>
<trkpt lat="44.721920" lon="6.762480"><ele>1246.3</ele></trkpt>
<trkpt lat="44.722140" lon="6.762540"><ele>1247.9</ele></trkpt>
<trkpt lat="44.722310" lon="6.762550"><ele>1249.4</ele></trkpt>
<trkpt lat="44.722580" lon="6.762540"><ele>1251.3</ele></trkpt>
<trkpt lat="44.723210" lon="6.762480"><ele>1253.8</ele></trkpt>
<trkpt lat="44.723560" lon="6.762470"><ele>1257.9</ele></trkpt>
<trkpt lat="44.723780" lon="6.762490"><ele>1262.4</ele></trkpt>
<trkpt lat="44.724150" lon="6.762620"><ele>1267.4</ele></trkpt>
<trkpt lat="44.724540" lon="6.762940"><ele>1270.3</ele></trkpt>
<trkpt lat="44.724770" lon="6.763180"><ele>1272.5</ele></trkpt>
<trkpt lat="44.725010" lon="6.763370"><ele>1274.6</ele></trkpt>
<trkpt lat="44.725240" lon="6.763520"><ele>1275.9</ele></trkpt>
<trkpt lat="44.725410" lon="6.763610"><ele>1277.2</ele></trkpt>
<trkpt lat="44.726400" lon="6.764000"><ele>1278.6</ele></trkpt>
<trkpt lat="44.726580" lon="6.764060"><ele>1279.9</ele></trkpt>
<trkpt lat="44.726840" lon="6.764110"><ele>1281.0</ele></trkpt>
<trkpt lat="44.727850" lon="6.764240"><ele>1281.5</ele></trkpt>
<trkpt lat="44.728070" lon="6.764240"><ele>1282.3</ele></trkpt>
<trkpt lat="44.728300" lon="6.764200"><ele>1283.5</ele></trkpt>
<trkpt lat="44.728830" lon="6.764020"><ele>1285.0</ele></trkpt>
<trkpt lat="44.728930" lon="6.764000"><ele>1286.5</ele></trkpt>
<trkpt lat="44.729040" lon="6.764000"><ele>1287.6</ele></trkpt>
<trkpt lat="44.729140" lon="6.764010"><ele>1287.5</ele></trkpt>
<trkpt lat="44.729230" lon="6.764030"><ele>1286.8</ele></trkpt>
<trkpt lat="44.729320" lon="6.764040"><ele>1285.4</ele></trkpt>
<trkpt lat="44.729410" lon="6.764080"><ele>1284.7</ele></trkpt>
<trkpt lat="44.729500" lon="6.764100"><ele>1284.0</ele></trkpt>
<trkpt lat="44.729700" lon="6.764210"><ele>1283.5</ele></trkpt>
<trkpt lat="44.729960" lon="6.764420"><ele>1283.5</ele></trkpt>
<trkpt lat="44.730030" lon="6.764490"><ele>1283.5</ele></trkpt>
<trkpt lat="44.730220" lon="6.764730"><ele>1283.1</ele></trkpt>
<trkpt lat="44.730740" lon="6.765570"><ele>1282.6</ele></trkpt>
<trkpt lat="44.731230" lon="6.766570"><ele>1281.5</ele></trkpt>
<trkpt lat="44.731350" lon="6.766740"><ele>1280.6</ele></trkpt>
<trkpt lat="44.731460" lon="6.766870"><ele>1279.8</ele></trkpt>
<trkpt lat="44.731540" lon="6.766940"><ele>1279.3</ele></trkpt>
<trkpt lat="44.731760" lon="6.767050"><ele>1279.6</ele></trkpt>
<trkpt lat="44.731870" lon="6.767080"><ele>1279.8</ele></trkpt>
<trkpt lat="44.732770" lon="6.767210"><ele>1279.5</ele></trkpt>
<trkpt lat="44.733190" lon="6.767330"><ele>1279.2</ele></trkpt>
<trkpt lat="44.734910" lon="6.768070"><ele>1279.0</ele></trkpt>
<trkpt lat="44.735180" lon="6.768160"><ele>1279.2</ele></trkpt>
<trkpt lat="44.735320" lon="6.768190"><ele>1279.3</ele></trkpt>
<trkpt lat="44.735540" lon="6.768220"><ele>1279.5</ele></trkpt>
<trkpt lat="44.736500" lon="6.768280"><ele>1279.8</ele></trkpt>
<trkpt lat="44.736900" lon="6.768360"><ele>1280.2</ele></trkpt>
<trkpt lat="44.737670" lon="6.768550"><ele>1280.8</ele></trkpt>
<trkpt lat="44.737780" lon="6.768560"><ele>1282.0</ele></trkpt>
<trkpt lat="44.737810" lon="6.768570"><ele>1283.5</ele></trkpt>
<trkpt lat="44.737890" lon="6.768570"><ele>1285.6</ele></trkpt>
<trkpt lat="44.737990" lon="6.768550"><ele>1287.6</ele></trkpt>
<trkpt lat="44.738070" lon="6.768500"><ele>1289.6</ele></trkpt>
<trkpt lat="44.738170" lon="6.768420"><ele>1291.5</ele></trkpt>
<trkpt lat="44.738210" lon="6.768380"><ele>1292.5</ele></trkpt>
<trkpt lat="44.738480" lon="6.768050"><ele>1293.4</ele></trkpt>
<trkpt lat="44.738850" lon="6.767550"><ele>1295.1</ele></trkpt>
<trkpt lat="44.739470" lon="6.766880"><ele>1297.3</ele></trkpt>
<trkpt lat="44.739550" lon="6.766810"><ele>1299.5</ele></trkpt>
<trkpt lat="44.739730" lon="6.766680"><ele>1301.8</ele></trkpt>
<trkpt lat="44.739900" lon="6.766630"><ele>1304.1</ele></trkpt>
<trkpt lat="44.739990" lon="6.766620"><ele>1306.4</ele></trkpt>
<trkpt lat="44.740290" lon="6.766650"><ele>1308.6</ele></trkpt>
<trkpt lat="44.740400" lon="6.766650"><ele>1310.5</ele></trkpt>
<trkpt lat="44.740540" lon="6.766620"><ele>1312.2</ele></trkpt>
<trkpt lat="44.740990" lon="6.766420"><ele>1313.8</ele></trkpt>
<trkpt lat="44.741080" lon="6.766390"><ele>1315.5</ele></trkpt>
<trkpt lat="44.741250" lon="6.766360"><ele>1317.4</ele></trkpt>
<trkpt lat="44.741290" lon="6.766360"><ele>1319.5</ele></trkpt>
<trkpt lat="44.741460" lon="6.766400"><ele>1321.6</ele></trkpt>
<trkpt lat="44.741550" lon="6.766430"><ele>1324.0</ele></trkpt>
<trkpt lat="44.741900" lon="6.766610"><ele>1326.3</ele></trkpt>
<trkpt lat="44.742000" lon="6.766650"><ele>1328.4</ele></trkpt>
<trkpt lat="44.742510" lon="6.766780"><ele>1330.3</ele></trkpt>
<trkpt lat="44.742650" lon="6.766840"><ele>1331.7</ele></trkpt>
<trkpt lat="44.742750" lon="6.766910"><ele>1333.1</ele></trkpt>
<trkpt lat="44.742900" lon="6.767060"><ele>1334.4</ele></trkpt>
<trkpt lat="44.742960" lon="6.767150"><ele>1335.9</ele></trkpt>
<trkpt lat="44.743120" lon="6.767330"><ele>1337.5</ele></trkpt>
<trkpt lat="44.743170" lon="6.767360"><ele>1339.4</ele></trkpt>
<trkpt lat="44.743290" lon="6.767410"><ele>1341.6</ele></trkpt>
<trkpt lat="44.743520" lon="6.767450"><ele>1343.9</ele></trkpt>
<trkpt lat="44.743580" lon="6.767470"><ele>1345.9</ele></trkpt>
<trkpt lat="44.743620" lon="6.767490"><ele>1347.8</ele></trkpt>
<trkpt lat="44.743730" lon="6.767590"><ele>1349.4</ele></trkpt>
<trkpt lat="44.743790" lon="6.767700"><ele>1350.6</ele></trkpt>
<trkpt lat="44.743800" lon="6.767750"><ele>1351.5</ele></trkpt>
<trkpt lat="44.743890" lon="6.768020"><ele>1352.1</ele></trkpt>
<trkpt lat="44.743920" lon="6.768060"><ele>1352.5</ele></trkpt>
<trkpt lat="44.743930" lon="6.768090"><ele>1352.8</ele></trkpt>
<trkpt lat="44.743950" lon="6.768110"><ele>1353.1</ele></trkpt>
<trkpt lat="44.744000" lon="6.768140"><ele>1353.1</ele></trkpt>
<trkpt lat="44.744050" lon="6.768140"><ele>1353.1</ele></trkpt>
<trkpt lat="44.744100" lon="6.768120"><ele>1352.8</ele></trkpt>
<trkpt lat="44.744110" lon="6.768100"><ele>1352.4</ele></trkpt>
<trkpt lat="44.744130" lon="6.768080"><ele>1351.9</ele></trkpt>
<trkpt lat="44.744160" lon="6.768010"><ele>1351.0</ele></trkpt>
<trkpt lat="44.744160" lon="6.767910"><ele>1350.1</ele></trkpt>
<trkpt lat="44.744150" lon="6.767830"><ele>1349.2</ele></trkpt>
<trkpt lat="44.744100" lon="6.767610"><ele>1348.3</ele></trkpt>
<trkpt lat="44.744100" lon="6.767510"><ele>1347.4</ele></trkpt>
<trkpt lat="44.744130" lon="6.767380"><ele>1346.6</ele></trkpt>
<trkpt lat="44.744180" lon="6.767270"><ele>1345.9</ele></trkpt>
<trkpt lat="44.744230" lon="6.767200"><ele>1345.4</ele></trkpt>
<trkpt lat="44.744300" lon="6.767160"><ele>1345.0</ele></trkpt>
<trkpt lat="44.744320" lon="6.767140"><ele>1344.9</ele></trkpt>
<trkpt lat="44.744350" lon="6.767130"><ele>1344.9</ele></trkpt>
<trkpt lat="44.744390" lon="6.767140"><ele>1345.2</ele></trkpt>
<trkpt lat="44.744420" lon="6.767140"><ele>1346.0</ele></trkpt>
<trkpt lat="44.744450" lon="6.767150"><ele>1347.1</ele></trkpt>
<trkpt lat="44.744480" lon="6.767170"><ele>1348.3</ele></trkpt>
<trkpt lat="44.744530" lon="6.767250"><ele>1349.6</ele></trkpt>
<trkpt lat="44.744560" lon="6.767380"><ele>1350.8</ele></trkpt>
<trkpt lat="44.744560" lon="6.767520"><ele>1351.9</ele></trkpt>
<trkpt lat="44.744540" lon="6.767620"><ele>1353.0</ele></trkpt>
<trkpt lat="44.744350" lon="6.768200"><ele>1353.9</ele></trkpt>
<trkpt lat="44.744300" lon="6.768500"><ele>1354.7</ele></trkpt>
<trkpt lat="44.744300" lon="6.768660"><ele>1355.7</ele></trkpt>
<trkpt lat="44.744350" lon="6.769100"><ele>1356.7</ele></trkpt>
<trkpt lat="44.744400" lon="6.769360"><ele>1357.7</ele></trkpt>
<trkpt lat="44.744470" lon="6.769540"><ele>1358.5</ele></trkpt>
<trkpt lat="44.744530" lon="6.769640"><ele>1359.3</ele></trkpt>
<trkpt lat="44.744620" lon="6.769730"><ele>1360.0</ele></trkpt>
<trkpt lat="44.744900" lon="6.769910"><ele>1360.8</ele></trkpt>
<trkpt lat="44.745070" lon="6.769980"><ele>1361.3</ele></trkpt>
<trkpt lat="44.745370" lon="6.770030"><ele>1361.5</ele></trkpt>
<trkpt lat="44.745390" lon="6.770040"><ele>1361.5</ele></trkpt>
<trkpt lat="44.745440" lon="6.770050"><ele>1361.5</ele></trkpt>
<trkpt lat="44.745780" lon="6.770230"><ele>1361.4</ele></trkpt>
<trkpt lat="44.745830" lon="6.770240"><ele>1361.4</ele></trkpt>
<trkpt lat="44.746210" lon="6.770360"><ele>1361.5</ele></trkpt>
<trkpt lat="44.746500" lon="6.770490"><ele>1361.8</ele></trkpt>
<trkpt lat="44.746610" lon="6.770570"><ele>1362.5</ele></trkpt>
<trkpt lat="44.746810" lon="6.770760"><ele>1363.3</ele></trkpt>
<trkpt lat="44.747090" lon="6.771100"><ele>1364.1</ele></trkpt>
<trkpt lat="44.747340" lon="6.771440"><ele>1365.0</ele></trkpt>
<trkpt lat="44.747390" lon="6.771550"><ele>1366.2</ele></trkpt>
<trkpt lat="44.747690" lon="6.772070"><ele>1367.3</ele></trkpt>
<trkpt lat="44.747710" lon="6.772090"><ele>1368.2</ele></trkpt>
<trkpt lat="44.748080" lon="6.772610"><ele>1369.1</ele></trkpt>
<trkpt lat="44.748120" lon="6.772540"><ele>1369.8</ele></trkpt>
<trkpt lat="44.748140" lon="6.772490"><ele>1370.4</ele></trkpt>
<trkpt lat="44.748160" lon="6.772380"><ele>1370.9</ele></trkpt>
<trkpt lat="44.748170" lon="6.772360"><ele>1371.5</ele></trkpt>
<trkpt lat="44.748160" lon="6.772190"><ele>1372.2</ele></trkpt>
<trkpt lat="44.748120" lon="6.772100"><ele>1373.1</ele></trkpt>
<trkpt lat="44.747890" lon="6.771720"><ele>1373.9</ele></trkpt>
<trkpt lat="44.747740" lon="6.771360"><ele>1374.8</ele></trkpt>
<trkpt lat="44.747660" lon="6.771260"><ele>1375.6</ele></trkpt>
<trkpt lat="44.747490" lon="6.771080"><ele>1376.2</ele></trkpt>
<trkpt lat="44.747460" lon="6.771040"><ele>1376.9</ele></trkpt>
<trkpt lat="44.747390" lon="6.770910"><ele>1377.5</ele></trkpt>
<trkpt lat="44.747270" lon="6.770620"><ele>1378.0</ele></trkpt>
<trkpt lat="44.747090" lon="6.770290"><ele>1378.2</ele></trkpt>
<trkpt lat="44.747090" lon="6.770240"><ele>1378.3</ele></trkpt>
<trkpt lat="44.747080" lon="6.770170"><ele>1378.5</ele></trkpt>
<trkpt lat="44.747080" lon="6.770080"><ele>1378.6</ele></trkpt>
<trkpt lat="44.747100" lon="6.770040"><ele>1378.8</ele></trkpt>
<trkpt lat="44.747420" lon="6.769590"><ele>1379.2</ele></trkpt>
<trkpt lat="44.747620" lon="6.769250"><ele>1379.7</ele></trkpt>
<trkpt lat="44.747770" lon="6.768870"><ele>1380.3</ele></trkpt>
<trkpt lat="44.747810" lon="6.768700"><ele>1381.2</ele></trkpt>
<trkpt lat="44.747920" lon="6.767940"><ele>1382.0</ele></trkpt>
<trkpt lat="44.748140" lon="6.766950"><ele>1383.0</ele></trkpt>
<trkpt lat="44.748180" lon="6.766840"><ele>1384.2</ele></trkpt>
<trkpt lat="44.748240" lon="6.766780"><ele>1385.3</ele></trkpt>
<trkpt lat="44.748260" lon="6.766750"><ele>1386.5</ele></trkpt>
<trkpt lat="44.748330" lon="6.766720"><ele>1387.5</ele></trkpt>
<trkpt lat="44.748490" lon="6.766730"><ele>1388.9</ele></trkpt>
<trkpt lat="44.748800" lon="6.766790"><ele>1390.5</ele></trkpt>
<trkpt lat="44.748930" lon="6.766790"><ele>1392.4</ele></trkpt>
<trkpt lat="44.749130" lon="6.766740"><ele>1394.4</ele></trkpt>
<trkpt lat="44.749290" lon="6.766630"><ele>1396.6</ele></trkpt>
<trkpt lat="44.749380" lon="6.766550"><ele>1398.7</ele></trkpt>
<trkpt lat="44.749500" lon="6.766470"><ele>1400.6</ele></trkpt>
<trkpt lat="44.749560" lon="6.766440"><ele>1402.3</ele></trkpt>
<trkpt lat="44.749790" lon="6.766390"><ele>1403.8</ele></trkpt>
<trkpt lat="44.749920" lon="6.766350"><ele>1405.3</ele></trkpt>
<trkpt lat="44.750060" lon="6.766250"><ele>1406.5</ele></trkpt>
<trkpt lat="44.750100" lon="6.766210"><ele>1408.1</ele></trkpt>
<trkpt lat="44.750140" lon="6.766140"><ele>1409.5</ele></trkpt>
<trkpt lat="44.750170" lon="6.766030"><ele>1410.5</ele></trkpt>
<trkpt lat="44.750200" lon="6.765810"><ele>1411.5</ele></trkpt>
<trkpt lat="44.750240" lon="6.765640"><ele>1412.4</ele></trkpt>
<trkpt lat="44.750370" lon="6.765300"><ele>1413.3</ele></trkpt>
<trkpt lat="44.750490" lon="6.765050"><ele>1413.8</ele></trkpt>
<trkpt lat="44.750640" lon="6.764800"><ele>1413.9</ele></trkpt>
<trkpt lat="44.751090" lon="6.763840"><ele>1413.6</ele></trkpt>
<trkpt lat="44.751210" lon="6.763360"><ele>1413.2</ele></trkpt>
<trkpt lat="44.751240" lon="6.763140"><ele>1413.0</ele></trkpt>
<trkpt lat="44.751280" lon="6.763010"><ele>1413.4</ele></trkpt>
<trkpt lat="44.751320" lon="6.762940"><ele>1414.1</ele></trkpt>
<trkpt lat="44.751430" lon="6.762800"><ele>1414.9</ele></trkpt>
<trkpt lat="44.751460" lon="6.762750"><ele>1416.0</ele></trkpt>
<trkpt lat="44.751580" lon="6.762390"><ele>1417.1</ele></trkpt>
<trkpt lat="44.751660" lon="6.762240"><ele>1417.9</ele></trkpt>
<trkpt lat="44.751850" lon="6.762030"><ele>1418.1</ele></trkpt>
<trkpt lat="44.751960" lon="6.761950"><ele>1418.3</ele></trkpt>
<trkpt lat="44.752350" lon="6.761740"><ele>1418.8</ele></trkpt>
<trkpt lat="44.752410" lon="6.761680"><ele>1419.3</ele></trkpt>
<trkpt lat="44.752430" lon="6.761640"><ele>1419.9</ele></trkpt>
<trkpt lat="44.752450" lon="6.761620"><ele>1420.5</ele></trkpt>
<trkpt lat="44.752480" lon="6.761540"><ele>1421.0</ele></trkpt>
<trkpt lat="44.752550" lon="6.761030"><ele>1421.7</ele></trkpt>
<trkpt lat="44.752600" lon="6.760790"><ele>1422.6</ele></trkpt>
<trkpt lat="44.752630" lon="6.760710"><ele>1423.4</ele></trkpt>
<trkpt lat="44.752660" lon="6.760660"><ele>1424.1</ele></trkpt>
<trkpt lat="44.752670" lon="6.760630"><ele>1424.5</ele></trkpt>
<trkpt lat="44.752840" lon="6.760380"><ele>1424.9</ele></trkpt>
<trkpt lat="44.752870" lon="6.760320"><ele>1425.5</ele></trkpt>
<trkpt lat="44.752950" lon="6.760030"><ele>1426.2</ele></trkpt>
<trkpt lat="44.752970" lon="6.760000"><ele>1426.9</ele></trkpt>
<trkpt lat="44.752980" lon="6.759960"><ele>1427.8</ele></trkpt>
<trkpt lat="44.753000" lon="6.759940"><ele>1428.7</ele></trkpt>
<trkpt lat="44.753010" lon="6.759910"><ele>1429.7</ele></trkpt>
<trkpt lat="44.753170" lon="6.759710"><ele>1430.8</ele></trkpt>
<trkpt lat="44.753320" lon="6.759460"><ele>1432.4</ele></trkpt>
<trkpt lat="44.753390" lon="6.759320"><ele>1433.9</ele></trkpt>
<trkpt lat="44.753460" lon="6.759100"><ele>1435.4</ele></trkpt>
<trkpt lat="44.753570" lon="6.758440"><ele>1437.0</ele></trkpt>
<trkpt lat="44.753580" lon="6.758320"><ele>1438.7</ele></trkpt>
<trkpt lat="44.753620" lon="6.758180"><ele>1440.1</ele></trkpt>
<trkpt lat="44.753650" lon="6.758120"><ele>1441.5</ele></trkpt>
<trkpt lat="44.753710" lon="6.758040"><ele>1443.9</ele></trkpt>
<trkpt lat="44.753950" lon="6.757910"><ele>1446.2</ele></trkpt>
<trkpt lat="44.753990" lon="6.757880"><ele>1448.3</ele></trkpt>
<trkpt lat="44.754030" lon="6.757840"><ele>1450.1</ele></trkpt>
<trkpt lat="44.754080" lon="6.757760"><ele>1451.8</ele></trkpt>
<trkpt lat="44.754100" lon="6.757680"><ele>1453.4</ele></trkpt>
<trkpt lat="44.754160" lon="6.757050"><ele>1455.0</ele></trkpt>
<trkpt lat="44.754260" lon="6.756700"><ele>1456.6</ele></trkpt>
<trkpt lat="44.754660" lon="6.755760"><ele>1458.3</ele></trkpt>
<trkpt lat="44.754690" lon="6.755630"><ele>1460.0</ele></trkpt>
<trkpt lat="44.754700" lon="6.755550"><ele>1461.3</ele></trkpt>
<trkpt lat="44.754690" lon="6.755010"><ele>1462.5</ele></trkpt>
<trkpt lat="44.754700" lon="6.754940"><ele>1463.7</ele></trkpt>
<trkpt lat="44.754700" lon="6.754860"><ele>1465.2</ele></trkpt>
<trkpt lat="44.754730" lon="6.754650"><ele>1466.7</ele></trkpt>
<trkpt lat="44.754790" lon="6.754460"><ele>1468.6</ele></trkpt>
<trkpt lat="44.755180" lon="6.753460"><ele>1470.6</ele></trkpt>
<trkpt lat="44.755310" lon="6.753180"><ele>1471.7</ele></trkpt>
<trkpt lat="44.755440" lon="6.752980"><ele>1472.7</ele></trkpt>
<trkpt lat="44.755460" lon="6.752930"><ele>1473.8</ele></trkpt>
<trkpt lat="44.755620" lon="6.752750"><ele>1475.1</ele></trkpt>
<trkpt lat="44.755830" lon="6.752600"><ele>1476.5</ele></trkpt>
<trkpt lat="44.755920" lon="6.752550"><ele>1478.0</ele></trkpt>
<trkpt lat="44.756030" lon="6.752470"><ele>1479.4</ele></trkpt>
<trkpt lat="44.756140" lon="6.752320"><ele>1480.6</ele></trkpt>
<trkpt lat="44.756210" lon="6.752140"><ele>1481.7</ele></trkpt>
<trkpt lat="44.756280" lon="6.751820"><ele>1482.6</ele></trkpt>
<trkpt lat="44.756350" lon="6.751610"><ele>1483.3</ele></trkpt>
<trkpt lat="44.756520" lon="6.751280"><ele>1484.1</ele></trkpt>
<trkpt lat="44.756560" lon="6.751170"><ele>1484.7</ele></trkpt>
<trkpt lat="44.756560" lon="6.751150"><ele>1485.2</ele></trkpt>
<trkpt lat="44.756570" lon="6.751120"><ele>1486.0</ele></trkpt>
<trkpt lat="44.756570" lon="6.750950"><ele>1486.8</ele></trkpt>
<trkpt lat="44.756560" lon="6.750870"><ele>1487.6</ele></trkpt>
<trkpt lat="44.756560" lon="6.750770"><ele>1488.4</ele></trkpt>
<trkpt lat="44.756590" lon="6.750620"><ele>1489.4</ele></trkpt>
<trkpt lat="44.756660" lon="6.750470"><ele>1490.4</ele></trkpt>
<trkpt lat="44.756750" lon="6.750350"><ele>1491.2</ele></trkpt>
<trkpt lat="44.756830" lon="6.750260"><ele>1492.1</ele></trkpt>
<trkpt lat="44.757160" lon="6.749990"><ele>1493.1</ele></trkpt>
<trkpt lat="44.757310" lon="6.749900"><ele>1494.3</ele></trkpt>
<trkpt lat="44.757390" lon="6.749840"><ele>1496.0</ele></trkpt>
<trkpt lat="44.757440" lon="6.749790"><ele>1497.9</ele></trkpt>
<trkpt lat="44.757590" lon="6.749580"><ele>1499.9</ele></trkpt>
<trkpt lat="44.757690" lon="6.749390"><ele>1501.9</ele></trkpt>
<trkpt lat="44.757730" lon="6.749280"><ele>1504.0</ele></trkpt>
<trkpt lat="44.757820" lon="6.748810"><ele>1506.2</ele></trkpt>
<trkpt lat="44.757870" lon="6.748640"><ele>1508.4</ele></trkpt>
<trkpt lat="44.758000" lon="6.748390"><ele>1510.2</ele></trkpt>
<trkpt lat="44.758290" lon="6.747940"><ele>1511.8</ele></trkpt>
<trkpt lat="44.758380" lon="6.747760"><ele>1513.3</ele></trkpt>
<trkpt lat="44.758480" lon="6.747520"><ele>1514.8</ele></trkpt>
<trkpt lat="44.758580" lon="6.747330"><ele>1516.1</ele></trkpt>
<trkpt lat="44.758650" lon="6.747220"><ele>1517.3</ele></trkpt>
<trkpt lat="44.758990" lon="6.746900"><ele>1518.5</ele></trkpt>
<trkpt lat="44.759170" lon="6.746690"><ele>1519.7</ele></trkpt>
<trkpt lat="44.759350" lon="6.746420"><ele>1521.0</ele></trkpt>
<trkpt lat="44.759510" lon="6.746290"><ele>1522.2</ele></trkpt>
<trkpt lat="44.759570" lon="6.746230"><ele>1523.0</ele></trkpt>
<trkpt lat="44.759640" lon="6.746180"><ele>1523.9</ele></trkpt>
<trkpt lat="44.759730" lon="6.746100"><ele>1524.7</ele></trkpt>
<trkpt lat="44.760120" lon="6.745670"><ele>1525.6</ele></trkpt>
<trkpt lat="44.760250" lon="6.745580"><ele>1526.4</ele></trkpt>
<trkpt lat="44.760400" lon="6.745500"><ele>1527.1</ele></trkpt>
<trkpt lat="44.760490" lon="6.745470"><ele>1527.7</ele></trkpt>
<trkpt lat="44.760660" lon="6.745380"><ele>1528.3</ele></trkpt>
<trkpt lat="44.760750" lon="6.745310"><ele>1528.8</ele></trkpt>
<trkpt lat="44.760810" lon="6.745250"><ele>1529.4</ele></trkpt>
<trkpt lat="44.760880" lon="6.745160"><ele>1530.0</ele></trkpt>
<trkpt lat="44.761020" lon="6.744940"><ele>1530.7</ele></trkpt>
<trkpt lat="44.761180" lon="6.744650"><ele>1531.5</ele></trkpt>
<trkpt lat="44.761270" lon="6.744460"><ele>1532.4</ele></trkpt>
<trkpt lat="44.761440" lon="6.744030"><ele>1533.0</ele></trkpt>
<trkpt lat="44.761530" lon="6.743850"><ele>1533.6</ele></trkpt>
<trkpt lat="44.761640" lon="6.743670"><ele>1533.9</ele></trkpt>
<trkpt lat="44.761740" lon="6.743570"><ele>1533.6</ele></trkpt>
<trkpt lat="44.761930" lon="6.743420"><ele>1534.1</ele></trkpt>
<trkpt lat="44.762180" lon="6.743270"><ele>1534.8</ele></trkpt>
<trkpt lat="44.762360" lon="6.743200"><ele>1535.6</ele></trkpt>
<trkpt lat="44.762670" lon="6.743110"><ele>1536.5</ele></trkpt>
<trkpt lat="44.762990" lon="6.742980"><ele>1537.8</ele></trkpt>
<trkpt lat="44.763010" lon="6.742960"><ele>1539.2</ele></trkpt>
<trkpt lat="44.763110" lon="6.742900"><ele>1540.9</ele></trkpt>
<trkpt lat="44.764130" lon="6.741820"><ele>1542.5</ele></trkpt>
<trkpt lat="44.765520" lon="6.740180"><ele>1544.3</ele></trkpt>
<trkpt lat="44.765750" lon="6.739930"><ele>1546.1</ele></trkpt>
<trkpt lat="44.766040" lon="6.739720"><ele>1547.9</ele></trkpt>
<trkpt lat="44.766280" lon="6.739470"><ele>1549.8</ele></trkpt>
<trkpt lat="44.766760" lon="6.738860"><ele>1551.6</ele></trkpt>
<trkpt lat="44.767070" lon="6.738590"><ele>1553.6</ele></trkpt>
<trkpt lat="44.767500" lon="6.738300"><ele>1555.7</ele></trkpt>
<trkpt lat="44.767580" lon="6.738260"><ele>1559.4</ele></trkpt>
<trkpt lat="44.768010" lon="6.738000"><ele>1563.8</ele></trkpt>
<trkpt lat="44.768190" lon="6.737920"><ele>1567.3</ele></trkpt>
<trkpt lat="44.768290" lon="6.737860"><ele>1571.7</ele></trkpt>
<trkpt lat="44.769140" lon="6.737160"><ele>1576.2</ele></trkpt>
<trkpt lat="44.769340" lon="6.737030"><ele>1580.7</ele></trkpt>
<trkpt lat="44.769540" lon="6.736930"><ele>1584.9</ele></trkpt>
<trkpt lat="44.769750" lon="6.736860"><ele>1589.1</ele></trkpt>
<trkpt lat="44.772520" lon="6.736480"><ele>1593.2</ele></trkpt>
<trkpt lat="44.773410" lon="6.736330"><ele>1597.3</ele></trkpt>
<trkpt lat="44.773490" lon="6.736310"><ele>1601.4</ele></trkpt>
<trkpt lat="44.775050" lon="6.735730"><ele>1605.6</ele></trkpt>
<trkpt lat="44.775530" lon="6.735500"><ele>1609.7</ele></trkpt>
<trkpt lat="44.775880" lon="6.735300"><ele>1613.7</ele></trkpt>
<trkpt lat="44.776050" lon="6.735230"><ele>1617.8</ele></trkpt>
<trkpt lat="44.776060" lon="6.735220"><ele>1622.0</ele></trkpt>
<trkpt lat="44.776150" lon="6.735190"><ele>1626.4</ele></trkpt>
<trkpt lat="44.776260" lon="6.735180"><ele>1629.4</ele></trkpt>
<trkpt lat="44.777190" lon="6.735310"><ele>1632.3</ele></trkpt>
<trkpt lat="44.777350" lon="6.735310"><ele>1636.3</ele></trkpt>
<trkpt lat="44.777580" lon="6.735280"><ele>1639.4</ele></trkpt>
<trkpt lat="44.777850" lon="6.735200"><ele>1642.4</ele></trkpt>
<trkpt lat="44.778090" lon="6.735110"><ele>1645.2</ele></trkpt>
<trkpt lat="44.778190" lon="6.735090"><ele>1648.1</ele></trkpt>
<trkpt lat="44.778450" lon="6.735060"><ele>1651.0</ele></trkpt>
<trkpt lat="44.778600" lon="6.735060"><ele>1653.9</ele></trkpt>
<trkpt lat="44.778730" lon="6.735080"><ele>1656.9</ele></trkpt>
<trkpt lat="44.780030" lon="6.735370"><ele>1659.6</ele></trkpt>
<trkpt lat="44.780350" lon="6.735400"><ele>1662.4</ele></trkpt>
<trkpt lat="44.780370" lon="6.735410"><ele>1665.1</ele></trkpt>
<trkpt lat="44.780570" lon="6.735420"><ele>1667.8</ele></trkpt>
<trkpt lat="44.780690" lon="6.735410"><ele>1670.4</ele></trkpt>
<trkpt lat="44.780780" lon="6.735380"><ele>1673.3</ele></trkpt>
<trkpt lat="44.780880" lon="6.735330"><ele>1676.2</ele></trkpt>
<trkpt lat="44.781280" lon="6.734970"><ele>1679.2</ele></trkpt>
<trkpt lat="44.781430" lon="6.734930"><ele>1682.8</ele></trkpt>
<trkpt lat="44.782420" lon="6.734940"><ele>1685.5</ele></trkpt>
<trkpt lat="44.782740" lon="6.734920"><ele>1688.2</ele></trkpt>
<trkpt lat="44.782990" lon="6.734880"><ele>1691.0</ele></trkpt>
<trkpt lat="44.783250" lon="6.734820"><ele>1693.8</ele></trkpt>
<trkpt lat="44.783670" lon="6.734680"><ele>1696.8</ele></trkpt>
<trkpt lat="44.783870" lon="6.734580"><ele>1699.7</ele></trkpt>
<trkpt lat="44.784320" lon="6.734280"><ele>1702.9</ele></trkpt>
<trkpt lat="44.786060" lon="6.733220"><ele>1706.1</ele></trkpt>
<trkpt lat="44.786320" lon="6.733130"><ele>1709.2</ele></trkpt>
<trkpt lat="44.786640" lon="6.733080"><ele>1712.3</ele></trkpt>
<trkpt lat="44.786790" lon="6.733070"><ele>1715.4</ele></trkpt>
<trkpt lat="44.787180" lon="6.733090"><ele>1718.6</ele></trkpt>
<trkpt lat="44.787630" lon="6.733140"><ele>1722.0</ele></trkpt>
<trkpt lat="44.787670" lon="6.733130"><ele>1725.1</ele></trkpt>
<trkpt lat="44.789020" lon="6.732960"><ele>1728.5</ele></trkpt>
<trkpt lat="44.789200" lon="6.732920"><ele>1731.7</ele></trkpt>
<trkpt lat="44.789290" lon="6.732890"><ele>1734.5</ele></trkpt>
<trkpt lat="44.789340" lon="6.732860"><ele>1737.1</ele></trkpt>
<trkpt lat="44.789390" lon="6.732840"><ele>1740.0</ele></trkpt>
<trkpt lat="44.789930" lon="6.732450"><ele>1742.8</ele></trkpt>
<trkpt lat="44.790310" lon="6.732270"><ele>1745.7</ele></trkpt>
<trkpt lat="44.790400" lon="6.732240"><ele>1748.6</ele></trkpt>
<trkpt lat="44.790840" lon="6.732190"><ele>1751.7</ele></trkpt>
<trkpt lat="44.790910" lon="6.732190"><ele>1754.3</ele></trkpt>
<trkpt lat="44.791560" lon="6.732100"><ele>1757.2</ele></trkpt>
<trkpt lat="44.791690" lon="6.732060"><ele>1760.8</ele></trkpt>
<trkpt lat="44.792520" lon="6.731700"><ele>1764.9</ele></trkpt>
<trkpt lat="44.792540" lon="6.731700"><ele>1769.2</ele></trkpt>
<trkpt lat="44.792840" lon="6.731570"><ele>1773.6</ele></trkpt>
<trkpt lat="44.793120" lon="6.731430"><ele>1777.8</ele></trkpt>
<trkpt lat="44.793250" lon="6.731350"><ele>1782.3</ele></trkpt>
<trkpt lat="44.793280" lon="6.731340"><ele>1786.3</ele></trkpt>
<trkpt lat="44.793710" lon="6.731090"><ele>1790.3</ele></trkpt>
<trkpt lat="44.794700" lon="6.730390"><ele>1794.0</ele></trkpt>
<trkpt lat="44.795060" lon="6.730070"><ele>1797.8</ele></trkpt>
<trkpt lat="44.795250" lon="6.729870"><ele>1801.1</ele></trkpt>
<trkpt lat="44.795470" lon="6.729580"><ele>1804.5</ele></trkpt>
<trkpt lat="44.795590" lon="6.729400"><ele>1807.7</ele></trkpt>
<trkpt lat="44.795950" lon="6.728780"><ele>1810.6</ele></trkpt>
<trkpt lat="44.796030" lon="6.728590"><ele>1813.6</ele></trkpt>
<trkpt lat="44.796090" lon="6.728400"><ele>1816.7</ele></trkpt>
<trkpt lat="44.796200" lon="6.728200"><ele>1819.6</ele></trkpt>
<trkpt lat="44.796260" lon="6.728130"><ele>1821.9</ele></trkpt>
<trkpt lat="44.796310" lon="6.728100"><ele>1823.9</ele></trkpt>
<trkpt lat="44.796330" lon="6.728080"><ele>1825.9</ele></trkpt>
<trkpt lat="44.796400" lon="6.728050"><ele>1827.9</ele></trkpt>
<trkpt lat="44.796470" lon="6.728030"><ele>1829.9</ele></trkpt>
<trkpt lat="44.796550" lon="6.728030"><ele>1831.4</ele></trkpt>
<trkpt lat="44.796660" lon="6.728070"><ele>1832.7</ele></trkpt>
<trkpt lat="44.796740" lon="6.728130"><ele>1833.8</ele></trkpt>
<trkpt lat="44.796770" lon="6.728160"><ele>1834.9</ele></trkpt>
<trkpt lat="44.796860" lon="6.728360"><ele>1835.9</ele></trkpt>
<trkpt lat="44.796910" lon="6.728630"><ele>1836.8</ele></trkpt>
<trkpt lat="44.796930" lon="6.729000"><ele>1837.9</ele></trkpt>
<trkpt lat="44.796900" lon="6.729240"><ele>1839.1</ele></trkpt>
<trkpt lat="44.796840" lon="6.729390"><ele>1840.6</ele></trkpt>
<trkpt lat="44.796690" lon="6.729610"><ele>1842.3</ele></trkpt>
<trkpt lat="44.796620" lon="6.729750"><ele>1844.1</ele></trkpt>
<trkpt lat="44.796500" lon="6.730070"><ele>1846.0</ele></trkpt>
<trkpt lat="44.796480" lon="6.730180"><ele>1848.0</ele></trkpt>
<trkpt lat="44.796440" lon="6.730310"><ele>1849.8</ele></trkpt>
<trkpt lat="44.796440" lon="6.730460"><ele>1851.3</ele></trkpt>
<trkpt lat="44.796460" lon="6.730600"><ele>1851.9</ele></trkpt>
<trkpt lat="44.796510" lon="6.730720"><ele>1852.2</ele></trkpt>
<trkpt lat="44.796570" lon="6.730830"><ele>1852.6</ele></trkpt>
<trkpt lat="44.796610" lon="6.730950"><ele>1853.5</ele></trkpt>
<trkpt lat="44.796620" lon="6.731010"><ele>1854.5</ele></trkpt>
<trkpt lat="44.796620" lon="6.731130"><ele>1855.9</ele></trkpt>
<trkpt lat="44.796580" lon="6.731250"><ele>1857.6</ele></trkpt>
<trkpt lat="44.796500" lon="6.731370"><ele>1859.6</ele></trkpt>
<trkpt lat="44.796200" lon="6.731650"><ele>1862.3</ele></trkpt>
<trkpt lat="44.796110" lon="6.731760"><ele>1865.1</ele></trkpt>
<trkpt lat="44.796030" lon="6.731950"><ele>1867.7</ele></trkpt>
<trkpt lat="44.796000" lon="6.732160"><ele>1870.7</ele></trkpt>
<trkpt lat="44.796010" lon="6.732220"><ele>1873.5</ele></trkpt>
<trkpt lat="44.796040" lon="6.732320"><ele>1876.2</ele></trkpt>
<trkpt lat="44.796100" lon="6.732440"><ele>1878.6</ele></trkpt>
<trkpt lat="44.796180" lon="6.732560"><ele>1880.8</ele></trkpt>
<trkpt lat="44.796460" lon="6.732920"><ele>1883.1</ele></trkpt>
<trkpt lat="44.796910" lon="6.733340"><ele>1886.0</ele></trkpt>
<trkpt lat="44.797040" lon="6.733440"><ele>1889.2</ele></trkpt>
<trkpt lat="44.797640" lon="6.733730"><ele>1892.4</ele></trkpt>
<trkpt lat="44.797860" lon="6.733870"><ele>1895.6</ele></trkpt>
<trkpt lat="44.797940" lon="6.733950"><ele>1898.8</ele></trkpt>
<trkpt lat="44.798160" lon="6.734220"><ele>1901.8</ele></trkpt>
<trkpt lat="44.798340" lon="6.734510"><ele>1904.5</ele></trkpt>
<trkpt lat="44.798400" lon="6.734570"><ele>1907.0</ele></trkpt>
<trkpt lat="44.798440" lon="6.734580"><ele>1908.8</ele></trkpt>
<trkpt lat="44.798470" lon="6.734570"><ele>1910.3</ele></trkpt>
<trkpt lat="44.798500" lon="6.734550"><ele>1911.7</ele></trkpt>
<trkpt lat="44.798530" lon="6.734480"><ele>1912.2</ele></trkpt>
<trkpt lat="44.798530" lon="6.734370"><ele>1912.5</ele></trkpt>
<trkpt lat="44.798490" lon="6.734310"><ele>1912.6</ele></trkpt>
<trkpt lat="44.798290" lon="6.734110"><ele>1912.7</ele></trkpt>
<trkpt lat="44.798080" lon="6.733790"><ele>1913.0</ele></trkpt>
<trkpt lat="44.798070" lon="6.733760"><ele>1913.3</ele></trkpt>
<trkpt lat="44.797910" lon="6.733520"><ele>1913.7</ele></trkpt>
<trkpt lat="44.797830" lon="6.733430"><ele>1914.1</ele></trkpt>
<trkpt lat="44.797460" lon="6.733120"><ele>1915.2</ele></trkpt>
<trkpt lat="44.797400" lon="6.733060"><ele>1916.3</ele></trkpt>
<trkpt lat="44.797240" lon="6.732870"><ele>1917.7</ele></trkpt>
<trkpt lat="44.797160" lon="6.732720"><ele>1919.2</ele></trkpt>
<trkpt lat="44.797110" lon="6.732520"><ele>1920.8</ele></trkpt>
<trkpt lat="44.797110" lon="6.732420"><ele>1922.6</ele></trkpt>
<trkpt lat="44.797140" lon="6.732350"><ele>1924.4</ele></trkpt>
<trkpt lat="44.797220" lon="6.732300"><ele>1926.1</ele></trkpt>
<trkpt lat="44.797510" lon="6.732300"><ele>1927.8</ele></trkpt>
<trkpt lat="44.797560" lon="6.732290"><ele>1929.6</ele></trkpt>
<trkpt lat="44.797720" lon="6.732230"><ele>1931.3</ele></trkpt>
<trkpt lat="44.797810" lon="6.732140"><ele>1933.3</ele></trkpt>
<trkpt lat="44.797870" lon="6.732050"><ele>1935.3</ele></trkpt>
<trkpt lat="44.797970" lon="6.731820"><ele>1937.4</ele></trkpt>
<trkpt lat="44.797970" lon="6.731780"><ele>1939.7</ele></trkpt>
<trkpt lat="44.797990" lon="6.731710"><ele>1942.1</ele></trkpt>
<trkpt lat="44.798010" lon="6.731550"><ele>1944.3</ele></trkpt>
<trkpt lat="44.798010" lon="6.731310"><ele>1945.7</ele></trkpt>
<trkpt lat="44.798030" lon="6.731140"><ele>1947.0</ele></trkpt>
<trkpt lat="44.798050" lon="6.731100"><ele>1948.0</ele></trkpt>
<trkpt lat="44.798060" lon="6.731050"><ele>1949.1</ele></trkpt>
<trkpt lat="44.798120" lon="6.730940"><ele>1949.9</ele></trkpt>
<trkpt lat="44.798320" lon="6.730710"><ele>1950.5</ele></trkpt>
<trkpt lat="44.798380" lon="6.730580"><ele>1951.1</ele></trkpt>
<trkpt lat="44.798430" lon="6.730430"><ele>1951.5</ele></trkpt>
<trkpt lat="44.798500" lon="6.730140"><ele>1951.7</ele></trkpt>
<trkpt lat="44.798550" lon="6.730020"><ele>1952.0</ele></trkpt>
<trkpt lat="44.798630" lon="6.729910"><ele>1952.1</ele></trkpt>
<trkpt lat="44.798840" lon="6.729670"><ele>1952.2</ele></trkpt>
<trkpt lat="44.798910" lon="6.729570"><ele>1952.3</ele></trkpt>
<trkpt lat="44.798930" lon="6.729520"><ele>1952.4</ele></trkpt>
<trkpt lat="44.798960" lon="6.729470"><ele>1952.2</ele></trkpt>
<trkpt lat="44.798980" lon="6.729340"><ele>1951.9</ele></trkpt>
<trkpt lat="44.798980" lon="6.729230"><ele>1951.8</ele></trkpt>
<trkpt lat="44.798970" lon="6.729130"><ele>1951.9</ele></trkpt>
<trkpt lat="44.798980" lon="6.728990"><ele>1952.3</ele></trkpt>
<trkpt lat="44.799010" lon="6.728940"><ele>1952.8</ele></trkpt>
<trkpt lat="44.799030" lon="6.728930"><ele>1953.2</ele></trkpt>
<trkpt lat="44.799060" lon="6.728930"><ele>1953.8</ele></trkpt>
<trkpt lat="44.799070" lon="6.728940"><ele>1954.5</ele></trkpt>
<trkpt lat="44.799080" lon="6.728940"><ele>1955.6</ele></trkpt>
<trkpt lat="44.799120" lon="6.728990"><ele>1956.8</ele></trkpt>
<trkpt lat="44.799150" lon="6.729060"><ele>1958.2</ele></trkpt>
<trkpt lat="44.799160" lon="6.729310"><ele>1959.9</ele></trkpt>
<trkpt lat="44.799150" lon="6.729400"><ele>1961.6</ele></trkpt>
<trkpt lat="44.799110" lon="6.729600"><ele>1963.2</ele></trkpt>
<trkpt lat="44.798850" lon="6.730310"><ele>1964.8</ele></trkpt>
<trkpt lat="44.798810" lon="6.730550"><ele>1966.3</ele></trkpt>
<trkpt lat="44.798800" lon="6.730840"><ele>1967.6</ele></trkpt>
<trkpt lat="44.798790" lon="6.730920"><ele>1968.9</ele></trkpt>
<trkpt lat="44.798790" lon="6.731000"><ele>1970.1</ele></trkpt>
<trkpt lat="44.798760" lon="6.731160"><ele>1971.1</ele></trkpt>
<trkpt lat="44.798640" lon="6.731440"><ele>1971.8</ele></trkpt>
<trkpt lat="44.798580" lon="6.731670"><ele>1972.3</ele></trkpt>
<trkpt lat="44.798590" lon="6.732200"><ele>1972.8</ele></trkpt>
<trkpt lat="44.798570" lon="6.732320"><ele>1973.1</ele></trkpt>
<trkpt lat="44.798570" lon="6.732400"><ele>1973.4</ele></trkpt>
<trkpt lat="44.798580" lon="6.732410"><ele>1973.4</ele></trkpt>
<trkpt lat="44.798580" lon="6.732420"><ele>1973.4</ele></trkpt>
<trkpt lat="44.798590" lon="6.732430"><ele>1973.5</ele></trkpt>
<trkpt lat="44.798600" lon="6.732430"><ele>1973.7</ele></trkpt>
<trkpt lat="44.798620" lon="6.732450"><ele>1974.1</ele></trkpt>
<trkpt lat="44.798640" lon="6.732450"><ele>1975.1</ele></trkpt>
<trkpt lat="44.798680" lon="6.732410"><ele>1976.2</ele></trkpt>
<trkpt lat="44.798690" lon="6.732390"><ele>1977.4</ele></trkpt>
<trkpt lat="44.798690" lon="6.732360"><ele>1978.7</ele></trkpt>
<trkpt lat="44.798700" lon="6.732320"><ele>1979.9</ele></trkpt>
<trkpt lat="44.798690" lon="6.732020"><ele>1981.1</ele></trkpt>
<trkpt lat="44.798720" lon="6.731750"><ele>1982.4</ele></trkpt>
<trkpt lat="44.798760" lon="6.731620"><ele>1983.6</ele></trkpt>
<trkpt lat="44.798960" lon="6.731330"><ele>1984.8</ele></trkpt>
<trkpt lat="44.799060" lon="6.731080"><ele>1986.1</ele></trkpt>
<trkpt lat="44.799080" lon="6.730980"><ele>1987.4</ele></trkpt>
<trkpt lat="44.799200" lon="6.730660"><ele>1988.8</ele></trkpt>
<trkpt lat="44.799320" lon="6.730430"><ele>1990.2</ele></trkpt>
<trkpt lat="44.799390" lon="6.730320"><ele>1991.7</ele></trkpt>
<trkpt lat="44.799530" lon="6.730150"><ele>1993.0</ele></trkpt>
<trkpt lat="44.800150" lon="6.729520"><ele>1994.3</ele></trkpt>
<trkpt lat="44.800210" lon="6.729520"><ele>1995.6</ele></trkpt>
<trkpt lat="44.800250" lon="6.729560"><ele>1996.6</ele></trkpt>
<trkpt lat="44.800260" lon="6.729590"><ele>1997.7</ele></trkpt>
<trkpt lat="44.800260" lon="6.729650"><ele>1999.0</ele></trkpt>
<trkpt lat="44.800230" lon="6.729720"><ele>2000.4</ele></trkpt>
<trkpt lat="44.800000" lon="6.729960"><ele>2001.8</ele></trkpt>
<trkpt lat="44.799760" lon="6.730270"><ele>2003.2</ele></trkpt>
<trkpt lat="44.799660" lon="6.730450"><ele>2004.4</ele></trkpt>
<trkpt lat="44.799580" lon="6.730640"><ele>2005.7</ele></trkpt>
<trkpt lat="44.799530" lon="6.730810"><ele>2006.9</ele></trkpt>
<trkpt lat="44.799460" lon="6.731200"><ele>2008.2</ele></trkpt>
<trkpt lat="44.799460" lon="6.731250"><ele>2009.8</ele></trkpt>
<trkpt lat="44.799450" lon="6.731300"><ele>2011.9</ele></trkpt>
<trkpt lat="44.799440" lon="6.731450"><ele>2014.8</ele></trkpt>
<trkpt lat="44.799400" lon="6.731690"><ele>2018.0</ele></trkpt>
<trkpt lat="44.799380" lon="6.731900"><ele>2021.7</ele></trkpt>
<trkpt lat="44.799380" lon="6.732070"><ele>2025.5</ele></trkpt>
<trkpt lat="44.799420" lon="6.732160"><ele>2029.4</ele></trkpt>
<trkpt lat="44.799500" lon="6.732240"><ele>2033.8</ele></trkpt>
<trkpt lat="44.799670" lon="6.732320"><ele>2038.0</ele></trkpt>
<trkpt lat="44.799870" lon="6.732350"><ele>2041.9</ele></trkpt>
<trkpt lat="44.800110" lon="6.732350"><ele>2045.6</ele></trkpt>
<trkpt lat="44.800240" lon="6.732360"><ele>2049.2</ele></trkpt>
<trkpt lat="44.800400" lon="6.732420"><ele>2052.7</ele></trkpt>
<trkpt lat="44.800470" lon="6.732460"><ele>2056.1</ele></trkpt>
<trkpt lat="44.800610" lon="6.732590"><ele>2059.6</ele></trkpt>
<trkpt lat="44.800990" lon="6.733040"><ele>2063.1</ele></trkpt>
<trkpt lat="44.801200" lon="6.733240"><ele>2066.4</ele></trkpt>
<trkpt lat="44.801320" lon="6.733400"><ele>2069.4</ele></trkpt>
<trkpt lat="44.801390" lon="6.733510"><ele>2071.8</ele></trkpt>
<trkpt lat="44.801680" lon="6.733850"><ele>2073.4</ele></trkpt>
<trkpt lat="44.801820" lon="6.734070"><ele>2074.8</ele></trkpt>
<trkpt lat="44.801860" lon="6.734170"><ele>2075.8</ele></trkpt>
<trkpt lat="44.801910" lon="6.734230"><ele>2076.8</ele></trkpt>
<trkpt lat="44.801940" lon="6.734250"><ele>2077.5</ele></trkpt>
<trkpt lat="44.801970" lon="6.734260"><ele>2077.8</ele></trkpt>
<trkpt lat="44.802000" lon="6.734250"><ele>2077.9</ele></trkpt>
<trkpt lat="44.802050" lon="6.734190"><ele>2078.4</ele></trkpt>
<trkpt lat="44.802060" lon="6.734140"><ele>2079.6</ele></trkpt>
<trkpt lat="44.802050" lon="6.734050"><ele>2080.7</ele></trkpt>
<trkpt lat="44.802030" lon="6.733990"><ele>2082.0</ele></trkpt>
<trkpt lat="44.801970" lon="6.733900"><ele>2083.4</ele></trkpt>
<trkpt lat="44.801900" lon="6.733820"><ele>2084.8</ele></trkpt>
<trkpt lat="44.801800" lon="6.733680"><ele>2085.7</ele></trkpt>
<trkpt lat="44.801730" lon="6.733610"><ele>2086.4</ele></trkpt>
<trkpt lat="44.801630" lon="6.733430"><ele>2086.7</ele></trkpt>
<trkpt lat="44.801440" lon="6.732980"><ele>2086.8</ele></trkpt>
<trkpt lat="44.801370" lon="6.732870"><ele>2086.7</ele></trkpt>
<trkpt lat="44.801260" lon="6.732660"><ele>2086.4</ele></trkpt>
<trkpt lat="44.801190" lon="6.732490"><ele>2085.9</ele></trkpt>
<trkpt lat="44.801070" lon="6.732120"><ele>2085.4</ele></trkpt>
<trkpt lat="44.800950" lon="6.731810"><ele>2084.7</ele></trkpt>
<trkpt lat="44.800870" lon="6.731650"><ele>2083.9</ele></trkpt>
<trkpt lat="44.800790" lon="6.731520"><ele>2083.2</ele></trkpt>
<trkpt lat="44.800780" lon="6.731470"><ele>2082.5</ele></trkpt>
<trkpt lat="44.800760" lon="6.731420"><ele>2081.6</ele></trkpt>
<trkpt lat="44.800760" lon="6.731380"><ele>2080.7</ele></trkpt>
<trkpt lat="44.800770" lon="6.731340"><ele>2080.0</ele></trkpt>
<trkpt lat="44.800770" lon="6.731310"><ele>2079.3</ele></trkpt>
<trkpt lat="44.800800" lon="6.731260"><ele>2079.0</ele></trkpt>
<trkpt lat="44.800830" lon="6.731230"><ele>2079.4</ele></trkpt>
<trkpt lat="44.800850" lon="6.731220"><ele>2080.5</ele></trkpt>
<trkpt lat="44.800910" lon="6.731220"><ele>2082.2</ele></trkpt>
<trkpt lat="44.800960" lon="6.731240"><ele>2084.1</ele></trkpt>
<trkpt lat="44.801010" lon="6.731300"><ele>2086.3</ele></trkpt>
<trkpt lat="44.801020" lon="6.731340"><ele>2088.6</ele></trkpt>
<trkpt lat="44.801040" lon="6.731370"><ele>2091.1</ele></trkpt>
<trkpt lat="44.801080" lon="6.731520"><ele>2093.8</ele></trkpt>
<trkpt lat="44.801200" lon="6.731800"><ele>2096.8</ele></trkpt>
<trkpt lat="44.801380" lon="6.731990"><ele>2100.0</ele></trkpt>
<trkpt lat="44.801630" lon="6.732210"><ele>2103.6</ele></trkpt>
<trkpt lat="44.801670" lon="6.732260"><ele>2107.2</ele></trkpt>
<trkpt lat="44.802290" lon="6.733270"><ele>2110.5</ele></trkpt>
<trkpt lat="44.802390" lon="6.733400"><ele>2113.7</ele></trkpt>
<trkpt lat="44.802520" lon="6.733520"><ele>2116.8</ele></trkpt>
<trkpt lat="44.802640" lon="6.733610"><ele>2120.0</ele></trkpt>
<trkpt lat="44.802770" lon="6.733680"><ele>2123.0</ele></trkpt>
<trkpt lat="44.802910" lon="6.733770"><ele>2125.6</ele></trkpt>
<trkpt lat="44.803190" lon="6.734000"><ele>2127.7</ele></trkpt>
<trkpt lat="44.803410" lon="6.734140"><ele>2129.8</ele></trkpt>
<trkpt lat="44.803970" lon="6.734450"><ele>2132.0</ele></trkpt>
<trkpt lat="44.804070" lon="6.734480"><ele>2134.1</ele></trkpt>
<trkpt lat="44.804130" lon="6.734490"><ele>2136.5</ele></trkpt>
<trkpt lat="44.804760" lon="6.734340"><ele>2138.8</ele></trkpt>
<trkpt lat="44.804880" lon="6.734330"><ele>2140.9</ele></trkpt>
<trkpt lat="44.805050" lon="6.734350"><ele>2142.8</ele></trkpt>
<trkpt lat="44.805230" lon="6.734420"><ele>2144.5</ele></trkpt>
<trkpt lat="44.805510" lon="6.734600"><ele>2146.1</ele></trkpt>
<trkpt lat="44.805590" lon="6.734680"><ele>2147.5</ele></trkpt>
<trkpt lat="44.805630" lon="6.734760"><ele>2149.1</ele></trkpt>
<trkpt lat="44.805670" lon="6.734930"><ele>2150.7</ele></trkpt>
<trkpt lat="44.805670" lon="6.735020"><ele>2152.2</ele></trkpt>
<trkpt lat="44.805640" lon="6.735110"><ele>2153.5</ele></trkpt>
<trkpt lat="44.805600" lon="6.735190"><ele>2155.2</ele></trkpt>
<trkpt lat="44.805530" lon="6.735300"><ele>2156.8</ele></trkpt>
<trkpt lat="44.804790" lon="6.736180"><ele>2158.5</ele></trkpt>
<trkpt lat="44.804690" lon="6.736280"><ele>2159.9</ele></trkpt>
<trkpt lat="44.804610" lon="6.736340"><ele>2161.2</ele></trkpt>
<trkpt lat="44.804510" lon="6.736390"><ele>2162.4</ele></trkpt>
<trkpt lat="44.804270" lon="6.736470"><ele>2163.5</ele></trkpt>
<trkpt lat="44.804220" lon="6.736540"><ele>2164.5</ele></trkpt>
<trkpt lat="44.804090" lon="6.736890"><ele>2165.6</ele></trkpt>
<trkpt lat="44.804040" lon="6.736950"><ele>2166.6</ele></trkpt>
<trkpt lat="44.803920" lon="6.737050"><ele>2167.6</ele></trkpt>
<trkpt lat="44.803740" lon="6.737230"><ele>2168.5</ele></trkpt>
<trkpt lat="44.803560" lon="6.737360"><ele>2169.3</ele></trkpt>
<trkpt lat="44.803500" lon="6.737460"><ele>2170.1</ele></trkpt>
<trkpt lat="44.803500" lon="6.737520"><ele>2171.0</ele></trkpt>
<trkpt lat="44.803510" lon="6.737540"><ele>2172.2</ele></trkpt>
<trkpt lat="44.803550" lon="6.737590"><ele>2173.4</ele></trkpt>
<trkpt lat="44.803570" lon="6.737600"><ele>2174.5</ele></trkpt>
<trkpt lat="44.803590" lon="6.737600"><ele>2175.9</ele></trkpt>
<trkpt lat="44.804170" lon="6.737200"><ele>2177.5</ele></trkpt>
<trkpt lat="44.804500" lon="6.736930"><ele>2179.1</ele></trkpt>
<trkpt lat="44.804630" lon="6.736850"><ele>2180.8</ele></trkpt>
<trkpt lat="44.804970" lon="6.736690"><ele>2182.4</ele></trkpt>
<trkpt lat="44.805100" lon="6.736660"><ele>2183.7</ele></trkpt>
<trkpt lat="44.805260" lon="6.736640"><ele>2185.0</ele></trkpt>
<trkpt lat="44.805350" lon="6.736640"><ele>2186.1</ele></trkpt>
<trkpt lat="44.805590" lon="6.736670"><ele>2187.2</ele></trkpt>
<trkpt lat="44.805640" lon="6.736670"><ele>2188.3</ele></trkpt>
<trkpt lat="44.805750" lon="6.736650"><ele>2189.5</ele></trkpt>
<trkpt lat="44.805900" lon="6.736600"><ele>2190.9</ele></trkpt>
<trkpt lat="44.807220" lon="6.736050"><ele>2192.4</ele></trkpt>
<trkpt lat="44.807330" lon="6.736020"><ele>2194.0</ele></trkpt>
<trkpt lat="44.807390" lon="6.736020"><ele>2195.5</ele></trkpt>
<trkpt lat="44.807460" lon="6.736050"><ele>2197.0</ele></trkpt>
<trkpt lat="44.807510" lon="6.736100"><ele>2198.4</ele></trkpt>
<trkpt lat="44.807570" lon="6.736190"><ele>2199.2</ele></trkpt>
<trkpt lat="44.807600" lon="6.736300"><ele>2199.7</ele></trkpt>
<trkpt lat="44.807610" lon="6.736390"><ele>2199.9</ele></trkpt>
<trkpt lat="44.807610" lon="6.736490"><ele>2199.4</ele></trkpt>
<trkpt lat="44.807640" lon="6.736660"><ele>2198.9</ele></trkpt>
<trkpt lat="44.807680" lon="6.736780"><ele>2198.3</ele></trkpt>
<trkpt lat="44.807780" lon="6.736980"><ele>2197.5</ele></trkpt>
<trkpt lat="44.807880" lon="6.737110"><ele>2196.6</ele></trkpt>
<trkpt lat="44.808000" lon="6.737200"><ele>2195.5</ele></trkpt>
<trkpt lat="44.808080" lon="6.737220"><ele>2194.4</ele></trkpt>
<trkpt lat="44.808120" lon="6.737220"><ele>2193.2</ele></trkpt>
<trkpt lat="44.808320" lon="6.737170"><ele>2192.2</ele></trkpt>
<trkpt lat="44.808360" lon="6.737170"><ele>2191.2</ele></trkpt>
<trkpt lat="44.808430" lon="6.737160"><ele>2190.1</ele></trkpt>
<trkpt lat="44.808540" lon="6.737160"><ele>2189.1</ele></trkpt>
<trkpt lat="44.808620" lon="6.737180"><ele>2188.1</ele></trkpt>
<trkpt lat="44.808690" lon="6.737230"><ele>2187.1</ele></trkpt>
<trkpt lat="44.808710" lon="6.737270"><ele>2186.4</ele></trkpt>
<trkpt lat="44.808740" lon="6.737310"><ele>2186.0</ele></trkpt>
<trkpt lat="44.809130" lon="6.738070"><ele>2185.7</ele></trkpt>
<trkpt lat="44.809210" lon="6.738180"><ele>2186.1</ele></trkpt>
<trkpt lat="44.809350" lon="6.738300"><ele>2186.4</ele></trkpt>
<trkpt lat="44.809520" lon="6.738410"><ele>2186.8</ele></trkpt>
<trkpt lat="44.809610" lon="6.738440"><ele>2187.6</ele></trkpt>
<trkpt lat="44.809710" lon="6.738460"><ele>2188.8</ele></trkpt>
<trkpt lat="44.809820" lon="6.738460"><ele>2190.1</ele></trkpt>
<trkpt lat="44.810220" lon="6.738340"><ele>2191.4</ele></trkpt>
<trkpt lat="44.810350" lon="6.738290"><ele>2192.8</ele></trkpt>
<trkpt lat="44.810650" lon="6.738130"><ele>2193.9</ele></trkpt>
<trkpt lat="44.811010" lon="6.737880"><ele>2195.3</ele></trkpt>
<trkpt lat="44.811130" lon="6.737760"><ele>2196.7</ele></trkpt>
<trkpt lat="44.811190" lon="6.737670"><ele>2198.0</ele></trkpt>
<trkpt lat="44.811250" lon="6.737510"><ele>2199.2</ele></trkpt>
<trkpt lat="44.811300" lon="6.737070"><ele>2200.5</ele></trkpt>
<trkpt lat="44.811340" lon="6.736960"><ele>2201.4</ele></trkpt>
<trkpt lat="44.811400" lon="6.736870"><ele>2201.5</ele></trkpt>
<trkpt lat="44.811430" lon="6.736840"><ele>2201.3</ele></trkpt>
<trkpt lat="44.811590" lon="6.736740"><ele>2200.9</ele></trkpt>
<trkpt lat="44.811620" lon="6.736710"><ele>2200.6</ele></trkpt>
<trkpt lat="44.811650" lon="6.736670"><ele>2200.3</ele></trkpt>
<trkpt lat="44.811670" lon="6.736620"><ele>2199.7</ele></trkpt>
<trkpt lat="44.811690" lon="6.736520"><ele>2198.9</ele></trkpt>
<trkpt lat="44.811660" lon="6.736360"><ele>2198.3</ele></trkpt>
<trkpt lat="44.811500" lon="6.736000"><ele>2197.8</ele></trkpt>
<trkpt lat="44.811480" lon="6.735900"><ele>2197.2</ele></trkpt>
<trkpt lat="44.811480" lon="6.735770"><ele>2196.7</ele></trkpt>
<trkpt lat="44.811470" lon="6.735700"><ele>2195.8</ele></trkpt>
<trkpt lat="44.811470" lon="6.735640"><ele>2194.9</ele></trkpt>
<trkpt lat="44.811500" lon="6.735470"><ele>2194.1</ele></trkpt>
<trkpt lat="44.811550" lon="6.735400"><ele>2193.7</ele></trkpt>
<trkpt lat="44.811620" lon="6.735360"><ele>2193.6</ele></trkpt>
<trkpt lat="44.811700" lon="6.735340"><ele>2193.5</ele></trkpt>
<trkpt lat="44.811740" lon="6.735310"><ele>2194.2</ele></trkpt>
<trkpt lat="44.811780" lon="6.735290"><ele>2195.1</ele></trkpt>
<trkpt lat="44.811910" lon="6.735150"><ele>2196.1</ele></trkpt>
<trkpt lat="44.812000" lon="6.735070"><ele>2197.3</ele></trkpt>
<trkpt lat="44.812110" lon="6.735000"><ele>2198.5</ele></trkpt>
<trkpt lat="44.812350" lon="6.734910"><ele>2200.0</ele></trkpt>
<trkpt lat="44.812700" lon="6.734730"><ele>2201.5</ele></trkpt>
<trkpt lat="44.812910" lon="6.734560"><ele>2203.4</ele></trkpt>
<trkpt lat="44.813000" lon="6.734500"><ele>2205.4</ele></trkpt>
<trkpt lat="44.813090" lon="6.734470"><ele>2208.5</ele></trkpt>
<trkpt lat="44.813130" lon="6.734470"><ele>2211.7</ele></trkpt>
<trkpt lat="44.813170" lon="6.734480"><ele>2214.9</ele></trkpt>
<trkpt lat="44.813210" lon="6.734500"><ele>2218.1</ele></trkpt>
<trkpt lat="44.813240" lon="6.734530"><ele>2221.2</ele></trkpt>
<trkpt lat="44.813270" lon="6.734570"><ele>2223.9</ele></trkpt>
<trkpt lat="44.813450" lon="6.734890"><ele>2226.2</ele></trkpt>
<trkpt lat="44.813590" lon="6.735260"><ele>2228.8</ele></trkpt>
<trkpt lat="44.813770" lon="6.735970"><ele>2231.5</ele></trkpt>
<trkpt lat="44.813830" lon="6.736080"><ele>2234.4</ele></trkpt>
<trkpt lat="44.813860" lon="6.736120"><ele>2237.6</ele></trkpt>
<trkpt lat="44.813940" lon="6.736180"><ele>2241.4</ele></trkpt>
<trkpt lat="44.813980" lon="6.736200"><ele>2245.8</ele></trkpt>
<trkpt lat="44.814030" lon="6.736210"><ele>2250.2</ele></trkpt>
<trkpt lat="44.814230" lon="6.736210"><ele>2254.8</ele></trkpt>
<trkpt lat="44.814390" lon="6.736240"><ele>2258.9</ele></trkpt>
<trkpt lat="44.814450" lon="6.736260"><ele>2262.7</ele></trkpt>
<trkpt lat="44.814550" lon="6.736310"><ele>2265.3</ele></trkpt>
<trkpt lat="44.814660" lon="6.736340"><ele>2267.7</ele></trkpt>
<trkpt lat="44.815150" lon="6.736320"><ele>2269.1</ele></trkpt>
<trkpt lat="44.815440" lon="6.736340"><ele>2270.2</ele></trkpt>
<trkpt lat="44.815530" lon="6.736320"><ele>2271.3</ele></trkpt>
<trkpt lat="44.815570" lon="6.736290"><ele>2272.4</ele></trkpt>
<trkpt lat="44.815600" lon="6.736260"><ele>2273.6</ele></trkpt>
<trkpt lat="44.815660" lon="6.736170"><ele>2275.0</ele></trkpt>
<trkpt lat="44.815680" lon="6.736070"><ele>2276.4</ele></trkpt>
<trkpt lat="44.815680" lon="6.735890"><ele>2277.5</ele></trkpt>
<trkpt lat="44.815560" lon="6.735280"><ele>2278.5</ele></trkpt>
<trkpt lat="44.815560" lon="6.735180"><ele>2278.9</ele></trkpt>
<trkpt lat="44.815570" lon="6.735130"><ele>2278.7</ele></trkpt>
<trkpt lat="44.815590" lon="6.735090"><ele>2278.6</ele></trkpt>
<trkpt lat="44.815680" lon="6.734990"><ele>2278.6</ele></trkpt>
<trkpt lat="44.815870" lon="6.734860"><ele>2278.6</ele></trkpt>
<trkpt lat="44.816010" lon="6.734740"><ele>2278.7</ele></trkpt>
<trkpt lat="44.816050" lon="6.734680"><ele>2278.7</ele></trkpt>
<trkpt lat="44.816200" lon="6.734510"><ele>2278.9</ele></trkpt>
<trkpt lat="44.816290" lon="6.734480"><ele>2279.8</ele></trkpt>
<trkpt lat="44.816340" lon="6.734480"><ele>2280.8</ele></trkpt>
<trkpt lat="44.816470" lon="6.734520"><ele>2282.0</ele></trkpt>
<trkpt lat="44.816610" lon="6.734580"><ele>2283.3</ele></trkpt>
<trkpt lat="44.816660" lon="6.734590"><ele>2284.5</ele></trkpt>
<trkpt lat="44.816760" lon="6.734570"><ele>2285.8</ele></trkpt>
<trkpt lat="44.816860" lon="6.734510"><ele>2287.0</ele></trkpt>
<trkpt lat="44.816900" lon="6.734470"><ele>2288.3</ele></trkpt>
<trkpt lat="44.817060" lon="6.734260"><ele>2289.6</ele></trkpt>
<trkpt lat="44.817220" lon="6.734020"><ele>2290.9</ele></trkpt>
<trkpt lat="44.817530" lon="6.733640"><ele>2292.2</ele></trkpt>
<trkpt lat="44.817700" lon="6.733460"><ele>2293.4</ele></trkpt>
<trkpt lat="44.817930" lon="6.733170"><ele>2294.3</ele></trkpt>
<trkpt lat="44.818180" lon="6.732720"><ele>2295.1</ele></trkpt>
<trkpt lat="44.818230" lon="6.732670"><ele>2295.8</ele></trkpt>
<trkpt lat="44.818280" lon="6.732650"><ele>2296.5</ele></trkpt>
<trkpt lat="44.818310" lon="6.732650"><ele>2297.0</ele></trkpt>
<trkpt lat="44.818350" lon="6.732670"><ele>2297.5</ele></trkpt>
<trkpt lat="44.818360" lon="6.732680"><ele>2298.1</ele></trkpt>
<trkpt lat="44.818390" lon="6.732790"><ele>2298.6</ele></trkpt>
<trkpt lat="44.818360" lon="6.732930"><ele>2299.0</ele></trkpt>
<trkpt lat="44.818220" lon="6.733280"><ele>2299.4</ele></trkpt>
<trkpt lat="44.818070" lon="6.733570"><ele>2299.6</ele></trkpt>
<trkpt lat="44.818020" lon="6.733640"><ele>2299.9</ele></trkpt>
<trkpt lat="44.817740" lon="6.734130"><ele>2300.1</ele></trkpt>
<trkpt lat="44.817700" lon="6.734220"><ele>2300.3</ele></trkpt>
<trkpt lat="44.817670" lon="6.734270"><ele>2300.5</ele></trkpt>
<trkpt lat="44.817650" lon="6.734330"><ele>2300.8</ele></trkpt>
<trkpt lat="44.817650" lon="6.734390"><ele>2301.3</ele></trkpt>
<trkpt lat="44.817670" lon="6.734440"><ele>2302.0</ele></trkpt>
<trkpt lat="44.817710" lon="6.734480"><ele>2302.9</ele></trkpt>
<trkpt lat="44.817740" lon="6.734480"><ele>2304.0</ele></trkpt>
<trkpt lat="44.817790" lon="6.734450"><ele>2306.0</ele></trkpt>
<trkpt lat="44.817920" lon="6.734190"><ele>2308.3</ele></trkpt>
<trkpt lat="44.818010" lon="6.734040"><ele>2311.3</ele></trkpt>
<trkpt lat="44.818100" lon="6.733940"><ele>2314.3</ele></trkpt>
<trkpt lat="44.818270" lon="6.733810"><ele>2317.4</ele></trkpt>
<trkpt lat="44.818430" lon="6.733660"><ele>2320.5</ele></trkpt>
<trkpt lat="44.818490" lon="6.733620"><ele>2323.6</ele></trkpt>
<trkpt lat="44.818730" lon="6.733340"><ele>2326.7</ele></trkpt>
<trkpt lat="44.819170" lon="6.732730"><ele>2329.7</ele></trkpt>
<trkpt lat="44.819250" lon="6.732590"><ele>2332.6</ele></trkpt>
<trkpt lat="44.819420" lon="6.732160"><ele>2335.3</ele></trkpt>
<trkpt lat="44.819440" lon="6.732140"><ele>2337.5</ele></trkpt>
<trkpt lat="44.819480" lon="6.732120"><ele>2339.5</ele></trkpt>
<trkpt lat="44.819510" lon="6.732130"><ele>2341.1</ele></trkpt>
<trkpt lat="44.819550" lon="6.732170"><ele>2342.6</ele></trkpt>
<trkpt lat="44.819570" lon="6.732210"><ele>2344.2</ele></trkpt>
<trkpt lat="44.819580" lon="6.732250"><ele>2345.7</ele></trkpt>
<trkpt lat="44.819580" lon="6.732340"><ele>2346.3</ele></trkpt>
<trkpt lat="44.819550" lon="6.732450"><ele>2346.7</ele></trkpt>
<trkpt lat="44.819360" lon="6.732860"><ele>2346.4</ele></trkpt>
<trkpt lat="44.819290" lon="6.733040"><ele>2346.0</ele></trkpt>
<trkpt lat="44.819230" lon="6.733250"><ele>2345.5</ele></trkpt>
<trkpt lat="44.819200" lon="6.733460"><ele>2344.9</ele></trkpt>
<trkpt lat="44.819190" lon="6.733800"><ele>2344.5</ele></trkpt>
<trkpt lat="44.819160" lon="6.733930"><ele>2344.1</ele></trkpt>
<trkpt lat="44.819130" lon="6.733990"><ele>2344.0</ele></trkpt>
<trkpt lat="44.819110" lon="6.734050"><ele>2344.0</ele></trkpt>
<trkpt lat="44.818860" lon="6.734460"><ele>2344.5</ele></trkpt>
<trkpt lat="44.818820" lon="6.734540"><ele>2345.4</ele></trkpt>
<trkpt lat="44.818820" lon="6.734580"><ele>2346.4</ele></trkpt>
<trkpt lat="44.818810" lon="6.734630"><ele>2347.4</ele></trkpt>
<trkpt lat="44.818840" lon="6.734740"><ele>2347.9</ele></trkpt>
<trkpt lat="44.818880" lon="6.734780"><ele>2348.1</ele></trkpt>
<trkpt lat="44.818980" lon="6.734840"><ele>2348.3</ele></trkpt>
<trkpt lat="44.819050" lon="6.734870"><ele>2348.7</ele></trkpt>
<trkpt lat="44.819290" lon="6.734910"><ele>2349.0</ele></trkpt>
<trkpt lat="44.819240" lon="6.735040"><ele>2349.7</ele></trkpt>
<trkpt lat="44.819200" lon="6.735110"><ele>2350.5</ele></trkpt>
<trkpt lat="44.819140" lon="6.735190"><ele>2351.5</ele></trkpt>
<trkpt lat="44.819204" lon="6.735097"><ele>2358.8</ele></trkpt>
<trkpt lat="44.819196" lon="6.735001"><ele>2358.2</ele></trkpt>
<trkpt lat="44.819164" lon="6.734887"><ele>2358.2</ele></trkpt>
<trkpt lat="44.819294" lon="6.734910"><ele>2359.5</ele></trkpt>
<trkpt lat="44.819660" lon="6.734975"><ele>2361.0</ele></trkpt>
<trkpt lat="44.820007" lon="6.735037"><ele>2359.8</ele></trkpt>
<trkpt lat="44.820026" lon="6.735040"><ele>2359.8</ele></trkpt>
<trkpt lat="44.820047" lon="6.735044"><ele>2359.5</ele></trkpt>
<trkpt lat="44.820206" lon="6.735068"><ele>2358.0</ele></trkpt>
<trkpt lat="44.820302" lon="6.735073"><ele>2357.0</ele></trkpt>
<trkpt lat="44.820407" lon="6.735054"><ele>2355.5</ele></trkpt>
<trkpt lat="44.820472" lon="6.735024"><ele>2354.8</ele></trkpt>
<trkpt lat="44.820520" lon="6.734986"><ele>2354.5</ele></trkpt>
<trkpt lat="44.820548" lon="6.734954"><ele>2354.2</ele></trkpt>
<trkpt lat="44.820604" lon="6.734873"><ele>2353.2</ele></trkpt>
<trkpt lat="44.820781" lon="6.734550"><ele>2350.8</ele></trkpt>
<trkpt lat="44.820812" lon="6.734482"><ele>2350.2</ele></trkpt>
<trkpt lat="44.820880" lon="6.734295"><ele>2351.0</ele></trkpt>
<trkpt lat="44.820912" lon="6.734235"><ele>2350.8</ele></trkpt>
<trkpt lat="44.820953" lon="6.734206"><ele>2349.8</ele></trkpt>
<trkpt lat="44.820977" lon="6.734202"><ele>2348.8</ele></trkpt>
<trkpt lat="44.821000" lon="6.734207"><ele>2348.0</ele></trkpt>
<trkpt lat="44.821039" lon="6.734242"><ele>2346.2</ele></trkpt>
<trkpt lat="44.821063" lon="6.734288"><ele>2345.0</ele></trkpt>
<trkpt lat="44.821068" lon="6.734313"><ele>2344.8</ele></trkpt>
<trkpt lat="44.821070" lon="6.734340"><ele>2344.5</ele></trkpt>
<trkpt lat="44.821062" lon="6.734396"><ele>2344.5</ele></trkpt>
<trkpt lat="44.820998" lon="6.734546"><ele>2344.5</ele></trkpt>
<trkpt lat="44.820920" lon="6.734742"><ele>2344.8</ele></trkpt>
<trkpt lat="44.820887" lon="6.734842"><ele>2344.8</ele></trkpt>
<trkpt lat="44.820864" lon="6.734971"><ele>2344.0</ele></trkpt>
<trkpt lat="44.820865" lon="6.735133"><ele>2342.5</ele></trkpt>
<trkpt lat="44.820895" lon="6.735281"><ele>2340.2</ele></trkpt>
<trkpt lat="44.820922" lon="6.735370"><ele>2340.2</ele></trkpt>
<trkpt lat="44.820975" lon="6.735468"><ele>2339.8</ele></trkpt>
<trkpt lat="44.820999" lon="6.735503"><ele>2339.5</ele></trkpt>
<trkpt lat="44.821087" lon="6.735577"><ele>2338.5</ele></trkpt>
<trkpt lat="44.821243" lon="6.735662"><ele>2335.5</ele></trkpt>
<trkpt lat="44.821766" lon="6.735905"><ele>2329.2</ele></trkpt>
<trkpt lat="44.822184" lon="6.736076"><ele>2329.5</ele></trkpt>
<trkpt lat="44.822373" lon="6.736132"><ele>2328.8</ele></trkpt>
<trkpt lat="44.822459" lon="6.736142"><ele>2328.2</ele></trkpt>
<trkpt lat="44.822519" lon="6.736129"><ele>2327.2</ele></trkpt>
<trkpt lat="44.822542" lon="6.736113"><ele>2326.8</ele></trkpt>
<trkpt lat="44.822585" lon="6.736060"><ele>2325.2</ele></trkpt>
<trkpt lat="44.822609" lon="6.735995"><ele>2324.0</ele></trkpt>
<trkpt lat="44.822618" lon="6.735902"><ele>2322.0</ele></trkpt>
<trkpt lat="44.822613" lon="6.735860"><ele>2321.2</ele></trkpt>
<trkpt lat="44.822588" lon="6.735802"><ele>2320.5</ele></trkpt>
<trkpt lat="44.822545" lon="6.735754"><ele>2320.5</ele></trkpt>
<trkpt lat="44.822381" lon="6.735607"><ele>2319.8</ele></trkpt>
<trkpt lat="44.822335" lon="6.735550"><ele>2319.0</ele></trkpt>
<trkpt lat="44.821973" lon="6.735009"><ele>2314.2</ele></trkpt>
<trkpt lat="44.821903" lon="6.734892"><ele>2314.0</ele></trkpt>
<trkpt lat="44.821849" lon="6.734785"><ele>2313.8</ele></trkpt>
<trkpt lat="44.821811" lon="6.734681"><ele>2313.5</ele></trkpt>
<trkpt lat="44.821796" lon="6.734613"><ele>2313.5</ele></trkpt>
<trkpt lat="44.821788" lon="6.734501"><ele>2313.2</ele></trkpt>
<trkpt lat="44.821797" lon="6.734370"><ele>2312.2</ele></trkpt>
<trkpt lat="44.821868" lon="6.733955"><ele>2307.8</ele></trkpt>
<trkpt lat="44.821888" lon="6.733743"><ele>2305.5</ele></trkpt>
<trkpt lat="44.821889" lon="6.733620"><ele>2304.8</ele></trkpt>
<trkpt lat="44.821879" lon="6.733483"><ele>2304.2</ele></trkpt>
<trkpt lat="44.821861" lon="6.733349"><ele>2304.2</ele></trkpt>
<trkpt lat="44.821806" lon="6.733081"><ele>2304.5</ele></trkpt>
<trkpt lat="44.821810" lon="6.733017"><ele>2303.8</ele></trkpt>
<trkpt lat="44.821821" lon="6.732987"><ele>2303.0</ele></trkpt>
<trkpt lat="44.821857" lon="6.732944"><ele>2301.2</ele></trkpt>
<trkpt lat="44.821906" lon="6.732929"><ele>2299.0</ele></trkpt>
<trkpt lat="44.821933" lon="6.732934"><ele>2298.0</ele></trkpt>
<trkpt lat="44.821954" lon="6.732944"><ele>2297.0</ele></trkpt>
<trkpt lat="44.821989" lon="6.732994"><ele>2295.8</ele></trkpt>
<trkpt lat="44.821997" lon="6.733015"><ele>2295.5</ele></trkpt>
<trkpt lat="44.822002" lon="6.733069"><ele>2295.8</ele></trkpt>
<trkpt lat="44.822003" lon="6.733265"><ele>2297.5</ele></trkpt>
<trkpt lat="44.822011" lon="6.733342"><ele>2297.8</ele></trkpt>
<trkpt lat="44.822052" lon="6.733533"><ele>2298.0</ele></trkpt>
<trkpt lat="44.822101" lon="6.733645"><ele>2297.8</ele></trkpt>
<trkpt lat="44.822125" lon="6.733686"><ele>2297.5</ele></trkpt>
<trkpt lat="44.822195" lon="6.733761"><ele>2296.2</ele></trkpt>
<trkpt lat="44.822251" lon="6.733791"><ele>2295.5</ele></trkpt>
<trkpt lat="44.822355" lon="6.733831"><ele>2294.2</ele></trkpt>
<trkpt lat="44.822414" lon="6.733844"><ele>2293.2</ele></trkpt>
<trkpt lat="44.822530" lon="6.733856"><ele>2291.5</ele></trkpt>
<trkpt lat="44.822627" lon="6.733847"><ele>2290.0</ele></trkpt>
<trkpt lat="44.822709" lon="6.733816"><ele>2289.0</ele></trkpt>
<trkpt lat="44.822789" lon="6.733757"><ele>2288.0</ele></trkpt>
<trkpt lat="44.822849" lon="6.733686"><ele>2286.2</ele></trkpt>
<trkpt lat="44.822882" lon="6.733624"><ele>2285.5</ele></trkpt>
<trkpt lat="44.822900" lon="6.733540"><ele>2284.5</ele></trkpt>
<trkpt lat="44.822900" lon="6.733461"><ele>2284.0</ele></trkpt>
<trkpt lat="44.822877" lon="6.733383"><ele>2284.0</ele></trkpt>
<trkpt lat="44.822827" lon="6.733300"><ele>2284.5</ele></trkpt>
<trkpt lat="44.822752" lon="6.733227"><ele>2284.5</ele></trkpt>
<trkpt lat="44.822673" lon="6.733176"><ele>2284.0</ele></trkpt>
<trkpt lat="44.822443" lon="6.733090"><ele>2284.2</ele></trkpt>
<trkpt lat="44.822385" lon="6.733032"><ele>2284.2</ele></trkpt>
<trkpt lat="44.822348" lon="6.732978"><ele>2284.2</ele></trkpt>
<trkpt lat="44.822292" lon="6.732823"><ele>2283.5</ele></trkpt>
<trkpt lat="44.822230" lon="6.732556"><ele>2281.2</ele></trkpt>
<trkpt lat="44.822217" lon="6.732390"><ele>2280.8</ele></trkpt>
<trkpt lat="44.822220" lon="6.732309"><ele>2280.2</ele></trkpt>
<trkpt lat="44.822244" lon="6.732137"><ele>2279.0</ele></trkpt>
<trkpt lat="44.822378" lon="6.731715"><ele>2275.5</ele></trkpt>
<trkpt lat="44.822398" lon="6.731592"><ele>2275.0</ele></trkpt>
<trkpt lat="44.822412" lon="6.731407"><ele>2274.8</ele></trkpt>
<trkpt lat="44.822428" lon="6.731299"><ele>2273.8</ele></trkpt>
<trkpt lat="44.822453" lon="6.731236"><ele>2272.8</ele></trkpt>
<trkpt lat="44.822488" lon="6.731207"><ele>2271.8</ele></trkpt>
<trkpt lat="44.822536" lon="6.731205"><ele>2270.8</ele></trkpt>
<trkpt lat="44.822577" lon="6.731241"><ele>2270.2</ele></trkpt>
<trkpt lat="44.822590" lon="6.731271"><ele>2270.0</ele></trkpt>
<trkpt lat="44.822601" lon="6.731303"><ele>2270.0</ele></trkpt>
<trkpt lat="44.822619" lon="6.731403"><ele>2270.2</ele></trkpt>
<trkpt lat="44.822640" lon="6.731653"><ele>2269.8</ele></trkpt>
<trkpt lat="44.822667" lon="6.731818"><ele>2269.2</ele></trkpt>
<trkpt lat="44.822705" lon="6.731917"><ele>2268.5</ele></trkpt>
<trkpt lat="44.822728" lon="6.731954"><ele>2268.0</ele></trkpt>
<trkpt lat="44.822796" lon="6.732025"><ele>2267.2</ele></trkpt>
<trkpt lat="44.822926" lon="6.732068"><ele>2265.8</ele></trkpt>
<trkpt lat="44.823010" lon="6.732078"><ele>2265.0</ele></trkpt>
<trkpt lat="44.823046" lon="6.732077"><ele>2264.5</ele></trkpt>
<trkpt lat="44.823105" lon="6.732058"><ele>2263.5</ele></trkpt>
<trkpt lat="44.823164" lon="6.732019"><ele>2262.8</ele></trkpt>
<trkpt lat="44.823191" lon="6.731990"><ele>2262.2</ele></trkpt>
<trkpt lat="44.823338" lon="6.731785"><ele>2259.8</ele></trkpt>
<trkpt lat="44.823370" lon="6.731761"><ele>2259.0</ele></trkpt>
<trkpt lat="44.823390" lon="6.731755"><ele>2258.8</ele></trkpt>
<trkpt lat="44.823425" lon="6.731756"><ele>2258.0</ele></trkpt>
<trkpt lat="44.823440" lon="6.731765"><ele>2258.0</ele></trkpt>
<trkpt lat="44.823467" lon="6.731818"><ele>2257.5</ele></trkpt>
<trkpt lat="44.823477" lon="6.731876"><ele>2257.2</ele></trkpt>
<trkpt lat="44.823477" lon="6.731941"><ele>2257.2</ele></trkpt>
<trkpt lat="44.823448" lon="6.732131"><ele>2258.8</ele></trkpt>
<trkpt lat="44.823449" lon="6.732185"><ele>2258.8</ele></trkpt>
<trkpt lat="44.823459" lon="6.732233"><ele>2258.5</ele></trkpt>
<trkpt lat="44.823505" lon="6.732325"><ele>2258.0</ele></trkpt>
<trkpt lat="44.823530" lon="6.732357"><ele>2258.0</ele></trkpt>
<trkpt lat="44.823578" lon="6.732396"><ele>2257.5</ele></trkpt>
<trkpt lat="44.823613" lon="6.732414"><ele>2257.8</ele></trkpt>
<trkpt lat="44.823635" lon="6.732416"><ele>2257.8</ele></trkpt>
<trkpt lat="44.823660" lon="6.732413"><ele>2257.8</ele></trkpt>
<trkpt lat="44.823705" lon="6.732392"><ele>2257.8</ele></trkpt>
<trkpt lat="44.823753" lon="6.732348"><ele>2257.2</ele></trkpt>
<trkpt lat="44.823888" lon="6.732176"><ele>2254.0</ele></trkpt>
<trkpt lat="44.823966" lon="6.732114"><ele>2252.8</ele></trkpt>
<trkpt lat="44.824032" lon="6.732085"><ele>2252.2</ele></trkpt>
<trkpt lat="44.824387" lon="6.731987"><ele>2247.8</ele></trkpt>
<trkpt lat="44.824462" lon="6.731939"><ele>2247.2</ele></trkpt>
<trkpt lat="44.824591" lon="6.731811"><ele>2246.5</ele></trkpt>
<trkpt lat="44.824679" lon="6.731755"><ele>2246.2</ele></trkpt>
<trkpt lat="44.824780" lon="6.731704"><ele>2245.5</ele></trkpt>
<trkpt lat="44.824839" lon="6.731649"><ele>2244.5</ele></trkpt>
<trkpt lat="44.824870" lon="6.731601"><ele>2244.0</ele></trkpt>
<trkpt lat="44.824942" lon="6.731403"><ele>2241.5</ele></trkpt>
<trkpt lat="44.824992" lon="6.731318"><ele>2241.0</ele></trkpt>
<trkpt lat="44.825026" lon="6.731279"><ele>2240.8</ele></trkpt>
<trkpt lat="44.825134" lon="6.731197"><ele>2239.5</ele></trkpt>
<trkpt lat="44.825437" lon="6.731024"><ele>2236.8</ele></trkpt>
<trkpt lat="44.825506" lon="6.730975"><ele>2235.8</ele></trkpt>
<trkpt lat="44.825691" lon="6.730814"><ele>2232.2</ele></trkpt>
<trkpt lat="44.825942" lon="6.730568"><ele>2228.8</ele></trkpt>
<trkpt lat="44.826528" lon="6.730027"><ele>2221.5</ele></trkpt>
<trkpt lat="44.827114" lon="6.729513"><ele>2214.5</ele></trkpt>
<trkpt lat="44.827223" lon="6.729390"><ele>2212.8</ele></trkpt>
<trkpt lat="44.827246" lon="6.729342"><ele>2212.5</ele></trkpt>
<trkpt lat="44.827258" lon="6.729284"><ele>2212.5</ele></trkpt>
<trkpt lat="44.827259" lon="6.729227"><ele>2212.5</ele></trkpt>
<trkpt lat="44.827253" lon="6.729187"><ele>2212.5</ele></trkpt>
<trkpt lat="44.827228" lon="6.729091"><ele>2212.8</ele></trkpt>
<trkpt lat="44.827187" lon="6.728998"><ele>2213.2</ele></trkpt>
<trkpt lat="44.827158" lon="6.728948"><ele>2213.5</ele></trkpt>
<trkpt lat="44.827117" lon="6.728891"><ele>2213.8</ele></trkpt>
<trkpt lat="44.826790" lon="6.728504"><ele>2212.5</ele></trkpt>
<trkpt lat="44.826687" lon="6.728407"><ele>2211.8</ele></trkpt>
<trkpt lat="44.826612" lon="6.728371"><ele>2210.2</ele></trkpt>
<trkpt lat="44.826522" lon="6.728358"><ele>2208.5</ele></trkpt>
<trkpt lat="44.826426" lon="6.728361"><ele>2207.0</ele></trkpt>
<trkpt lat="44.826298" lon="6.728379"><ele>2204.0</ele></trkpt>
<trkpt lat="44.826250" lon="6.728374"><ele>2202.5</ele></trkpt>
<trkpt lat="44.826206" lon="6.728325"><ele>2200.5</ele></trkpt>
<trkpt lat="44.826192" lon="6.728268"><ele>2199.0</ele></trkpt>
<trkpt lat="44.826202" lon="6.728217"><ele>2198.5</ele></trkpt>
<trkpt lat="44.826225" lon="6.728175"><ele>2198.2</ele></trkpt>
<trkpt lat="44.826279" lon="6.728126"><ele>2199.0</ele></trkpt>
<trkpt lat="44.826503" lon="6.727968"><ele>2201.0</ele></trkpt>
<trkpt lat="44.826575" lon="6.727897"><ele>2200.8</ele></trkpt>
<trkpt lat="44.826790" lon="6.727641"><ele>2197.8</ele></trkpt>
<trkpt lat="44.826895" lon="6.727541"><ele>2196.2</ele></trkpt>
<trkpt lat="44.827030" lon="6.727450"><ele>2194.5</ele></trkpt>
<trkpt lat="44.827145" lon="6.727400"><ele>2193.2</ele></trkpt>
<trkpt lat="44.827211" lon="6.727382"><ele>2193.0</ele></trkpt>
<trkpt lat="44.827378" lon="6.727362"><ele>2192.0</ele></trkpt>
<trkpt lat="44.827599" lon="6.727382"><ele>2191.5</ele></trkpt>
<trkpt lat="44.828026" lon="6.727480"><ele>2187.2</ele></trkpt>
<trkpt lat="44.828076" lon="6.727498"><ele>2186.5</ele></trkpt>
<trkpt lat="44.828115" lon="6.727518"><ele>2186.0</ele></trkpt>
<trkpt lat="44.828183" lon="6.727581"><ele>2185.2</ele></trkpt>
<trkpt lat="44.828223" lon="6.727635"><ele>2185.0</ele></trkpt>
<trkpt lat="44.828334" lon="6.727818"><ele>2184.2</ele></trkpt>
<trkpt lat="44.828353" lon="6.727837"><ele>2184.0</ele></trkpt>
<trkpt lat="44.828390" lon="6.727854"><ele>2183.5</ele></trkpt>
<trkpt lat="44.828448" lon="6.727840"><ele>2182.0</ele></trkpt>
<trkpt lat="44.828486" lon="6.727790"><ele>2180.8</ele></trkpt>
<trkpt lat="44.828514" lon="6.727723"><ele>2179.5</ele></trkpt>
<trkpt lat="44.828548" lon="6.727564"><ele>2177.0</ele></trkpt>
<trkpt lat="44.828562" lon="6.727393"><ele>2174.5</ele></trkpt>
<trkpt lat="44.828557" lon="6.727281"><ele>2173.0</ele></trkpt>
<trkpt lat="44.828538" lon="6.727200"><ele>2172.0</ele></trkpt>
<trkpt lat="44.828480" lon="6.727090"><ele>2171.2</ele></trkpt>
<trkpt lat="44.828339" lon="6.726901"><ele>2169.8</ele></trkpt>
<trkpt lat="44.828272" lon="6.726768"><ele>2167.8</ele></trkpt>
<trkpt lat="44.828207" lon="6.726602"><ele>2164.8</ele></trkpt>
<trkpt lat="44.828170" lon="6.726541"><ele>2163.8</ele></trkpt>
<trkpt lat="44.828113" lon="6.726493"><ele>2163.0</ele></trkpt>
<trkpt lat="44.828047" lon="6.726463"><ele>2162.8</ele></trkpt>
<trkpt lat="44.827871" lon="6.726434"><ele>2162.8</ele></trkpt>
<trkpt lat="44.827796" lon="6.726414"><ele>2162.5</ele></trkpt>
<trkpt lat="44.827326" lon="6.726257"><ele>2161.5</ele></trkpt>
<trkpt lat="44.827252" lon="6.726219"><ele>2161.2</ele></trkpt>
<trkpt lat="44.827210" lon="6.726175"><ele>2162.0</ele></trkpt>
<trkpt lat="44.827170" lon="6.726109"><ele>2162.8</ele></trkpt>
<trkpt lat="44.827117" lon="6.725953"><ele>2164.8</ele></trkpt>
<trkpt lat="44.827103" lon="6.725870"><ele>2164.8</ele></trkpt>
<trkpt lat="44.827102" lon="6.725777"><ele>2165.2</ele></trkpt>
<trkpt lat="44.827143" lon="6.725617"><ele>2164.0</ele></trkpt>
<trkpt lat="44.827207" lon="6.725511"><ele>2161.5</ele></trkpt>
<trkpt lat="44.827249" lon="6.725459"><ele>2160.5</ele></trkpt>
<trkpt lat="44.827293" lon="6.725418"><ele>2159.8</ele></trkpt>
<trkpt lat="44.827338" lon="6.725385"><ele>2159.0</ele></trkpt>
<trkpt lat="44.827433" lon="6.725333"><ele>2157.8</ele></trkpt>
<trkpt lat="44.827635" lon="6.725262"><ele>2155.5</ele></trkpt>
<trkpt lat="44.827702" lon="6.725223"><ele>2154.8</ele></trkpt>
<trkpt lat="44.827830" lon="6.725128"><ele>2153.8</ele></trkpt>
<trkpt lat="44.830030" lon="6.723359"><ele>2130.2</ele></trkpt>
<trkpt lat="44.830117" lon="6.723298"><ele>2129.8</ele></trkpt>
<trkpt lat="44.830163" lon="6.723275"><ele>2129.5</ele></trkpt>
<trkpt lat="44.830230" lon="6.723256"><ele>2129.0</ele></trkpt>
<trkpt lat="44.830264" lon="6.723255"><ele>2128.5</ele></trkpt>
<trkpt lat="44.830297" lon="6.723260"><ele>2128.0</ele></trkpt>
<trkpt lat="44.830365" lon="6.723291"><ele>2126.5</ele></trkpt>
<trkpt lat="44.830397" lon="6.723316"><ele>2125.8</ele></trkpt>
<trkpt lat="44.830457" lon="6.723392"><ele>2124.2</ele></trkpt>
<trkpt lat="44.830484" lon="6.723438"><ele>2123.8</ele></trkpt>
<trkpt lat="44.830509" lon="6.723501"><ele>2123.0</ele></trkpt>
<trkpt lat="44.830535" lon="6.723606"><ele>2122.2</ele></trkpt>
<trkpt lat="44.830545" lon="6.723696"><ele>2121.0</ele></trkpt>
<trkpt lat="44.830536" lon="6.723810"><ele>2120.0</ele></trkpt>
<trkpt lat="44.830516" lon="6.723880"><ele>2119.5</ele></trkpt>
<trkpt lat="44.830457" lon="6.724000"><ele>2119.8</ele></trkpt>
<trkpt lat="44.830419" lon="6.724055"><ele>2120.0</ele></trkpt>
<trkpt lat="44.830199" lon="6.724311"><ele>2123.0</ele></trkpt>
<trkpt lat="44.830151" lon="6.724387"><ele>2124.2</ele></trkpt>
<trkpt lat="44.830138" lon="6.724451"><ele>2124.2</ele></trkpt>
<trkpt lat="44.830139" lon="6.724482"><ele>2124.0</ele></trkpt>
<trkpt lat="44.830148" lon="6.724511"><ele>2123.5</ele></trkpt>
<trkpt lat="44.830172" lon="6.724554"><ele>2122.2</ele></trkpt>
<trkpt lat="44.830205" lon="6.724579"><ele>2121.0</ele></trkpt>
<trkpt lat="44.830224" lon="6.724581"><ele>2120.5</ele></trkpt>
<trkpt lat="44.830269" lon="6.724568"><ele>2119.2</ele></trkpt>
<trkpt lat="44.830296" lon="6.724547"><ele>2118.8</ele></trkpt>
<trkpt lat="44.830458" lon="6.724368"><ele>2117.2</ele></trkpt>
<trkpt lat="44.830545" lon="6.724288"><ele>2116.2</ele></trkpt>
<trkpt lat="44.830648" lon="6.724220"><ele>2115.5</ele></trkpt>
<trkpt lat="44.830783" lon="6.724161"><ele>2114.5</ele></trkpt>
<trkpt lat="44.830840" lon="6.724154"><ele>2114.0</ele></trkpt>
<trkpt lat="44.830893" lon="6.724159"><ele>2113.5</ele></trkpt>
<trkpt lat="44.830963" lon="6.724179"><ele>2112.8</ele></trkpt>
<trkpt lat="44.831242" lon="6.724344"><ele>2106.8</ele></trkpt>
<trkpt lat="44.831332" lon="6.724385"><ele>2104.8</ele></trkpt>
<trkpt lat="44.831420" lon="6.724407"><ele>2103.2</ele></trkpt>
<trkpt lat="44.831461" lon="6.724412"><ele>2102.8</ele></trkpt>
<trkpt lat="44.831529" lon="6.724405"><ele>2102.0</ele></trkpt>
<trkpt lat="44.831685" lon="6.724345"><ele>2100.5</ele></trkpt>
<trkpt lat="44.831743" lon="6.724310"><ele>2099.2</ele></trkpt>
<trkpt lat="44.831815" lon="6.724253"><ele>2097.5</ele></trkpt>
<trkpt lat="44.831862" lon="6.724186"><ele>2096.0</ele></trkpt>
<trkpt lat="44.831890" lon="6.724114"><ele>2094.2</ele></trkpt>
<trkpt lat="44.831905" lon="6.724043"><ele>2093.0</ele></trkpt>
<trkpt lat="44.831906" lon="6.724001"><ele>2092.5</ele></trkpt>
<trkpt lat="44.831897" lon="6.723923"><ele>2092.0</ele></trkpt>
<trkpt lat="44.831875" lon="6.723855"><ele>2092.0</ele></trkpt>
<trkpt lat="44.831840" lon="6.723787"><ele>2092.2</ele></trkpt>
<trkpt lat="44.831768" lon="6.723673"><ele>2093.5</ele></trkpt>
<trkpt lat="44.831738" lon="6.723598"><ele>2094.0</ele></trkpt>
<trkpt lat="44.831735" lon="6.723545"><ele>2093.8</ele></trkpt>
<trkpt lat="44.831746" lon="6.723502"><ele>2093.0</ele></trkpt>
<trkpt lat="44.831773" lon="6.723468"><ele>2091.8</ele></trkpt>
<trkpt lat="44.831797" lon="6.723459"><ele>2090.5</ele></trkpt>
<trkpt lat="44.831841" lon="6.723462"><ele>2089.0</ele></trkpt>
<trkpt lat="44.831887" lon="6.723495"><ele>2087.2</ele></trkpt>
<trkpt lat="44.831976" lon="6.723625"><ele>2085.0</ele></trkpt>
<trkpt lat="44.832016" lon="6.723705"><ele>2084.8</ele></trkpt>
<trkpt lat="44.832046" lon="6.723820"><ele>2085.2</ele></trkpt>
<trkpt lat="44.832055" lon="6.723926"><ele>2086.2</ele></trkpt>
<trkpt lat="44.832055" lon="6.724101"><ele>2088.2</ele></trkpt>
<trkpt lat="44.832069" lon="6.724162"><ele>2088.2</ele></trkpt>
<trkpt lat="44.832085" lon="6.724192"><ele>2088.0</ele></trkpt>
<trkpt lat="44.832118" lon="6.724230"><ele>2087.0</ele></trkpt>
<trkpt lat="44.832156" lon="6.724242"><ele>2085.8</ele></trkpt>
<trkpt lat="44.832194" lon="6.724231"><ele>2084.2</ele></trkpt>
<trkpt lat="44.832235" lon="6.724175"><ele>2082.5</ele></trkpt>
<trkpt lat="44.832251" lon="6.724070"><ele>2080.8</ele></trkpt>
<trkpt lat="44.832250" lon="6.724002"><ele>2080.0</ele></trkpt>
<trkpt lat="44.832229" lon="6.723768"><ele>2078.0</ele></trkpt>
<trkpt lat="44.832216" lon="6.723682"><ele>2077.0</ele></trkpt>
<trkpt lat="44.832181" lon="6.723560"><ele>2077.0</ele></trkpt>
<trkpt lat="44.832015" lon="6.723272"><ele>2081.8</ele></trkpt>
<trkpt lat="44.831989" lon="6.723204"><ele>2083.2</ele></trkpt>
<trkpt lat="44.831979" lon="6.723146"><ele>2084.0</ele></trkpt>
<trkpt lat="44.831978" lon="6.723092"><ele>2084.5</ele></trkpt>
<trkpt lat="44.831990" lon="6.723048"><ele>2084.2</ele></trkpt>
<trkpt lat="44.832021" lon="6.722996"><ele>2084.0</ele></trkpt>
<trkpt lat="44.832099" lon="6.722917"><ele>2082.0</ele></trkpt>
<trkpt lat="44.832135" lon="6.722893"><ele>2081.0</ele></trkpt>
<trkpt lat="44.832789" lon="6.722568"><ele>2065.2</ele></trkpt>
<trkpt lat="44.833324" lon="6.722370"><ele>2057.5</ele></trkpt>
<trkpt lat="44.833407" lon="6.722311"><ele>2056.8</ele></trkpt>
<trkpt lat="44.833456" lon="6.722258"><ele>2056.5</ele></trkpt>
<trkpt lat="44.833538" lon="6.722147"><ele>2057.5</ele></trkpt>
<trkpt lat="44.833599" lon="6.722011"><ele>2060.0</ele></trkpt>
<trkpt lat="44.833619" lon="6.721981"><ele>2060.5</ele></trkpt>
<trkpt lat="44.833661" lon="6.721960"><ele>2059.5</ele></trkpt>
<trkpt lat="44.833685" lon="6.721960"><ele>2058.8</ele></trkpt>
<trkpt lat="44.833712" lon="6.721973"><ele>2057.5</ele></trkpt>
<trkpt lat="44.833750" lon="6.722020"><ele>2054.8</ele></trkpt>
<trkpt lat="44.833761" lon="6.722085"><ele>2052.8</ele></trkpt>
<trkpt lat="44.833751" lon="6.722151"><ele>2051.2</ele></trkpt>
<trkpt lat="44.833739" lon="6.722172"><ele>2051.0</ele></trkpt>
<trkpt lat="44.833664" lon="6.722237"><ele>2051.2</ele></trkpt>
<trkpt lat="44.833481" lon="6.722417"><ele>2052.5</ele></trkpt>
<trkpt lat="44.833083" lon="6.722884"><ele>2052.8</ele></trkpt>
<trkpt lat="44.833021" lon="6.722976"><ele>2052.8</ele></trkpt>
<trkpt lat="44.832978" lon="6.723054"><ele>2052.8</ele></trkpt>
<trkpt lat="44.832919" lon="6.723238"><ele>2052.8</ele></trkpt>
<trkpt lat="44.832894" lon="6.723359"><ele>2052.5</ele></trkpt>
<trkpt lat="44.832891" lon="6.723417"><ele>2052.5</ele></trkpt>
<trkpt lat="44.832899" lon="6.723499"><ele>2052.0</ele></trkpt>
<trkpt lat="44.832909" lon="6.723527"><ele>2051.8</ele></trkpt>
<trkpt lat="44.832926" lon="6.723551"><ele>2051.2</ele></trkpt>
<trkpt lat="44.832962" lon="6.723574"><ele>2050.0</ele></trkpt>
<trkpt lat="44.833007" lon="6.723570"><ele>2048.5</ele></trkpt>
<trkpt lat="44.833050" lon="6.723546"><ele>2047.2</ele></trkpt>
<trkpt lat="44.833158" lon="6.723356"><ele>2045.5</ele></trkpt>
<trkpt lat="44.833243" lon="6.723259"><ele>2044.8</ele></trkpt>
<trkpt lat="44.833300" lon="6.723214"><ele>2044.0</ele></trkpt>
<trkpt lat="44.833651" lon="6.723017"><ele>2039.5</ele></trkpt>
<trkpt lat="44.833738" lon="6.722953"><ele>2038.5</ele></trkpt>
<trkpt lat="44.833803" lon="6.722892"><ele>2037.8</ele></trkpt>
<trkpt lat="44.833963" lon="6.722707"><ele>2036.0</ele></trkpt>
<trkpt lat="44.834038" lon="6.722588"><ele>2035.5</ele></trkpt>
<trkpt lat="44.834115" lon="6.722441"><ele>2035.0</ele></trkpt>
<trkpt lat="44.834134" lon="6.722423"><ele>2034.8</ele></trkpt>
<trkpt lat="44.834178" lon="6.722409"><ele>2033.5</ele></trkpt>
<trkpt lat="44.834218" lon="6.722423"><ele>2031.8</ele></trkpt>
<trkpt lat="44.834247" lon="6.722467"><ele>2030.2</ele></trkpt>
<trkpt lat="44.834264" lon="6.722535"><ele>2029.0</ele></trkpt>
<trkpt lat="44.834260" lon="6.722600"><ele>2028.5</ele></trkpt>
<trkpt lat="44.833952" lon="6.723416"><ele>2027.5</ele></trkpt>
<trkpt lat="44.833946" lon="6.723444"><ele>2027.2</ele></trkpt>
<trkpt lat="44.833943" lon="6.723505"><ele>2026.8</ele></trkpt>
<trkpt lat="44.833949" lon="6.723534"><ele>2026.2</ele></trkpt>
<trkpt lat="44.833976" lon="6.723587"><ele>2025.0</ele></trkpt>
<trkpt lat="44.834015" lon="6.723619"><ele>2023.8</ele></trkpt>
<trkpt lat="44.834066" lon="6.723623"><ele>2022.5</ele></trkpt>
<trkpt lat="44.834091" lon="6.723615"><ele>2021.8</ele></trkpt>
<trkpt lat="44.834217" lon="6.723502"><ele>2019.5</ele></trkpt>
<trkpt lat="44.834253" lon="6.723459"><ele>2019.0</ele></trkpt>
<trkpt lat="44.834470" lon="6.723192"><ele>2015.5</ele></trkpt>
<trkpt lat="44.834559" lon="6.723066"><ele>2013.2</ele></trkpt>
<trkpt lat="44.834590" lon="6.723005"><ele>2012.5</ele></trkpt>
<trkpt lat="44.834637" lon="6.722859"><ele>2011.2</ele></trkpt>
<trkpt lat="44.834698" lon="6.722614"><ele>2010.8</ele></trkpt>
<trkpt lat="44.834717" lon="6.722472"><ele>2011.2</ele></trkpt>
<trkpt lat="44.834732" lon="6.722266"><ele>2011.2</ele></trkpt>
<trkpt lat="44.834755" lon="6.722111"><ele>2011.2</ele></trkpt>
<trkpt lat="44.834771" lon="6.722047"><ele>2010.8</ele></trkpt>
<trkpt lat="44.834841" lon="6.721821"><ele>2009.8</ele></trkpt>
<trkpt lat="44.834931" lon="6.721471"><ele>2010.0</ele></trkpt>
<trkpt lat="44.834966" lon="6.721425"><ele>2009.0</ele></trkpt>
<trkpt lat="44.834988" lon="6.721414"><ele>2008.0</ele></trkpt>
<trkpt lat="44.835037" lon="6.721421"><ele>2006.0</ele></trkpt>
<trkpt lat="44.835060" lon="6.721438"><ele>2005.0</ele></trkpt>
<trkpt lat="44.835087" lon="6.721490"><ele>2003.2</ele></trkpt>
<trkpt lat="44.835095" lon="6.721544"><ele>2002.2</ele></trkpt>
<trkpt lat="44.835090" lon="6.721578"><ele>2002.0</ele></trkpt>
<trkpt lat="44.835003" lon="6.721814"><ele>2002.2</ele></trkpt>
<trkpt lat="44.834970" lon="6.721971"><ele>2002.0</ele></trkpt>
<trkpt lat="44.834961" lon="6.722064"><ele>2001.8</ele></trkpt>
<trkpt lat="44.834956" lon="6.722294"><ele>2000.8</ele></trkpt>
<trkpt lat="44.834961" lon="6.722430"><ele>2000.0</ele></trkpt>
<trkpt lat="44.834982" lon="6.722688"><ele>1996.8</ele></trkpt>
<trkpt lat="44.834983" lon="6.722771"><ele>1995.8</ele></trkpt>
<trkpt lat="44.834975" lon="6.722897"><ele>1996.0</ele></trkpt>
<trkpt lat="44.834962" lon="6.722976"><ele>1996.5</ele></trkpt>
<trkpt lat="44.834930" lon="6.723106"><ele>1997.8</ele></trkpt>
<trkpt lat="44.834927" lon="6.723164"><ele>1998.0</ele></trkpt>
<trkpt lat="44.834933" lon="6.723195"><ele>1997.8</ele></trkpt>
<trkpt lat="44.834956" lon="6.723241"><ele>1996.8</ele></trkpt>
<trkpt lat="44.834990" lon="6.723261"><ele>1995.2</ele></trkpt>
<trkpt lat="44.835033" lon="6.723267"><ele>1993.2</ele></trkpt>
<trkpt lat="44.835051" lon="6.723260"><ele>1992.2</ele></trkpt>
<trkpt lat="44.835085" lon="6.723231"><ele>1990.8</ele></trkpt>
<trkpt lat="44.835099" lon="6.723202"><ele>1990.0</ele></trkpt>
<trkpt lat="44.835144" lon="6.722972"><ele>1988.2</ele></trkpt>
<trkpt lat="44.835201" lon="6.722596"><ele>1988.2</ele></trkpt>
<trkpt lat="44.835262" lon="6.722396"><ele>1987.2</ele></trkpt>
<trkpt lat="44.835349" lon="6.722171"><ele>1986.5</ele></trkpt>
<trkpt lat="44.835387" lon="6.722089"><ele>1986.2</ele></trkpt>
<trkpt lat="44.835424" lon="6.722031"><ele>1985.8</ele></trkpt>
<trkpt lat="44.835528" lon="6.721919"><ele>1984.0</ele></trkpt>
<trkpt lat="44.835602" lon="6.721871"><ele>1983.0</ele></trkpt>
<trkpt lat="44.835727" lon="6.721821"><ele>1981.2</ele></trkpt>
<trkpt lat="44.835937" lon="6.721781"><ele>1979.2</ele></trkpt>
<trkpt lat="44.836047" lon="6.721784"><ele>1978.2</ele></trkpt>
<trkpt lat="44.836168" lon="6.721837"><ele>1976.5</ele></trkpt>
<trkpt lat="44.836436" lon="6.721984"><ele>1972.2</ele></trkpt>
<trkpt lat="44.837142" lon="6.722347"><ele>1964.0</ele></trkpt>
<trkpt lat="44.837260" lon="6.722374"><ele>1963.5</ele></trkpt>
<trkpt lat="44.837356" lon="6.722375"><ele>1964.0</ele></trkpt>
<trkpt lat="44.837532" lon="6.722347"><ele>1966.0</ele></trkpt>
<trkpt lat="44.837569" lon="6.722351"><ele>1966.0</ele></trkpt>
<trkpt lat="44.837608" lon="6.722380"><ele>1965.0</ele></trkpt>
<trkpt lat="44.837630" lon="6.722427"><ele>1963.2</ele></trkpt>
<trkpt lat="44.837634" lon="6.722489"><ele>1960.8</ele></trkpt>
<trkpt lat="44.837620" lon="6.722546"><ele>1958.8</ele></trkpt>
<trkpt lat="44.837591" lon="6.722577"><ele>1957.5</ele></trkpt>
<trkpt lat="44.837572" lon="6.722582"><ele>1957.5</ele></trkpt>
<trkpt lat="44.836620" lon="6.722611"><ele>1955.5</ele></trkpt>
<trkpt lat="44.836477" lon="6.722606"><ele>1956.5</ele></trkpt>
<trkpt lat="44.836459" lon="6.722618"><ele>1956.2</ele></trkpt>
<trkpt lat="44.836431" lon="6.722661"><ele>1955.8</ele></trkpt>
<trkpt lat="44.836418" lon="6.722715"><ele>1954.8</ele></trkpt>
<trkpt lat="44.836423" lon="6.722772"><ele>1953.5</ele></trkpt>
<trkpt lat="44.836441" lon="6.722810"><ele>1953.0</ele></trkpt>
<trkpt lat="44.836462" lon="6.722834"><ele>1952.5</ele></trkpt>
<trkpt lat="44.836528" lon="6.722859"><ele>1951.2</ele></trkpt>
<trkpt lat="44.836771" lon="6.722903"><ele>1948.5</ele></trkpt>
<trkpt lat="44.837230" lon="6.723119"><ele>1941.2</ele></trkpt>
<trkpt lat="44.837337" lon="6.723158"><ele>1939.8</ele></trkpt>
<trkpt lat="44.837462" lon="6.723190"><ele>1938.2</ele></trkpt>
<trkpt lat="44.837544" lon="6.723200"><ele>1937.5</ele></trkpt>
<trkpt lat="44.837761" lon="6.723206"><ele>1936.0</ele></trkpt>
<trkpt lat="44.837801" lon="6.723217"><ele>1935.8</ele></trkpt>
<trkpt lat="44.837956" lon="6.723286"><ele>1933.5</ele></trkpt>
<trkpt lat="44.838318" lon="6.723496"><ele>1925.0</ele></trkpt>
<trkpt lat="44.838355" lon="6.723514"><ele>1924.2</ele></trkpt>
<trkpt lat="44.838423" lon="6.723530"><ele>1923.2</ele></trkpt>
<trkpt lat="44.838474" lon="6.723530"><ele>1922.8</ele></trkpt>
<trkpt lat="44.838595" lon="6.723502"><ele>1923.0</ele></trkpt>
<trkpt lat="44.838832" lon="6.723417"><ele>1923.5</ele></trkpt>
<trkpt lat="44.838968" lon="6.723391"><ele>1923.0</ele></trkpt>
<trkpt lat="44.839158" lon="6.723379"><ele>1921.2</ele></trkpt>
<trkpt lat="44.839271" lon="6.723385"><ele>1919.5</ele></trkpt>
<trkpt lat="44.839573" lon="6.723424"><ele>1914.0</ele></trkpt>
<trkpt lat="44.840000" lon="6.723398"><ele>1911.2</ele></trkpt>
<trkpt lat="44.840101" lon="6.723405"><ele>1910.8</ele></trkpt>
<trkpt lat="44.840188" lon="6.723416"><ele>1910.2</ele></trkpt>
<trkpt lat="44.840526" lon="6.723495"><ele>1907.0</ele></trkpt>
<trkpt lat="44.840930" lon="6.723556"><ele>1904.5</ele></trkpt>
<trkpt lat="44.841156" lon="6.723614"><ele>1900.5</ele></trkpt>
<trkpt lat="44.841379" lon="6.723650"><ele>1897.8</ele></trkpt>
<trkpt lat="44.841609" lon="6.723658"><ele>1895.0</ele></trkpt>
<trkpt lat="44.841883" lon="6.723640"><ele>1893.5</ele></trkpt>
<trkpt lat="44.841934" lon="6.723643"><ele>1893.0</ele></trkpt>
<trkpt lat="44.842139" lon="6.723690"><ele>1889.2</ele></trkpt>
<trkpt lat="44.842202" lon="6.723697"><ele>1888.2</ele></trkpt>
<trkpt lat="44.842262" lon="6.723698"><ele>1887.8</ele></trkpt>
<trkpt lat="44.842347" lon="6.723687"><ele>1887.2</ele></trkpt>
<trkpt lat="44.842618" lon="6.723613"><ele>1886.0</ele></trkpt>
<trkpt lat="44.842710" lon="6.723602"><ele>1885.2</ele></trkpt>
<trkpt lat="44.842919" lon="6.723603"><ele>1882.2</ele></trkpt>
<trkpt lat="44.843172" lon="6.723655"><ele>1877.0</ele></trkpt>
<trkpt lat="44.843241" lon="6.723653"><ele>1876.2</ele></trkpt>
<trkpt lat="44.843577" lon="6.723598"><ele>1875.5</ele></trkpt>
<trkpt lat="44.843972" lon="6.723566"><ele>1874.0</ele></trkpt>
<trkpt lat="44.844189" lon="6.723570"><ele>1872.2</ele></trkpt>
<trkpt lat="44.844310" lon="6.723590"><ele>1870.5</ele></trkpt>
<trkpt lat="44.844407" lon="6.723627"><ele>1868.8</ele></trkpt>
<trkpt lat="44.844578" lon="6.723726"><ele>1865.8</ele></trkpt>
<trkpt lat="44.844755" lon="6.723896"><ele>1862.0</ele></trkpt>
<trkpt lat="44.844852" lon="6.723983"><ele>1861.2</ele></trkpt>
<trkpt lat="44.844975" lon="6.724073"><ele>1860.8</ele></trkpt>
<trkpt lat="44.845054" lon="6.724116"><ele>1860.2</ele></trkpt>
<trkpt lat="44.845132" lon="6.724145"><ele>1859.8</ele></trkpt>
<trkpt lat="44.845302" lon="6.724181"><ele>1859.5</ele></trkpt>
<trkpt lat="44.845372" lon="6.724206"><ele>1858.5</ele></trkpt>
<trkpt lat="44.845409" lon="6.724255"><ele>1857.2</ele></trkpt>
<trkpt lat="44.845420" lon="6.724305"><ele>1856.0</ele></trkpt>
<trkpt lat="44.845422" lon="6.724345"><ele>1855.2</ele></trkpt>
<trkpt lat="44.845412" lon="6.724408"><ele>1854.0</ele></trkpt>
<trkpt lat="44.845386" lon="6.724455"><ele>1853.2</ele></trkpt>
<trkpt lat="44.845369" lon="6.724470"><ele>1853.0</ele></trkpt>
<trkpt lat="44.845297" lon="6.724486"><ele>1853.0</ele></trkpt>
<trkpt lat="44.844918" lon="6.724391"><ele>1853.2</ele></trkpt>
<trkpt lat="44.844626" lon="6.724327"><ele>1851.2</ele></trkpt>
<trkpt lat="44.844503" lon="6.724267"><ele>1851.0</ele></trkpt>
<trkpt lat="44.844350" lon="6.724163"><ele>1852.8</ele></trkpt>
<trkpt lat="44.844305" lon="6.724142"><ele>1853.2</ele></trkpt>
<trkpt lat="44.844236" lon="6.724142"><ele>1853.0</ele></trkpt>
<trkpt lat="44.844198" lon="6.724169"><ele>1852.0</ele></trkpt>
<trkpt lat="44.844174" lon="6.724215"><ele>1850.8</ele></trkpt>
<trkpt lat="44.844162" lon="6.724277"><ele>1849.0</ele></trkpt>
<trkpt lat="44.844168" lon="6.724337"><ele>1847.5</ele></trkpt>
<trkpt lat="44.844196" lon="6.724392"><ele>1846.2</ele></trkpt>
<trkpt lat="44.844236" lon="6.724428"><ele>1845.5</ele></trkpt>
<trkpt lat="44.844488" lon="6.724559"><ele>1844.2</ele></trkpt>
<trkpt lat="44.844679" lon="6.724672"><ele>1843.8</ele></trkpt>
<trkpt lat="44.844986" lon="6.724881"><ele>1842.2</ele></trkpt>
<trkpt lat="44.845067" lon="6.724953"><ele>1841.2</ele></trkpt>
<trkpt lat="44.845302" lon="6.725200"><ele>1837.5</ele></trkpt>
<trkpt lat="44.845422" lon="6.725316"><ele>1835.8</ele></trkpt>
<trkpt lat="44.845707" lon="6.725534"><ele>1832.2</ele></trkpt>
<trkpt lat="44.845823" lon="6.725602"><ele>1831.5</ele></trkpt>
<trkpt lat="44.845888" lon="6.725628"><ele>1830.8</ele></trkpt>
<trkpt lat="44.846049" lon="6.725682"><ele>1829.0</ele></trkpt>
<trkpt lat="44.846150" lon="6.725707"><ele>1828.0</ele></trkpt>
<trkpt lat="44.846299" lon="6.725713"><ele>1827.0</ele></trkpt>
<trkpt lat="44.846418" lon="6.725691"><ele>1826.0</ele></trkpt>
<trkpt lat="44.846549" lon="6.725640"><ele>1824.5</ele></trkpt>
<trkpt lat="44.846713" lon="6.725552"><ele>1822.5</ele></trkpt>
<trkpt lat="44.846791" lon="6.725499"><ele>1821.8</ele></trkpt>
<trkpt lat="44.846919" lon="6.725395"><ele>1820.2</ele></trkpt>
<trkpt lat="44.847331" lon="6.725028"><ele>1815.8</ele></trkpt>
<trkpt lat="44.847575" lon="6.724825"><ele>1814.0</ele></trkpt>
<trkpt lat="44.847661" lon="6.724775"><ele>1813.2</ele></trkpt>
<trkpt lat="44.847770" lon="6.724735"><ele>1811.8</ele></trkpt>
<trkpt lat="44.847821" lon="6.724725"><ele>1811.0</ele></trkpt>
<trkpt lat="44.847968" lon="6.724714"><ele>1808.8</ele></trkpt>
<trkpt lat="44.848406" lon="6.724705"><ele>1804.0</ele></trkpt>
<trkpt lat="44.848606" lon="6.724672"><ele>1803.2</ele></trkpt>
<trkpt lat="44.848769" lon="6.724655"><ele>1802.0</ele></trkpt>
<trkpt lat="44.849322" lon="6.724671"><ele>1796.8</ele></trkpt>
<trkpt lat="44.849585" lon="6.724704"><ele>1795.0</ele></trkpt>
<trkpt lat="44.849642" lon="6.724723"><ele>1794.2</ele></trkpt>
<trkpt lat="44.849748" lon="6.724775"><ele>1792.5</ele></trkpt>
<trkpt lat="44.850008" lon="6.724962"><ele>1788.0</ele></trkpt>
<trkpt lat="44.850120" lon="6.725029"><ele>1786.0</ele></trkpt>
<trkpt lat="44.850210" lon="6.725059"><ele>1785.0</ele></trkpt>
<trkpt lat="44.850276" lon="6.725065"><ele>1784.8</ele></trkpt>
<trkpt lat="44.850368" lon="6.725051"><ele>1784.2</ele></trkpt>
<trkpt lat="44.850608" lon="6.724972"><ele>1784.0</ele></trkpt>
<trkpt lat="44.851193" lon="6.724693"><ele>1782.2</ele></trkpt>
<trkpt lat="44.851267" lon="6.724661"><ele>1781.8</ele></trkpt>
<trkpt lat="44.851386" lon="6.724631"><ele>1780.5</ele></trkpt>
<trkpt lat="44.852471" lon="6.724483"><ele>1771.5</ele></trkpt>
<trkpt lat="44.852700" lon="6.724484"><ele>1769.0</ele></trkpt>
<trkpt lat="44.852779" lon="6.724496"><ele>1768.2</ele></trkpt>
<trkpt lat="44.852850" lon="6.724520"><ele>1767.5</ele></trkpt>
<trkpt lat="44.852940" lon="6.724569"><ele>1766.8</ele></trkpt>
<trkpt lat="44.852990" lon="6.724603"><ele>1766.2</ele></trkpt>
<trkpt lat="44.853127" lon="6.724738"><ele>1765.0</ele></trkpt>
<trkpt lat="44.853363" lon="6.725001"><ele>1762.2</ele></trkpt>
<trkpt lat="44.853581" lon="6.725257"><ele>1759.0</ele></trkpt>
<trkpt lat="44.853834" lon="6.725572"><ele>1756.2</ele></trkpt>
<trkpt lat="44.853956" lon="6.725737"><ele>1755.0</ele></trkpt>
<trkpt lat="44.854038" lon="6.725870"><ele>1754.0</ele></trkpt>
<trkpt lat="44.854136" lon="6.726060"><ele>1752.5</ele></trkpt>
<trkpt lat="44.854206" lon="6.726199"><ele>1751.8</ele></trkpt>
<trkpt lat="44.854257" lon="6.726325"><ele>1751.2</ele></trkpt>
<trkpt lat="44.854349" lon="6.726601"><ele>1750.0</ele></trkpt>
<trkpt lat="44.854405" lon="6.726736"><ele>1749.8</ele></trkpt>
<trkpt lat="44.854426" lon="6.726779"><ele>1749.5</ele></trkpt>
<trkpt lat="44.854460" lon="6.726828"><ele>1749.2</ele></trkpt>
<trkpt lat="44.854515" lon="6.726897"><ele>1749.0</ele></trkpt>
<trkpt lat="44.854650" lon="6.727011"><ele>1748.5</ele></trkpt>
<trkpt lat="44.854721" lon="6.727053"><ele>1748.0</ele></trkpt>
<trkpt lat="44.854801" lon="6.727086"><ele>1747.2</ele></trkpt>
<trkpt lat="44.855013" lon="6.727133"><ele>1745.5</ele></trkpt>
<trkpt lat="44.855196" lon="6.727158"><ele>1744.0</ele></trkpt>
<trkpt lat="44.855234" lon="6.727162"><ele>1743.8</ele></trkpt>
<trkpt lat="44.855258" lon="6.727164"><ele>1743.8</ele></trkpt>
<trkpt lat="44.855321" lon="6.727168"><ele>1743.5</ele></trkpt>
<trkpt lat="44.855485" lon="6.727147"><ele>1743.5</ele></trkpt>
<trkpt lat="44.855573" lon="6.727120"><ele>1743.5</ele></trkpt>
<trkpt lat="44.855659" lon="6.727080"><ele>1743.8</ele></trkpt>
<trkpt lat="44.855746" lon="6.727032"><ele>1743.8</ele></trkpt>
<trkpt lat="44.856029" lon="6.726836"><ele>1744.2</ele></trkpt>
<trkpt lat="44.856260" lon="6.726674"><ele>1744.2</ele></trkpt>
<trkpt lat="44.856781" lon="6.726295"><ele>1742.0</ele></trkpt>
<trkpt lat="44.857496" lon="6.725837"><ele>1736.0</ele></trkpt>
<trkpt lat="44.858522" lon="6.725220"><ele>1728.2</ele></trkpt>
<trkpt lat="44.858814" lon="6.725056"><ele>1726.0</ele></trkpt>
<trkpt lat="44.858940" lon="6.725006"><ele>1724.8</ele></trkpt>
<trkpt lat="44.859137" lon="6.724953"><ele>1723.5</ele></trkpt>
<trkpt lat="44.859962" lon="6.724875"><ele>1716.8</ele></trkpt>
<trkpt lat="44.860149" lon="6.724881"><ele>1715.2</ele></trkpt>
<trkpt lat="44.860316" lon="6.724902"><ele>1714.0</ele></trkpt>
<trkpt lat="44.861135" lon="6.725050"><ele>1708.2</ele></trkpt>
<trkpt lat="44.861380" lon="6.725050"><ele>1705.8</ele></trkpt>
<trkpt lat="44.861601" lon="6.725011"><ele>1704.2</ele></trkpt>
<trkpt lat="44.862136" lon="6.724841"><ele>1699.2</ele></trkpt>
<trkpt lat="44.862243" lon="6.724831"><ele>1698.2</ele></trkpt>
<trkpt lat="44.862338" lon="6.724843"><ele>1697.2</ele></trkpt>
<trkpt lat="44.862591" lon="6.724902"><ele>1696.0</ele></trkpt>
<trkpt lat="44.862690" lon="6.724902"><ele>1695.5</ele></trkpt>
<trkpt lat="44.862774" lon="6.724882"><ele>1694.8</ele></trkpt>
<trkpt lat="44.862840" lon="6.724840"><ele>1694.2</ele></trkpt>
<trkpt lat="44.862997" lon="6.724707"><ele>1692.5</ele></trkpt>
<trkpt lat="44.863247" lon="6.724523"><ele>1689.5</ele></trkpt>
<trkpt lat="44.863360" lon="6.724458"><ele>1688.2</ele></trkpt>
<trkpt lat="44.863479" lon="6.724411"><ele>1687.2</ele></trkpt>
<trkpt lat="44.863709" lon="6.724345"><ele>1685.5</ele></trkpt>
<trkpt lat="44.864033" lon="6.724266"><ele>1683.0</ele></trkpt>
<trkpt lat="44.864191" lon="6.724255"><ele>1682.8</ele></trkpt>
<trkpt lat="44.864354" lon="6.724259"><ele>1681.0</ele></trkpt>
<trkpt lat="44.864491" lon="6.724286"><ele>1679.5</ele></trkpt>
<trkpt lat="44.864624" lon="6.724325"><ele>1677.8</ele></trkpt>
<trkpt lat="44.864725" lon="6.724362"><ele>1676.8</ele></trkpt>
<trkpt lat="44.864987" lon="6.724479"><ele>1674.8</ele></trkpt>
<trkpt lat="44.865121" lon="6.724521"><ele>1673.8</ele></trkpt>
<trkpt lat="44.865303" lon="6.724554"><ele>1672.2</ele></trkpt>
<trkpt lat="44.865475" lon="6.724550"><ele>1670.8</ele></trkpt>
<trkpt lat="44.865669" lon="6.724530"><ele>1669.0</ele></trkpt>
<trkpt lat="44.865999" lon="6.724476"><ele>1666.2</ele></trkpt>
<trkpt lat="44.866134" lon="6.724491"><ele>1665.5</ele></trkpt>
<trkpt lat="44.866243" lon="6.724542"><ele>1664.2</ele></trkpt>
<trkpt lat="44.866361" lon="6.724621"><ele>1663.2</ele></trkpt>
<trkpt lat="44.866492" lon="6.724729"><ele>1663.2</ele></trkpt>
<trkpt lat="44.866591" lon="6.724778"><ele>1662.5</ele></trkpt>
<trkpt lat="44.866686" lon="6.724802"><ele>1661.5</ele></trkpt>
<trkpt lat="44.866773" lon="6.724810"><ele>1661.5</ele></trkpt>
<trkpt lat="44.866862" lon="6.724789"><ele>1660.5</ele></trkpt>
<trkpt lat="44.867178" lon="6.724679"><ele>1657.2</ele></trkpt>
<trkpt lat="44.867347" lon="6.724670"><ele>1656.0</ele></trkpt>
<trkpt lat="44.867435" lon="6.724678"><ele>1655.5</ele></trkpt>
<trkpt lat="44.867896" lon="6.724760"><ele>1651.8</ele></trkpt>
<trkpt lat="44.868218" lon="6.724826"><ele>1648.2</ele></trkpt>
<trkpt lat="44.868323" lon="6.724861"><ele>1647.0</ele></trkpt>
<trkpt lat="44.868385" lon="6.724893"><ele>1646.2</ele></trkpt>
<trkpt lat="44.868463" lon="6.724965"><ele>1645.8</ele></trkpt>
<trkpt lat="44.868700" lon="6.725276"><ele>1644.2</ele></trkpt>
<trkpt lat="44.868771" lon="6.725344"><ele>1644.0</ele></trkpt>
<trkpt lat="44.868845" lon="6.725396"><ele>1643.2</ele></trkpt>
<trkpt lat="44.869101" lon="6.725485"><ele>1640.8</ele></trkpt>
<trkpt lat="44.869167" lon="6.725532"><ele>1640.5</ele></trkpt>
<trkpt lat="44.869240" lon="6.725597"><ele>1639.5</ele></trkpt>
<trkpt lat="44.869534" lon="6.726041"><ele>1639.0</ele></trkpt>
<trkpt lat="44.869573" lon="6.726089"><ele>1638.8</ele></trkpt>
<trkpt lat="44.869643" lon="6.726152"><ele>1638.5</ele></trkpt>
<trkpt lat="44.869717" lon="6.726199"><ele>1638.0</ele></trkpt>
<trkpt lat="44.869784" lon="6.726214"><ele>1638.0</ele></trkpt>
<trkpt lat="44.869850" lon="6.726212"><ele>1637.8</ele></trkpt>
<trkpt lat="44.869898" lon="6.726198"><ele>1637.5</ele></trkpt>
<trkpt lat="44.869982" lon="6.726141"><ele>1637.0</ele></trkpt>
<trkpt lat="44.870040" lon="6.726069"><ele>1636.8</ele></trkpt>
<trkpt lat="44.870093" lon="6.725976"><ele>1636.0</ele></trkpt>
<trkpt lat="44.870122" lon="6.725892"><ele>1635.0</ele></trkpt>
<trkpt lat="44.870137" lon="6.725816"><ele>1634.2</ele></trkpt>
<trkpt lat="44.870142" lon="6.725748"><ele>1633.2</ele></trkpt>
<trkpt lat="44.870124" lon="6.725648"><ele>1632.2</ele></trkpt>
<trkpt lat="44.870094" lon="6.725554"><ele>1631.5</ele></trkpt>
<trkpt lat="44.870052" lon="6.725460"><ele>1631.2</ele></trkpt>
<trkpt lat="44.869523" lon="6.724517"><ele>1625.0</ele></trkpt>
<trkpt lat="44.868704" lon="6.723079"><ele>1618.2</ele></trkpt>
<trkpt lat="44.868598" lon="6.722863"><ele>1617.0</ele></trkpt>
<trkpt lat="44.868508" lon="6.722654"><ele>1615.8</ele></trkpt>
<trkpt lat="44.868385" lon="6.722289"><ele>1613.0</ele></trkpt>
<trkpt lat="44.868338" lon="6.722093"><ele>1611.5</ele></trkpt>
<trkpt lat="44.868304" lon="6.721922"><ele>1610.0</ele></trkpt>
<trkpt lat="44.868241" lon="6.721564"><ele>1607.5</ele></trkpt>
<trkpt lat="44.868215" lon="6.721293"><ele>1605.2</ele></trkpt>
<trkpt lat="44.868207" lon="6.721178"><ele>1604.8</ele></trkpt>
<trkpt lat="44.868201" lon="6.721097"><ele>1604.2</ele></trkpt>
<trkpt lat="44.868196" lon="6.721017"><ele>1603.8</ele></trkpt>
<trkpt lat="44.868194" lon="6.720924"><ele>1603.2</ele></trkpt>
<trkpt lat="44.868196" lon="6.720728"><ele>1602.5</ele></trkpt>
<trkpt lat="44.868211" lon="6.720566"><ele>1602.0</ele></trkpt>
<trkpt lat="44.868231" lon="6.720446"><ele>1601.0</ele></trkpt>
<trkpt lat="44.868274" lon="6.720317"><ele>1600.0</ele></trkpt>
<trkpt lat="44.868350" lon="6.720156"><ele>1598.5</ele></trkpt>
<trkpt lat="44.868589" lon="6.719804"><ele>1600.8</ele></trkpt>
<trkpt lat="44.868618" lon="6.719746"><ele>1601.8</ele></trkpt>
<trkpt lat="44.868632" lon="6.719674"><ele>1603.0</ele></trkpt>
<trkpt lat="44.868638" lon="6.719591"><ele>1603.8</ele></trkpt>
<trkpt lat="44.868631" lon="6.719505"><ele>1604.2</ele></trkpt>
<trkpt lat="44.868612" lon="6.719423"><ele>1604.0</ele></trkpt>
<trkpt lat="44.868577" lon="6.719316"><ele>1604.0</ele></trkpt>
<trkpt lat="44.868366" lon="6.718794"><ele>1601.0</ele></trkpt>
<trkpt lat="44.868183" lon="6.718251"><ele>1599.5</ele></trkpt>
<trkpt lat="44.868052" lon="6.717852"><ele>1595.0</ele></trkpt>
<trkpt lat="44.867859" lon="6.717230"><ele>1592.5</ele></trkpt>
<trkpt lat="44.867748" lon="6.716805"><ele>1589.8</ele></trkpt>
<trkpt lat="44.867687" lon="6.716374"><ele>1587.5</ele></trkpt>
<trkpt lat="44.867638" lon="6.715845"><ele>1583.0</ele></trkpt>
<trkpt lat="44.867636" lon="6.715626"><ele>1582.5</ele></trkpt>
<trkpt lat="44.867645" lon="6.715477"><ele>1582.2</ele></trkpt>
<trkpt lat="44.867665" lon="6.715314"><ele>1582.2</ele></trkpt>
<trkpt lat="44.867700" lon="6.715112"><ele>1582.0</ele></trkpt>
<trkpt lat="44.867731" lon="6.714977"><ele>1581.5</ele></trkpt>
<trkpt lat="44.867765" lon="6.714849"><ele>1580.5</ele></trkpt>
<trkpt lat="44.867828" lon="6.714638"><ele>1579.8</ele></trkpt>
<trkpt lat="44.868023" lon="6.713910"><ele>1579.2</ele></trkpt>
<trkpt lat="44.868046" lon="6.713765"><ele>1578.2</ele></trkpt>
<trkpt lat="44.868060" lon="6.713624"><ele>1577.2</ele></trkpt>
<trkpt lat="44.868053" lon="6.713478"><ele>1577.2</ele></trkpt>
<trkpt lat="44.867910" lon="6.712600"><ele>1577.2</ele></trkpt>
<trkpt lat="44.867877" lon="6.712484"><ele>1575.8</ele></trkpt>
<trkpt lat="44.867738" lon="6.712089"><ele>1572.0</ele></trkpt>
<trkpt lat="44.867617" lon="6.711598"><ele>1570.8</ele></trkpt>
<trkpt lat="44.867496" lon="6.710916"><ele>1565.5</ele></trkpt>
<trkpt lat="44.867420" lon="6.710566"><ele>1564.5</ele></trkpt>
<trkpt lat="44.867388" lon="6.710392"><ele>1564.5</ele></trkpt>
<trkpt lat="44.867383" lon="6.710244"><ele>1564.5</ele></trkpt>
<trkpt lat="44.867405" lon="6.709940"><ele>1562.0</ele></trkpt>
<trkpt lat="44.867441" lon="6.709794"><ele>1560.8</ele></trkpt>
<trkpt lat="44.867489" lon="6.709670"><ele>1560.0</ele></trkpt>
<trkpt lat="44.867543" lon="6.709581"><ele>1560.0</ele></trkpt>
<trkpt lat="44.867729" lon="6.709323"><ele>1559.8</ele></trkpt>
<trkpt lat="44.867829" lon="6.709177"><ele>1559.2</ele></trkpt>
<trkpt lat="44.867892" lon="6.709044"><ele>1559.0</ele></trkpt>
<trkpt lat="44.868116" lon="6.708190"><ele>1560.2</ele></trkpt>
<trkpt lat="44.868524" lon="6.706785"><ele>1570.0</ele></trkpt>
<trkpt lat="44.868644" lon="6.706349"><ele>1566.0</ele></trkpt>
<trkpt lat="44.868899" lon="6.705356"><ele>1561.8</ele></trkpt>
<trkpt lat="44.869016" lon="6.704769"><ele>1560.2</ele></trkpt>
<trkpt lat="44.869146" lon="6.703676"><ele>1555.5</ele></trkpt>
<trkpt lat="44.869191" lon="6.703426"><ele>1555.2</ele></trkpt>
<trkpt lat="44.869256" lon="6.703207"><ele>1553.5</ele></trkpt>
<trkpt lat="44.869332" lon="6.703008"><ele>1550.5</ele></trkpt>
<trkpt lat="44.869429" lon="6.702810"><ele>1546.5</ele></trkpt>
<trkpt lat="44.869531" lon="6.702649"><ele>1543.2</ele></trkpt>
<trkpt lat="44.869661" lon="6.702486"><ele>1541.5</ele></trkpt>
<trkpt lat="44.869785" lon="6.702361"><ele>1540.0</ele></trkpt>
<trkpt lat="44.869931" lon="6.702241"><ele>1538.8</ele></trkpt>
<trkpt lat="44.870084" lon="6.702142"><ele>1538.0</ele></trkpt>
<trkpt lat="44.870239" lon="6.702063"><ele>1538.2</ele></trkpt>
<trkpt lat="44.870402" lon="6.702007"><ele>1539.2</ele></trkpt>
<trkpt lat="44.871018" lon="6.701848"><ele>1542.0</ele></trkpt>
<trkpt lat="44.871199" lon="6.701794"><ele>1542.5</ele></trkpt>
<trkpt lat="44.871340" lon="6.701738"><ele>1542.5</ele></trkpt>
<trkpt lat="44.871490" lon="6.701648"><ele>1541.8</ele></trkpt>
<trkpt lat="44.871617" lon="6.701549"><ele>1541.0</ele></trkpt>
<trkpt lat="44.871740" lon="6.701423"><ele>1539.0</ele></trkpt>
<trkpt lat="44.871841" lon="6.701288"><ele>1535.5</ele></trkpt>
<trkpt lat="44.871921" lon="6.701163"><ele>1535.2</ele></trkpt>
<trkpt lat="44.871983" lon="6.701049"><ele>1535.0</ele></trkpt>
<trkpt lat="44.872090" lon="6.700796"><ele>1535.0</ele></trkpt>
<trkpt lat="44.872150" lon="6.700620"><ele>1535.0</ele></trkpt>
<trkpt lat="44.872206" lon="6.700408"><ele>1537.2</ele></trkpt>
<trkpt lat="44.872396" lon="6.699353"><ele>1534.0</ele></trkpt>
<trkpt lat="44.872450" lon="6.699030"><ele>1531.8</ele></trkpt>
<trkpt lat="44.872584" lon="6.698303"><ele>1525.8</ele></trkpt>
<trkpt lat="44.872722" lon="6.697512"><ele>1525.5</ele></trkpt>
<trkpt lat="44.872779" lon="6.697070"><ele>1528.0</ele></trkpt>
<trkpt lat="44.872803" lon="6.696737"><ele>1529.0</ele></trkpt>
<trkpt lat="44.872813" lon="6.695838"><ele>1524.5</ele></trkpt>
<trkpt lat="44.872844" lon="6.695251"><ele>1521.5</ele></trkpt>
<trkpt lat="44.872874" lon="6.694920"><ele>1519.5</ele></trkpt>
<trkpt lat="44.872916" lon="6.694676"><ele>1518.0</ele></trkpt>
<trkpt lat="44.872975" lon="6.694465"><ele>1517.0</ele></trkpt>
<trkpt lat="44.873064" lon="6.694270"><ele>1517.2</ele></trkpt>
<trkpt lat="44.873179" lon="6.694078"><ele>1516.2</ele></trkpt>
<trkpt lat="44.873282" lon="6.693945"><ele>1515.5</ele></trkpt>
<trkpt lat="44.873398" lon="6.693824"><ele>1513.8</ele></trkpt>
<trkpt lat="44.873552" lon="6.693691"><ele>1510.0</ele></trkpt>
<trkpt lat="44.874103" lon="6.693248"><ele>1503.8</ele></trkpt>
<trkpt lat="44.874245" lon="6.693115"><ele>1504.0</ele></trkpt>
<trkpt lat="44.874404" lon="6.692948"><ele>1503.8</ele></trkpt>
<trkpt lat="44.874519" lon="6.692806"><ele>1503.5</ele></trkpt>
<trkpt lat="44.874639" lon="6.692630"><ele>1502.8</ele></trkpt>
<trkpt lat="44.875997" lon="6.690474"><ele>1486.2</ele></trkpt>
<trkpt lat="44.876317" lon="6.689961"><ele>1485.0</ele></trkpt>
<trkpt lat="44.876438" lon="6.689745"><ele>1483.5</ele></trkpt>
<trkpt lat="44.876550" lon="6.689513"><ele>1481.8</ele></trkpt>
<trkpt lat="44.876661" lon="6.689246"><ele>1479.5</ele></trkpt>
<trkpt lat="44.876794" lon="6.688907"><ele>1476.8</ele></trkpt>
<trkpt lat="44.876879" lon="6.688631"><ele>1474.2</ele></trkpt>
<trkpt lat="44.876950" lon="6.688358"><ele>1472.2</ele></trkpt>
<trkpt lat="44.877014" lon="6.688072"><ele>1470.0</ele></trkpt>
<trkpt lat="44.877049" lon="6.687879"><ele>1469.0</ele></trkpt>
<trkpt lat="44.877062" lon="6.687776"><ele>1468.5</ele></trkpt>
<trkpt lat="44.877086" lon="6.687544"><ele>1467.2</ele></trkpt>
<trkpt lat="44.877108" lon="6.687320"><ele>1466.0</ele></trkpt>
<trkpt lat="44.877122" lon="6.687103"><ele>1464.5</ele></trkpt>
<trkpt lat="44.877131" lon="6.686764"><ele>1461.5</ele></trkpt>
<trkpt lat="44.877141" lon="6.685894"><ele>1453.0</ele></trkpt>
<trkpt lat="44.877143" lon="6.685039"><ele>1446.8</ele></trkpt>
<trkpt lat="44.877148" lon="6.683503"><ele>1438.5</ele></trkpt>
<trkpt lat="44.877156" lon="6.683239"><ele>1436.8</ele></trkpt>
<trkpt lat="44.877188" lon="6.682973"><ele>1435.5</ele></trkpt>
<trkpt lat="44.877242" lon="6.682749"><ele>1435.0</ele></trkpt>
<trkpt lat="44.877674" lon="6.681610"><ele>1430.0</ele></trkpt>
<trkpt lat="44.877869" lon="6.681297"><ele>1429.0</ele></trkpt>
<trkpt lat="44.878025" lon="6.681068"><ele>1429.0</ele></trkpt>
<trkpt lat="44.878105" lon="6.680911"><ele>1428.5</ele></trkpt>
<trkpt lat="44.878328" lon="6.680348"><ele>1429.8</ele></trkpt>
<trkpt lat="44.878600" lon="6.679774"><ele>1425.0</ele></trkpt>
<trkpt lat="44.878771" lon="6.679394"><ele>1427.2</ele></trkpt>
<trkpt lat="44.878818" lon="6.679272"><ele>1427.2</ele></trkpt>
<trkpt lat="44.878856" lon="6.679157"><ele>1426.8</ele></trkpt>
<trkpt lat="44.878880" lon="6.679007"><ele>1424.2</ele></trkpt>
<trkpt lat="44.878922" lon="6.678592"><ele>1418.5</ele></trkpt>
<trkpt lat="44.878959" lon="6.678378"><ele>1418.2</ele></trkpt>
<trkpt lat="44.879005" lon="6.678175"><ele>1419.0</ele></trkpt>
<trkpt lat="44.879348" lon="6.676888"><ele>1422.8</ele></trkpt>
<trkpt lat="44.879397" lon="6.676652"><ele>1423.2</ele></trkpt>
<trkpt lat="44.879433" lon="6.676403"><ele>1422.2</ele></trkpt>
<trkpt lat="44.879490" lon="6.675825"><ele>1420.5</ele></trkpt>
<trkpt lat="44.879518" lon="6.675360"><ele>1417.8</ele></trkpt>
<trkpt lat="44.879544" lon="6.675141"><ele>1415.8</ele></trkpt>
<trkpt lat="44.879571" lon="6.675002"><ele>1414.8</ele></trkpt>
<trkpt lat="44.879612" lon="6.674880"><ele>1415.0</ele></trkpt>
<trkpt lat="44.879664" lon="6.674757"><ele>1415.8</ele></trkpt>
<trkpt lat="44.879805" lon="6.674509"><ele>1418.5</ele></trkpt>
<trkpt lat="44.879859" lon="6.674396"><ele>1419.8</ele></trkpt>
<trkpt lat="44.879883" lon="6.674288"><ele>1421.0</ele></trkpt>
<trkpt lat="44.879894" lon="6.674181"><ele>1421.5</ele></trkpt>
<trkpt lat="44.879893" lon="6.673822"><ele>1421.2</ele></trkpt>
<trkpt lat="44.879906" lon="6.673719"><ele>1421.0</ele></trkpt>
<trkpt lat="44.880021" lon="6.673117"><ele>1422.8</ele></trkpt>
<trkpt lat="44.880031" lon="6.672997"><ele>1423.5</ele></trkpt>
<trkpt lat="44.880027" lon="6.672897"><ele>1424.0</ele></trkpt>
<trkpt lat="44.879993" lon="6.672635"><ele>1423.2</ele></trkpt>
<trkpt lat="44.879981" lon="6.672473"><ele>1423.2</ele></trkpt>
<trkpt lat="44.879979" lon="6.672339"><ele>1422.5</ele></trkpt>
<trkpt lat="44.880003" lon="6.672019"><ele>1422.8</ele></trkpt>
<trkpt lat="44.879992" lon="6.671927"><ele>1421.0</ele></trkpt>
<trkpt lat="44.879956" lon="6.671807"><ele>1416.8</ele></trkpt>
<trkpt lat="44.879937" lon="6.671714"><ele>1414.8</ele></trkpt>
<trkpt lat="44.879941" lon="6.671613"><ele>1414.5</ele></trkpt>
<trkpt lat="44.879965" lon="6.671539"><ele>1416.0</ele></trkpt>
<trkpt lat="44.880013" lon="6.671475"><ele>1418.8</ele></trkpt>
<trkpt lat="44.880209" lon="6.671323"><ele>1426.2</ele></trkpt>
<trkpt lat="44.880250" lon="6.671251"><ele>1426.8</ele></trkpt>
<trkpt lat="44.880275" lon="6.671165"><ele>1426.5</ele></trkpt>
<trkpt lat="44.880285" lon="6.671071"><ele>1426.2</ele></trkpt>
<trkpt lat="44.880296" lon="6.670782"><ele>1427.0</ele></trkpt>
<trkpt lat="44.880343" lon="6.670512"><ele>1429.5</ele></trkpt>
<trkpt lat="44.880356" lon="6.670384"><ele>1430.0</ele></trkpt>
<trkpt lat="44.880353" lon="6.670096"><ele>1428.8</ele></trkpt>
<trkpt lat="44.880374" lon="6.669980"><ele>1428.5</ele></trkpt>
<trkpt lat="44.880423" lon="6.669902"><ele>1428.0</ele></trkpt>
<trkpt lat="44.880478" lon="6.669862"><ele>1428.5</ele></trkpt>
<trkpt lat="44.880546" lon="6.669839"><ele>1429.5</ele></trkpt>
<trkpt lat="44.880836" lon="6.669852"><ele>1436.0</ele></trkpt>
<trkpt lat="44.880971" lon="6.669834"><ele>1437.0</ele></trkpt>
<trkpt lat="44.881114" lon="6.669803"><ele>1437.0</ele></trkpt>
<trkpt lat="44.881231" lon="6.669764"><ele>1438.5</ele></trkpt>
<trkpt lat="44.881394" lon="6.669659"><ele>1439.2</ele></trkpt>
<trkpt lat="44.881559" lon="6.669592"><ele>1438.5</ele></trkpt>
<trkpt lat="44.881811" lon="6.669544"><ele>1441.8</ele></trkpt>
<trkpt lat="44.881915" lon="6.669493"><ele>1442.2</ele></trkpt>
<trkpt lat="44.881951" lon="6.669447"><ele>1441.2</ele></trkpt>
<trkpt lat="44.881976" lon="6.669390"><ele>1441.0</ele></trkpt>
<trkpt lat="44.881989" lon="6.669317"><ele>1440.2</ele></trkpt>
<trkpt lat="44.881990" lon="6.669240"><ele>1438.8</ele></trkpt>
<trkpt lat="44.881967" lon="6.669106"><ele>1437.0</ele></trkpt>
<trkpt lat="44.881943" lon="6.669026"><ele>1436.8</ele></trkpt>
<trkpt lat="44.881891" lon="6.668900"><ele>1436.0</ele></trkpt>
<trkpt lat="44.881724" lon="6.668597"><ele>1433.2</ele></trkpt>
<trkpt lat="44.881695" lon="6.668506"><ele>1433.5</ele></trkpt>
<trkpt lat="44.881682" lon="6.668405"><ele>1434.5</ele></trkpt>
<trkpt lat="44.881672" lon="6.668044"><ele>1439.2</ele></trkpt>
<trkpt lat="44.881656" lon="6.667958"><ele>1440.5</ele></trkpt>
<trkpt lat="44.881630" lon="6.667857"><ele>1441.2</ele></trkpt>
<trkpt lat="44.881431" lon="6.667302"><ele>1439.8</ele></trkpt>
<trkpt lat="44.881402" lon="6.667175"><ele>1440.0</ele></trkpt>
<trkpt lat="44.881382" lon="6.667009"><ele>1440.8</ele></trkpt>
<trkpt lat="44.881370" lon="6.666824"><ele>1440.8</ele></trkpt>
<trkpt lat="44.881373" lon="6.666648"><ele>1441.0</ele></trkpt>
<trkpt lat="44.881387" lon="6.666497"><ele>1440.5</ele></trkpt>
<trkpt lat="44.881413" lon="6.666339"><ele>1440.5</ele></trkpt>
<trkpt lat="44.881620" lon="6.665480"><ele>1438.0</ele></trkpt>
<trkpt lat="44.881664" lon="6.665367"><ele>1437.8</ele></trkpt>
<trkpt lat="44.881717" lon="6.665272"><ele>1438.0</ele></trkpt>
<trkpt lat="44.881838" lon="6.665107"><ele>1439.0</ele></trkpt>
<trkpt lat="44.881898" lon="6.664975"><ele>1439.0</ele></trkpt>
<trkpt lat="44.881934" lon="6.664829"><ele>1437.0</ele></trkpt>
<trkpt lat="44.881954" lon="6.664703"><ele>1434.8</ele></trkpt>
<trkpt lat="44.881974" lon="6.664540"><ele>1431.8</ele></trkpt>
<trkpt lat="44.882012" lon="6.664385"><ele>1430.2</ele></trkpt>
<trkpt lat="44.882081" lon="6.664239"><ele>1431.2</ele></trkpt>
<trkpt lat="44.882177" lon="6.664083"><ele>1433.5</ele></trkpt>
<trkpt lat="44.882237" lon="6.663948"><ele>1433.8</ele></trkpt>
<trkpt lat="44.882350" lon="6.663543"><ele>1433.2</ele></trkpt>
<trkpt lat="44.882361" lon="6.663436"><ele>1433.0</ele></trkpt>
<trkpt lat="44.882351" lon="6.663336"><ele>1432.0</ele></trkpt>
<trkpt lat="44.882230" lon="6.662915"><ele>1428.2</ele></trkpt>
<trkpt lat="44.882209" lon="6.662759"><ele>1428.0</ele></trkpt>
<trkpt lat="44.882208" lon="6.662633"><ele>1428.5</ele></trkpt>
<trkpt lat="44.882229" lon="6.662510"><ele>1430.0</ele></trkpt>
<trkpt lat="44.882275" lon="6.662374"><ele>1429.8</ele></trkpt>
<trkpt lat="44.882327" lon="6.662252"><ele>1429.8</ele></trkpt>
<trkpt lat="44.882479" lon="6.661965"><ele>1431.2</ele></trkpt>
<trkpt lat="44.882601" lon="6.661759"><ele>1431.2</ele></trkpt>
<trkpt lat="44.882656" lon="6.661628"><ele>1430.8</ele></trkpt>
<trkpt lat="44.882693" lon="6.661484"><ele>1429.8</ele></trkpt>
<trkpt lat="44.882734" lon="6.661241"><ele>1428.2</ele></trkpt>
<trkpt lat="44.882745" lon="6.661036"><ele>1426.5</ele></trkpt>
<trkpt lat="44.882736" lon="6.660565"><ele>1423.2</ele></trkpt>
<trkpt lat="44.882759" lon="6.660402"><ele>1423.5</ele></trkpt>
<trkpt lat="44.882799" lon="6.660276"><ele>1424.5</ele></trkpt>
<trkpt lat="44.882862" lon="6.660153"><ele>1424.0</ele></trkpt>
<trkpt lat="44.882926" lon="6.660061"><ele>1424.5</ele></trkpt>
<trkpt lat="44.883162" lon="6.659860"><ele>1426.2</ele></trkpt>
<trkpt lat="44.883238" lon="6.659761"><ele>1425.2</ele></trkpt>
<trkpt lat="44.883377" lon="6.659545"><ele>1421.0</ele></trkpt>
<trkpt lat="44.883485" lon="6.659443"><ele>1419.0</ele></trkpt>
<trkpt lat="44.883573" lon="6.659426"><ele>1419.0</ele></trkpt>
<trkpt lat="44.883665" lon="6.659432"><ele>1419.8</ele></trkpt>
<trkpt lat="44.883763" lon="6.659457"><ele>1420.8</ele></trkpt>
<trkpt lat="44.883872" lon="6.659469"><ele>1421.5</ele></trkpt>
<trkpt lat="44.883982" lon="6.659463"><ele>1422.2</ele></trkpt>
<trkpt lat="44.884084" lon="6.659450"><ele>1423.0</ele></trkpt>
<trkpt lat="44.884174" lon="6.659414"><ele>1423.5</ele></trkpt>
<trkpt lat="44.884226" lon="6.659373"><ele>1424.5</ele></trkpt>
<trkpt lat="44.884269" lon="6.659304"><ele>1425.0</ele></trkpt>
<trkpt lat="44.884289" lon="6.659219"><ele>1424.8</ele></trkpt>
<trkpt lat="44.884294" lon="6.659123"><ele>1424.2</ele></trkpt>
<trkpt lat="44.884285" lon="6.659031"><ele>1424.0</ele></trkpt>
<trkpt lat="44.884262" lon="6.658909"><ele>1422.8</ele></trkpt>
<trkpt lat="44.884134" lon="6.658380"><ele>1418.0</ele></trkpt>
<trkpt lat="44.884101" lon="6.658190"><ele>1417.2</ele></trkpt>
<trkpt lat="44.884078" lon="6.657978"><ele>1417.2</ele></trkpt>
<trkpt lat="44.884062" lon="6.657565"><ele>1415.8</ele></trkpt>
<trkpt lat="44.884073" lon="6.657382"><ele>1414.5</ele></trkpt>
<trkpt lat="44.884096" lon="6.657190"><ele>1413.0</ele></trkpt>
<trkpt lat="44.884261" lon="6.656311"><ele>1410.0</ele></trkpt>
<trkpt lat="44.884340" lon="6.655851"><ele>1408.2</ele></trkpt>
<trkpt lat="44.884435" lon="6.655221"><ele>1406.2</ele></trkpt>
<trkpt lat="44.884498" lon="6.654872"><ele>1405.0</ele></trkpt>
<trkpt lat="44.884555" lon="6.654617"><ele>1403.8</ele></trkpt>
<trkpt lat="44.884633" lon="6.654357"><ele>1402.2</ele></trkpt>
<trkpt lat="44.884701" lon="6.654183"><ele>1401.8</ele></trkpt>
<trkpt lat="44.884721" lon="6.654149"><ele>1401.5</ele></trkpt>
<trkpt lat="44.884782" lon="6.654047"><ele>1400.5</ele></trkpt>
<trkpt lat="44.884896" lon="6.653910"><ele>1399.8</ele></trkpt>
<trkpt lat="44.885025" lon="6.653730"><ele>1398.5</ele></trkpt>
<trkpt lat="44.885129" lon="6.653557"><ele>1398.0</ele></trkpt>
<trkpt lat="44.885185" lon="6.653431"><ele>1397.8</ele></trkpt>
<trkpt lat="44.885222" lon="6.653338"><ele>1397.5</ele></trkpt>
<trkpt lat="44.885248" lon="6.653252"><ele>1397.5</ele></trkpt>
<trkpt lat="44.885256" lon="6.653165"><ele>1397.2</ele></trkpt>
<trkpt lat="44.885253" lon="6.653050"><ele>1397.2</ele></trkpt>
<trkpt lat="44.885238" lon="6.652944"><ele>1397.2</ele></trkpt>
<trkpt lat="44.885170" lon="6.652623"><ele>1396.8</ele></trkpt>
<trkpt lat="44.885165" lon="6.652405"><ele>1396.5</ele></trkpt>
<trkpt lat="44.885230" lon="6.651846"><ele>1393.8</ele></trkpt>
<trkpt lat="44.885262" lon="6.651672"><ele>1392.5</ele></trkpt>
<trkpt lat="44.885300" lon="6.651532"><ele>1391.8</ele></trkpt>
<trkpt lat="44.885409" lon="6.651284"><ele>1391.0</ele></trkpt>
<trkpt lat="44.885465" lon="6.651191"><ele>1390.2</ele></trkpt>
<trkpt lat="44.885534" lon="6.651101"><ele>1389.2</ele></trkpt>
<trkpt lat="44.885718" lon="6.650918"><ele>1390.5</ele></trkpt>
<trkpt lat="44.885791" lon="6.650780"><ele>1389.0</ele></trkpt>
<trkpt lat="44.885846" lon="6.650608"><ele>1387.0</ele></trkpt>
<trkpt lat="44.885919" lon="6.650314"><ele>1386.0</ele></trkpt>
<trkpt lat="44.885964" lon="6.650151"><ele>1384.5</ele></trkpt>
<trkpt lat="44.886033" lon="6.649991"><ele>1383.5</ele></trkpt>
<trkpt lat="44.886107" lon="6.649877"><ele>1383.2</ele></trkpt>
<trkpt lat="44.886173" lon="6.649796"><ele>1382.5</ele></trkpt>
<trkpt lat="44.886410" lon="6.649595"><ele>1381.0</ele></trkpt>
<trkpt lat="44.886503" lon="6.649467"><ele>1380.2</ele></trkpt>
<trkpt lat="44.886545" lon="6.649377"><ele>1380.0</ele></trkpt>
<trkpt lat="44.886565" lon="6.649287"><ele>1379.2</ele></trkpt>
<trkpt lat="44.886577" lon="6.649178"><ele>1377.8</ele></trkpt>
<trkpt lat="44.886574" lon="6.649068"><ele>1376.8</ele></trkpt>
<trkpt lat="44.886522" lon="6.648745"><ele>1372.5</ele></trkpt>
<trkpt lat="44.886516" lon="6.648599"><ele>1370.5</ele></trkpt>
<trkpt lat="44.886528" lon="6.648501"><ele>1369.5</ele></trkpt>
<trkpt lat="44.886568" lon="6.648369"><ele>1368.5</ele></trkpt>
<trkpt lat="44.886604" lon="6.648310"><ele>1368.2</ele></trkpt>
<trkpt lat="44.886660" lon="6.648236"><ele>1368.0</ele></trkpt>
<trkpt lat="44.886766" lon="6.648164"><ele>1367.2</ele></trkpt>
<trkpt lat="44.887229" lon="6.647921"><ele>1364.5</ele></trkpt>
<trkpt lat="44.887371" lon="6.647874"><ele>1363.5</ele></trkpt>
<trkpt lat="44.887501" lon="6.647841"><ele>1362.8</ele></trkpt>
<trkpt lat="44.887924" lon="6.647767"><ele>1359.0</ele></trkpt>
<trkpt lat="44.888081" lon="6.647750"><ele>1358.0</ele></trkpt>
<trkpt lat="44.888559" lon="6.647744"><ele>1355.5</ele></trkpt>
<trkpt lat="44.888694" lon="6.647728"><ele>1354.2</ele></trkpt>
<trkpt lat="44.888856" lon="6.647684"><ele>1352.2</ele></trkpt>
<trkpt lat="44.889157" lon="6.647584"><ele>1348.0</ele></trkpt>
<trkpt lat="44.889264" lon="6.647565"><ele>1346.8</ele></trkpt>
<trkpt lat="44.889389" lon="6.647580"><ele>1346.2</ele></trkpt>
<trkpt lat="44.889486" lon="6.647605"><ele>1346.2</ele></trkpt>
<trkpt lat="44.889636" lon="6.647694"><ele>1347.0</ele></trkpt>
<trkpt lat="44.889837" lon="6.647746"><ele>1347.0</ele></trkpt>
<trkpt lat="44.889964" lon="6.647737"><ele>1346.5</ele></trkpt>
<trkpt lat="44.890034" lon="6.647722"><ele>1346.0</ele></trkpt>
<trkpt lat="44.890109" lon="6.647690"><ele>1345.5</ele></trkpt>
<trkpt lat="44.890145" lon="6.647665"><ele>1345.2</ele></trkpt>
<trkpt lat="44.890209" lon="6.647607"><ele>1344.5</ele></trkpt>
<trkpt lat="44.890331" lon="6.647450"><ele>1343.2</ele></trkpt>
<trkpt lat="44.890424" lon="6.647280"><ele>1341.5</ele></trkpt>
<trkpt lat="44.890499" lon="6.647145"><ele>1340.2</ele></trkpt>
<trkpt lat="44.890550" lon="6.647067"><ele>1339.8</ele></trkpt>
<trkpt lat="44.890600" lon="6.647012"><ele>1339.0</ele></trkpt>
<trkpt lat="44.890653" lon="6.646979"><ele>1338.5</ele></trkpt>
<trkpt lat="44.890727" lon="6.646963"><ele>1337.8</ele></trkpt>
<trkpt lat="44.890992" lon="6.646967"><ele>1336.5</ele></trkpt>
<trkpt lat="44.891069" lon="6.646966"><ele>1336.2</ele></trkpt>
<trkpt lat="44.891105" lon="6.646964"><ele>1336.2</ele></trkpt>
<trkpt lat="44.891187" lon="6.646963"><ele>1336.5</ele></trkpt>
<trkpt lat="44.891302" lon="6.646945"><ele>1336.5</ele></trkpt>
<trkpt lat="44.891350" lon="6.646931"><ele>1336.5</ele></trkpt>
<trkpt lat="44.891444" lon="6.646887"><ele>1336.5</ele></trkpt>
<trkpt lat="44.891668" lon="6.646764"><ele>1335.8</ele></trkpt>
<trkpt lat="44.891728" lon="6.646723"><ele>1335.5</ele></trkpt>
<trkpt lat="44.891770" lon="6.646683"><ele>1335.2</ele></trkpt>
<trkpt lat="44.891828" lon="6.646628"><ele>1335.0</ele></trkpt>
<trkpt lat="44.891874" lon="6.646568"><ele>1334.5</ele></trkpt>
<trkpt lat="44.891909" lon="6.646497"><ele>1333.5</ele></trkpt>
<trkpt lat="44.891941" lon="6.646411"><ele>1332.2</ele></trkpt>
<trkpt lat="44.891993" lon="6.646226"><ele>1329.2</ele></trkpt>
<trkpt lat="44.892032" lon="6.646142"><ele>1328.0</ele></trkpt>
<trkpt lat="44.892084" lon="6.646081"><ele>1327.5</ele></trkpt>
<trkpt lat="44.892144" lon="6.646034"><ele>1327.0</ele></trkpt>
<trkpt lat="44.892328" lon="6.645975"><ele>1327.0</ele></trkpt>
<trkpt lat="44.892399" lon="6.645931"><ele>1326.8</ele></trkpt>
<trkpt lat="44.892457" lon="6.645861"><ele>1326.0</ele></trkpt>
<trkpt lat="44.892514" lon="6.645772"><ele>1325.2</ele></trkpt>
<trkpt lat="44.892558" lon="6.645674"><ele>1324.2</ele></trkpt>
<trkpt lat="44.892607" lon="6.645539"><ele>1323.2</ele></trkpt>
<trkpt lat="44.892633" lon="6.645430"><ele>1322.5</ele></trkpt>
<trkpt lat="44.892649" lon="6.645326"><ele>1321.5</ele></trkpt>
<trkpt lat="44.892663" lon="6.645159"><ele>1320.2</ele></trkpt>
<trkpt lat="44.892682" lon="6.645036"><ele>1319.8</ele></trkpt>
<trkpt lat="44.892713" lon="6.644935"><ele>1319.5</ele></trkpt>
<trkpt lat="44.892862" lon="6.644629"><ele>1319.5</ele></trkpt>
<trkpt lat="44.892932" lon="6.644469"><ele>1319.2</ele></trkpt>
<trkpt lat="44.892963" lon="6.644378"><ele>1319.2</ele></trkpt>
<trkpt lat="44.892987" lon="6.644244"><ele>1319.0</ele></trkpt>
<trkpt lat="44.892994" lon="6.644093"><ele>1318.2</ele></trkpt>
<trkpt lat="44.892961" lon="6.643349"><ele>1314.2</ele></trkpt>
<trkpt lat="44.892972" lon="6.642997"><ele>1311.8</ele></trkpt>
<trkpt lat="44.892984" lon="6.642853"><ele>1310.5</ele></trkpt>
<trkpt lat="44.893007" lon="6.642701"><ele>1309.2</ele></trkpt>
<trkpt lat="44.893052" lon="6.642549"><ele>1308.2</ele></trkpt>
<trkpt lat="44.893189" lon="6.642260"><ele>1308.5</ele></trkpt>
<trkpt lat="44.893221" lon="6.642164"><ele>1308.5</ele></trkpt>
<trkpt lat="44.893243" lon="6.642074"><ele>1308.5</ele></trkpt>
<trkpt lat="44.893253" lon="6.641989"><ele>1308.2</ele></trkpt>
<trkpt lat="44.893251" lon="6.641892"><ele>1308.0</ele></trkpt>
<trkpt lat="44.893201" lon="6.641606"><ele>1306.0</ele></trkpt>
<trkpt lat="44.893150" lon="6.641403"><ele>1304.5</ele></trkpt>
<trkpt lat="44.893061" lon="6.641069"><ele>1301.8</ele></trkpt>
<trkpt lat="44.893046" lon="6.640989"><ele>1301.2</ele></trkpt>
<trkpt lat="44.893041" lon="6.640917"><ele>1301.0</ele></trkpt>
<trkpt lat="44.893044" lon="6.640820"><ele>1300.8</ele></trkpt>
<trkpt lat="44.893068" lon="6.640669"><ele>1300.5</ele></trkpt>
<trkpt lat="44.893098" lon="6.640542"><ele>1300.0</ele></trkpt>
<trkpt lat="44.893101" lon="6.640461"><ele>1299.5</ele></trkpt>
<trkpt lat="44.893096" lon="6.640395"><ele>1299.0</ele></trkpt>
<trkpt lat="44.893084" lon="6.640354"><ele>1298.5</ele></trkpt>
<trkpt lat="44.893028" lon="6.640254"><ele>1297.2</ele></trkpt>
<trkpt lat="44.892977" lon="6.640221"><ele>1296.2</ele></trkpt>
<trkpt lat="44.892911" lon="6.640211"><ele>1295.5</ele></trkpt>
<trkpt lat="44.892812" lon="6.640224"><ele>1294.8</ele></trkpt>
<trkpt lat="44.892756" lon="6.640253"><ele>1294.2</ele></trkpt>
<trkpt lat="44.892697" lon="6.640304"><ele>1294.2</ele></trkpt>
<trkpt lat="44.892426" lon="6.640575"><ele>1293.0</ele></trkpt>
<trkpt lat="44.892354" lon="6.640618"><ele>1292.5</ele></trkpt>
<trkpt lat="44.892276" lon="6.640650"><ele>1291.8</ele></trkpt>
<trkpt lat="44.892142" lon="6.640682"><ele>1291.0</ele></trkpt>
<trkpt lat="44.891959" lon="6.640707"><ele>1290.5</ele></trkpt>
<trkpt lat="44.891805" lon="6.640714"><ele>1289.5</ele></trkpt>
<trkpt lat="44.891680" lon="6.640692"><ele>1288.5</ele></trkpt>
<trkpt lat="44.891613" lon="6.640661"><ele>1288.0</ele></trkpt>
<trkpt lat="44.891581" lon="6.640640"><ele>1287.8</ele></trkpt>
<trkpt lat="44.891329" lon="6.640430"><ele>1284.5</ele></trkpt>
<trkpt lat="44.891205" lon="6.640331"><ele>1283.5</ele></trkpt>
<trkpt lat="44.891129" lon="6.640273"><ele>1282.8</ele></trkpt>
<trkpt lat="44.891006" lon="6.640174"><ele>1281.5</ele></trkpt>
<trkpt lat="44.890884" lon="6.640096"><ele>1280.2</ele></trkpt>
<trkpt lat="44.890730" lon="6.640016"><ele>1278.8</ele></trkpt>
<trkpt lat="44.890449" lon="6.639871"><ele>1274.8</ele></trkpt>
<trkpt lat="44.890364" lon="6.639841"><ele>1273.8</ele></trkpt>
<trkpt lat="44.890280" lon="6.639824"><ele>1273.0</ele></trkpt>
<trkpt lat="44.890172" lon="6.639825"><ele>1272.5</ele></trkpt>
<trkpt lat="44.890083" lon="6.639843"><ele>1272.2</ele></trkpt>
<trkpt lat="44.889998" lon="6.639874"><ele>1272.0</ele></trkpt>
<trkpt lat="44.889913" lon="6.639922"><ele>1271.5</ele></trkpt>
<trkpt lat="44.889839" lon="6.639986"><ele>1271.5</ele></trkpt>
<trkpt lat="44.889772" lon="6.640075"><ele>1271.2</ele></trkpt>
<trkpt lat="44.889684" lon="6.640204"><ele>1271.0</ele></trkpt>
<trkpt lat="44.889612" lon="6.640289"><ele>1270.8</ele></trkpt>
<trkpt lat="44.889567" lon="6.640344"><ele>1270.2</ele></trkpt>
<trkpt lat="44.889511" lon="6.640380"><ele>1269.8</ele></trkpt>
<trkpt lat="44.889455" lon="6.640396"><ele>1269.0</ele></trkpt>
<trkpt lat="44.889400" lon="6.640390"><ele>1268.5</ele></trkpt>
<trkpt lat="44.889338" lon="6.640360"><ele>1267.8</ele></trkpt>
<trkpt lat="44.889215" lon="6.640276"><ele>1266.5</ele></trkpt>
<trkpt lat="44.889079" lon="6.640152"><ele>1264.8</ele></trkpt>
<trkpt lat="44.889002" lon="6.640075"><ele>1264.0</ele></trkpt>
<trkpt lat="44.888906" lon="6.639983"><ele>1263.0</ele></trkpt>
<trkpt lat="44.888808" lon="6.639874"><ele>1262.5</ele></trkpt>
<trkpt lat="44.888739" lon="6.639737"><ele>1262.0</ele></trkpt>
<trkpt lat="44.888723" lon="6.639646"><ele>1261.2</ele></trkpt>
<trkpt lat="44.888715" lon="6.639554"><ele>1260.8</ele></trkpt>
<trkpt lat="44.888719" lon="6.639478"><ele>1260.0</ele></trkpt>
<trkpt lat="44.888746" lon="6.639403"><ele>1259.2</ele></trkpt>
<trkpt lat="44.888782" lon="6.639345"><ele>1258.5</ele></trkpt>
<trkpt lat="44.888816" lon="6.639316"><ele>1258.2</ele></trkpt>
<trkpt lat="44.888883" lon="6.639277"><ele>1258.0</ele></trkpt>
<trkpt lat="44.888969" lon="6.639248"><ele>1257.8</ele></trkpt>
<trkpt lat="44.889228" lon="6.639212"><ele>1257.5</ele></trkpt>
<trkpt lat="44.889286" lon="6.639198"><ele>1257.2</ele></trkpt>
<trkpt lat="44.889388" lon="6.639152"><ele>1256.5</ele></trkpt>
<trkpt lat="44.889531" lon="6.639054"><ele>1254.8</ele></trkpt>
<trkpt lat="44.889607" lon="6.639018"><ele>1254.0</ele></trkpt>
<trkpt lat="44.889683" lon="6.639001"><ele>1253.8</ele></trkpt>
<trkpt lat="44.889802" lon="6.638989"><ele>1253.2</ele></trkpt>
<trkpt lat="44.890132" lon="6.638965"><ele>1252.0</ele></trkpt>
<trkpt lat="44.890206" lon="6.638951"><ele>1251.8</ele></trkpt>
<trkpt lat="44.890343" lon="6.638904"><ele>1250.2</ele></trkpt>
<trkpt lat="44.890454" lon="6.638853"><ele>1249.0</ele></trkpt>
<trkpt lat="44.890553" lon="6.638798"><ele>1248.0</ele></trkpt>
<trkpt lat="44.890636" lon="6.638728"><ele>1246.8</ele></trkpt>
<trkpt lat="44.890790" lon="6.638599"><ele>1245.2</ele></trkpt>
<trkpt lat="44.891077" lon="6.638357"><ele>1241.2</ele></trkpt>
<trkpt lat="44.891117" lon="6.638325"><ele>1240.8</ele></trkpt>
<trkpt lat="44.891390" lon="6.638123"><ele>1238.5</ele></trkpt>
<trkpt lat="44.891556" lon="6.638050"><ele>1238.0</ele></trkpt>
<trkpt lat="44.891707" lon="6.638006"><ele>1237.8</ele></trkpt>
<trkpt lat="44.891799" lon="6.637988"><ele>1237.2</ele></trkpt>
<trkpt lat="44.892204" lon="6.637891"><ele>1233.5</ele></trkpt>
<trkpt lat="44.892366" lon="6.637871"><ele>1231.5</ele></trkpt>
<trkpt lat="44.892499" lon="6.637864"><ele>1230.0</ele></trkpt>
<trkpt lat="44.892655" lon="6.637867"><ele>1228.8</ele></trkpt>
<trkpt lat="44.893054" lon="6.637887"><ele>1227.5</ele></trkpt>
<trkpt lat="44.893143" lon="6.637884"><ele>1227.2</ele></trkpt>
<trkpt lat="44.893272" lon="6.637863"><ele>1226.5</ele></trkpt>
<trkpt lat="44.893655" lon="6.637753"><ele>1224.2</ele></trkpt>
<trkpt lat="44.894094" lon="6.637597"><ele>1221.0</ele></trkpt>
<trkpt lat="44.894186" lon="6.637563"><ele>1220.2</ele></trkpt>
<trkpt lat="44.894266" lon="6.637517"><ele>1219.0</ele></trkpt>
<trkpt lat="44.894702" lon="6.637188"><ele>1211.0</ele></trkpt>
<trkpt lat="44.894781" lon="6.637125"><ele>1210.2</ele></trkpt>
<trkpt lat="44.894890" lon="6.637013"><ele>1209.5</ele></trkpt>
<trkpt lat="44.894913" lon="6.636983"><ele>1209.2</ele></trkpt>
<trkpt lat="44.894925" lon="6.636965"><ele>1209.2</ele></trkpt>
<trkpt lat="44.894978" lon="6.636894"><ele>1208.8</ele></trkpt>
<trkpt lat="44.895003" lon="6.636910"><ele>1208.8</ele></trkpt>
<trkpt lat="44.895029" lon="6.636914"><ele>1208.8</ele></trkpt>
<trkpt lat="44.895054" lon="6.636907"><ele>1208.8</ele></trkpt>
<trkpt lat="44.895075" lon="6.636889"><ele>1208.8</ele></trkpt>
<trkpt lat="44.895092" lon="6.636862"><ele>1208.5</ele></trkpt>
<trkpt lat="44.895102" lon="6.636830"><ele>1208.5</ele></trkpt>
<trkpt lat="44.895152" lon="6.636835"><ele>1208.5</ele></trkpt>
<trkpt lat="44.895186" lon="6.636826"><ele>1208.5</ele></trkpt>
<trkpt lat="44.895276" lon="6.636783"><ele>1208.2</ele></trkpt>
<trkpt lat="44.895254" lon="6.636713"><ele>1208.0</ele></trkpt>
<trkpt lat="44.895221" lon="6.636608"><ele>1207.8</ele></trkpt>
<trkpt lat="44.894789" lon="6.635571"><ele>1205.2</ele></trkpt>
<trkpt lat="44.894612" lon="6.635149"><ele>1204.8</ele></trkpt>
<trkpt lat="44.894507" lon="6.634843"><ele>1204.0</ele></trkpt>
<trkpt lat="44.894343" lon="6.634201"><ele>1204.0</ele></trkpt>
<trkpt lat="44.894201" lon="6.633640"><ele>1203.0</ele></trkpt>
<trkpt lat="44.894184" lon="6.633625"><ele>1203.0</ele></trkpt>
<trkpt lat="44.894130" lon="6.633614"><ele>1203.0</ele></trkpt>
<trkpt lat="44.894104" lon="6.633577"><ele>1202.8</ele></trkpt>
<trkpt lat="44.894123" lon="6.633547"><ele>1202.8</ele></trkpt>
<trkpt lat="44.894134" lon="6.633510"><ele>1202.8</ele></trkpt>
<trkpt lat="44.894136" lon="6.633469"><ele>1202.8</ele></trkpt>
<trkpt lat="44.894129" lon="6.633430"><ele>1202.8</ele></trkpt>
<trkpt lat="44.894113" lon="6.633397"><ele>1202.8</ele></trkpt>
<trkpt lat="44.894091" lon="6.633372"><ele>1202.8</ele></trkpt>
<trkpt lat="44.894065" lon="6.633359"><ele>1202.5</ele></trkpt>
<trkpt lat="44.894035" lon="6.633358"><ele>1202.5</ele></trkpt>
<trkpt lat="44.894037" lon="6.633306"><ele>1202.5</ele></trkpt>
<trkpt lat="44.894036" lon="6.633269"><ele>1202.5</ele></trkpt>
<trkpt lat="44.894026" lon="6.633226"><ele>1202.5</ele></trkpt>
<trkpt lat="44.894062" lon="6.633204"><ele>1202.8</ele></trkpt>
<trkpt lat="44.894070" lon="6.633199"><ele>1202.8</ele></trkpt>
<trkpt lat="44.893972" lon="6.632966"><ele>1203.0</ele></trkpt>
<trkpt lat="44.893612" lon="6.632189"><ele>1201.8</ele></trkpt>
<trkpt lat="44.893438" lon="6.631794"><ele>1200.8</ele></trkpt>
<trkpt lat="44.892841" lon="6.630340"><ele>1198.0</ele></trkpt>
<trkpt lat="44.892776" lon="6.630194"><ele>1197.5</ele></trkpt>
<trkpt lat="44.892738" lon="6.630118"><ele>1197.2</ele></trkpt>
<trkpt lat="44.892635" lon="6.629978"><ele>1197.0</ele></trkpt>
<trkpt lat="44.892491" lon="6.629843"><ele>1196.8</ele></trkpt>
<trkpt lat="44.892348" lon="6.629748"><ele>1196.5</ele></trkpt>
<trkpt lat="44.891752" lon="6.629501"><ele>1196.0</ele></trkpt>
<trkpt lat="44.891504" lon="6.629343"><ele>1195.8</ele></trkpt>
<trkpt lat="44.891224" lon="6.629125"><ele>1195.0</ele></trkpt>
<trkpt lat="44.891165" lon="6.629068"><ele>1195.0</ele></trkpt>
<trkpt lat="44.891121" lon="6.628996"><ele>1195.0</ele></trkpt>
<trkpt lat="44.890991" lon="6.628878"><ele>1194.5</ele></trkpt>
<trkpt lat="44.890956" lon="6.628870"><ele>1194.2</ele></trkpt>
<trkpt lat="44.890908" lon="6.628840"><ele>1194.2</ele></trkpt>
<trkpt lat="44.890165" lon="6.628158"><ele>1193.2</ele></trkpt>
<trkpt lat="44.889680" lon="6.627733"><ele>1192.0</ele></trkpt>
<trkpt lat="44.889489" lon="6.627585"><ele>1192.0</ele></trkpt>
<trkpt lat="44.889331" lon="6.627478"><ele>1191.5</ele></trkpt>
<trkpt lat="44.888209" lon="6.626779"><ele>1190.5</ele></trkpt>
<trkpt lat="44.887556" lon="6.626342"><ele>1189.0</ele></trkpt>
<trkpt lat="44.887190" lon="6.626084"><ele>1187.8</ele></trkpt>
<trkpt lat="44.887102" lon="6.626056"><ele>1187.8</ele></trkpt>
<trkpt lat="44.886955" lon="6.625962"><ele>1187.2</ele></trkpt>
<trkpt lat="44.886883" lon="6.625926"><ele>1187.5</ele></trkpt>
<trkpt lat="44.886696" lon="6.625807"><ele>1187.8</ele></trkpt>
<trkpt lat="44.886632" lon="6.625766"><ele>1187.8</ele></trkpt>
<trkpt lat="44.886180" lon="6.625439"><ele>1187.8</ele></trkpt>
<trkpt lat="44.885912" lon="6.625220"><ele>1188.0</ele></trkpt>
<trkpt lat="44.885596" lon="6.624935"><ele>1187.2</ele></trkpt>
<trkpt lat="44.885566" lon="6.624908"><ele>1187.2</ele></trkpt>
<trkpt lat="44.884312" lon="6.623741"><ele>1186.0</ele></trkpt>
<trkpt lat="44.884008" lon="6.623517"><ele>1186.2</ele></trkpt>
<trkpt lat="44.883585" lon="6.623285"><ele>1186.5</ele></trkpt>
<trkpt lat="44.883343" lon="6.623184"><ele>1186.2</ele></trkpt>
<trkpt lat="44.883119" lon="6.623106"><ele>1186.0</ele></trkpt>
<trkpt lat="44.882258" lon="6.622832"><ele>1185.0</ele></trkpt>
<trkpt lat="44.882202" lon="6.622796"><ele>1184.8</ele></trkpt>
<trkpt lat="44.882162" lon="6.622758"><ele>1184.5</ele></trkpt>
<trkpt lat="44.882126" lon="6.622678"><ele>1183.8</ele></trkpt>
<trkpt lat="44.882074" lon="6.622604"><ele>1183.2</ele></trkpt>
<trkpt lat="44.882025" lon="6.622569"><ele>1183.0</ele></trkpt>
<trkpt lat="44.881968" lon="6.622565"><ele>1183.0</ele></trkpt>
<trkpt lat="44.881914" lon="6.622585"><ele>1183.2</ele></trkpt>
<trkpt lat="44.881853" lon="6.622591"><ele>1183.2</ele></trkpt>
<trkpt lat="44.881629" lon="6.622515"><ele>1183.0</ele></trkpt>
<trkpt lat="44.881544" lon="6.622467"><ele>1182.8</ele></trkpt>
<trkpt lat="44.881186" lon="6.622183"><ele>1182.2</ele></trkpt>
<trkpt lat="44.881091" lon="6.622061"><ele>1181.8</ele></trkpt>
<trkpt lat="44.881020" lon="6.621942"><ele>1181.5</ele></trkpt>
<trkpt lat="44.880941" lon="6.621854"><ele>1182.0</ele></trkpt>
<trkpt lat="44.880831" lon="6.621763"><ele>1182.2</ele></trkpt>
<trkpt lat="44.880843" lon="6.621702"><ele>1182.0</ele></trkpt>
<trkpt lat="44.880857" lon="6.621672"><ele>1182.0</ele></trkpt>
<trkpt lat="44.880978" lon="6.621416"><ele>1182.2</ele></trkpt>
<trkpt lat="44.881064" lon="6.621215"><ele>1182.8</ele></trkpt>
<trkpt lat="44.881071" lon="6.621197"><ele>1182.8</ele></trkpt>
<trkpt lat="44.881122" lon="6.621066"><ele>1184.0</ele></trkpt>
<trkpt lat="44.881142" lon="6.621013"><ele>1184.2</ele></trkpt>
<trkpt lat="44.881176" lon="6.621039"><ele>1184.2</ele></trkpt>
<trkpt lat="44.881218" lon="6.621051"><ele>1184.5</ele></trkpt>
<trkpt lat="44.881261" lon="6.621046"><ele>1184.8</ele></trkpt>
<trkpt lat="44.881301" lon="6.621023"><ele>1185.0</ele></trkpt>
<trkpt lat="44.881334" lon="6.620987"><ele>1185.0</ele></trkpt>
<trkpt lat="44.881358" lon="6.620938"><ele>1185.5</ele></trkpt>
<trkpt lat="44.881372" lon="6.620882"><ele>1185.8</ele></trkpt>
<trkpt lat="44.881374" lon="6.620823"><ele>1185.8</ele></trkpt>
<trkpt lat="44.881363" lon="6.620763"><ele>1185.8</ele></trkpt>
<trkpt lat="44.881340" lon="6.620710"><ele>1185.8</ele></trkpt>
<trkpt lat="44.881306" lon="6.620668"><ele>1185.5</ele></trkpt>
<trkpt lat="44.881266" lon="6.620643"><ele>1185.5</ele></trkpt>
<trkpt lat="44.881222" lon="6.620636"><ele>1185.2</ele></trkpt>
<trkpt lat="44.881178" lon="6.620647"><ele>1185.0</ele></trkpt>
<trkpt lat="44.881139" lon="6.620677"><ele>1185.0</ele></trkpt>
<trkpt lat="44.881053" lon="6.620646"><ele>1184.5</ele></trkpt>
<trkpt lat="44.880935" lon="6.620590"><ele>1183.5</ele></trkpt>
<trkpt lat="44.879794" lon="6.619499"><ele>1179.8</ele></trkpt>
<trkpt lat="44.880935" lon="6.620590"><ele>1183.5</ele></trkpt>
<trkpt lat="44.881016" lon="6.620734"><ele>1184.2</ele></trkpt>
<trkpt lat="44.881044" lon="6.620778"><ele>1184.5</ele></trkpt>
<trkpt lat="44.881080" lon="6.620835"><ele>1184.8</ele></trkpt>
<trkpt lat="44.881083" lon="6.620885"><ele>1184.5</ele></trkpt>
<trkpt lat="44.881094" lon="6.620933"><ele>1184.2</ele></trkpt>
<trkpt lat="44.881113" lon="6.620975"><ele>1184.2</ele></trkpt>
<trkpt lat="44.881142" lon="6.621013"><ele>1184.2</ele></trkpt>
<trkpt lat="44.881122" lon="6.621066"><ele>1184.0</ele></trkpt>
<trkpt lat="44.881071" lon="6.621197"><ele>1182.8</ele></trkpt>
<trkpt lat="44.881064" lon="6.621215"><ele>1182.5</ele></trkpt>
<trkpt lat="44.880978" lon="6.621416"><ele>1182.2</ele></trkpt>
<trkpt lat="44.880857" lon="6.621672"><ele>1182.0</ele></trkpt>
<trkpt lat="44.880843" lon="6.621702"><ele>1182.0</ele></trkpt>
<trkpt lat="44.880804" lon="6.621745"><ele>1182.2</ele></trkpt>
<trkpt lat="44.880831" lon="6.621763"><ele>1182.2</ele></trkpt>
<trkpt lat="44.880941" lon="6.621854"><ele>1182.0</ele></trkpt>
<trkpt lat="44.881020" lon="6.621942"><ele>1181.5</ele></trkpt>
<trkpt lat="44.881091" lon="6.622061"><ele>1181.8</ele></trkpt>
<trkpt lat="44.881186" lon="6.622183"><ele>1182.2</ele></trkpt>
<trkpt lat="44.881544" lon="6.622467"><ele>1182.8</ele></trkpt>
<trkpt lat="44.881629" lon="6.622515"><ele>1183.0</ele></trkpt>
<trkpt lat="44.881853" lon="6.622591"><ele>1183.2</ele></trkpt>
<trkpt lat="44.881914" lon="6.622585"><ele>1183.2</ele></trkpt>
<trkpt lat="44.881968" lon="6.622565"><ele>1183.0</ele></trkpt>
<trkpt lat="44.882025" lon="6.622569"><ele>1183.0</ele></trkpt>
<trkpt lat="44.882074" lon="6.622604"><ele>1183.2</ele></trkpt>
<trkpt lat="44.882126" lon="6.622678"><ele>1183.8</ele></trkpt>
<trkpt lat="44.882162" lon="6.622758"><ele>1184.5</ele></trkpt>
<trkpt lat="44.882202" lon="6.622796"><ele>1184.8</ele></trkpt>
<trkpt lat="44.882258" lon="6.622832"><ele>1185.0</ele></trkpt>
<trkpt lat="44.883119" lon="6.623106"><ele>1186.0</ele></trkpt>
<trkpt lat="44.883343" lon="6.623184"><ele>1186.2</ele></trkpt>
<trkpt lat="44.883585" lon="6.623285"><ele>1186.5</ele></trkpt>
<trkpt lat="44.884008" lon="6.623517"><ele>1186.2</ele></trkpt>
<trkpt lat="44.884312" lon="6.623741"><ele>1186.0</ele></trkpt>
<trkpt lat="44.885566" lon="6.624908"><ele>1187.2</ele></trkpt>
<trkpt lat="44.885596" lon="6.624935"><ele>1187.2</ele></trkpt>
<trkpt lat="44.885912" lon="6.625220"><ele>1188.0</ele></trkpt>
<trkpt lat="44.886180" lon="6.625439"><ele>1187.8</ele></trkpt>
<trkpt lat="44.886632" lon="6.625766"><ele>1187.8</ele></trkpt>
<trkpt lat="44.886664" lon="6.625787"><ele>1187.8</ele></trkpt>
<trkpt lat="44.886696" lon="6.625807"><ele>1187.8</ele></trkpt>
<trkpt lat="44.886883" lon="6.625926"><ele>1187.5</ele></trkpt>
<trkpt lat="44.886955" lon="6.625962"><ele>1187.2</ele></trkpt>
<trkpt lat="44.887061" lon="6.626030"><ele>1187.5</ele></trkpt>
<trkpt lat="44.887102" lon="6.626056"><ele>1187.8</ele></trkpt>
<trkpt lat="44.887190" lon="6.626084"><ele>1187.8</ele></trkpt>
<trkpt lat="44.887556" lon="6.626342"><ele>1189.0</ele></trkpt>
<trkpt lat="44.888209" lon="6.626779"><ele>1190.5</ele></trkpt>
<trkpt lat="44.889331" lon="6.627478"><ele>1191.5</ele></trkpt>
<trkpt lat="44.889489" lon="6.627585"><ele>1192.0</ele></trkpt>
<trkpt lat="44.889680" lon="6.627733"><ele>1192.0</ele></trkpt>
<trkpt lat="44.890165" lon="6.628158"><ele>1193.2</ele></trkpt>
<trkpt lat="44.890908" lon="6.628840"><ele>1194.2</ele></trkpt>
<trkpt lat="44.890956" lon="6.628870"><ele>1194.2</ele></trkpt>
<trkpt lat="44.890991" lon="6.628878"><ele>1194.5</ele></trkpt>
<trkpt lat="44.891121" lon="6.628996"><ele>1195.0</ele></trkpt>
<trkpt lat="44.891165" lon="6.629068"><ele>1195.0</ele></trkpt>
<trkpt lat="44.891224" lon="6.629125"><ele>1195.0</ele></trkpt>
<trkpt lat="44.891504" lon="6.629343"><ele>1195.8</ele></trkpt>
<trkpt lat="44.891752" lon="6.629501"><ele>1196.0</ele></trkpt>
<trkpt lat="44.892348" lon="6.629748"><ele>1196.5</ele></trkpt>
<trkpt lat="44.892491" lon="6.629843"><ele>1196.8</ele></trkpt>
<trkpt lat="44.892635" lon="6.629978"><ele>1197.0</ele></trkpt>
<trkpt lat="44.892738" lon="6.630118"><ele>1197.2</ele></trkpt>
<trkpt lat="44.892776" lon="6.630194"><ele>1197.5</ele></trkpt>
<trkpt lat="44.892841" lon="6.630340"><ele>1198.0</ele></trkpt>
<trkpt lat="44.893438" lon="6.631794"><ele>1200.8</ele></trkpt>
<trkpt lat="44.893612" lon="6.632189"><ele>1201.8</ele></trkpt>
<trkpt lat="44.893972" lon="6.632966"><ele>1203.0</ele></trkpt>
<trkpt lat="44.894070" lon="6.633199"><ele>1202.8</ele></trkpt>
<trkpt lat="44.894062" lon="6.633204"><ele>1202.8</ele></trkpt>
<trkpt lat="44.894026" lon="6.633226"><ele>1202.5</ele></trkpt>
<trkpt lat="44.894036" lon="6.633269"><ele>1202.5</ele></trkpt>
<trkpt lat="44.894037" lon="6.633306"><ele>1202.5</ele></trkpt>
<trkpt lat="44.894035" lon="6.633358"><ele>1202.5</ele></trkpt>
<trkpt lat="44.893993" lon="6.633384"><ele>1202.2</ele></trkpt>
<trkpt lat="44.893977" lon="6.633409"><ele>1202.5</ele></trkpt>
<trkpt lat="44.893964" lon="6.633447"><ele>1202.5</ele></trkpt>
<trkpt lat="44.893961" lon="6.633490"><ele>1202.5</ele></trkpt>
<trkpt lat="44.893968" lon="6.633530"><ele>1202.8</ele></trkpt>
<trkpt lat="44.893984" lon="6.633565"><ele>1202.8</ele></trkpt>
<trkpt lat="44.894011" lon="6.633593"><ele>1202.8</ele></trkpt>
<trkpt lat="44.894043" lon="6.633604"><ele>1202.8</ele></trkpt>
<trkpt lat="44.894075" lon="6.633599"><ele>1202.8</ele></trkpt>
<trkpt lat="44.894104" lon="6.633577"><ele>1202.8</ele></trkpt>
<trkpt lat="44.894123" lon="6.633547"><ele>1202.8</ele></trkpt>
<trkpt lat="44.894134" lon="6.633510"><ele>1202.8</ele></trkpt>
<trkpt lat="44.894136" lon="6.633469"><ele>1202.8</ele></trkpt>
<trkpt lat="44.894129" lon="6.633430"><ele>1202.8</ele></trkpt>
<trkpt lat="44.894166" lon="6.633404"><ele>1202.8</ele></trkpt>
<trkpt lat="44.894187" lon="6.633393"><ele>1203.0</ele></trkpt>
<trkpt lat="44.894363" lon="6.633326"><ele>1203.5</ele></trkpt>
<trkpt lat="44.894402" lon="6.633310"><ele>1203.8</ele></trkpt>
<trkpt lat="44.894449" lon="6.633293"><ele>1204.0</ele></trkpt>
<trkpt lat="44.894485" lon="6.633280"><ele>1204.0</ele></trkpt>
<trkpt lat="44.894893" lon="6.633136"><ele>1205.0</ele></trkpt>
<trkpt lat="44.894970" lon="6.633109"><ele>1205.0</ele></trkpt>
<trkpt lat="44.895120" lon="6.633059"><ele>1205.2</ele></trkpt>
<trkpt lat="44.895238" lon="6.633029"><ele>1205.8</ele></trkpt>
<trkpt lat="44.895578" lon="6.632965"><ele>1206.0</ele></trkpt>
<trkpt lat="44.895670" lon="6.632963"><ele>1206.2</ele></trkpt>
<trkpt lat="44.895713" lon="6.632957"><ele>1206.5</ele></trkpt>
<trkpt lat="44.895751" lon="6.632948"><ele>1206.5</ele></trkpt>
<trkpt lat="44.895768" lon="6.632964"><ele>1206.8</ele></trkpt>
<trkpt lat="44.895809" lon="6.632977"><ele>1206.8</ele></trkpt>
<trkpt lat="44.895830" lon="6.632972"><ele>1206.8</ele></trkpt>
<trkpt lat="44.895866" lon="6.632942"><ele>1207.0</ele></trkpt>
<trkpt lat="44.895887" lon="6.632892"><ele>1207.2</ele></trkpt>
<trkpt lat="44.895890" lon="6.632864"><ele>1207.2</ele></trkpt>
<trkpt lat="44.895881" lon="6.632802"><ele>1207.0</ele></trkpt>
<trkpt lat="44.895868" lon="6.632776"><ele>1207.0</ele></trkpt>
<trkpt lat="44.895831" lon="6.632742"><ele>1206.8</ele></trkpt>
<trkpt lat="44.895773" lon="6.632546"><ele>1206.8</ele></trkpt>
<trkpt lat="44.895709" lon="6.632395"><ele>1206.0</ele></trkpt>
<trkpt lat="44.895583" lon="6.632058"><ele>1204.5</ele></trkpt>
<trkpt lat="44.895449" lon="6.631688"><ele>1203.5</ele></trkpt>
<trkpt lat="44.895393" lon="6.631540"><ele>1203.0</ele></trkpt>
<trkpt lat="44.895346" lon="6.631423"><ele>1203.0</ele></trkpt>
<trkpt lat="44.895202" lon="6.631066"><ele>1202.0</ele></trkpt>
<trkpt lat="44.895139" lon="6.630886"><ele>1202.2</ele></trkpt>
<trkpt lat="44.895172" lon="6.630860"><ele>1202.5</ele></trkpt>
<trkpt lat="44.895245" lon="6.630804"><ele>1202.8</ele></trkpt>
<trkpt lat="44.895398" lon="6.630690"><ele>1202.5</ele></trkpt>
<trkpt lat="44.895466" lon="6.630658"><ele>1202.8</ele></trkpt>
<trkpt lat="44.895531" lon="6.630642"><ele>1202.8</ele></trkpt>
<trkpt lat="44.895820" lon="6.630626"><ele>1203.0</ele></trkpt>
<trkpt lat="44.895861" lon="6.630614"><ele>1203.2</ele></trkpt>
<trkpt lat="44.895892" lon="6.630565"><ele>1203.0</ele></trkpt>
<trkpt lat="44.895908" lon="6.630521"><ele>1203.0</ele></trkpt>
<trkpt lat="44.895952" lon="6.630501"><ele>1203.2</ele></trkpt>
<trkpt lat="44.896113" lon="6.630456"><ele>1203.5</ele></trkpt>
<trkpt lat="44.896202" lon="6.630449"><ele>1203.5</ele></trkpt>
<trkpt lat="44.896234" lon="6.630464"><ele>1203.8</ele></trkpt>
<trkpt lat="44.896273" lon="6.630463"><ele>1203.8</ele></trkpt>
<trkpt lat="44.896322" lon="6.630433"><ele>1203.8</ele></trkpt>
<trkpt lat="44.896466" lon="6.630417"><ele>1204.0</ele></trkpt>
<trkpt lat="44.896629" lon="6.630407"><ele>1204.0</ele></trkpt>
<trkpt lat="44.896827" lon="6.630407"><ele>1204.2</ele></trkpt>
<trkpt lat="44.896846" lon="6.630408"><ele>1204.2</ele></trkpt>
<trkpt lat="44.897361" lon="6.630456"><ele>1205.0</ele></trkpt>
<trkpt lat="44.897466" lon="6.630451"><ele>1205.0</ele></trkpt>
<trkpt lat="44.897557" lon="6.630429"><ele>1205.0</ele></trkpt>
<trkpt lat="44.897644" lon="6.630389"><ele>1205.5</ele></trkpt>
<trkpt lat="44.897735" lon="6.630330"><ele>1205.8</ele></trkpt>
<trkpt lat="44.897828" lon="6.630249"><ele>1206.0</ele></trkpt>
<trkpt lat="44.897915" lon="6.630158"><ele>1206.2</ele></trkpt>
<trkpt lat="44.898074" lon="6.629914"><ele>1207.0</ele></trkpt>
<trkpt lat="44.898251" lon="6.629556"><ele>1208.2</ele></trkpt>
<trkpt lat="44.898346" lon="6.629354"><ele>1209.2</ele></trkpt>
<trkpt lat="44.898388" lon="6.629263"><ele>1209.8</ele></trkpt>
<trkpt lat="44.898513" lon="6.629040"><ele>1211.5</ele></trkpt>
<trkpt lat="44.898517" lon="6.629001"><ele>1211.5</ele></trkpt>
<trkpt lat="44.898524" lon="6.628741"><ele>1212.2</ele></trkpt>
<trkpt lat="44.898538" lon="6.628701"><ele>1212.5</ele></trkpt>
<trkpt lat="44.898564" lon="6.628686"><ele>1212.5</ele></trkpt>
<trkpt lat="44.898610" lon="6.628675"><ele>1212.8</ele></trkpt>
<trkpt lat="44.898814" lon="6.628642"><ele>1213.8</ele></trkpt>
<trkpt lat="44.898864" lon="6.628639"><ele>1213.8</ele></trkpt>
<trkpt lat="44.898978" lon="6.628565"><ele>1214.8</ele></trkpt>
<trkpt lat="44.899185" lon="6.628460"><ele>1216.2</ele></trkpt>
<trkpt lat="44.899332" lon="6.628355"><ele>1218.8</ele></trkpt>
<trkpt lat="44.899386" lon="6.628307"><ele>1219.2</ele></trkpt>
<trkpt lat="44.899431" lon="6.628239"><ele>1219.5</ele></trkpt>
<trkpt lat="44.899476" lon="6.628148"><ele>1220.0</ele></trkpt>
<trkpt lat="44.899545" lon="6.627970"><ele>1220.2</ele></trkpt>
<trkpt lat="44.899559" lon="6.627960"><ele>1220.5</ele></trkpt>
<trkpt lat="44.899571" lon="6.627967"><ele>1221.0</ele></trkpt>
<trkpt lat="44.899575" lon="6.627982"><ele>1221.5</ele></trkpt>
<trkpt lat="44.899517" lon="6.628244"><ele>1223.0</ele></trkpt>
<trkpt lat="44.899521" lon="6.628271"><ele>1223.5</ele></trkpt>
<trkpt lat="44.899538" lon="6.628275"><ele>1224.2</ele></trkpt>
<trkpt lat="44.899550" lon="6.628264"><ele>1224.5</ele></trkpt>
<trkpt lat="44.899631" lon="6.627956"><ele>1222.8</ele></trkpt>
<trkpt lat="44.899689" lon="6.627878"><ele>1223.0</ele></trkpt>
<trkpt lat="44.899819" lon="6.627622"><ele>1221.5</ele></trkpt>
<trkpt lat="44.900038" lon="6.627348"><ele>1218.8</ele></trkpt>
<trkpt lat="44.900096" lon="6.627319"><ele>1218.0</ele></trkpt>
<trkpt lat="44.900155" lon="6.627320"><ele>1218.0</ele></trkpt>
<trkpt lat="44.900221" lon="6.627336"><ele>1218.5</ele></trkpt>
<trkpt lat="44.900359" lon="6.627390"><ele>1220.0</ele></trkpt>
<trkpt lat="44.900513" lon="6.627535"><ele>1224.5</ele></trkpt>
<trkpt lat="44.900584" lon="6.627557"><ele>1225.8</ele></trkpt>
<trkpt lat="44.900656" lon="6.627555"><ele>1226.8</ele></trkpt>
<trkpt lat="44.900727" lon="6.627533"><ele>1226.8</ele></trkpt>
<trkpt lat="44.901053" lon="6.627343"><ele>1228.8</ele></trkpt>
<trkpt lat="44.901121" lon="6.627277"><ele>1228.5</ele></trkpt>
<trkpt lat="44.901198" lon="6.627179"><ele>1228.8</ele></trkpt>
<trkpt lat="44.901242" lon="6.627092"><ele>1228.0</ele></trkpt>
<trkpt lat="44.901290" lon="6.626983"><ele>1226.8</ele></trkpt>
<trkpt lat="44.901357" lon="6.626764"><ele>1225.0</ele></trkpt>
<trkpt lat="44.901403" lon="6.626560"><ele>1222.5</ele></trkpt>
<trkpt lat="44.901563" lon="6.626152"><ele>1220.5</ele></trkpt>
<trkpt lat="44.901671" lon="6.625999"><ele>1220.0</ele></trkpt>
<trkpt lat="44.901717" lon="6.625971"><ele>1220.2</ele></trkpt>
<trkpt lat="44.901755" lon="6.625974"><ele>1220.8</ele></trkpt>
<trkpt lat="44.901978" lon="6.626045"><ele>1223.8</ele></trkpt>
<trkpt lat="44.902094" lon="6.626098"><ele>1224.8</ele></trkpt>
<trkpt lat="44.902202" lon="6.626124"><ele>1225.5</ele></trkpt>
<trkpt lat="44.902326" lon="6.626112"><ele>1224.5</ele></trkpt>
<trkpt lat="44.902533" lon="6.626121"><ele>1224.0</ele></trkpt>
<trkpt lat="44.903020" lon="6.626266"><ele>1226.8</ele></trkpt>
<trkpt lat="44.903066" lon="6.626293"><ele>1227.2</ele></trkpt>
<trkpt lat="44.903100" lon="6.626337"><ele>1228.5</ele></trkpt>
<trkpt lat="44.903154" lon="6.626359"><ele>1228.5</ele></trkpt>
<trkpt lat="44.903274" lon="6.626380"><ele>1227.5</ele></trkpt>
<trkpt lat="44.903422" lon="6.626418"><ele>1227.0</ele></trkpt>
<trkpt lat="44.903550" lon="6.626433"><ele>1226.0</ele></trkpt>
<trkpt lat="44.903763" lon="6.626513"><ele>1226.5</ele></trkpt>
<trkpt lat="44.903912" lon="6.626766"><ele>1232.8</ele></trkpt>
<trkpt lat="44.904037" lon="6.626926"><ele>1235.8</ele></trkpt>
<trkpt lat="44.904186" lon="6.627133"><ele>1238.8</ele></trkpt>
<trkpt lat="44.904254" lon="6.627207"><ele>1239.2</ele></trkpt>
<trkpt lat="44.904322" lon="6.627245"><ele>1239.2</ele></trkpt>
<trkpt lat="44.904407" lon="6.627256"><ele>1238.2</ele></trkpt>
<trkpt lat="44.904552" lon="6.627237"><ele>1237.0</ele></trkpt>
<trkpt lat="44.904652" lon="6.627209"><ele>1236.0</ele></trkpt>
<trkpt lat="44.904848" lon="6.627138"><ele>1234.8</ele></trkpt>
<trkpt lat="44.904927" lon="6.627130"><ele>1234.5</ele></trkpt>
<trkpt lat="44.905078" lon="6.627140"><ele>1234.2</ele></trkpt>
<trkpt lat="44.905281" lon="6.627183"><ele>1234.5</ele></trkpt>
<trkpt lat="44.905412" lon="6.627194"><ele>1235.0</ele></trkpt>
<trkpt lat="44.905739" lon="6.627195"><ele>1236.8</ele></trkpt>
<trkpt lat="44.905789" lon="6.627178"><ele>1237.0</ele></trkpt>
<trkpt lat="44.905824" lon="6.627151"><ele>1236.8</ele></trkpt>
<trkpt lat="44.906239" lon="6.626629"><ele>1233.5</ele></trkpt>
<trkpt lat="44.906269" lon="6.626613"><ele>1233.5</ele></trkpt>
<trkpt lat="44.906296" lon="6.626609"><ele>1233.8</ele></trkpt>
<trkpt lat="44.906321" lon="6.626632"><ele>1234.0</ele></trkpt>
<trkpt lat="44.906489" lon="6.626349"><ele>1232.5</ele></trkpt>
<trkpt lat="44.906780" lon="6.625942"><ele>1232.8</ele></trkpt>
<trkpt lat="44.906855" lon="6.625832"><ele>1232.2</ele></trkpt>
<trkpt lat="44.906895" lon="6.625761"><ele>1231.8</ele></trkpt>
<trkpt lat="44.906912" lon="6.625689"><ele>1231.0</ele></trkpt>
<trkpt lat="44.906945" lon="6.625687"><ele>1231.2</ele></trkpt>
<trkpt lat="44.906973" lon="6.625674"><ele>1231.2</ele></trkpt>
<trkpt lat="44.907412" lon="6.625371"><ele>1232.0</ele></trkpt>
<trkpt lat="44.907989" lon="6.624997"><ele>1232.8</ele></trkpt>
<trkpt lat="44.908222" lon="6.624838"><ele>1233.5</ele></trkpt>
<trkpt lat="44.908363" lon="6.624711"><ele>1234.0</ele></trkpt>
<trkpt lat="44.908499" lon="6.624576"><ele>1234.2</ele></trkpt>
<trkpt lat="44.908651" lon="6.624411"><ele>1234.2</ele></trkpt>
<trkpt lat="44.908762" lon="6.624276"><ele>1235.2</ele></trkpt>
<trkpt lat="44.908874" lon="6.624122"><ele>1235.8</ele></trkpt>
<trkpt lat="44.908983" lon="6.623933"><ele>1236.2</ele></trkpt>
<trkpt lat="44.909070" lon="6.623693"><ele>1236.2</ele></trkpt>
<trkpt lat="44.909107" lon="6.623556"><ele>1236.5</ele></trkpt>
<trkpt lat="44.909128" lon="6.623427"><ele>1236.5</ele></trkpt>
<trkpt lat="44.909226" lon="6.622657"><ele>1237.2</ele></trkpt>
<trkpt lat="44.909237" lon="6.622584"><ele>1237.5</ele></trkpt>
<trkpt lat="44.909255" lon="6.622530"><ele>1237.8</ele></trkpt>
<trkpt lat="44.909299" lon="6.622454"><ele>1238.8</ele></trkpt>
<trkpt lat="44.909699" lon="6.621922"><ele>1243.5</ele></trkpt>
<trkpt lat="44.909861" lon="6.621690"><ele>1244.5</ele></trkpt>
<trkpt lat="44.909951" lon="6.621577"><ele>1245.0</ele></trkpt>
<trkpt lat="44.909999" lon="6.621527"><ele>1245.2</ele></trkpt>
<trkpt lat="44.910016" lon="6.621518"><ele>1245.5</ele></trkpt>
<trkpt lat="44.910039" lon="6.621524"><ele>1246.2</ele></trkpt>
<trkpt lat="44.910057" lon="6.621548"><ele>1246.8</ele></trkpt>
<trkpt lat="44.910061" lon="6.621577"><ele>1247.2</ele></trkpt>
<trkpt lat="44.910057" lon="6.621624"><ele>1247.8</ele></trkpt>
<trkpt lat="44.910039" lon="6.621668"><ele>1247.8</ele></trkpt>
<trkpt lat="44.909932" lon="6.621818"><ele>1247.2</ele></trkpt>
<trkpt lat="44.909881" lon="6.621910"><ele>1247.0</ele></trkpt>
<trkpt lat="44.909717" lon="6.622297"><ele>1246.2</ele></trkpt>
<trkpt lat="44.909684" lon="6.622397"><ele>1246.2</ele></trkpt>
<trkpt lat="44.909672" lon="6.622490"><ele>1246.8</ele></trkpt>
<trkpt lat="44.909679" lon="6.622553"><ele>1247.2</ele></trkpt>
<trkpt lat="44.909701" lon="6.622588"><ele>1247.8</ele></trkpt>
<trkpt lat="44.909746" lon="6.622645"><ele>1248.8</ele></trkpt>
<trkpt lat="44.909788" lon="6.622680"><ele>1249.5</ele></trkpt>
<trkpt lat="44.909870" lon="6.622703"><ele>1250.8</ele></trkpt>
<trkpt lat="44.910027" lon="6.622709"><ele>1252.8</ele></trkpt>
<trkpt lat="44.910094" lon="6.622713"><ele>1253.5</ele></trkpt>
<trkpt lat="44.910141" lon="6.622718"><ele>1254.2</ele></trkpt>
<trkpt lat="44.910271" lon="6.622734"><ele>1256.0</ele></trkpt>
<trkpt lat="44.910341" lon="6.622767"><ele>1257.5</ele></trkpt>
<trkpt lat="44.910373" lon="6.622788"><ele>1258.2</ele></trkpt>
<trkpt lat="44.910414" lon="6.622832"><ele>1259.2</ele></trkpt>
<trkpt lat="44.910469" lon="6.622928"><ele>1260.5</ele></trkpt>
<trkpt lat="44.910502" lon="6.623018"><ele>1261.2</ele></trkpt>
<trkpt lat="44.910521" lon="6.623203"><ele>1262.2</ele></trkpt>
<trkpt lat="44.910505" lon="6.623429"><ele>1262.5</ele></trkpt>
<trkpt lat="44.910506" lon="6.623494"><ele>1262.8</ele></trkpt>
<trkpt lat="44.910511" lon="6.623531"><ele>1263.0</ele></trkpt>
<trkpt lat="44.910527" lon="6.623572"><ele>1263.8</ele></trkpt>
<trkpt lat="44.910543" lon="6.623585"><ele>1264.2</ele></trkpt>
<trkpt lat="44.910568" lon="6.623589"><ele>1265.5</ele></trkpt>
<trkpt lat="44.910606" lon="6.623581"><ele>1267.2</ele></trkpt>
<trkpt lat="44.910621" lon="6.623569"><ele>1268.0</ele></trkpt>
<trkpt lat="44.910635" lon="6.623548"><ele>1268.5</ele></trkpt>
<trkpt lat="44.910655" lon="6.623479"><ele>1269.2</ele></trkpt>
<trkpt lat="44.910667" lon="6.623073"><ele>1267.8</ele></trkpt>
<trkpt lat="44.910684" lon="6.622952"><ele>1268.0</ele></trkpt>
<trkpt lat="44.910714" lon="6.622813"><ele>1268.8</ele></trkpt>
<trkpt lat="44.910780" lon="6.622587"><ele>1270.5</ele></trkpt>
<trkpt lat="44.910829" lon="6.622453"><ele>1271.2</ele></trkpt>
<trkpt lat="44.910893" lon="6.622304"><ele>1271.8</ele></trkpt>
<trkpt lat="44.910928" lon="6.622242"><ele>1272.2</ele></trkpt>
<trkpt lat="44.910985" lon="6.622143"><ele>1272.8</ele></trkpt>
<trkpt lat="44.911119" lon="6.621924"><ele>1273.0</ele></trkpt>
<trkpt lat="44.911157" lon="6.621860"><ele>1273.2</ele></trkpt>
<trkpt lat="44.911213" lon="6.621774"><ele>1273.5</ele></trkpt>
<trkpt lat="44.911252" lon="6.621728"><ele>1273.8</ele></trkpt>
<trkpt lat="44.911315" lon="6.621673"><ele>1274.0</ele></trkpt>
<trkpt lat="44.911368" lon="6.621638"><ele>1274.2</ele></trkpt>
<trkpt lat="44.911586" lon="6.621537"><ele>1275.5</ele></trkpt>
<trkpt lat="44.911636" lon="6.621512"><ele>1276.0</ele></trkpt>
<trkpt lat="44.911825" lon="6.621386"><ele>1277.5</ele></trkpt>
<trkpt lat="44.911881" lon="6.621371"><ele>1278.0</ele></trkpt>
<trkpt lat="44.911930" lon="6.621373"><ele>1278.5</ele></trkpt>
<trkpt lat="44.911983" lon="6.621395"><ele>1279.2</ele></trkpt>
<trkpt lat="44.912030" lon="6.621424"><ele>1279.5</ele></trkpt>
<trkpt lat="44.912065" lon="6.621457"><ele>1279.8</ele></trkpt>
<trkpt lat="44.912090" lon="6.621522"><ele>1280.2</ele></trkpt>
<trkpt lat="44.912094" lon="6.621565"><ele>1280.2</ele></trkpt>
<trkpt lat="44.912077" lon="6.621763"><ele>1280.8</ele></trkpt>
<trkpt lat="44.912081" lon="6.621820"><ele>1281.2</ele></trkpt>
<trkpt lat="44.912103" lon="6.621818"><ele>1281.2</ele></trkpt>
<trkpt lat="44.912126" lon="6.621827"><ele>1281.5</ele></trkpt>
<trkpt lat="44.912327" lon="6.622016"><ele>1284.2</ele></trkpt>
<trkpt lat="44.912586" lon="6.622256"><ele>1289.0</ele></trkpt>
<trkpt lat="44.912669" lon="6.622335"><ele>1290.2</ele></trkpt>
<trkpt lat="44.912868" lon="6.622523"><ele>1294.0</ele></trkpt>
<trkpt lat="44.912894" lon="6.622553"><ele>1294.5</ele></trkpt>
<trkpt lat="44.912950" lon="6.622648"><ele>1295.8</ele></trkpt>
<trkpt lat="44.913009" lon="6.622820"><ele>1297.8</ele></trkpt>
<trkpt lat="44.913036" lon="6.622797"><ele>1297.8</ele></trkpt>
<trkpt lat="44.913420" lon="6.622489"><ele>1299.8</ele></trkpt>
<trkpt lat="44.913578" lon="6.622386"><ele>1300.8</ele></trkpt>
<trkpt lat="44.913662" lon="6.622353"><ele>1301.2</ele></trkpt>
<trkpt lat="44.913680" lon="6.622347"><ele>1301.5</ele></trkpt>
<trkpt lat="44.913791" lon="6.622303"><ele>1302.0</ele></trkpt>
<trkpt lat="44.914055" lon="6.622256"><ele>1303.0</ele></trkpt>
<trkpt lat="44.914367" lon="6.622219"><ele>1305.0</ele></trkpt>
<trkpt lat="44.914430" lon="6.622198"><ele>1305.5</ele></trkpt>
<trkpt lat="44.914601" lon="6.622037"><ele>1306.2</ele></trkpt>
<trkpt lat="44.914686" lon="6.621913"><ele>1306.0</ele></trkpt>
<trkpt lat="44.914735" lon="6.621856"><ele>1306.0</ele></trkpt>
<trkpt lat="44.914748" lon="6.621843"><ele>1306.0</ele></trkpt>
<trkpt lat="44.914812" lon="6.621776"><ele>1305.8</ele></trkpt>
<trkpt lat="44.914964" lon="6.621612"><ele>1305.0</ele></trkpt>
<trkpt lat="44.915026" lon="6.621559"><ele>1305.0</ele></trkpt>
<trkpt lat="44.915108" lon="6.621510"><ele>1305.0</ele></trkpt>
<trkpt lat="44.915155" lon="6.621488"><ele>1305.0</ele></trkpt>
<trkpt lat="44.915315" lon="6.621390"><ele>1305.0</ele></trkpt>
<trkpt lat="44.915686" lon="6.621114"><ele>1303.8</ele></trkpt>
<trkpt lat="44.915863" lon="6.620971"><ele>1303.5</ele></trkpt>
<trkpt lat="44.916085" lon="6.620759"><ele>1303.2</ele></trkpt>
<trkpt lat="44.916138" lon="6.620744"><ele>1303.5</ele></trkpt>
<trkpt lat="44.916160" lon="6.620750"><ele>1303.8</ele></trkpt>
<trkpt lat="44.916183" lon="6.620760"><ele>1304.0</ele></trkpt>
<trkpt lat="44.916211" lon="6.620683"><ele>1303.8</ele></trkpt>
<trkpt lat="44.916296" lon="6.620566"><ele>1304.0</ele></trkpt>
<trkpt lat="44.916362" lon="6.620495"><ele>1304.2</ele></trkpt>
<trkpt lat="44.916431" lon="6.620424"><ele>1304.2</ele></trkpt>
<trkpt lat="44.916502" lon="6.620349"><ele>1304.5</ele></trkpt>
<trkpt lat="44.916551" lon="6.620298"><ele>1304.8</ele></trkpt>
<trkpt lat="44.916617" lon="6.620224"><ele>1305.2</ele></trkpt>
<trkpt lat="44.916743" lon="6.620071"><ele>1306.0</ele></trkpt>
<trkpt lat="44.916847" lon="6.619918"><ele>1307.0</ele></trkpt>
<trkpt lat="44.916889" lon="6.619888"><ele>1307.5</ele></trkpt>
<trkpt lat="44.916902" lon="6.619913"><ele>1307.8</ele></trkpt>
<trkpt lat="44.916921" lon="6.619930"><ele>1307.8</ele></trkpt>
<trkpt lat="44.916943" lon="6.619936"><ele>1308.0</ele></trkpt>
<trkpt lat="44.916965" lon="6.619931"><ele>1308.5</ele></trkpt>
<trkpt lat="44.916997" lon="6.619893"><ele>1309.0</ele></trkpt>
<trkpt lat="44.917005" lon="6.619864"><ele>1309.2</ele></trkpt>
<trkpt lat="44.917004" lon="6.619833"><ele>1309.2</ele></trkpt>
<trkpt lat="44.916985" lon="6.619786"><ele>1309.0</ele></trkpt>
<trkpt lat="44.916950" lon="6.619764"><ele>1308.8</ele></trkpt>
<trkpt lat="44.916958" lon="6.619719"><ele>1309.0</ele></trkpt>
<trkpt lat="44.917078" lon="6.619435"><ele>1310.2</ele></trkpt>
<trkpt lat="44.917178" lon="6.619154"><ele>1311.5</ele></trkpt>
<trkpt lat="44.917200" lon="6.619065"><ele>1311.8</ele></trkpt>
<trkpt lat="44.917206" lon="6.619038"><ele>1311.8</ele></trkpt>
<trkpt lat="44.917223" lon="6.618976"><ele>1312.0</ele></trkpt>
<trkpt lat="44.917240" lon="6.618914"><ele>1312.0</ele></trkpt>
<trkpt lat="44.917270" lon="6.618814"><ele>1312.0</ele></trkpt>
<trkpt lat="44.917304" lon="6.618727"><ele>1312.2</ele></trkpt>
<trkpt lat="44.917340" lon="6.618673"><ele>1312.2</ele></trkpt>
<trkpt lat="44.917399" lon="6.618608"><ele>1312.8</ele></trkpt>
<trkpt lat="44.917581" lon="6.618439"><ele>1314.2</ele></trkpt>
<trkpt lat="44.917760" lon="6.618254"><ele>1315.0</ele></trkpt>
<trkpt lat="44.917782" lon="6.618232"><ele>1315.2</ele></trkpt>
<trkpt lat="44.917810" lon="6.618204"><ele>1315.2</ele></trkpt>
<trkpt lat="44.917837" lon="6.618178"><ele>1315.2</ele></trkpt>
<trkpt lat="44.917868" lon="6.618148"><ele>1315.5</ele></trkpt>
<trkpt lat="44.918288" lon="6.617667"><ele>1316.2</ele></trkpt>
<trkpt lat="44.918391" lon="6.617542"><ele>1315.8</ele></trkpt>
<trkpt lat="44.918500" lon="6.617491"><ele>1316.0</ele></trkpt>
<trkpt lat="44.918535" lon="6.617540"><ele>1316.8</ele></trkpt>
<trkpt lat="44.918574" lon="6.617539"><ele>1317.0</ele></trkpt>
<trkpt lat="44.918635" lon="6.617509"><ele>1317.0</ele></trkpt>
<trkpt lat="44.919053" lon="6.617381"><ele>1317.2</ele></trkpt>
<trkpt lat="44.919252" lon="6.617353"><ele>1317.5</ele></trkpt>
<trkpt lat="44.919457" lon="6.617362"><ele>1318.0</ele></trkpt>
<trkpt lat="44.919627" lon="6.617383"><ele>1318.0</ele></trkpt>
<trkpt lat="44.919838" lon="6.617432"><ele>1319.5</ele></trkpt>
<trkpt lat="44.919909" lon="6.617427"><ele>1320.0</ele></trkpt>
<trkpt lat="44.919998" lon="6.617395"><ele>1320.2</ele></trkpt>
<trkpt lat="44.920084" lon="6.617341"><ele>1321.2</ele></trkpt>
<trkpt lat="44.920296" lon="6.617116"><ele>1321.5</ele></trkpt>
<trkpt lat="44.920572" lon="6.616787"><ele>1320.8</ele></trkpt>
<trkpt lat="44.921046" lon="6.616064"><ele>1319.0</ele></trkpt>
<trkpt lat="44.921354" lon="6.615610"><ele>1319.0</ele></trkpt>
<trkpt lat="44.921437" lon="6.615502"><ele>1319.5</ele></trkpt>
<trkpt lat="44.921732" lon="6.615192"><ele>1323.0</ele></trkpt>
<trkpt lat="44.921786" lon="6.615095"><ele>1323.8</ele></trkpt>
<trkpt lat="44.921824" lon="6.614970"><ele>1324.2</ele></trkpt>
<trkpt lat="44.921911" lon="6.614574"><ele>1325.2</ele></trkpt>
<trkpt lat="44.921940" lon="6.614478"><ele>1325.8</ele></trkpt>
<trkpt lat="44.922177" lon="6.613973"><ele>1327.8</ele></trkpt>
<trkpt lat="44.922238" lon="6.613787"><ele>1328.2</ele></trkpt>
<trkpt lat="44.922263" lon="6.613678"><ele>1328.5</ele></trkpt>
<trkpt lat="44.922281" lon="6.613562"><ele>1329.0</ele></trkpt>
<trkpt lat="44.922327" lon="6.612968"><ele>1331.5</ele></trkpt>
<trkpt lat="44.922323" lon="6.612860"><ele>1331.8</ele></trkpt>
<trkpt lat="44.922302" lon="6.612769"><ele>1331.8</ele></trkpt>
<trkpt lat="44.922264" lon="6.612708"><ele>1331.5</ele></trkpt>
<trkpt lat="44.922241" lon="6.612685"><ele>1331.5</ele></trkpt>
<trkpt lat="44.922225" lon="6.612669"><ele>1331.2</ele></trkpt>
<trkpt lat="44.922188" lon="6.612643"><ele>1330.5</ele></trkpt>
<trkpt lat="44.922216" lon="6.612472"><ele>1331.5</ele></trkpt>
<trkpt lat="44.922246" lon="6.612412"><ele>1331.8</ele></trkpt>
<trkpt lat="44.922276" lon="6.612380"><ele>1332.0</ele></trkpt>
<trkpt lat="44.922302" lon="6.612356"><ele>1332.0</ele></trkpt>
<trkpt lat="44.922329" lon="6.612407"><ele>1332.5</ele></trkpt>
<trkpt lat="44.922365" lon="6.612447"><ele>1332.8</ele></trkpt>
<trkpt lat="44.922421" lon="6.612479"><ele>1333.2</ele></trkpt>
<trkpt lat="44.922481" lon="6.612484"><ele>1333.8</ele></trkpt>
<trkpt lat="44.922539" lon="6.612461"><ele>1334.2</ele></trkpt>
<trkpt lat="44.922580" lon="6.612424"><ele>1334.5</ele></trkpt>
<trkpt lat="44.922612" lon="6.612374"><ele>1334.8</ele></trkpt>
<trkpt lat="44.922634" lon="6.612315"><ele>1334.8</ele></trkpt>
<trkpt lat="44.922645" lon="6.612249"><ele>1334.5</ele></trkpt>
<trkpt lat="44.922716" lon="6.612111"><ele>1334.5</ele></trkpt>
<trkpt lat="44.922742" lon="6.612032"><ele>1334.8</ele></trkpt>
<trkpt lat="44.922760" lon="6.611995"><ele>1334.8</ele></trkpt>
<trkpt lat="44.922773" lon="6.611882"><ele>1334.8</ele></trkpt>
<trkpt lat="44.922784" lon="6.611797"><ele>1335.0</ele></trkpt>
<trkpt lat="44.922796" lon="6.611730"><ele>1335.2</ele></trkpt>
<trkpt lat="44.922828" lon="6.611649"><ele>1335.5</ele></trkpt>
<trkpt lat="44.922892" lon="6.611515"><ele>1336.0</ele></trkpt>
<trkpt lat="44.922968" lon="6.611375"><ele>1336.5</ele></trkpt>
<trkpt lat="44.923169" lon="6.610967"><ele>1337.8</ele></trkpt>
<trkpt lat="44.923365" lon="6.610630"><ele>1338.5</ele></trkpt>
<trkpt lat="44.924011" lon="6.609672"><ele>1344.5</ele></trkpt>
<trkpt lat="44.924185" lon="6.609417"><ele>1346.0</ele></trkpt>
<trkpt lat="44.924318" lon="6.609219"><ele>1346.8</ele></trkpt>
<trkpt lat="44.924709" lon="6.608611"><ele>1348.8</ele></trkpt>
<trkpt lat="44.924902" lon="6.608303"><ele>1349.0</ele></trkpt>
<trkpt lat="44.924975" lon="6.608207"><ele>1349.2</ele></trkpt>
<trkpt lat="44.925118" lon="6.608018"><ele>1349.5</ele></trkpt>
<trkpt lat="44.925199" lon="6.607928"><ele>1349.5</ele></trkpt>
<trkpt lat="44.925274" lon="6.607878"><ele>1349.5</ele></trkpt>
<trkpt lat="44.925518" lon="6.607716"><ele>1350.8</ele></trkpt>
<trkpt lat="44.925668" lon="6.607615"><ele>1350.8</ele></trkpt>
<trkpt lat="44.925688" lon="6.607601"><ele>1350.8</ele></trkpt>
<trkpt lat="44.925710" lon="6.607588"><ele>1350.8</ele></trkpt>
<trkpt lat="44.925773" lon="6.607547"><ele>1350.8</ele></trkpt>
<trkpt lat="44.925828" lon="6.607523"><ele>1351.0</ele></trkpt>
<trkpt lat="44.925931" lon="6.607477"><ele>1351.5</ele></trkpt>
<trkpt lat="44.926011" lon="6.607426"><ele>1351.5</ele></trkpt>
<trkpt lat="44.926038" lon="6.607409"><ele>1351.8</ele></trkpt>
<trkpt lat="44.926101" lon="6.607363"><ele>1351.8</ele></trkpt>
<trkpt lat="44.926138" lon="6.607336"><ele>1351.8</ele></trkpt>
<trkpt lat="44.926327" lon="6.607201"><ele>1351.5</ele></trkpt>
<trkpt lat="44.926775" lon="6.606881"><ele>1352.0</ele></trkpt>
<trkpt lat="44.927166" lon="6.606603"><ele>1352.2</ele></trkpt>
<trkpt lat="44.927318" lon="6.606482"><ele>1353.5</ele></trkpt>
<trkpt lat="44.927464" lon="6.606315"><ele>1353.8</ele></trkpt>
<trkpt lat="44.927534" lon="6.606215"><ele>1353.8</ele></trkpt>
<trkpt lat="44.927599" lon="6.606102"><ele>1353.5</ele></trkpt>
<trkpt lat="44.927689" lon="6.605899"><ele>1353.0</ele></trkpt>
<trkpt lat="44.927732" lon="6.605772"><ele>1352.2</ele></trkpt>
<trkpt lat="44.927769" lon="6.605633"><ele>1351.5</ele></trkpt>
<trkpt lat="44.927806" lon="6.605397"><ele>1351.0</ele></trkpt>
<trkpt lat="44.927814" lon="6.605302"><ele>1350.8</ele></trkpt>
<trkpt lat="44.927820" lon="6.605052"><ele>1351.0</ele></trkpt>
<trkpt lat="44.927823" lon="6.604847"><ele>1351.2</ele></trkpt>
<trkpt lat="44.927823" lon="6.604766"><ele>1351.2</ele></trkpt>
<trkpt lat="44.927825" lon="6.604679"><ele>1351.2</ele></trkpt>
<trkpt lat="44.927835" lon="6.603957"><ele>1352.5</ele></trkpt>
<trkpt lat="44.927837" lon="6.603660"><ele>1353.5</ele></trkpt>
<trkpt lat="44.927841" lon="6.603533"><ele>1354.0</ele></trkpt>
<trkpt lat="44.927863" lon="6.603349"><ele>1355.0</ele></trkpt>
<trkpt lat="44.927899" lon="6.603142"><ele>1355.2</ele></trkpt>
<trkpt lat="44.927936" lon="6.602967"><ele>1354.8</ele></trkpt>
<trkpt lat="44.927965" lon="6.602847"><ele>1353.8</ele></trkpt>
<trkpt lat="44.927999" lon="6.602711"><ele>1353.8</ele></trkpt>
<trkpt lat="44.928023" lon="6.602623"><ele>1354.5</ele></trkpt>
<trkpt lat="44.928037" lon="6.602565"><ele>1355.2</ele></trkpt>
<trkpt lat="44.928529" lon="6.600786"><ele>1362.0</ele></trkpt>
<trkpt lat="44.928654" lon="6.600315"><ele>1363.2</ele></trkpt>
<trkpt lat="44.928816" lon="6.599710"><ele>1364.8</ele></trkpt>
<trkpt lat="44.928865" lon="6.599530"><ele>1365.0</ele></trkpt>
<trkpt lat="44.928890" lon="6.599437"><ele>1364.8</ele></trkpt>
<trkpt lat="44.928929" lon="6.599294"><ele>1365.0</ele></trkpt>
<trkpt lat="44.929038" lon="6.598934"><ele>1365.5</ele></trkpt>
<trkpt lat="44.929161" lon="6.598586"><ele>1365.8</ele></trkpt>
<trkpt lat="44.929270" lon="6.598346"><ele>1365.8</ele></trkpt>
<trkpt lat="44.929709" lon="6.597601"><ele>1364.5</ele></trkpt>
<trkpt lat="44.929899" lon="6.597296"><ele>1363.5</ele></trkpt>
<trkpt lat="44.929975" lon="6.597159"><ele>1363.2</ele></trkpt>
<trkpt lat="44.930084" lon="6.596963"><ele>1362.5</ele></trkpt>
<trkpt lat="44.930158" lon="6.596796"><ele>1362.2</ele></trkpt>
<trkpt lat="44.930179" lon="6.596749"><ele>1362.2</ele></trkpt>
<trkpt lat="44.930213" lon="6.596675"><ele>1362.2</ele></trkpt>
<trkpt lat="44.930242" lon="6.596567"><ele>1362.0</ele></trkpt>
<trkpt lat="44.930273" lon="6.596392"><ele>1361.8</ele></trkpt>
<trkpt lat="44.930480" lon="6.594999"><ele>1356.8</ele></trkpt>
<trkpt lat="44.930538" lon="6.594603"><ele>1357.2</ele></trkpt>
<trkpt lat="44.930579" lon="6.594320"><ele>1356.5</ele></trkpt>
<trkpt lat="44.930603" lon="6.594159"><ele>1356.2</ele></trkpt>
<trkpt lat="44.930610" lon="6.594099"><ele>1356.2</ele></trkpt>
<trkpt lat="44.930621" lon="6.594012"><ele>1356.2</ele></trkpt>
<trkpt lat="44.930658" lon="6.593743"><ele>1356.5</ele></trkpt>
<trkpt lat="44.930656" lon="6.593668"><ele>1356.2</ele></trkpt>
<trkpt lat="44.930643" lon="6.593596"><ele>1356.2</ele></trkpt>
<trkpt lat="44.930624" lon="6.593543"><ele>1356.0</ele></trkpt>
<trkpt lat="44.930643" lon="6.593522"><ele>1356.2</ele></trkpt>
<trkpt lat="44.930669" lon="6.593464"><ele>1356.2</ele></trkpt>
<trkpt lat="44.930676" lon="6.593431"><ele>1356.2</ele></trkpt>
<trkpt lat="44.930673" lon="6.593362"><ele>1356.2</ele></trkpt>
<trkpt lat="44.930717" lon="6.593229"><ele>1356.5</ele></trkpt>
<trkpt lat="44.930791" lon="6.593046"><ele>1357.5</ele></trkpt>
<trkpt lat="44.931808" lon="6.591399"><ele>1364.5</ele></trkpt>
<trkpt lat="44.931971" lon="6.591117"><ele>1365.0</ele></trkpt>
<trkpt lat="44.932181" lon="6.590772"><ele>1365.5</ele></trkpt>
<trkpt lat="44.932396" lon="6.590417"><ele>1365.8</ele></trkpt>
<trkpt lat="44.932596" lon="6.590135"><ele>1366.0</ele></trkpt>
<trkpt lat="44.932743" lon="6.589911"><ele>1366.2</ele></trkpt>
<trkpt lat="44.932881" lon="6.589718"><ele>1366.5</ele></trkpt>
<trkpt lat="44.933121" lon="6.589338"><ele>1366.8</ele></trkpt>
<trkpt lat="44.933083" lon="6.589269"><ele>1366.5</ele></trkpt>
<trkpt lat="44.933060" lon="6.589226"><ele>1366.0</ele></trkpt>
<trkpt lat="44.933010" lon="6.589138"><ele>1365.5</ele></trkpt>
<trkpt lat="44.932992" lon="6.589029"><ele>1365.2</ele></trkpt>
<trkpt lat="44.932984" lon="6.588725"><ele>1364.0</ele></trkpt>
<trkpt lat="44.932974" lon="6.588229"><ele>1362.0</ele></trkpt>
<trkpt lat="44.932966" lon="6.588103"><ele>1361.5</ele></trkpt>
<trkpt lat="44.932941" lon="6.588065"><ele>1361.0</ele></trkpt>
<trkpt lat="44.933050" lon="6.587954"><ele>1361.5</ele></trkpt>
<trkpt lat="44.933099" lon="6.587898"><ele>1361.8</ele></trkpt>
<trkpt lat="44.933313" lon="6.587630"><ele>1363.0</ele></trkpt>
<trkpt lat="44.933432" lon="6.587426"><ele>1362.8</ele></trkpt>
<trkpt lat="44.933463" lon="6.587373"><ele>1362.8</ele></trkpt>
<trkpt lat="44.933775" lon="6.586944"><ele>1361.8</ele></trkpt>
<trkpt lat="44.933870" lon="6.586807"><ele>1361.5</ele></trkpt>
<trkpt lat="44.933961" lon="6.586686"><ele>1360.8</ele></trkpt>
<trkpt lat="44.934144" lon="6.586442"><ele>1358.2</ele></trkpt>
<trkpt lat="44.934206" lon="6.586353"><ele>1358.0</ele></trkpt>
<trkpt lat="44.934580" lon="6.586814"><ele>1361.8</ele></trkpt>
<trkpt lat="44.934635" lon="6.586866"><ele>1362.5</ele></trkpt>
<trkpt lat="44.934648" lon="6.586877"><ele>1362.8</ele></trkpt>
<trkpt lat="44.934702" lon="6.586928"><ele>1363.5</ele></trkpt>
<trkpt lat="44.934720" lon="6.586945"><ele>1363.8</ele></trkpt>
<trkpt lat="44.934840" lon="6.587056"><ele>1365.5</ele></trkpt>
<trkpt lat="44.934871" lon="6.587089"><ele>1366.0</ele></trkpt>
<trkpt lat="44.934927" lon="6.586974"><ele>1365.5</ele></trkpt>
<trkpt lat="44.934961" lon="6.586893"><ele>1365.2</ele></trkpt>
<trkpt lat="44.935058" lon="6.586540"><ele>1363.5</ele></trkpt>
<trkpt lat="44.935128" lon="6.586337"><ele>1362.5</ele></trkpt>
<trkpt lat="44.935431" lon="6.585751"><ele>1359.5</ele></trkpt>
<trkpt lat="44.935351" lon="6.585660"><ele>1359.2</ele></trkpt>
<trkpt lat="44.935771" lon="6.584918"><ele>1355.8</ele></trkpt>
<trkpt lat="44.936024" lon="6.584412"><ele>1354.0</ele></trkpt>
<trkpt lat="44.936200" lon="6.584064"><ele>1354.0</ele></trkpt>
<trkpt lat="44.936557" lon="6.583253"><ele>1355.2</ele></trkpt>
<trkpt lat="44.936597" lon="6.583157"><ele>1355.0</ele></trkpt>
<trkpt lat="44.936699" lon="6.582915"><ele>1355.0</ele></trkpt>
<trkpt lat="44.936734" lon="6.582820"><ele>1355.0</ele></trkpt>
<trkpt lat="44.936883" lon="6.582374"><ele>1355.8</ele></trkpt>
<trkpt lat="44.937178" lon="6.581293"><ele>1356.8</ele></trkpt>
<trkpt lat="44.937539" lon="6.579963"><ele>1359.0</ele></trkpt>
<trkpt lat="44.937635" lon="6.579579"><ele>1358.2</ele></trkpt>
<trkpt lat="44.938105" lon="6.577851"><ele>1364.2</ele></trkpt>
<trkpt lat="44.938387" lon="6.576846"><ele>1368.5</ele></trkpt>
<trkpt lat="44.938454" lon="6.576601"><ele>1369.2</ele></trkpt>
<trkpt lat="44.938590" lon="6.576133"><ele>1370.5</ele></trkpt>
<trkpt lat="44.938704" lon="6.575702"><ele>1370.5</ele></trkpt>
<trkpt lat="44.938761" lon="6.575489"><ele>1370.5</ele></trkpt>
<trkpt lat="44.938820" lon="6.575265"><ele>1370.8</ele></trkpt>
<trkpt lat="44.938907" lon="6.574934"><ele>1371.0</ele></trkpt>
<trkpt lat="44.938959" lon="6.574739"><ele>1371.8</ele></trkpt>
<trkpt lat="44.939082" lon="6.574274"><ele>1371.2</ele></trkpt>
<trkpt lat="44.939126" lon="6.574108"><ele>1371.5</ele></trkpt>
<trkpt lat="44.939165" lon="6.573963"><ele>1371.8</ele></trkpt>
<trkpt lat="44.939188" lon="6.573876"><ele>1372.0</ele></trkpt>
<trkpt lat="44.939220" lon="6.573764"><ele>1372.5</ele></trkpt>
<trkpt lat="44.939324" lon="6.573382"><ele>1373.0</ele></trkpt>
<trkpt lat="44.939400" lon="6.573093"><ele>1373.5</ele></trkpt>
<trkpt lat="44.939510" lon="6.572714"><ele>1374.2</ele></trkpt>
<trkpt lat="44.939599" lon="6.572448"><ele>1374.8</ele></trkpt>
<trkpt lat="44.939631" lon="6.572355"><ele>1374.8</ele></trkpt>
<trkpt lat="44.939749" lon="6.572038"><ele>1374.5</ele></trkpt>
<trkpt lat="44.939879" lon="6.571740"><ele>1374.8</ele></trkpt>
<trkpt lat="44.940024" lon="6.571422"><ele>1375.2</ele></trkpt>
<trkpt lat="44.940154" lon="6.571169"><ele>1375.2</ele></trkpt>
<trkpt lat="44.940301" lon="6.570903"><ele>1374.5</ele></trkpt>
<trkpt lat="44.940443" lon="6.570674"><ele>1374.8</ele></trkpt>
<trkpt lat="44.940720" lon="6.570277"><ele>1375.0</ele></trkpt>
<trkpt lat="44.940945" lon="6.569989"><ele>1375.2</ele></trkpt>
<trkpt lat="44.940989" lon="6.569935"><ele>1375.0</ele></trkpt>
<trkpt lat="44.941036" lon="6.569881"><ele>1375.0</ele></trkpt>
<trkpt lat="44.941091" lon="6.569816"><ele>1375.0</ele></trkpt>
<trkpt lat="44.941223" lon="6.569667"><ele>1375.0</ele></trkpt>
<trkpt lat="44.941339" lon="6.569551"><ele>1375.0</ele></trkpt>
<trkpt lat="44.941780" lon="6.569151"><ele>1374.2</ele></trkpt>
<trkpt lat="44.941979" lon="6.568955"><ele>1374.0</ele></trkpt>
<trkpt lat="44.942276" lon="6.568630"><ele>1373.2</ele></trkpt>
<trkpt lat="44.942447" lon="6.568423"><ele>1373.0</ele></trkpt>
<trkpt lat="44.942641" lon="6.568133"><ele>1373.5</ele></trkpt>
<trkpt lat="44.942725" lon="6.567984"><ele>1374.0</ele></trkpt>
<trkpt lat="44.942839" lon="6.567741"><ele>1374.5</ele></trkpt>
<trkpt lat="44.942863" lon="6.567693"><ele>1374.5</ele></trkpt>
<trkpt lat="44.942991" lon="6.567413"><ele>1376.2</ele></trkpt>
<trkpt lat="44.943135" lon="6.567068"><ele>1377.8</ele></trkpt>
<trkpt lat="44.943437" lon="6.566123"><ele>1378.8</ele></trkpt>
<trkpt lat="44.943667" lon="6.565446"><ele>1380.0</ele></trkpt>
<trkpt lat="44.943882" lon="6.564878"><ele>1380.5</ele></trkpt>
<trkpt lat="44.944009" lon="6.564577"><ele>1380.8</ele></trkpt>
<trkpt lat="44.944151" lon="6.564283"><ele>1380.8</ele></trkpt>
<trkpt lat="44.944206" lon="6.564178"><ele>1380.5</ele></trkpt>
<trkpt lat="44.944250" lon="6.564087"><ele>1380.5</ele></trkpt>
<trkpt lat="44.944307" lon="6.563973"><ele>1380.2</ele></trkpt>
<trkpt lat="44.944329" lon="6.563929"><ele>1380.0</ele></trkpt>
<trkpt lat="44.944449" lon="6.563690"><ele>1380.2</ele></trkpt>
<trkpt lat="44.944568" lon="6.563457"><ele>1380.0</ele></trkpt>
<trkpt lat="44.944608" lon="6.563367"><ele>1380.0</ele></trkpt>
<trkpt lat="44.944654" lon="6.563262"><ele>1380.0</ele></trkpt>
<trkpt lat="44.944709" lon="6.563120"><ele>1380.5</ele></trkpt>
<trkpt lat="44.944753" lon="6.562989"><ele>1380.8</ele></trkpt>
<trkpt lat="44.944813" lon="6.562770"><ele>1381.0</ele></trkpt>
<trkpt lat="44.944900" lon="6.562453"><ele>1380.5</ele></trkpt>
<trkpt lat="44.944913" lon="6.562412"><ele>1380.5</ele></trkpt>
<trkpt lat="44.944992" lon="6.562174"><ele>1380.0</ele></trkpt>
<trkpt lat="44.945007" lon="6.562129"><ele>1380.0</ele></trkpt>
<trkpt lat="44.945065" lon="6.561966"><ele>1380.0</ele></trkpt>
<trkpt lat="44.945323" lon="6.561485"><ele>1380.0</ele></trkpt>
<trkpt lat="44.945471" lon="6.561229"><ele>1380.5</ele></trkpt>
<trkpt lat="44.945531" lon="6.561161"><ele>1380.8</ele></trkpt>
<trkpt lat="44.945583" lon="6.561153"><ele>1380.5</ele></trkpt>
<trkpt lat="44.945632" lon="6.561126"><ele>1380.2</ele></trkpt>
<trkpt lat="44.945673" lon="6.561080"><ele>1380.0</ele></trkpt>
<trkpt lat="44.945704" lon="6.561020"><ele>1380.0</ele></trkpt>
<trkpt lat="44.945723" lon="6.560951"><ele>1380.0</ele></trkpt>
<trkpt lat="44.945727" lon="6.560877"><ele>1380.2</ele></trkpt>
<trkpt lat="44.945716" lon="6.560804"><ele>1380.2</ele></trkpt>
<trkpt lat="44.945691" lon="6.560738"><ele>1380.5</ele></trkpt>
<trkpt lat="44.945655" lon="6.560683"><ele>1380.8</ele></trkpt>
<trkpt lat="44.945608" lon="6.560645"><ele>1381.2</ele></trkpt>
<trkpt lat="44.945558" lon="6.560628"><ele>1381.5</ele></trkpt>
<trkpt lat="44.945507" lon="6.560630"><ele>1381.5</ele></trkpt>
<trkpt lat="44.945457" lon="6.560651"><ele>1381.5</ele></trkpt>
<trkpt lat="44.945414" lon="6.560691"><ele>1381.5</ele></trkpt>
<trkpt lat="44.945350" lon="6.560694"><ele>1381.5</ele></trkpt>
<trkpt lat="44.945213" lon="6.560663"><ele>1381.8</ele></trkpt>
<trkpt lat="44.945173" lon="6.560603"><ele>1382.0</ele></trkpt>
<trkpt lat="44.945161" lon="6.560535"><ele>1382.2</ele></trkpt>
<trkpt lat="44.945177" lon="6.560420"><ele>1382.5</ele></trkpt>
<trkpt lat="44.945289" lon="6.560172"><ele>1383.2</ele></trkpt>
<trkpt lat="44.945370" lon="6.560039"><ele>1383.0</ele></trkpt>
<trkpt lat="44.945515" lon="6.559805"><ele>1382.8</ele></trkpt>
<trkpt lat="44.945557" lon="6.559740"><ele>1382.8</ele></trkpt>
<trkpt lat="44.945586" lon="6.559695"><ele>1383.0</ele></trkpt>
<trkpt lat="44.945816" lon="6.559345"><ele>1383.2</ele></trkpt>
<trkpt lat="44.945958" lon="6.559138"><ele>1383.5</ele></trkpt>
<trkpt lat="44.945962" lon="6.559007"><ele>1383.5</ele></trkpt>
<trkpt lat="44.945975" lon="6.558831"><ele>1383.5</ele></trkpt>
<trkpt lat="44.946034" lon="6.558020"><ele>1384.5</ele></trkpt>
<trkpt lat="44.946086" lon="6.557349"><ele>1385.5</ele></trkpt>
<trkpt lat="44.946127" lon="6.557206"><ele>1386.0</ele></trkpt>
<trkpt lat="44.946107" lon="6.557182"><ele>1386.0</ele></trkpt>
<trkpt lat="44.946058" lon="6.557121"><ele>1386.5</ele></trkpt>
<trkpt lat="44.946024" lon="6.557079"><ele>1386.8</ele></trkpt>
<trkpt lat="44.945865" lon="6.556883"><ele>1388.2</ele></trkpt>
<trkpt lat="44.945768" lon="6.556763"><ele>1389.5</ele></trkpt>
<trkpt lat="44.945521" lon="6.556457"><ele>1391.8</ele></trkpt>
<trkpt lat="44.945289" lon="6.556159"><ele>1392.8</ele></trkpt>
<trkpt lat="44.945179" lon="6.556033"><ele>1393.2</ele></trkpt>
<trkpt lat="44.944969" lon="6.555774"><ele>1395.5</ele></trkpt>
<trkpt lat="44.944919" lon="6.555733"><ele>1396.0</ele></trkpt>
<trkpt lat="44.944851" lon="6.555707"><ele>1396.2</ele></trkpt>
<trkpt lat="44.944782" lon="6.555706"><ele>1396.5</ele></trkpt>
<trkpt lat="44.944734" lon="6.555720"><ele>1396.8</ele></trkpt>
<trkpt lat="44.944680" lon="6.555753"><ele>1396.8</ele></trkpt>
<trkpt lat="44.944522" lon="6.555923"><ele>1396.5</ele></trkpt>
<trkpt lat="44.944329" lon="6.556130"><ele>1395.5</ele></trkpt>
<trkpt lat="44.943929" lon="6.556498"><ele>1396.2</ele></trkpt>
<trkpt lat="44.943874" lon="6.556550"><ele>1396.2</ele></trkpt>
<trkpt lat="44.943846" lon="6.556597"><ele>1396.2</ele></trkpt>
<trkpt lat="44.943816" lon="6.556649"><ele>1396.2</ele></trkpt>
<trkpt lat="44.943742" lon="6.556567"><ele>1397.0</ele></trkpt>
<trkpt lat="44.943679" lon="6.556508"><ele>1397.8</ele></trkpt>
<trkpt lat="44.943567" lon="6.556423"><ele>1398.8</ele></trkpt>
<trkpt lat="44.943395" lon="6.556291"><ele>1400.2</ele></trkpt>
<trkpt lat="44.943110" lon="6.556050"><ele>1403.0</ele></trkpt>
<trkpt lat="44.943037" lon="6.555971"><ele>1404.0</ele></trkpt>
<trkpt lat="44.942940" lon="6.555824"><ele>1405.2</ele></trkpt>
<trkpt lat="44.942859" lon="6.555681"><ele>1406.8</ele></trkpt>
<trkpt lat="44.942755" lon="6.555432"><ele>1409.2</ele></trkpt>
<trkpt lat="44.942730" lon="6.555343"><ele>1410.5</ele></trkpt>
<trkpt lat="44.942710" lon="6.555239"><ele>1411.5</ele></trkpt>
<trkpt lat="44.942709" lon="6.555177"><ele>1412.2</ele></trkpt>
<trkpt lat="44.942724" lon="6.555072"><ele>1413.2</ele></trkpt>
<trkpt lat="44.942740" lon="6.555021"><ele>1413.8</ele></trkpt>
<trkpt lat="44.942809" lon="6.554894"><ele>1414.5</ele></trkpt>
<trkpt lat="44.942959" lon="6.554607"><ele>1416.8</ele></trkpt>
<trkpt lat="44.943049" lon="6.554398"><ele>1418.5</ele></trkpt>
<trkpt lat="44.943014" lon="6.554396"><ele>1418.5</ele></trkpt>
<trkpt lat="44.942583" lon="6.554414"><ele>1420.0</ele></trkpt>
<trkpt lat="44.942450" lon="6.554387"><ele>1420.8</ele></trkpt>
<trkpt lat="44.942412" lon="6.554390"><ele>1420.8</ele></trkpt>
<trkpt lat="44.942316" lon="6.554427"><ele>1420.8</ele></trkpt>
<trkpt lat="44.942288" lon="6.554449"><ele>1420.5</ele></trkpt>
<trkpt lat="44.942261" lon="6.554495"><ele>1420.2</ele></trkpt>
<trkpt lat="44.942212" lon="6.554719"><ele>1418.0</ele></trkpt>
<trkpt lat="44.942182" lon="6.554788"><ele>1417.8</ele></trkpt>
<trkpt lat="44.942126" lon="6.554845"><ele>1418.0</ele></trkpt>
<trkpt lat="44.942110" lon="6.554854"><ele>1418.2</ele></trkpt>
<trkpt lat="44.942065" lon="6.554764"><ele>1419.2</ele></trkpt>
<trkpt lat="44.941987" lon="6.554547"><ele>1421.8</ele></trkpt>
<trkpt lat="44.941706" lon="6.553419"><ele>1437.5</ele></trkpt>
</trkseg></trk></gpx>