<?xml version="1.0" encoding="UTF-8"?>
<gpx version="1.1" creator="coucou-cosyn" xmlns="http://www.topografix.com/GPX/1/1"
     xmlns:xsi="http://www.w3.org/2001/XMLSchema-instance"
     xsi:schemaLocation="http://www.topografix.com/GPX/1/1 http://www.topografix.com/GPX/1/1/gpx.xsd">
  <metadata>
    <name>Samedi — Briançon &gt; Guillestre &gt; Izoard &gt; Briançon</name>
    <desc>Approche par le balcon de Champcella (veloroute La Durance a Velo), puis fin de l&#x27;Etape du Tour 2017 avec Guillaume : combe du Queyras, col d&#x27;Izoard et descente sur Briancon.</desc>
  </metadata>
  <trk>
    <name>Samedi — Briançon &gt; Guillestre &gt; Izoard &gt; Briançon</name>
    <type>Cycling</type>
    <trkseg>
      <trkpt lat="44.879797" lon="6.619503"><ele>1180.0</ele></trkpt>
      <trkpt lat="44.880935" lon="6.620590"><ele>1183.5</ele></trkpt>
      <trkpt lat="44.881016" lon="6.620734"><ele>1184.2</ele></trkpt>
      <trkpt lat="44.881044" lon="6.620778"><ele>1184.5</ele></trkpt>
      <trkpt lat="44.881080" lon="6.620835"><ele>1184.8</ele></trkpt>
      <trkpt lat="44.881083" lon="6.620885"><ele>1184.5</ele></trkpt>
      <trkpt lat="44.881094" lon="6.620933"><ele>1184.2</ele></trkpt>
      <trkpt lat="44.881113" lon="6.620975"><ele>1184.2</ele></trkpt>
      <trkpt lat="44.881142" lon="6.621013"><ele>1184.2</ele></trkpt>
      <trkpt lat="44.881176" lon="6.621039"><ele>1184.2</ele></trkpt>
      <trkpt lat="44.881218" lon="6.621051"><ele>1184.5</ele></trkpt>
      <trkpt lat="44.881261" lon="6.621046"><ele>1184.8</ele></trkpt>
      <trkpt lat="44.881301" lon="6.621023"><ele>1185.0</ele></trkpt>
      <trkpt lat="44.881334" lon="6.620987"><ele>1185.0</ele></trkpt>
      <trkpt lat="44.881358" lon="6.620938"><ele>1185.5</ele></trkpt>
      <trkpt lat="44.881372" lon="6.620882"><ele>1185.8</ele></trkpt>
      <trkpt lat="44.881374" lon="6.620823"><ele>1185.8</ele></trkpt>
      <trkpt lat="44.881363" lon="6.620763"><ele>1185.8</ele></trkpt>
      <trkpt lat="44.881340" lon="6.620710"><ele>1185.8</ele></trkpt>
      <trkpt lat="44.881366" lon="6.620553"><ele>1185.8</ele></trkpt>
      <trkpt lat="44.881368" lon="6.620478"><ele>1185.8</ele></trkpt>
      <trkpt lat="44.881358" lon="6.620407"><ele>1185.8</ele></trkpt>
      <trkpt lat="44.881340" lon="6.620351"><ele>1185.8</ele></trkpt>
      <trkpt lat="44.881315" lon="6.620304"><ele>1185.5</ele></trkpt>
      <trkpt lat="44.881257" lon="6.620218"><ele>1185.2</ele></trkpt>
      <trkpt lat="44.881169" lon="6.620098"><ele>1184.5</ele></trkpt>
      <trkpt lat="44.881079" lon="6.619952"><ele>1183.8</ele></trkpt>
      <trkpt lat="44.880962" lon="6.619700"><ele>1182.8</ele></trkpt>
      <trkpt lat="44.880920" lon="6.619598"><ele>1182.5</ele></trkpt>
      <trkpt lat="44.880882" lon="6.619502"><ele>1182.2</ele></trkpt>
      <trkpt lat="44.880851" lon="6.619415"><ele>1182.0</ele></trkpt>
      <trkpt lat="44.880752" lon="6.619147"><ele>1182.2</ele></trkpt>
      <trkpt lat="44.880733" lon="6.619097"><ele>1182.5</ele></trkpt>
      <trkpt lat="44.880650" lon="6.618885"><ele>1182.5</ele></trkpt>
      <trkpt lat="44.880529" lon="6.618617"><ele>1183.5</ele></trkpt>
      <trkpt lat="44.880482" lon="6.618539"><ele>1183.5</ele></trkpt>
      <trkpt lat="44.880387" lon="6.618397"><ele>1183.5</ele></trkpt>
      <trkpt lat="44.880343" lon="6.618335"><ele>1183.5</ele></trkpt>
      <trkpt lat="44.880299" lon="6.618273"><ele>1183.5</ele></trkpt>
      <trkpt lat="44.880154" lon="6.618070"><ele>1183.5</ele></trkpt>
      <trkpt lat="44.880072" lon="6.617956"><ele>1183.0</ele></trkpt>
      <trkpt lat="44.880049" lon="6.617924"><ele>1183.0</ele></trkpt>
      <trkpt lat="44.879917" lon="6.617743"><ele>1182.0</ele></trkpt>
      <trkpt lat="44.879808" lon="6.617612"><ele>1181.0</ele></trkpt>
      <trkpt lat="44.879732" lon="6.617532"><ele>1180.0</ele></trkpt>
      <trkpt lat="44.879662" lon="6.617463"><ele>1180.0</ele></trkpt>
      <trkpt lat="44.879492" lon="6.617294"><ele>1180.0</ele></trkpt>
      <trkpt lat="44.879010" lon="6.616833"><ele>1181.5</ele></trkpt>
      <trkpt lat="44.878710" lon="6.616550"><ele>1183.2</ele></trkpt>
      <trkpt lat="44.878072" lon="6.615934"><ele>1184.5</ele></trkpt>
      <trkpt lat="44.878014" lon="6.615880"><ele>1184.5</ele></trkpt>
      <trkpt lat="44.877968" lon="6.615835"><ele>1184.5</ele></trkpt>
      <trkpt lat="44.877940" lon="6.615810"><ele>1184.8</ele></trkpt>
      <trkpt lat="44.877883" lon="6.615755"><ele>1184.8</ele></trkpt>
      <trkpt lat="44.877784" lon="6.615660"><ele>1185.2</ele></trkpt>
      <trkpt lat="44.877683" lon="6.615563"><ele>1185.2</ele></trkpt>
      <trkpt lat="44.877209" lon="6.615095"><ele>1185.0</ele></trkpt>
      <trkpt lat="44.877176" lon="6.615062"><ele>1185.0</ele></trkpt>
      <trkpt lat="44.876991" lon="6.614879"><ele>1185.0</ele></trkpt>
      <trkpt lat="44.876972" lon="6.614862"><ele>1185.0</ele></trkpt>
      <trkpt lat="44.876873" lon="6.614768"><ele>1185.0</ele></trkpt>
      <trkpt lat="44.876782" lon="6.614683"><ele>1185.0</ele></trkpt>
      <trkpt lat="44.876347" lon="6.614264"><ele>1184.2</ele></trkpt>
      <trkpt lat="44.876272" lon="6.614193"><ele>1184.0</ele></trkpt>
      <trkpt lat="44.876199" lon="6.614130"><ele>1183.8</ele></trkpt>
      <trkpt lat="44.876098" lon="6.614044"><ele>1183.2</ele></trkpt>
      <trkpt lat="44.875922" lon="6.613883"><ele>1182.5</ele></trkpt>
      <trkpt lat="44.875909" lon="6.613870"><ele>1182.5</ele></trkpt>
      <trkpt lat="44.875901" lon="6.613861"><ele>1182.5</ele></trkpt>
      <trkpt lat="44.875855" lon="6.613814"><ele>1182.2</ele></trkpt>
      <trkpt lat="44.875735" lon="6.613685"><ele>1181.8</ele></trkpt>
      <trkpt lat="44.875609" lon="6.613537"><ele>1181.5</ele></trkpt>
      <trkpt lat="44.875455" lon="6.613348"><ele>1181.0</ele></trkpt>
      <trkpt lat="44.875356" lon="6.613227"><ele>1180.8</ele></trkpt>
      <trkpt lat="44.875212" lon="6.613073"><ele>1180.2</ele></trkpt>
      <trkpt lat="44.875032" lon="6.612915"><ele>1179.5</ele></trkpt>
      <trkpt lat="44.874987" lon="6.612876"><ele>1179.5</ele></trkpt>
      <trkpt lat="44.874859" lon="6.612764"><ele>1178.5</ele></trkpt>
      <trkpt lat="44.874615" lon="6.612496"><ele>1176.8</ele></trkpt>
      <trkpt lat="44.874448" lon="6.612298"><ele>1175.8</ele></trkpt>
      <trkpt lat="44.874420" lon="6.612265"><ele>1175.5</ele></trkpt>
      <trkpt lat="44.874113" lon="6.611893"><ele>1173.8</ele></trkpt>
      <trkpt lat="44.874040" lon="6.611803"><ele>1173.5</ele></trkpt>
      <trkpt lat="44.873955" lon="6.611671"><ele>1173.2</ele></trkpt>
      <trkpt lat="44.873844" lon="6.611510"><ele>1172.5</ele></trkpt>
      <trkpt lat="44.873609" lon="6.611115"><ele>1171.8</ele></trkpt>
      <trkpt lat="44.873154" lon="6.610289"><ele>1171.2</ele></trkpt>
      <trkpt lat="44.872579" lon="6.609289"><ele>1171.0</ele></trkpt>
      <trkpt lat="44.872525" lon="6.609228"><ele>1171.0</ele></trkpt>
      <trkpt lat="44.872483" lon="6.609197"><ele>1171.0</ele></trkpt>
      <trkpt lat="44.872436" lon="6.609189"><ele>1171.0</ele></trkpt>
      <trkpt lat="44.872392" lon="6.609196"><ele>1171.0</ele></trkpt>
      <trkpt lat="44.872271" lon="6.609235"><ele>1171.0</ele></trkpt>
      <trkpt lat="44.872175" lon="6.609284"><ele>1171.0</ele></trkpt>
      <trkpt lat="44.872155" lon="6.609293"><ele>1171.0</ele></trkpt>
      <trkpt lat="44.872038" lon="6.608894"><ele>1171.0</ele></trkpt>
      <trkpt lat="44.871867" lon="6.608355"><ele>1170.5</ele></trkpt>
      <trkpt lat="44.871678" lon="6.607821"><ele>1170.0</ele></trkpt>
      <trkpt lat="44.871576" lon="6.607563"><ele>1169.0</ele></trkpt>
      <trkpt lat="44.871458" lon="6.607297"><ele>1169.0</ele></trkpt>
      <trkpt lat="44.871209" lon="6.606797"><ele>1169.0</ele></trkpt>
      <trkpt lat="44.870947" lon="6.606314"><ele>1168.2</ele></trkpt>
      <trkpt lat="44.870319" lon="6.605230"><ele>1168.0</ele></trkpt>
      <trkpt lat="44.869361" lon="6.603375"><ele>1171.5</ele></trkpt>
      <trkpt lat="44.869160" lon="6.603032"><ele>1172.0</ele></trkpt>
      <trkpt lat="44.868990" lon="6.602760"><ele>1172.8</ele></trkpt>
      <trkpt lat="44.868745" lon="6.602420"><ele>1173.5</ele></trkpt>
      <trkpt lat="44.868594" lon="6.602228"><ele>1172.8</ele></trkpt>
      <trkpt lat="44.868348" lon="6.601946"><ele>1173.0</ele></trkpt>
      <trkpt lat="44.868119" lon="6.601709"><ele>1173.0</ele></trkpt>
      <trkpt lat="44.868039" lon="6.601637"><ele>1173.0</ele></trkpt>
      <trkpt lat="44.867923" lon="6.601543"><ele>1173.5</ele></trkpt>
      <trkpt lat="44.867481" lon="6.601186"><ele>1173.5</ele></trkpt>
      <trkpt lat="44.867100" lon="6.600907"><ele>1173.8</ele></trkpt>
      <trkpt lat="44.866637" lon="6.600588"><ele>1174.5</ele></trkpt>
      <trkpt lat="44.866366" lon="6.600428"><ele>1174.8</ele></trkpt>
      <trkpt lat="44.865813" lon="6.600022"><ele>1175.8</ele></trkpt>
      <trkpt lat="44.865581" lon="6.599820"><ele>1176.2</ele></trkpt>
      <trkpt lat="44.865239" lon="6.599486"><ele>1177.2</ele></trkpt>
      <trkpt lat="44.864936" lon="6.599131"><ele>1177.5</ele></trkpt>
      <trkpt lat="44.864763" lon="6.598898"><ele>1178.0</ele></trkpt>
      <trkpt lat="44.864674" lon="6.598749"><ele>1178.0</ele></trkpt>
      <trkpt lat="44.864620" lon="6.598660"><ele>1178.0</ele></trkpt>
      <trkpt lat="44.864568" lon="6.598575"><ele>1178.0</ele></trkpt>
      <trkpt lat="44.864237" lon="6.597968"><ele>1176.5</ele></trkpt>
      <trkpt lat="44.864191" lon="6.597846"><ele>1176.0</ele></trkpt>
      <trkpt lat="44.864084" lon="6.597605"><ele>1176.0</ele></trkpt>
      <trkpt lat="44.863884" lon="6.597171"><ele>1176.0</ele></trkpt>
      <trkpt lat="44.863734" lon="6.596862"><ele>1175.2</ele></trkpt>
      <trkpt lat="44.863481" lon="6.596368"><ele>1173.0</ele></trkpt>
      <trkpt lat="44.863277" lon="6.595977"><ele>1171.8</ele></trkpt>
      <trkpt lat="44.862886" lon="6.595252"><ele>1169.0</ele></trkpt>
      <trkpt lat="44.862681" lon="6.594914"><ele>1166.8</ele></trkpt>
      <trkpt lat="44.862375" lon="6.594325"><ele>1164.5</ele></trkpt>
      <trkpt lat="44.861939" lon="6.593480"><ele>1159.2</ele></trkpt>
      <trkpt lat="44.860761" lon="6.591147"><ele>1153.8</ele></trkpt>
      <trkpt lat="44.860623" lon="6.590884"><ele>1154.0</ele></trkpt>
      <trkpt lat="44.860472" lon="6.590637"><ele>1153.2</ele></trkpt>
      <trkpt lat="44.860358" lon="6.590472"><ele>1152.5</ele></trkpt>
      <trkpt lat="44.860210" lon="6.590291"><ele>1152.0</ele></trkpt>
      <trkpt lat="44.859481" lon="6.589495"><ele>1151.0</ele></trkpt>
      <trkpt lat="44.859420" lon="6.589427"><ele>1151.0</ele></trkpt>
      <trkpt lat="44.859003" lon="6.588977"><ele>1151.2</ele></trkpt>
      <trkpt lat="44.858724" lon="6.588672"><ele>1151.5</ele></trkpt>
      <trkpt lat="44.857825" lon="6.587700"><ele>1151.2</ele></trkpt>
      <trkpt lat="44.857567" lon="6.587421"><ele>1153.8</ele></trkpt>
      <trkpt lat="44.857520" lon="6.587371"><ele>1154.2</ele></trkpt>
      <trkpt lat="44.854864" lon="6.584503"><ele>1164.8</ele></trkpt>
      <trkpt lat="44.854740" lon="6.584366"><ele>1165.5</ele></trkpt>
      <trkpt lat="44.854452" lon="6.584098"><ele>1166.8</ele></trkpt>
      <trkpt lat="44.854266" lon="6.583872"><ele>1168.2</ele></trkpt>
      <trkpt lat="44.854148" lon="6.583735"><ele>1168.8</ele></trkpt>
      <trkpt lat="44.854065" lon="6.583644"><ele>1168.5</ele></trkpt>
      <trkpt lat="44.853993" lon="6.583568"><ele>1168.2</ele></trkpt>
      <trkpt lat="44.853916" lon="6.583486"><ele>1168.5</ele></trkpt>
      <trkpt lat="44.853899" lon="6.583468"><ele>1168.5</ele></trkpt>
      <trkpt lat="44.853878" lon="6.583447"><ele>1168.5</ele></trkpt>
      <trkpt lat="44.853636" lon="6.583181"><ele>1167.8</ele></trkpt>
      <trkpt lat="44.853572" lon="6.583113"><ele>1167.5</ele></trkpt>
      <trkpt lat="44.853501" lon="6.583040"><ele>1167.0</ele></trkpt>
      <trkpt lat="44.853397" lon="6.582932"><ele>1166.5</ele></trkpt>
      <trkpt lat="44.853318" lon="6.582850"><ele>1166.5</ele></trkpt>
      <trkpt lat="44.852992" lon="6.582544"><ele>1165.2</ele></trkpt>
      <trkpt lat="44.852807" lon="6.582408"><ele>1164.5</ele></trkpt>
      <trkpt lat="44.852608" lon="6.582276"><ele>1164.0</ele></trkpt>
      <trkpt lat="44.852427" lon="6.582170"><ele>1163.2</ele></trkpt>
      <trkpt lat="44.852321" lon="6.582114"><ele>1162.5</ele></trkpt>
      <trkpt lat="44.852126" lon="6.582024"><ele>1160.8</ele></trkpt>
      <trkpt lat="44.852025" lon="6.581991"><ele>1160.0</ele></trkpt>
      <trkpt lat="44.851933" lon="6.581965"><ele>1159.2</ele></trkpt>
      <trkpt lat="44.851810" lon="6.581957"><ele>1158.5</ele></trkpt>
      <trkpt lat="44.851605" lon="6.581984"><ele>1155.5</ele></trkpt>
      <trkpt lat="44.851591" lon="6.581986"><ele>1155.2</ele></trkpt>
      <trkpt lat="44.851489" lon="6.582002"><ele>1153.5</ele></trkpt>
      <trkpt lat="44.851456" lon="6.582008"><ele>1152.8</ele></trkpt>
      <trkpt lat="44.851355" lon="6.582036"><ele>1152.5</ele></trkpt>
      <trkpt lat="44.850783" lon="6.582262"><ele>1152.5</ele></trkpt>
      <trkpt lat="44.850500" lon="6.582387"><ele>1152.2</ele></trkpt>
      <trkpt lat="44.850123" lon="6.582538"><ele>1152.2</ele></trkpt>
      <trkpt lat="44.849992" lon="6.582577"><ele>1152.2</ele></trkpt>
      <trkpt lat="44.849704" lon="6.582642"><ele>1154.2</ele></trkpt>
      <trkpt lat="44.848480" lon="6.582865"><ele>1153.2</ele></trkpt>
      <trkpt lat="44.847030" lon="6.583148"><ele>1149.2</ele></trkpt>
      <trkpt lat="44.846239" lon="6.583253"><ele>1146.5</ele></trkpt>
      <trkpt lat="44.846113" lon="6.583254"><ele>1145.5</ele></trkpt>
      <trkpt lat="44.845861" lon="6.583224"><ele>1147.5</ele></trkpt>
      <trkpt lat="44.845727" lon="6.583192"><ele>1149.0</ele></trkpt>
      <trkpt lat="44.845596" lon="6.583152"><ele>1150.5</ele></trkpt>
      <trkpt lat="44.845353" lon="6.583048"><ele>1151.5</ele></trkpt>
      <trkpt lat="44.845024" lon="6.582893"><ele>1151.0</ele></trkpt>
      <trkpt lat="44.844769" lon="6.582761"><ele>1152.2</ele></trkpt>
      <trkpt lat="44.844692" lon="6.582687"><ele>1152.2</ele></trkpt>
      <trkpt lat="44.844583" lon="6.582607"><ele>1152.2</ele></trkpt>
      <trkpt lat="44.844181" lon="6.582395"><ele>1153.5</ele></trkpt>
      <trkpt lat="44.843913" lon="6.582237"><ele>1155.8</ele></trkpt>
      <trkpt lat="44.843729" lon="6.582107"><ele>1156.5</ele></trkpt>
      <trkpt lat="44.843701" lon="6.582076"><ele>1156.5</ele></trkpt>
      <trkpt lat="44.843679" lon="6.582048"><ele>1156.8</ele></trkpt>
      <trkpt lat="44.843683" lon="6.582007"><ele>1156.5</ele></trkpt>
      <trkpt lat="44.843679" lon="6.581965"><ele>1156.8</ele></trkpt>
      <trkpt lat="44.843667" lon="6.581927"><ele>1156.5</ele></trkpt>
      <trkpt lat="44.843647" lon="6.581896"><ele>1156.2</ele></trkpt>
      <trkpt lat="44.843619" lon="6.581874"><ele>1156.0</ele></trkpt>
      <trkpt lat="44.843588" lon="6.581865"><ele>1155.8</ele></trkpt>
      <trkpt lat="44.843556" lon="6.581870"><ele>1155.5</ele></trkpt>
      <trkpt lat="44.843527" lon="6.581889"><ele>1155.5</ele></trkpt>
      <trkpt lat="44.843504" lon="6.581920"><ele>1155.8</ele></trkpt>
      <trkpt lat="44.843489" lon="6.581959"><ele>1156.0</ele></trkpt>
      <trkpt lat="44.843483" lon="6.582004"><ele>1156.0</ele></trkpt>
      <trkpt lat="44.843488" lon="6.582049"><ele>1156.2</ele></trkpt>
      <trkpt lat="44.843503" lon="6.582089"><ele>1156.2</ele></trkpt>
      <trkpt lat="44.843525" lon="6.582121"><ele>1156.5</ele></trkpt>
      <trkpt lat="44.843554" lon="6.582141"><ele>1156.5</ele></trkpt>
      <trkpt lat="44.843586" lon="6.582147"><ele>1156.8</ele></trkpt>
      <trkpt lat="44.843591" lon="6.582193"><ele>1156.8</ele></trkpt>
      <trkpt lat="44.843600" lon="6.582317"><ele>1155.8</ele></trkpt>
      <trkpt lat="44.843625" lon="6.582700"><ele>1156.8</ele></trkpt>
      <trkpt lat="44.843633" lon="6.582798"><ele>1158.0</ele></trkpt>
      <trkpt lat="44.843635" lon="6.582834"><ele>1158.5</ele></trkpt>
      <trkpt lat="44.843541" lon="6.582880"><ele>1159.2</ele></trkpt>
      <trkpt lat="44.843063" lon="6.583111"><ele>1159.2</ele></trkpt>
      <trkpt lat="44.843015" lon="6.583135"><ele>1158.5</ele></trkpt>
      <trkpt lat="44.842768" lon="6.583258"><ele>1155.2</ele></trkpt>
      <trkpt lat="44.842480" lon="6.583404"><ele>1160.2</ele></trkpt>
      <trkpt lat="44.842424" lon="6.583448"><ele>1159.8</ele></trkpt>
      <trkpt lat="44.842332" lon="6.583590"><ele>1160.5</ele></trkpt>
      <trkpt lat="44.842200" lon="6.583859"><ele>1164.2</ele></trkpt>
      <trkpt lat="44.842126" lon="6.583969"><ele>1164.5</ele></trkpt>
      <trkpt lat="44.841972" lon="6.584141"><ele>1166.2</ele></trkpt>
      <trkpt lat="44.841874" lon="6.584232"><ele>1167.0</ele></trkpt>
      <trkpt lat="44.841723" lon="6.584320"><ele>1166.8</ele></trkpt>
      <trkpt lat="44.841330" lon="6.584492"><ele>1166.2</ele></trkpt>
      <trkpt lat="44.841269" lon="6.584519"><ele>1166.2</ele></trkpt>
      <trkpt lat="44.841184" lon="6.584559"><ele>1166.5</ele></trkpt>
      <trkpt lat="44.841006" lon="6.584643"><ele>1166.5</ele></trkpt>
      <trkpt lat="44.840760" lon="6.584769"><ele>1166.8</ele></trkpt>
      <trkpt lat="44.840675" lon="6.584828"><ele>1166.5</ele></trkpt>
      <trkpt lat="44.840593" lon="6.584892"><ele>1166.5</ele></trkpt>
      <trkpt lat="44.840411" lon="6.585084"><ele>1168.0</ele></trkpt>
      <trkpt lat="44.840348" lon="6.585161"><ele>1168.8</ele></trkpt>
      <trkpt lat="44.840220" lon="6.585386"><ele>1170.5</ele></trkpt>
      <trkpt lat="44.840180" lon="6.585430"><ele>1170.8</ele></trkpt>
      <trkpt lat="44.840133" lon="6.585468"><ele>1171.0</ele></trkpt>
      <trkpt lat="44.839978" lon="6.585519"><ele>1171.5</ele></trkpt>
      <trkpt lat="44.839721" lon="6.585598"><ele>1171.2</ele></trkpt>
      <trkpt lat="44.839659" lon="6.585607"><ele>1171.5</ele></trkpt>
      <trkpt lat="44.839603" lon="6.585602"><ele>1171.5</ele></trkpt>
      <trkpt lat="44.838932" lon="6.585466"><ele>1169.5</ele></trkpt>
      <trkpt lat="44.838370" lon="6.585370"><ele>1169.0</ele></trkpt>
      <trkpt lat="44.837911" lon="6.585271"><ele>1170.8</ele></trkpt>
      <trkpt lat="44.837471" lon="6.585164"><ele>1173.0</ele></trkpt>
      <trkpt lat="44.836842" lon="6.584941"><ele>1174.8</ele></trkpt>
      <trkpt lat="44.836281" lon="6.584754"><ele>1176.8</ele></trkpt>
      <trkpt lat="44.835870" lon="6.584637"><ele>1178.5</ele></trkpt>
      <trkpt lat="44.835161" lon="6.584424"><ele>1181.0</ele></trkpt>
      <trkpt lat="44.835109" lon="6.584410"><ele>1181.2</ele></trkpt>
      <trkpt lat="44.832970" lon="6.583807"><ele>1190.5</ele></trkpt>
      <trkpt lat="44.832698" lon="6.583713"><ele>1192.2</ele></trkpt>
      <trkpt lat="44.832613" lon="6.583654"><ele>1192.0</ele></trkpt>
      <trkpt lat="44.832576" lon="6.583620"><ele>1191.5</ele></trkpt>
      <trkpt lat="44.832545" lon="6.583570"><ele>1191.5</ele></trkpt>
      <trkpt lat="44.832524" lon="6.583507"><ele>1191.2</ele></trkpt>
      <trkpt lat="44.832505" lon="6.583420"><ele>1191.2</ele></trkpt>
      <trkpt lat="44.832496" lon="6.583331"><ele>1191.0</ele></trkpt>
      <trkpt lat="44.832496" lon="6.583189"><ele>1189.2</ele></trkpt>
      <trkpt lat="44.832496" lon="6.583141"><ele>1188.8</ele></trkpt>
      <trkpt lat="44.832168" lon="6.583139"><ele>1192.8</ele></trkpt>
      <trkpt lat="44.831496" lon="6.583157"><ele>1196.0</ele></trkpt>
      <trkpt lat="44.831241" lon="6.583164"><ele>1196.8</ele></trkpt>
      <trkpt lat="44.831085" lon="6.583161"><ele>1197.2</ele></trkpt>
      <trkpt lat="44.830952" lon="6.583146"><ele>1198.2</ele></trkpt>
      <trkpt lat="44.830837" lon="6.583112"><ele>1198.8</ele></trkpt>
      <trkpt lat="44.830735" lon="6.583071"><ele>1198.8</ele></trkpt>
      <trkpt lat="44.830621" lon="6.583001"><ele>1198.5</ele></trkpt>
      <trkpt lat="44.830528" lon="6.582932"><ele>1198.5</ele></trkpt>
      <trkpt lat="44.830449" lon="6.582857"><ele>1198.2</ele></trkpt>
      <trkpt lat="44.830309" lon="6.582689"><ele>1199.2</ele></trkpt>
      <trkpt lat="44.830232" lon="6.582559"><ele>1200.0</ele></trkpt>
      <trkpt lat="44.830166" lon="6.582425"><ele>1201.0</ele></trkpt>
      <trkpt lat="44.830103" lon="6.582260"><ele>1203.5</ele></trkpt>
      <trkpt lat="44.830046" lon="6.582061"><ele>1206.8</ele></trkpt>
      <trkpt lat="44.829933" lon="6.581596"><ele>1211.0</ele></trkpt>
      <trkpt lat="44.829884" lon="6.581418"><ele>1211.5</ele></trkpt>
      <trkpt lat="44.829813" lon="6.581240"><ele>1211.8</ele></trkpt>
      <trkpt lat="44.829720" lon="6.581059"><ele>1211.0</ele></trkpt>
      <trkpt lat="44.829636" lon="6.580939"><ele>1211.8</ele></trkpt>
      <trkpt lat="44.829532" lon="6.580817"><ele>1211.2</ele></trkpt>
      <trkpt lat="44.829418" lon="6.580715"><ele>1211.0</ele></trkpt>
      <trkpt lat="44.829310" lon="6.580640"><ele>1211.0</ele></trkpt>
      <trkpt lat="44.829155" lon="6.580557"><ele>1211.0</ele></trkpt>
      <trkpt lat="44.828731" lon="6.580352"><ele>1215.8</ele></trkpt>
      <trkpt lat="44.828438" lon="6.580225"><ele>1217.8</ele></trkpt>
      <trkpt lat="44.827359" lon="6.579726"><ele>1221.0</ele></trkpt>
      <trkpt lat="44.827277" lon="6.579694"><ele>1221.2</ele></trkpt>
      <trkpt lat="44.827149" lon="6.579670"><ele>1222.2</ele></trkpt>
      <trkpt lat="44.827012" lon="6.579672"><ele>1223.2</ele></trkpt>
      <trkpt lat="44.826878" lon="6.579697"><ele>1223.8</ele></trkpt>
      <trkpt lat="44.825885" lon="6.579938"><ele>1226.0</ele></trkpt>
      <trkpt lat="44.825627" lon="6.579989"><ele>1225.2</ele></trkpt>
      <trkpt lat="44.825305" lon="6.580050"><ele>1224.0</ele></trkpt>
      <trkpt lat="44.825088" lon="6.580060"><ele>1223.2</ele></trkpt>
      <trkpt lat="44.824981" lon="6.580048"><ele>1222.8</ele></trkpt>
      <trkpt lat="44.824840" lon="6.580003"><ele>1221.8</ele></trkpt>
      <trkpt lat="44.824637" lon="6.579907"><ele>1221.5</ele></trkpt>
      <trkpt lat="44.824286" lon="6.579714"><ele>1221.0</ele></trkpt>
      <trkpt lat="44.824213" lon="6.579672"><ele>1221.0</ele></trkpt>
      <trkpt lat="44.824134" lon="6.579628"><ele>1221.0</ele></trkpt>
      <trkpt lat="44.823784" lon="6.579437"><ele>1220.2</ele></trkpt>
      <trkpt lat="44.823769" lon="6.579429"><ele>1220.2</ele></trkpt>
      <trkpt lat="44.823186" lon="6.579105"><ele>1219.8</ele></trkpt>
      <trkpt lat="44.822914" lon="6.578956"><ele>1219.2</ele></trkpt>
      <trkpt lat="44.822778" lon="6.578910"><ele>1219.0</ele></trkpt>
      <trkpt lat="44.822699" lon="6.578895"><ele>1219.0</ele></trkpt>
      <trkpt lat="44.822504" lon="6.578878"><ele>1218.8</ele></trkpt>
      <trkpt lat="44.822261" lon="6.578874"><ele>1217.8</ele></trkpt>
      <trkpt lat="44.821822" lon="6.578889"><ele>1217.5</ele></trkpt>
      <trkpt lat="44.821783" lon="6.578893"><ele>1217.2</ele></trkpt>
      <trkpt lat="44.821616" lon="6.578905"><ele>1217.2</ele></trkpt>
      <trkpt lat="44.821365" lon="6.578906"><ele>1217.2</ele></trkpt>
      <trkpt lat="44.821090" lon="6.578859"><ele>1216.2</ele></trkpt>
      <trkpt lat="44.820931" lon="6.578840"><ele>1215.2</ele></trkpt>
      <trkpt lat="44.820753" lon="6.578844"><ele>1214.5</ele></trkpt>
      <trkpt lat="44.820445" lon="6.578885"><ele>1214.8</ele></trkpt>
      <trkpt lat="44.820362" lon="6.578886"><ele>1214.8</ele></trkpt>
      <trkpt lat="44.820285" lon="6.578875"><ele>1214.5</ele></trkpt>
      <trkpt lat="44.820219" lon="6.578849"><ele>1214.8</ele></trkpt>
      <trkpt lat="44.820145" lon="6.578804"><ele>1214.5</ele></trkpt>
      <trkpt lat="44.819872" lon="6.578581"><ele>1211.8</ele></trkpt>
      <trkpt lat="44.819704" lon="6.578482"><ele>1211.0</ele></trkpt>
      <trkpt lat="44.819599" lon="6.578442"><ele>1211.0</ele></trkpt>
      <trkpt lat="44.819500" lon="6.578423"><ele>1211.5</ele></trkpt>
      <trkpt lat="44.819258" lon="6.578397"><ele>1213.2</ele></trkpt>
      <trkpt lat="44.819168" lon="6.578380"><ele>1213.8</ele></trkpt>
      <trkpt lat="44.819081" lon="6.578341"><ele>1213.8</ele></trkpt>
      <trkpt lat="44.819020" lon="6.578303"><ele>1213.2</ele></trkpt>
      <trkpt lat="44.818920" lon="6.578222"><ele>1211.2</ele></trkpt>
      <trkpt lat="44.818608" lon="6.577936"><ele>1204.2</ele></trkpt>
      <trkpt lat="44.818494" lon="6.577845"><ele>1202.2</ele></trkpt>
      <trkpt lat="44.818347" lon="6.577756"><ele>1200.5</ele></trkpt>
      <trkpt lat="44.818219" lon="6.577710"><ele>1200.8</ele></trkpt>
      <trkpt lat="44.817791" lon="6.577596"><ele>1202.8</ele></trkpt>
      <trkpt lat="44.817651" lon="6.577545"><ele>1202.2</ele></trkpt>
      <trkpt lat="44.817420" lon="6.577438"><ele>1200.2</ele></trkpt>
      <trkpt lat="44.817160" lon="6.577343"><ele>1200.0</ele></trkpt>
      <trkpt lat="44.816996" lon="6.577296"><ele>1200.5</ele></trkpt>
      <trkpt lat="44.816735" lon="6.577267"><ele>1202.5</ele></trkpt>
      <trkpt lat="44.816604" lon="6.577241"><ele>1202.8</ele></trkpt>
      <trkpt lat="44.816252" lon="6.577132"><ele>1203.2</ele></trkpt>
      <trkpt lat="44.815735" lon="6.577088"><ele>1206.8</ele></trkpt>
      <trkpt lat="44.815234" lon="6.576983"><ele>1206.2</ele></trkpt>
      <trkpt lat="44.815026" lon="6.576918"><ele>1206.8</ele></trkpt>
      <trkpt lat="44.814940" lon="6.576866"><ele>1207.2</ele></trkpt>
      <trkpt lat="44.814877" lon="6.576805"><ele>1207.5</ele></trkpt>
      <trkpt lat="44.814827" lon="6.576736"><ele>1206.8</ele></trkpt>
      <trkpt lat="44.814363" lon="6.575908"><ele>1205.5</ele></trkpt>
      <trkpt lat="44.814274" lon="6.575783"><ele>1204.8</ele></trkpt>
      <trkpt lat="44.814210" lon="6.575711"><ele>1204.2</ele></trkpt>
      <trkpt lat="44.814133" lon="6.575648"><ele>1203.5</ele></trkpt>
      <trkpt lat="44.814060" lon="6.575605"><ele>1203.0</ele></trkpt>
      <trkpt lat="44.813980" lon="6.575576"><ele>1202.8</ele></trkpt>
      <trkpt lat="44.813867" lon="6.575562"><ele>1203.2</ele></trkpt>
      <trkpt lat="44.813381" lon="6.575541"><ele>1202.2</ele></trkpt>
      <trkpt lat="44.813116" lon="6.575520"><ele>1202.2</ele></trkpt>
      <trkpt lat="44.812867" lon="6.575485"><ele>1202.2</ele></trkpt>
      <trkpt lat="44.812698" lon="6.575441"><ele>1202.0</ele></trkpt>
      <trkpt lat="44.812533" lon="6.575372"><ele>1201.0</ele></trkpt>
      <trkpt lat="44.812401" lon="6.575307"><ele>1201.5</ele></trkpt>
      <trkpt lat="44.812268" lon="6.575217"><ele>1201.8</ele></trkpt>
      <trkpt lat="44.812146" lon="6.575112"><ele>1202.0</ele></trkpt>
      <trkpt lat="44.811978" lon="6.574921"><ele>1202.2</ele></trkpt>
      <trkpt lat="44.811762" lon="6.574621"><ele>1200.5</ele></trkpt>
      <trkpt lat="44.811703" lon="6.574555"><ele>1200.5</ele></trkpt>
      <trkpt lat="44.811626" lon="6.574505"><ele>1201.0</ele></trkpt>
      <trkpt lat="44.811524" lon="6.574461"><ele>1201.5</ele></trkpt>
      <trkpt lat="44.810757" lon="6.574217"><ele>1201.2</ele></trkpt>
      <trkpt lat="44.810436" lon="6.574100"><ele>1197.5</ele></trkpt>
      <trkpt lat="44.810224" lon="6.574019"><ele>1195.0</ele></trkpt>
      <trkpt lat="44.810112" lon="6.573996"><ele>1194.0</ele></trkpt>
      <trkpt lat="44.809993" lon="6.573987"><ele>1193.2</ele></trkpt>
      <trkpt lat="44.809872" lon="6.574004"><ele>1193.2</ele></trkpt>
      <trkpt lat="44.809345" lon="6.574147"><ele>1194.8</ele></trkpt>
      <trkpt lat="44.809247" lon="6.574165"><ele>1194.5</ele></trkpt>
      <trkpt lat="44.809091" lon="6.574181"><ele>1194.0</ele></trkpt>
      <trkpt lat="44.808974" lon="6.574189"><ele>1193.8</ele></trkpt>
      <trkpt lat="44.808822" lon="6.574169"><ele>1193.0</ele></trkpt>
      <trkpt lat="44.808738" lon="6.574140"><ele>1192.5</ele></trkpt>
      <trkpt lat="44.808649" lon="6.574100"><ele>1191.8</ele></trkpt>
      <trkpt lat="44.808571" lon="6.574048"><ele>1191.0</ele></trkpt>
      <trkpt lat="44.808415" lon="6.573895"><ele>1190.0</ele></trkpt>
      <trkpt lat="44.808306" lon="6.573748"><ele>1189.2</ele></trkpt>
      <trkpt lat="44.808209" lon="6.573592"><ele>1188.2</ele></trkpt>
      <trkpt lat="44.808135" lon="6.573435"><ele>1187.0</ele></trkpt>
      <trkpt lat="44.808052" lon="6.573227"><ele>1185.8</ele></trkpt>
      <trkpt lat="44.807592" lon="6.572028"><ele>1176.5</ele></trkpt>
      <trkpt lat="44.807464" lon="6.571718"><ele>1172.2</ele></trkpt>
      <trkpt lat="44.806772" lon="6.569890"><ele>1158.0</ele></trkpt>
      <trkpt lat="44.806604" lon="6.569513"><ele>1156.8</ele></trkpt>
      <trkpt lat="44.806523" lon="6.569361"><ele>1156.0</ele></trkpt>
      <trkpt lat="44.806361" lon="6.569076"><ele>1154.2</ele></trkpt>
      <trkpt lat="44.806225" lon="6.568860"><ele>1154.0</ele></trkpt>
      <trkpt lat="44.806067" lon="6.568633"><ele>1152.8</ele></trkpt>
      <trkpt lat="44.805724" lon="6.568168"><ele>1150.2</ele></trkpt>
      <trkpt lat="44.805576" lon="6.568016"><ele>1151.0</ele></trkpt>
      <trkpt lat="44.805443" lon="6.567901"><ele>1150.8</ele></trkpt>
      <trkpt lat="44.805310" lon="6.567822"><ele>1149.0</ele></trkpt>
      <trkpt lat="44.805156" lon="6.567758"><ele>1147.0</ele></trkpt>
      <trkpt lat="44.804979" lon="6.567725"><ele>1145.2</ele></trkpt>
      <trkpt lat="44.804793" lon="6.567717"><ele>1143.5</ele></trkpt>
      <trkpt lat="44.804568" lon="6.567740"><ele>1142.0</ele></trkpt>
      <trkpt lat="44.804256" lon="6.567826"><ele>1141.2</ele></trkpt>
      <trkpt lat="44.804064" lon="6.567903"><ele>1140.2</ele></trkpt>
      <trkpt lat="44.803940" lon="6.567980"><ele>1140.2</ele></trkpt>
      <trkpt lat="44.803799" lon="6.568084"><ele>1140.5</ele></trkpt>
      <trkpt lat="44.803633" lon="6.568188"><ele>1140.5</ele></trkpt>
      <trkpt lat="44.803567" lon="6.568204"><ele>1139.8</ele></trkpt>
      <trkpt lat="44.803512" lon="6.568192"><ele>1138.8</ele></trkpt>
      <trkpt lat="44.803466" lon="6.568171"><ele>1138.0</ele></trkpt>
      <trkpt lat="44.803416" lon="6.568123"><ele>1137.0</ele></trkpt>
      <trkpt lat="44.803380" lon="6.568053"><ele>1136.2</ele></trkpt>
      <trkpt lat="44.803368" lon="6.567982"><ele>1134.8</ele></trkpt>
      <trkpt lat="44.803376" lon="6.567889"><ele>1133.0</ele></trkpt>
      <trkpt lat="44.803401" lon="6.567823"><ele>1132.0</ele></trkpt>
      <trkpt lat="44.803436" lon="6.567771"><ele>1131.5</ele></trkpt>
      <trkpt lat="44.803491" lon="6.567720"><ele>1131.5</ele></trkpt>
      <trkpt lat="44.803575" lon="6.567690"><ele>1132.5</ele></trkpt>
      <trkpt lat="44.804436" lon="6.567518"><ele>1128.0</ele></trkpt>
      <trkpt lat="44.804643" lon="6.567470"><ele>1131.8</ele></trkpt>
      <trkpt lat="44.804808" lon="6.567423"><ele>1131.8</ele></trkpt>
      <trkpt lat="44.804924" lon="6.567367"><ele>1129.0</ele></trkpt>
      <trkpt lat="44.805026" lon="6.567303"><ele>1125.8</ele></trkpt>
      <trkpt lat="44.805115" lon="6.567218"><ele>1123.0</ele></trkpt>
      <trkpt lat="44.805212" lon="6.567112"><ele>1124.8</ele></trkpt>
      <trkpt lat="44.805306" lon="6.566966"><ele>1123.5</ele></trkpt>
      <trkpt lat="44.805475" lon="6.566664"><ele>1121.0</ele></trkpt>
      <trkpt lat="44.805548" lon="6.566549"><ele>1119.2</ele></trkpt>
      <trkpt lat="44.805625" lon="6.566442"><ele>1117.2</ele></trkpt>
      <trkpt lat="44.805712" lon="6.566352"><ele>1115.8</ele></trkpt>
      <trkpt lat="44.805794" lon="6.566293"><ele>1115.0</ele></trkpt>
      <trkpt lat="44.805879" lon="6.566248"><ele>1114.2</ele></trkpt>
      <trkpt lat="44.805959" lon="6.566222"><ele>1113.8</ele></trkpt>
      <trkpt lat="44.806062" lon="6.566197"><ele>1113.2</ele></trkpt>
      <trkpt lat="44.806538" lon="6.566129"><ele>1116.2</ele></trkpt>
      <trkpt lat="44.806588" lon="6.566119"><ele>1116.8</ele></trkpt>
      <trkpt lat="44.806637" lon="6.566090"><ele>1116.8</ele></trkpt>
      <trkpt lat="44.806670" lon="6.566056"><ele>1116.5</ele></trkpt>
      <trkpt lat="44.806700" lon="6.566004"><ele>1116.0</ele></trkpt>
      <trkpt lat="44.806714" lon="6.565963"><ele>1115.2</ele></trkpt>
      <trkpt lat="44.806725" lon="6.565896"><ele>1113.8</ele></trkpt>
      <trkpt lat="44.806721" lon="6.565829"><ele>1112.0</ele></trkpt>
      <trkpt lat="44.806699" lon="6.565747"><ele>1111.0</ele></trkpt>
      <trkpt lat="44.806669" lon="6.565692"><ele>1110.0</ele></trkpt>
      <trkpt lat="44.806630" lon="6.565662"><ele>1108.8</ele></trkpt>
      <trkpt lat="44.806579" lon="6.565642"><ele>1107.5</ele></trkpt>
      <trkpt lat="44.806514" lon="6.565648"><ele>1106.2</ele></trkpt>
      <trkpt lat="44.806246" lon="6.565735"><ele>1104.0</ele></trkpt>
      <trkpt lat="44.806096" lon="6.565758"><ele>1103.5</ele></trkpt>
      <trkpt lat="44.805972" lon="6.565763"><ele>1103.2</ele></trkpt>
      <trkpt lat="44.805798" lon="6.565741"><ele>1102.5</ele></trkpt>
      <trkpt lat="44.805644" lon="6.565702"><ele>1101.2</ele></trkpt>
      <trkpt lat="44.805138" lon="6.565460"><ele>1097.5</ele></trkpt>
      <trkpt lat="44.804757" lon="6.565362"><ele>1096.2</ele></trkpt>
      <trkpt lat="44.804373" lon="6.565298"><ele>1092.8</ele></trkpt>
      <trkpt lat="44.804123" lon="6.565301"><ele>1090.0</ele></trkpt>
      <trkpt lat="44.803941" lon="6.565349"><ele>1088.2</ele></trkpt>
      <trkpt lat="44.803807" lon="6.565413"><ele>1087.0</ele></trkpt>
      <trkpt lat="44.803375" lon="6.565677"><ele>1081.2</ele></trkpt>
      <trkpt lat="44.802999" lon="6.565912"><ele>1079.2</ele></trkpt>
      <trkpt lat="44.802781" lon="6.565990"><ele>1076.2</ele></trkpt>
      <trkpt lat="44.802591" lon="6.566035"><ele>1074.0</ele></trkpt>
      <trkpt lat="44.802341" lon="6.566050"><ele>1070.8</ele></trkpt>
      <trkpt lat="44.802054" lon="6.566051"><ele>1068.0</ele></trkpt>
      <trkpt lat="44.801654" lon="6.566046"><ele>1065.0</ele></trkpt>
      <trkpt lat="44.800911" lon="6.566054"><ele>1063.5</ele></trkpt>
      <trkpt lat="44.800657" lon="6.566018"><ele>1061.2</ele></trkpt>
      <trkpt lat="44.800316" lon="6.565994"><ele>1058.2</ele></trkpt>
      <trkpt lat="44.800153" lon="6.565973"><ele>1056.8</ele></trkpt>
      <trkpt lat="44.799835" lon="6.565914"><ele>1054.2</ele></trkpt>
      <trkpt lat="44.799654" lon="6.565884"><ele>1052.8</ele></trkpt>
      <trkpt lat="44.799548" lon="6.565848"><ele>1051.5</ele></trkpt>
      <trkpt lat="44.799299" lon="6.565733"><ele>1048.5</ele></trkpt>
      <trkpt lat="44.799216" lon="6.565682"><ele>1048.0</ele></trkpt>
      <trkpt lat="44.799003" lon="6.565505"><ele>1048.0</ele></trkpt>
      <trkpt lat="44.798903" lon="6.565407"><ele>1047.8</ele></trkpt>
      <trkpt lat="44.798764" lon="6.565242"><ele>1047.5</ele></trkpt>
      <trkpt lat="44.798696" lon="6.565152"><ele>1046.8</ele></trkpt>
      <trkpt lat="44.798493" lon="6.564850"><ele>1044.0</ele></trkpt>
      <trkpt lat="44.798414" lon="6.564731"><ele>1042.8</ele></trkpt>
      <trkpt lat="44.798169" lon="6.564353"><ele>1039.8</ele></trkpt>
      <trkpt lat="44.798053" lon="6.564180"><ele>1038.0</ele></trkpt>
      <trkpt lat="44.797981" lon="6.564081"><ele>1036.8</ele></trkpt>
      <trkpt lat="44.797872" lon="6.563944"><ele>1034.2</ele></trkpt>
      <trkpt lat="44.797767" lon="6.563826"><ele>1032.0</ele></trkpt>
      <trkpt lat="44.797655" lon="6.563716"><ele>1030.0</ele></trkpt>
      <trkpt lat="44.797641" lon="6.563706"><ele>1030.0</ele></trkpt>
      <trkpt lat="44.797560" lon="6.563640"><ele>1028.5</ele></trkpt>
      <trkpt lat="44.797524" lon="6.563609"><ele>1028.0</ele></trkpt>
      <trkpt lat="44.797450" lon="6.563550"><ele>1027.8</ele></trkpt>
      <trkpt lat="44.797376" lon="6.563492"><ele>1027.8</ele></trkpt>
      <trkpt lat="44.797123" lon="6.563316"><ele>1025.8</ele></trkpt>
      <trkpt lat="44.796901" lon="6.563151"><ele>1023.2</ele></trkpt>
      <trkpt lat="44.796695" lon="6.563015"><ele>1021.2</ele></trkpt>
      <trkpt lat="44.796670" lon="6.562998"><ele>1021.0</ele></trkpt>
      <trkpt lat="44.796534" lon="6.562926"><ele>1019.2</ele></trkpt>
      <trkpt lat="44.796502" lon="6.562911"><ele>1019.0</ele></trkpt>
      <trkpt lat="44.796282" lon="6.562815"><ele>1016.5</ele></trkpt>
      <trkpt lat="44.796008" lon="6.562729"><ele>1013.5</ele></trkpt>
      <trkpt lat="44.795978" lon="6.562720"><ele>1013.2</ele></trkpt>
      <trkpt lat="44.795877" lon="6.562696"><ele>1012.2</ele></trkpt>
      <trkpt lat="44.795586" lon="6.562646"><ele>1009.8</ele></trkpt>
      <trkpt lat="44.795112" lon="6.562574"><ele>1005.5</ele></trkpt>
      <trkpt lat="44.795014" lon="6.562559"><ele>1004.5</ele></trkpt>
      <trkpt lat="44.794860" lon="6.562553"><ele>1004.0</ele></trkpt>
      <trkpt lat="44.794517" lon="6.562548"><ele>1002.0</ele></trkpt>
      <trkpt lat="44.794305" lon="6.562545"><ele>1000.8</ele></trkpt>
      <trkpt lat="44.794307" lon="6.562490"><ele>1000.2</ele></trkpt>
      <trkpt lat="44.794317" lon="6.562407"><ele>999.2</ele></trkpt>
      <trkpt lat="44.794335" lon="6.562357"><ele>998.8</ele></trkpt>
      <trkpt lat="44.794371" lon="6.562295"><ele>998.2</ele></trkpt>
      <trkpt lat="44.794389" lon="6.562272"><ele>998.0</ele></trkpt>
      <trkpt lat="44.794441" lon="6.562213"><ele>997.8</ele></trkpt>
      <trkpt lat="44.794681" lon="6.561992"><ele>995.5</ele></trkpt>
      <trkpt lat="44.794799" lon="6.561861"><ele>994.5</ele></trkpt>
      <trkpt lat="44.794989" lon="6.561611"><ele>992.2</ele></trkpt>
      <trkpt lat="44.795151" lon="6.561424"><ele>991.2</ele></trkpt>
      <trkpt lat="44.795189" lon="6.561350"><ele>990.8</ele></trkpt>
      <trkpt lat="44.795215" lon="6.561266"><ele>989.8</ele></trkpt>
      <trkpt lat="44.795223" lon="6.561125"><ele>987.8</ele></trkpt>
      <trkpt lat="44.795213" lon="6.561025"><ele>986.5</ele></trkpt>
      <trkpt lat="44.795191" lon="6.560923"><ele>985.5</ele></trkpt>
      <trkpt lat="44.795174" lon="6.560857"><ele>984.8</ele></trkpt>
      <trkpt lat="44.795151" lon="6.560780"><ele>983.8</ele></trkpt>
      <trkpt lat="44.795042" lon="6.560419"><ele>980.0</ele></trkpt>
      <trkpt lat="44.794994" lon="6.560282"><ele>979.0</ele></trkpt>
      <trkpt lat="44.794935" lon="6.560084"><ele>976.5</ele></trkpt>
      <trkpt lat="44.794920" lon="6.560016"><ele>975.5</ele></trkpt>
      <trkpt lat="44.794915" lon="6.559983"><ele>975.5</ele></trkpt>
      <trkpt lat="44.794866" lon="6.559670"><ele>977.2</ele></trkpt>
      <trkpt lat="44.794862" lon="6.559644"><ele>977.5</ele></trkpt>
      <trkpt lat="44.794850" lon="6.559572"><ele>977.5</ele></trkpt>
      <trkpt lat="44.794830" lon="6.559554"><ele>977.8</ele></trkpt>
      <trkpt lat="44.794790" lon="6.559537"><ele>978.0</ele></trkpt>
      <trkpt lat="44.794741" lon="6.559520"><ele>978.2</ele></trkpt>
      <trkpt lat="44.794704" lon="6.559507"><ele>978.5</ele></trkpt>
      <trkpt lat="44.794586" lon="6.559463"><ele>978.2</ele></trkpt>
      <trkpt lat="44.794386" lon="6.559390"><ele>978.0</ele></trkpt>
      <trkpt lat="44.794313" lon="6.559366"><ele>978.0</ele></trkpt>
      <trkpt lat="44.794263" lon="6.559350"><ele>978.0</ele></trkpt>
      <trkpt lat="44.794106" lon="6.559288"><ele>978.0</ele></trkpt>
      <trkpt lat="44.793968" lon="6.559239"><ele>978.0</ele></trkpt>
      <trkpt lat="44.793796" lon="6.559177"><ele>977.5</ele></trkpt>
      <trkpt lat="44.793757" lon="6.559161"><ele>977.5</ele></trkpt>
      <trkpt lat="44.793565" lon="6.559085"><ele>977.0</ele></trkpt>
      <trkpt lat="44.793466" lon="6.559046"><ele>977.0</ele></trkpt>
      <trkpt lat="44.793321" lon="6.558991"><ele>977.0</ele></trkpt>
      <trkpt lat="44.793256" lon="6.558963"><ele>977.0</ele></trkpt>
      <trkpt lat="44.793065" lon="6.558869"><ele>977.0</ele></trkpt>
      <trkpt lat="44.792999" lon="6.558832"><ele>976.8</ele></trkpt>
      <trkpt lat="44.792840" lon="6.558747"><ele>976.5</ele></trkpt>
      <trkpt lat="44.792827" lon="6.558788"><ele>976.2</ele></trkpt>
      <trkpt lat="44.792771" lon="6.558962"><ele>976.0</ele></trkpt>
      <trkpt lat="44.792730" lon="6.559048"><ele>976.0</ele></trkpt>
      <trkpt lat="44.792674" lon="6.559121"><ele>976.0</ele></trkpt>
      <trkpt lat="44.792635" lon="6.559157"><ele>976.0</ele></trkpt>
      <trkpt lat="44.792411" lon="6.559363"><ele>975.5</ele></trkpt>
      <trkpt lat="44.792378" lon="6.559394"><ele>975.5</ele></trkpt>
      <trkpt lat="44.792307" lon="6.559414"><ele>975.2</ele></trkpt>
      <trkpt lat="44.792167" lon="6.559432"><ele>975.0</ele></trkpt>
      <trkpt lat="44.791936" lon="6.559444"><ele>974.8</ele></trkpt>
      <trkpt lat="44.791835" lon="6.559450"><ele>974.5</ele></trkpt>
      <trkpt lat="44.791581" lon="6.559456"><ele>974.0</ele></trkpt>
      <trkpt lat="44.791527" lon="6.559446"><ele>974.0</ele></trkpt>
      <trkpt lat="44.791485" lon="6.559389"><ele>974.0</ele></trkpt>
      <trkpt lat="44.791461" lon="6.559439"><ele>974.0</ele></trkpt>
      <trkpt lat="44.791429" lon="6.559416"><ele>974.0</ele></trkpt>
      <trkpt lat="44.791322" lon="6.559413"><ele>973.8</ele></trkpt>
      <trkpt lat="44.791054" lon="6.559217"><ele>973.5</ele></trkpt>
      <trkpt lat="44.790891" lon="6.559078"><ele>973.0</ele></trkpt>
      <trkpt lat="44.790793" lon="6.558965"><ele>973.0</ele></trkpt>
      <trkpt lat="44.790613" lon="6.558777"><ele>973.0</ele></trkpt>
      <trkpt lat="44.790505" lon="6.558727"><ele>973.0</ele></trkpt>
      <trkpt lat="44.790411" lon="6.558602"><ele>973.0</ele></trkpt>
      <trkpt lat="44.790401" lon="6.558609"><ele>973.0</ele></trkpt>
      <trkpt lat="44.790370" lon="6.558633"><ele>973.0</ele></trkpt>
      <trkpt lat="44.790330" lon="6.558573"><ele>973.0</ele></trkpt>
      <trkpt lat="44.790318" lon="6.558546"><ele>973.0</ele></trkpt>
      <trkpt lat="44.790341" lon="6.558499"><ele>973.0</ele></trkpt>
      <trkpt lat="44.790477" lon="6.557994"><ele>973.0</ele></trkpt>
      <trkpt lat="44.790550" lon="6.557842"><ele>973.0</ele></trkpt>
      <trkpt lat="44.790591" lon="6.557777"><ele>973.0</ele></trkpt>
      <trkpt lat="44.790625" lon="6.557735"><ele>973.2</ele></trkpt>
      <trkpt lat="44.790661" lon="6.557708"><ele>973.5</ele></trkpt>
      <trkpt lat="44.790684" lon="6.557659"><ele>973.5</ele></trkpt>
      <trkpt lat="44.790685" lon="6.557588"><ele>973.8</ele></trkpt>
      <trkpt lat="44.790675" lon="6.557555"><ele>973.8</ele></trkpt>
      <trkpt lat="44.790657" lon="6.557529"><ele>973.8</ele></trkpt>
      <trkpt lat="44.790632" lon="6.557509"><ele>973.8</ele></trkpt>
      <trkpt lat="44.790604" lon="6.557502"><ele>973.8</ele></trkpt>
      <trkpt lat="44.790576" lon="6.557509"><ele>973.8</ele></trkpt>
      <trkpt lat="44.790551" lon="6.557529"><ele>973.8</ele></trkpt>
      <trkpt lat="44.790532" lon="6.557560"><ele>973.5</ele></trkpt>
      <trkpt lat="44.790503" lon="6.557536"><ele>973.5</ele></trkpt>
      <trkpt lat="44.790410" lon="6.557463"><ele>973.5</ele></trkpt>
      <trkpt lat="44.790310" lon="6.557387"><ele>973.2</ele></trkpt>
      <trkpt lat="44.790232" lon="6.557329"><ele>973.5</ele></trkpt>
      <trkpt lat="44.790056" lon="6.557215"><ele>973.0</ele></trkpt>
      <trkpt lat="44.789888" lon="6.557125"><ele>972.8</ele></trkpt>
      <trkpt lat="44.789063" lon="6.556668"><ele>972.0</ele></trkpt>
      <trkpt lat="44.788825" lon="6.556522"><ele>972.2</ele></trkpt>
      <trkpt lat="44.788731" lon="6.556465"><ele>972.0</ele></trkpt>
      <trkpt lat="44.788590" lon="6.556376"><ele>972.0</ele></trkpt>
      <trkpt lat="44.788562" lon="6.556358"><ele>972.0</ele></trkpt>
      <trkpt lat="44.788569" lon="6.556318"><ele>972.2</ele></trkpt>
      <trkpt lat="44.788567" lon="6.556276"><ele>972.5</ele></trkpt>
      <trkpt lat="44.788556" lon="6.556238"><ele>972.8</ele></trkpt>
      <trkpt lat="44.788536" lon="6.556206"><ele>973.0</ele></trkpt>
      <trkpt lat="44.788510" lon="6.556185"><ele>973.0</ele></trkpt>
      <trkpt lat="44.788481" lon="6.556177"><ele>973.0</ele></trkpt>
      <trkpt lat="44.788452" lon="6.556182"><ele>972.8</ele></trkpt>
      <trkpt lat="44.788425" lon="6.556200"><ele>972.5</ele></trkpt>
      <trkpt lat="44.788404" lon="6.556229"><ele>972.2</ele></trkpt>
      <trkpt lat="44.788390" lon="6.556266"><ele>972.0</ele></trkpt>
      <trkpt lat="44.788350" lon="6.556251"><ele>972.0</ele></trkpt>
      <trkpt lat="44.787842" lon="6.556069"><ele>971.2</ele></trkpt>
      <trkpt lat="44.787695" lon="6.555981"><ele>971.5</ele></trkpt>
      <trkpt lat="44.787634" lon="6.555934"><ele>971.8</ele></trkpt>
      <trkpt lat="44.787551" lon="6.555831"><ele>972.8</ele></trkpt>
      <trkpt lat="44.787520" lon="6.555776"><ele>972.5</ele></trkpt>
      <trkpt lat="44.787468" lon="6.555633"><ele>971.5</ele></trkpt>
      <trkpt lat="44.787456" lon="6.555571"><ele>971.2</ele></trkpt>
      <trkpt lat="44.787475" lon="6.555545"><ele>971.0</ele></trkpt>
      <trkpt lat="44.787487" lon="6.555512"><ele>970.8</ele></trkpt>
      <trkpt lat="44.787490" lon="6.555476"><ele>970.5</ele></trkpt>
      <trkpt lat="44.787485" lon="6.555440"><ele>970.5</ele></trkpt>
      <trkpt lat="44.787471" lon="6.555408"><ele>970.5</ele></trkpt>
      <trkpt lat="44.787451" lon="6.555384"><ele>970.2</ele></trkpt>
      <trkpt lat="44.787427" lon="6.555371"><ele>970.2</ele></trkpt>
      <trkpt lat="44.787400" lon="6.555370"><ele>970.2</ele></trkpt>
      <trkpt lat="44.787376" lon="6.555382"><ele>970.5</ele></trkpt>
      <trkpt lat="44.787355" lon="6.555404"><ele>970.5</ele></trkpt>
      <trkpt lat="44.787340" lon="6.555435"><ele>970.8</ele></trkpt>
      <trkpt lat="44.787334" lon="6.555470"><ele>971.0</ele></trkpt>
      <trkpt lat="44.787336" lon="6.555507"><ele>971.2</ele></trkpt>
      <trkpt lat="44.787301" lon="6.555515"><ele>971.2</ele></trkpt>
      <trkpt lat="44.787127" lon="6.555562"><ele>971.5</ele></trkpt>
      <trkpt lat="44.787097" lon="6.555570"><ele>971.5</ele></trkpt>
      <trkpt lat="44.786689" lon="6.555668"><ele>971.8</ele></trkpt>
      <trkpt lat="44.786389" lon="6.555754"><ele>971.2</ele></trkpt>
      <trkpt lat="44.786089" lon="6.555849"><ele>971.0</ele></trkpt>
      <trkpt lat="44.785783" lon="6.555967"><ele>971.2</ele></trkpt>
      <trkpt lat="44.785510" lon="6.556074"><ele>970.5</ele></trkpt>
      <trkpt lat="44.785222" lon="6.556207"><ele>970.8</ele></trkpt>
      <trkpt lat="44.784798" lon="6.556408"><ele>970.5</ele></trkpt>
      <trkpt lat="44.784512" lon="6.556553"><ele>970.5</ele></trkpt>
      <trkpt lat="44.783929" lon="6.556833"><ele>970.5</ele></trkpt>
      <trkpt lat="44.783712" lon="6.556915"><ele>970.8</ele></trkpt>
      <trkpt lat="44.783518" lon="6.556966"><ele>970.5</ele></trkpt>
      <trkpt lat="44.783415" lon="6.556976"><ele>970.2</ele></trkpt>
      <trkpt lat="44.783235" lon="6.556973"><ele>970.0</ele></trkpt>
      <trkpt lat="44.783166" lon="6.556953"><ele>970.0</ele></trkpt>
      <trkpt lat="44.783032" lon="6.556913"><ele>970.0</ele></trkpt>
      <trkpt lat="44.782918" lon="6.556871"><ele>970.8</ele></trkpt>
      <trkpt lat="44.782872" lon="6.556855"><ele>970.8</ele></trkpt>
      <trkpt lat="44.782792" lon="6.556827"><ele>971.2</ele></trkpt>
      <trkpt lat="44.782670" lon="6.556785"><ele>972.0</ele></trkpt>
      <trkpt lat="44.782532" lon="6.556737"><ele>972.8</ele></trkpt>
      <trkpt lat="44.782494" lon="6.556721"><ele>973.0</ele></trkpt>
      <trkpt lat="44.782307" lon="6.556655"><ele>973.0</ele></trkpt>
      <trkpt lat="44.782211" lon="6.556623"><ele>973.0</ele></trkpt>
      <trkpt lat="44.781931" lon="6.556528"><ele>974.0</ele></trkpt>
      <trkpt lat="44.781811" lon="6.556492"><ele>974.0</ele></trkpt>
      <trkpt lat="44.781715" lon="6.556462"><ele>974.0</ele></trkpt>
      <trkpt lat="44.781548" lon="6.556416"><ele>974.0</ele></trkpt>
      <trkpt lat="44.781276" lon="6.556330"><ele>974.0</ele></trkpt>
      <trkpt lat="44.781024" lon="6.556255"><ele>974.0</ele></trkpt>
      <trkpt lat="44.780889" lon="6.556217"><ele>974.0</ele></trkpt>
      <trkpt lat="44.780858" lon="6.556207"><ele>974.0</ele></trkpt>
      <trkpt lat="44.780714" lon="6.556163"><ele>973.5</ele></trkpt>
      <trkpt lat="44.780681" lon="6.556153"><ele>973.2</ele></trkpt>
      <trkpt lat="44.780641" lon="6.556140"><ele>973.2</ele></trkpt>
      <trkpt lat="44.780542" lon="6.556109"><ele>972.8</ele></trkpt>
      <trkpt lat="44.780425" lon="6.556073"><ele>972.5</ele></trkpt>
      <trkpt lat="44.780315" lon="6.556040"><ele>972.2</ele></trkpt>
      <trkpt lat="44.780267" lon="6.556025"><ele>972.2</ele></trkpt>
      <trkpt lat="44.780096" lon="6.555972"><ele>972.5</ele></trkpt>
      <trkpt lat="44.779889" lon="6.555908"><ele>972.2</ele></trkpt>
      <trkpt lat="44.779866" lon="6.555901"><ele>972.2</ele></trkpt>
      <trkpt lat="44.779219" lon="6.555695"><ele>970.5</ele></trkpt>
      <trkpt lat="44.778711" lon="6.555530"><ele>970.2</ele></trkpt>
      <trkpt lat="44.778091" lon="6.555339"><ele>970.5</ele></trkpt>
      <trkpt lat="44.778001" lon="6.555318"><ele>970.8</ele></trkpt>
      <trkpt lat="44.777947" lon="6.555312"><ele>970.8</ele></trkpt>
      <trkpt lat="44.777909" lon="6.555309"><ele>970.8</ele></trkpt>
      <trkpt lat="44.777894" lon="6.555309"><ele>970.8</ele></trkpt>
      <trkpt lat="44.777844" lon="6.555311"><ele>970.8</ele></trkpt>
      <trkpt lat="44.777819" lon="6.555312"><ele>970.8</ele></trkpt>
      <trkpt lat="44.777808" lon="6.555260"><ele>971.0</ele></trkpt>
      <trkpt lat="44.777794" lon="6.555240"><ele>971.0</ele></trkpt>
      <trkpt lat="44.777759" lon="6.555223"><ele>971.0</ele></trkpt>
      <trkpt lat="44.777740" lon="6.555226"><ele>971.0</ele></trkpt>
      <trkpt lat="44.777711" lon="6.555251"><ele>971.0</ele></trkpt>
      <trkpt lat="44.777702" lon="6.555271"><ele>971.0</ele></trkpt>
      <trkpt lat="44.777673" lon="6.555255"><ele>971.0</ele></trkpt>
      <trkpt lat="44.777614" lon="6.555232"><ele>971.0</ele></trkpt>
      <trkpt lat="44.777538" lon="6.555213"><ele>971.0</ele></trkpt>
      <trkpt lat="44.777370" lon="6.555193"><ele>971.0</ele></trkpt>
      <trkpt lat="44.777233" lon="6.555194"><ele>971.0</ele></trkpt>
      <trkpt lat="44.777121" lon="6.555205"><ele>970.5</ele></trkpt>
      <trkpt lat="44.777009" lon="6.555241"><ele>970.0</ele></trkpt>
      <trkpt lat="44.776843" lon="6.555331"><ele>969.5</ele></trkpt>
      <trkpt lat="44.776779" lon="6.555364"><ele>969.2</ele></trkpt>
      <trkpt lat="44.776673" lon="6.555431"><ele>969.0</ele></trkpt>
      <trkpt lat="44.776489" lon="6.555526"><ele>968.2</ele></trkpt>
      <trkpt lat="44.776456" lon="6.555543"><ele>968.2</ele></trkpt>
      <trkpt lat="44.776265" lon="6.555642"><ele>967.5</ele></trkpt>
      <trkpt lat="44.776214" lon="6.555668"><ele>967.2</ele></trkpt>
      <trkpt lat="44.776169" lon="6.555691"><ele>967.0</ele></trkpt>
      <trkpt lat="44.775984" lon="6.555774"><ele>966.0</ele></trkpt>
      <trkpt lat="44.775017" lon="6.556127"><ele>962.0</ele></trkpt>
      <trkpt lat="44.774838" lon="6.556177"><ele>961.5</ele></trkpt>
      <trkpt lat="44.774673" lon="6.556208"><ele>961.0</ele></trkpt>
      <trkpt lat="44.774512" lon="6.556212"><ele>960.5</ele></trkpt>
      <trkpt lat="44.774368" lon="6.556196"><ele>960.0</ele></trkpt>
      <trkpt lat="44.774245" lon="6.556181"><ele>959.8</ele></trkpt>
      <trkpt lat="44.774029" lon="6.556193"><ele>959.0</ele></trkpt>
      <trkpt lat="44.773925" lon="6.556219"><ele>958.5</ele></trkpt>
      <trkpt lat="44.773665" lon="6.556325"><ele>957.2</ele></trkpt>
      <trkpt lat="44.773462" lon="6.556414"><ele>957.0</ele></trkpt>
      <trkpt lat="44.773289" lon="6.556501"><ele>956.8</ele></trkpt>
      <trkpt lat="44.770786" lon="6.557928"><ele>958.0</ele></trkpt>
      <trkpt lat="44.770671" lon="6.557988"><ele>957.8</ele></trkpt>
      <trkpt lat="44.770564" lon="6.558031"><ele>957.2</ele></trkpt>
      <trkpt lat="44.770432" lon="6.558068"><ele>956.2</ele></trkpt>
      <trkpt lat="44.770354" lon="6.558082"><ele>956.0</ele></trkpt>
      <trkpt lat="44.770120" lon="6.558082"><ele>954.5</ele></trkpt>
      <trkpt lat="44.769817" lon="6.558037"><ele>954.2</ele></trkpt>
      <trkpt lat="44.769640" lon="6.558028"><ele>954.8</ele></trkpt>
      <trkpt lat="44.769558" lon="6.558033"><ele>955.0</ele></trkpt>
      <trkpt lat="44.769276" lon="6.558087"><ele>955.8</ele></trkpt>
      <trkpt lat="44.769119" lon="6.558135"><ele>956.5</ele></trkpt>
      <trkpt lat="44.768941" lon="6.558208"><ele>958.2</ele></trkpt>
      <trkpt lat="44.768800" lon="6.558285"><ele>958.2</ele></trkpt>
      <trkpt lat="44.768627" lon="6.558400"><ele>957.8</ele></trkpt>
      <trkpt lat="44.768478" lon="6.558518"><ele>959.0</ele></trkpt>
      <trkpt lat="44.768343" lon="6.558639"><ele>959.2</ele></trkpt>
      <trkpt lat="44.768209" lon="6.558787"><ele>961.8</ele></trkpt>
      <trkpt lat="44.767921" lon="6.559207"><ele>964.5</ele></trkpt>
      <trkpt lat="44.767473" lon="6.559985"><ele>966.5</ele></trkpt>
      <trkpt lat="44.766840" lon="6.560966"><ele>969.0</ele></trkpt>
      <trkpt lat="44.766651" lon="6.561234"><ele>969.0</ele></trkpt>
      <trkpt lat="44.766388" lon="6.561525"><ele>968.0</ele></trkpt>
      <trkpt lat="44.765998" lon="6.561882"><ele>966.0</ele></trkpt>
      <trkpt lat="44.765386" lon="6.562479"><ele>965.0</ele></trkpt>
      <trkpt lat="44.765258" lon="6.562625"><ele>964.5</ele></trkpt>
      <trkpt lat="44.764800" lon="6.563245"><ele>964.2</ele></trkpt>
      <trkpt lat="44.764513" lon="6.563663"><ele>961.8</ele></trkpt>
      <trkpt lat="44.764360" lon="6.563899"><ele>961.5</ele></trkpt>
      <trkpt lat="44.764283" lon="6.564001"><ele>962.0</ele></trkpt>
      <trkpt lat="44.764180" lon="6.564118"><ele>962.0</ele></trkpt>
      <trkpt lat="44.763958" lon="6.564340"><ele>963.8</ele></trkpt>
      <trkpt lat="44.763699" lon="6.564673"><ele>960.8</ele></trkpt>
      <trkpt lat="44.763610" lon="6.564767"><ele>959.5</ele></trkpt>
      <trkpt lat="44.762868" lon="6.565436"><ele>963.2</ele></trkpt>
      <trkpt lat="44.762751" lon="6.565554"><ele>961.8</ele></trkpt>
      <trkpt lat="44.762628" lon="6.565664"><ele>962.0</ele></trkpt>
      <trkpt lat="44.762331" lon="6.565896"><ele>962.8</ele></trkpt>
      <trkpt lat="44.762200" lon="6.566014"><ele>962.5</ele></trkpt>
      <trkpt lat="44.761874" lon="6.566352"><ele>960.8</ele></trkpt>
      <trkpt lat="44.761222" lon="6.567154"><ele>958.2</ele></trkpt>
      <trkpt lat="44.760780" lon="6.567852"><ele>955.5</ele></trkpt>
      <trkpt lat="44.760662" lon="6.567988"><ele>955.2</ele></trkpt>
      <trkpt lat="44.760297" lon="6.568313"><ele>956.0</ele></trkpt>
      <trkpt lat="44.759230" lon="6.569097"><ele>957.5</ele></trkpt>
      <trkpt lat="44.759046" lon="6.569258"><ele>956.8</ele></trkpt>
      <trkpt lat="44.758911" lon="6.569364"><ele>956.8</ele></trkpt>
      <trkpt lat="44.758005" lon="6.569932"><ele>959.5</ele></trkpt>
      <trkpt lat="44.757807" lon="6.570086"><ele>959.0</ele></trkpt>
      <trkpt lat="44.757604" lon="6.570276"><ele>957.2</ele></trkpt>
      <trkpt lat="44.757127" lon="6.570768"><ele>954.0</ele></trkpt>
      <trkpt lat="44.757000" lon="6.570868"><ele>953.2</ele></trkpt>
      <trkpt lat="44.756764" lon="6.570982"><ele>953.0</ele></trkpt>
      <trkpt lat="44.756375" lon="6.571148"><ele>953.0</ele></trkpt>
      <trkpt lat="44.756232" lon="6.571240"><ele>952.5</ele></trkpt>
      <trkpt lat="44.755645" lon="6.571666"><ele>950.2</ele></trkpt>
      <trkpt lat="44.755081" lon="6.571996"><ele>949.2</ele></trkpt>
      <trkpt lat="44.754673" lon="6.572309"><ele>946.8</ele></trkpt>
      <trkpt lat="44.754455" lon="6.572460"><ele>946.0</ele></trkpt>
      <trkpt lat="44.754267" lon="6.572583"><ele>945.5</ele></trkpt>
      <trkpt lat="44.753967" lon="6.572734"><ele>945.0</ele></trkpt>
      <trkpt lat="44.753909" lon="6.572808"><ele>943.8</ele></trkpt>
      <trkpt lat="44.753865" lon="6.572772"><ele>945.2</ele></trkpt>
      <trkpt lat="44.753795" lon="6.572768"><ele>945.8</ele></trkpt>
      <trkpt lat="44.753465" lon="6.572821"><ele>947.2</ele></trkpt>
      <trkpt lat="44.753357" lon="6.572816"><ele>948.8</ele></trkpt>
      <trkpt lat="44.753130" lon="6.572758"><ele>952.0</ele></trkpt>
      <trkpt lat="44.752977" lon="6.572733"><ele>954.0</ele></trkpt>
      <trkpt lat="44.751853" lon="6.572688"><ele>970.5</ele></trkpt>
      <trkpt lat="44.751627" lon="6.572713"><ele>973.5</ele></trkpt>
      <trkpt lat="44.751252" lon="6.572796"><ele>976.8</ele></trkpt>
      <trkpt lat="44.751092" lon="6.572816"><ele>979.0</ele></trkpt>
      <trkpt lat="44.750871" lon="6.572812"><ele>983.5</ele></trkpt>
      <trkpt lat="44.749802" lon="6.572862"><ele>997.0</ele></trkpt>
      <trkpt lat="44.749652" lon="6.572863"><ele>999.0</ele></trkpt>
      <trkpt lat="44.749368" lon="6.572845"><ele>1002.5</ele></trkpt>
      <trkpt lat="44.748432" lon="6.572855"><ele>1013.8</ele></trkpt>
      <trkpt lat="44.748175" lon="6.572848"><ele>1017.2</ele></trkpt>
      <trkpt lat="44.747513" lon="6.572776"><ele>1025.8</ele></trkpt>
      <trkpt lat="44.747278" lon="6.572738"><ele>1028.8</ele></trkpt>
      <trkpt lat="44.746623" lon="6.572547"><ele>1038.8</ele></trkpt>
      <trkpt lat="44.746340" lon="6.572500"><ele>1042.2</ele></trkpt>
      <trkpt lat="44.746030" lon="6.572482"><ele>1046.0</ele></trkpt>
      <trkpt lat="44.745609" lon="6.572484"><ele>1051.0</ele></trkpt>
      <trkpt lat="44.744755" lon="6.572531"><ele>1062.0</ele></trkpt>
      <trkpt lat="44.743600" lon="6.572702"><ele>1077.5</ele></trkpt>
      <trkpt lat="44.743370" lon="6.572718"><ele>1081.8</ele></trkpt>
      <trkpt lat="44.742816" lon="6.572681"><ele>1100.0</ele></trkpt>
      <trkpt lat="44.742462" lon="6.572737"><ele>1099.8</ele></trkpt>
      <trkpt lat="44.741710" lon="6.572942"><ele>1101.5</ele></trkpt>
      <trkpt lat="44.741543" lon="6.572977"><ele>1102.5</ele></trkpt>
      <trkpt lat="44.741436" lon="6.572966"><ele>1104.8</ele></trkpt>
      <trkpt lat="44.741346" lon="6.572916"><ele>1106.5</ele></trkpt>
      <trkpt lat="44.741266" lon="6.572842"><ele>1108.5</ele></trkpt>
      <trkpt lat="44.741161" lon="6.572772"><ele>1111.0</ele></trkpt>
      <trkpt lat="44.741025" lon="6.572745"><ele>1113.2</ele></trkpt>
      <trkpt lat="44.740881" lon="6.572735"><ele>1115.5</ele></trkpt>
      <trkpt lat="44.740683" lon="6.572760"><ele>1113.2</ele></trkpt>
      <trkpt lat="44.740575" lon="6.572755"><ele>1112.5</ele></trkpt>
      <trkpt lat="44.740489" lon="6.572720"><ele>1112.8</ele></trkpt>
      <trkpt lat="44.740427" lon="6.572674"><ele>1114.2</ele></trkpt>
      <trkpt lat="44.740365" lon="6.572612"><ele>1116.8</ele></trkpt>
      <trkpt lat="44.740285" lon="6.572560"><ele>1118.2</ele></trkpt>
      <trkpt lat="44.740191" lon="6.572537"><ele>1119.2</ele></trkpt>
      <trkpt lat="44.739874" lon="6.572500"><ele>1120.0</ele></trkpt>
      <trkpt lat="44.739743" lon="6.572439"><ele>1120.5</ele></trkpt>
      <trkpt lat="44.739627" lon="6.572370"><ele>1120.8</ele></trkpt>
      <trkpt lat="44.739540" lon="6.572299"><ele>1121.0</ele></trkpt>
      <trkpt lat="44.739273" lon="6.572004"><ele>1120.2</ele></trkpt>
      <trkpt lat="44.739048" lon="6.571795"><ele>1122.2</ele></trkpt>
      <trkpt lat="44.738978" lon="6.571677"><ele>1123.2</ele></trkpt>
      <trkpt lat="44.738952" lon="6.571584"><ele>1123.0</ele></trkpt>
      <trkpt lat="44.738944" lon="6.571471"><ele>1123.0</ele></trkpt>
      <trkpt lat="44.738955" lon="6.571192"><ele>1124.0</ele></trkpt>
      <trkpt lat="44.738974" lon="6.570955"><ele>1124.5</ele></trkpt>
      <trkpt lat="44.739011" lon="6.570749"><ele>1124.5</ele></trkpt>
      <trkpt lat="44.739087" lon="6.570521"><ele>1123.5</ele></trkpt>
      <trkpt lat="44.739182" lon="6.570294"><ele>1124.5</ele></trkpt>
      <trkpt lat="44.739290" lon="6.570064"><ele>1125.8</ele></trkpt>
      <trkpt lat="44.739359" lon="6.569955"><ele>1126.2</ele></trkpt>
      <trkpt lat="44.739433" lon="6.569868"><ele>1126.8</ele></trkpt>
      <trkpt lat="44.739581" lon="6.569705"><ele>1127.2</ele></trkpt>
      <trkpt lat="44.739654" lon="6.569611"><ele>1128.0</ele></trkpt>
      <trkpt lat="44.739753" lon="6.569467"><ele>1128.5</ele></trkpt>
      <trkpt lat="44.739800" lon="6.569388"><ele>1128.5</ele></trkpt>
      <trkpt lat="44.739844" lon="6.569271"><ele>1128.5</ele></trkpt>
      <trkpt lat="44.739886" lon="6.569138"><ele>1128.2</ele></trkpt>
      <trkpt lat="44.739904" lon="6.569026"><ele>1128.5</ele></trkpt>
      <trkpt lat="44.739910" lon="6.568935"><ele>1128.5</ele></trkpt>
      <trkpt lat="44.739908" lon="6.568837"><ele>1128.8</ele></trkpt>
      <trkpt lat="44.739898" lon="6.568722"><ele>1129.2</ele></trkpt>
      <trkpt lat="44.739858" lon="6.568492"><ele>1130.2</ele></trkpt>
      <trkpt lat="44.739795" lon="6.568186"><ele>1131.8</ele></trkpt>
      <trkpt lat="44.739773" lon="6.568108"><ele>1132.2</ele></trkpt>
      <trkpt lat="44.739731" lon="6.568037"><ele>1132.2</ele></trkpt>
      <trkpt lat="44.739691" lon="6.567996"><ele>1132.8</ele></trkpt>
      <trkpt lat="44.739634" lon="6.567972"><ele>1133.0</ele></trkpt>
      <trkpt lat="44.739558" lon="6.567956"><ele>1133.0</ele></trkpt>
      <trkpt lat="44.739453" lon="6.567957"><ele>1133.0</ele></trkpt>
      <trkpt lat="44.739359" lon="6.567955"><ele>1133.2</ele></trkpt>
      <trkpt lat="44.739107" lon="6.567987"><ele>1134.0</ele></trkpt>
      <trkpt lat="44.739043" lon="6.568010"><ele>1134.2</ele></trkpt>
      <trkpt lat="44.738987" lon="6.568049"><ele>1134.2</ele></trkpt>
      <trkpt lat="44.738933" lon="6.568110"><ele>1134.0</ele></trkpt>
      <trkpt lat="44.738865" lon="6.568275"><ele>1132.8</ele></trkpt>
      <trkpt lat="44.738826" lon="6.568379"><ele>1131.8</ele></trkpt>
      <trkpt lat="44.738790" lon="6.568453"><ele>1131.0</ele></trkpt>
      <trkpt lat="44.738759" lon="6.568495"><ele>1130.8</ele></trkpt>
      <trkpt lat="44.738718" lon="6.568534"><ele>1130.8</ele></trkpt>
      <trkpt lat="44.738634" lon="6.568567"><ele>1131.0</ele></trkpt>
      <trkpt lat="44.738446" lon="6.568588"><ele>1131.0</ele></trkpt>
      <trkpt lat="44.738366" lon="6.568579"><ele>1131.0</ele></trkpt>
      <trkpt lat="44.738226" lon="6.568476"><ele>1130.0</ele></trkpt>
      <trkpt lat="44.738177" lon="6.568428"><ele>1129.5</ele></trkpt>
      <trkpt lat="44.738110" lon="6.568328"><ele>1128.8</ele></trkpt>
      <trkpt lat="44.738092" lon="6.568266"><ele>1128.8</ele></trkpt>
      <trkpt lat="44.738069" lon="6.568149"><ele>1128.8</ele></trkpt>
      <trkpt lat="44.738026" lon="6.567689"><ele>1126.5</ele></trkpt>
      <trkpt lat="44.738009" lon="6.567536"><ele>1124.5</ele></trkpt>
      <trkpt lat="44.738005" lon="6.567442"><ele>1123.8</ele></trkpt>
      <trkpt lat="44.738012" lon="6.567245"><ele>1123.0</ele></trkpt>
      <trkpt lat="44.738006" lon="6.567123"><ele>1123.2</ele></trkpt>
      <trkpt lat="44.737996" lon="6.567047"><ele>1123.2</ele></trkpt>
      <trkpt lat="44.737979" lon="6.566975"><ele>1123.0</ele></trkpt>
      <trkpt lat="44.737932" lon="6.566834"><ele>1123.8</ele></trkpt>
      <trkpt lat="44.737852" lon="6.566697"><ele>1124.0</ele></trkpt>
      <trkpt lat="44.737818" lon="6.566641"><ele>1124.5</ele></trkpt>
      <trkpt lat="44.737745" lon="6.566544"><ele>1125.0</ele></trkpt>
      <trkpt lat="44.737649" lon="6.566373"><ele>1125.2</ele></trkpt>
      <trkpt lat="44.737612" lon="6.566268"><ele>1125.8</ele></trkpt>
      <trkpt lat="44.737559" lon="6.566097"><ele>1126.2</ele></trkpt>
      <trkpt lat="44.737523" lon="6.565890"><ele>1125.2</ele></trkpt>
      <trkpt lat="44.737519" lon="6.565711"><ele>1124.0</ele></trkpt>
      <trkpt lat="44.737553" lon="6.565546"><ele>1124.8</ele></trkpt>
      <trkpt lat="44.737600" lon="6.565431"><ele>1126.0</ele></trkpt>
      <trkpt lat="44.737816" lon="6.565105"><ele>1128.8</ele></trkpt>
      <trkpt lat="44.738008" lon="6.564853"><ele>1127.0</ele></trkpt>
      <trkpt lat="44.738127" lon="6.564766"><ele>1125.8</ele></trkpt>
      <trkpt lat="44.738184" lon="6.564742"><ele>1125.2</ele></trkpt>
      <trkpt lat="44.738244" lon="6.564746"><ele>1126.0</ele></trkpt>
      <trkpt lat="44.738298" lon="6.564766"><ele>1127.5</ele></trkpt>
      <trkpt lat="44.738397" lon="6.564826"><ele>1131.8</ele></trkpt>
      <trkpt lat="44.738459" lon="6.564850"><ele>1134.0</ele></trkpt>
      <trkpt lat="44.738523" lon="6.564850"><ele>1135.0</ele></trkpt>
      <trkpt lat="44.738579" lon="6.564817"><ele>1134.5</ele></trkpt>
      <trkpt lat="44.738625" lon="6.564758"><ele>1133.0</ele></trkpt>
      <trkpt lat="44.738650" lon="6.564671"><ele>1130.8</ele></trkpt>
      <trkpt lat="44.738681" lon="6.564356"><ele>1123.8</ele></trkpt>
      <trkpt lat="44.738688" lon="6.564271"><ele>1125.0</ele></trkpt>
      <trkpt lat="44.738879" lon="6.564243"><ele>1127.5</ele></trkpt>
      <trkpt lat="44.739288" lon="6.564140"><ele>1127.5</ele></trkpt>
      <trkpt lat="44.739400" lon="6.564104"><ele>1128.2</ele></trkpt>
      <trkpt lat="44.739491" lon="6.564057"><ele>1129.5</ele></trkpt>
      <trkpt lat="44.739842" lon="6.563804"><ele>1130.0</ele></trkpt>
      <trkpt lat="44.739910" lon="6.563793"><ele>1129.0</ele></trkpt>
      <trkpt lat="44.739939" lon="6.563810"><ele>1128.2</ele></trkpt>
      <trkpt lat="44.739968" lon="6.563841"><ele>1127.0</ele></trkpt>
      <trkpt lat="44.740085" lon="6.564098"><ele>1128.8</ele></trkpt>
      <trkpt lat="44.740151" lon="6.564172"><ele>1129.8</ele></trkpt>
      <trkpt lat="44.740211" lon="6.564199"><ele>1131.2</ele></trkpt>
      <trkpt lat="44.740272" lon="6.564200"><ele>1131.5</ele></trkpt>
      <trkpt lat="44.740347" lon="6.564168"><ele>1131.8</ele></trkpt>
      <trkpt lat="44.740594" lon="6.564008"><ele>1134.8</ele></trkpt>
      <trkpt lat="44.741039" lon="6.563767"><ele>1134.5</ele></trkpt>
      <trkpt lat="44.741576" lon="6.563505"><ele>1133.5</ele></trkpt>
      <trkpt lat="44.741747" lon="6.563373"><ele>1133.2</ele></trkpt>
      <trkpt lat="44.741857" lon="6.563249"><ele>1132.8</ele></trkpt>
      <trkpt lat="44.741888" lon="6.563263"><ele>1133.5</ele></trkpt>
      <trkpt lat="44.742334" lon="6.562999"><ele>1132.8</ele></trkpt>
      <trkpt lat="44.742738" lon="6.562690"><ele>1132.2</ele></trkpt>
      <trkpt lat="44.743039" lon="6.562436"><ele>1132.5</ele></trkpt>
      <trkpt lat="44.743285" lon="6.562244"><ele>1133.5</ele></trkpt>
      <trkpt lat="44.743579" lon="6.561933"><ele>1134.0</ele></trkpt>
      <trkpt lat="44.743788" lon="6.561676"><ele>1133.2</ele></trkpt>
      <trkpt lat="44.744161" lon="6.561300"><ele>1133.5</ele></trkpt>
      <trkpt lat="44.744366" lon="6.561169"><ele>1134.5</ele></trkpt>
      <trkpt lat="44.744502" lon="6.561122"><ele>1135.0</ele></trkpt>
      <trkpt lat="44.744402" lon="6.561297"><ele>1138.2</ele></trkpt>
      <trkpt lat="44.744119" lon="6.561833"><ele>1147.2</ele></trkpt>
      <trkpt lat="44.744062" lon="6.562006"><ele>1151.5</ele></trkpt>
      <trkpt lat="44.744011" lon="6.562134"><ele>1154.5</ele></trkpt>
      <trkpt lat="44.743865" lon="6.562362"><ele>1158.5</ele></trkpt>
      <trkpt lat="44.743774" lon="6.562519"><ele>1161.8</ele></trkpt>
      <trkpt lat="44.743639" lon="6.562853"><ele>1170.0</ele></trkpt>
      <trkpt lat="44.743415" lon="6.563328"><ele>1180.2</ele></trkpt>
      <trkpt lat="44.743143" lon="6.563694"><ele>1188.5</ele></trkpt>
      <trkpt lat="44.743210" lon="6.563798"><ele>1195.8</ele></trkpt>
      <trkpt lat="44.743320" lon="6.564120"><ele>1216.0</ele></trkpt>
      <trkpt lat="44.743320" lon="6.564373"><ele>1231.0</ele></trkpt>
      <trkpt lat="44.743320" lon="6.564120"><ele>1216.0</ele></trkpt>
      <trkpt lat="44.743210" lon="6.563798"><ele>1195.8</ele></trkpt>
      <trkpt lat="44.743143" lon="6.563694"><ele>1188.5</ele></trkpt>
      <trkpt lat="44.743415" lon="6.563328"><ele>1180.2</ele></trkpt>
      <trkpt lat="44.743639" lon="6.562853"><ele>1170.0</ele></trkpt>
      <trkpt lat="44.743774" lon="6.562519"><ele>1161.8</ele></trkpt>
      <trkpt lat="44.743865" lon="6.562362"><ele>1158.5</ele></trkpt>
      <trkpt lat="44.744011" lon="6.562134"><ele>1154.5</ele></trkpt>
      <trkpt lat="44.744062" lon="6.562006"><ele>1151.5</ele></trkpt>
      <trkpt lat="44.744119" lon="6.561833"><ele>1147.2</ele></trkpt>
      <trkpt lat="44.744402" lon="6.561297"><ele>1138.2</ele></trkpt>
      <trkpt lat="44.744502" lon="6.561122"><ele>1135.0</ele></trkpt>
      <trkpt lat="44.744366" lon="6.561169"><ele>1134.5</ele></trkpt>
      <trkpt lat="44.744161" lon="6.561300"><ele>1133.5</ele></trkpt>
      <trkpt lat="44.743788" lon="6.561676"><ele>1133.2</ele></trkpt>
      <trkpt lat="44.743579" lon="6.561933"><ele>1134.0</ele></trkpt>
      <trkpt lat="44.743285" lon="6.562244"><ele>1133.5</ele></trkpt>
      <trkpt lat="44.743039" lon="6.562436"><ele>1132.5</ele></trkpt>
      <trkpt lat="44.742738" lon="6.562690"><ele>1132.2</ele></trkpt>
      <trkpt lat="44.742334" lon="6.562999"><ele>1132.8</ele></trkpt>
      <trkpt lat="44.741888" lon="6.563263"><ele>1133.5</ele></trkpt>
      <trkpt lat="44.741857" lon="6.563249"><ele>1132.8</ele></trkpt>
      <trkpt lat="44.741747" lon="6.563373"><ele>1133.2</ele></trkpt>
      <trkpt lat="44.741576" lon="6.563505"><ele>1133.5</ele></trkpt>
      <trkpt lat="44.741039" lon="6.563767"><ele>1134.5</ele></trkpt>
      <trkpt lat="44.740594" lon="6.564008"><ele>1134.8</ele></trkpt>
      <trkpt lat="44.740347" lon="6.564168"><ele>1131.8</ele></trkpt>
      <trkpt lat="44.740272" lon="6.564200"><ele>1131.5</ele></trkpt>
      <trkpt lat="44.740211" lon="6.564199"><ele>1131.2</ele></trkpt>
      <trkpt lat="44.740151" lon="6.564172"><ele>1129.8</ele></trkpt>
      <trkpt lat="44.740085" lon="6.564098"><ele>1128.8</ele></trkpt>
      <trkpt lat="44.739968" lon="6.563841"><ele>1127.0</ele></trkpt>
      <trkpt lat="44.739939" lon="6.563810"><ele>1128.2</ele></trkpt>
      <trkpt lat="44.739910" lon="6.563793"><ele>1129.0</ele></trkpt>
      <trkpt lat="44.739842" lon="6.563804"><ele>1130.0</ele></trkpt>
      <trkpt lat="44.739491" lon="6.564057"><ele>1129.5</ele></trkpt>
      <trkpt lat="44.739400" lon="6.564104"><ele>1128.2</ele></trkpt>
      <trkpt lat="44.739288" lon="6.564140"><ele>1127.5</ele></trkpt>
      <trkpt lat="44.738879" lon="6.564243"><ele>1127.5</ele></trkpt>
      <trkpt lat="44.738688" lon="6.564271"><ele>1125.0</ele></trkpt>
      <trkpt lat="44.738514" lon="6.564250"><ele>1123.2</ele></trkpt>
      <trkpt lat="44.738416" lon="6.564209"><ele>1123.0</ele></trkpt>
      <trkpt lat="44.738283" lon="6.564117"><ele>1123.8</ele></trkpt>
      <trkpt lat="44.738088" lon="6.563978"><ele>1124.8</ele></trkpt>
      <trkpt lat="44.737873" lon="6.563831"><ele>1126.0</ele></trkpt>
      <trkpt lat="44.737817" lon="6.563809"><ele>1126.0</ele></trkpt>
      <trkpt lat="44.737304" lon="6.563746"><ele>1125.8</ele></trkpt>
      <trkpt lat="44.737200" lon="6.563747"><ele>1126.2</ele></trkpt>
      <trkpt lat="44.737090" lon="6.563769"><ele>1127.2</ele></trkpt>
      <trkpt lat="44.736399" lon="6.564026"><ele>1127.8</ele></trkpt>
      <trkpt lat="44.736184" lon="6.564114"><ele>1128.8</ele></trkpt>
      <trkpt lat="44.736058" lon="6.564214"><ele>1128.8</ele></trkpt>
      <trkpt lat="44.735946" lon="6.564347"><ele>1128.8</ele></trkpt>
      <trkpt lat="44.735565" lon="6.565080"><ele>1129.0</ele></trkpt>
      <trkpt lat="44.735494" lon="6.565193"><ele>1128.5</ele></trkpt>
      <trkpt lat="44.735421" lon="6.565258"><ele>1128.8</ele></trkpt>
      <trkpt lat="44.735345" lon="6.565289"><ele>1129.2</ele></trkpt>
      <trkpt lat="44.735249" lon="6.565292"><ele>1130.2</ele></trkpt>
      <trkpt lat="44.735164" lon="6.565276"><ele>1131.0</ele></trkpt>
      <trkpt lat="44.734917" lon="6.565175"><ele>1133.8</ele></trkpt>
      <trkpt lat="44.734833" lon="6.565171"><ele>1134.5</ele></trkpt>
      <trkpt lat="44.734765" lon="6.565201"><ele>1134.5</ele></trkpt>
      <trkpt lat="44.734702" lon="6.565255"><ele>1134.8</ele></trkpt>
      <trkpt lat="44.734632" lon="6.565347"><ele>1136.0</ele></trkpt>
      <trkpt lat="44.734328" lon="6.566161"><ele>1140.0</ele></trkpt>
      <trkpt lat="44.734273" lon="6.566282"><ele>1139.5</ele></trkpt>
      <trkpt lat="44.734203" lon="6.566412"><ele>1139.0</ele></trkpt>
      <trkpt lat="44.734144" lon="6.566498"><ele>1139.5</ele></trkpt>
      <trkpt lat="44.733206" lon="6.567337"><ele>1146.5</ele></trkpt>
      <trkpt lat="44.732816" lon="6.567655"><ele>1147.8</ele></trkpt>
      <trkpt lat="44.732678" lon="6.567804"><ele>1147.2</ele></trkpt>
      <trkpt lat="44.732520" lon="6.568006"><ele>1146.2</ele></trkpt>
      <trkpt lat="44.732453" lon="6.568064"><ele>1146.0</ele></trkpt>
      <trkpt lat="44.732379" lon="6.568105"><ele>1146.0</ele></trkpt>
      <trkpt lat="44.732299" lon="6.568133"><ele>1145.8</ele></trkpt>
      <trkpt lat="44.732219" lon="6.568147"><ele>1146.0</ele></trkpt>
      <trkpt lat="44.732137" lon="6.568142"><ele>1146.2</ele></trkpt>
      <trkpt lat="44.731774" lon="6.568059"><ele>1149.0</ele></trkpt>
      <trkpt lat="44.731616" lon="6.568039"><ele>1150.5</ele></trkpt>
      <trkpt lat="44.731532" lon="6.568034"><ele>1151.0</ele></trkpt>
      <trkpt lat="44.731430" lon="6.568032"><ele>1151.8</ele></trkpt>
      <trkpt lat="44.731314" lon="6.568065"><ele>1152.0</ele></trkpt>
      <trkpt lat="44.730969" lon="6.568225"><ele>1151.2</ele></trkpt>
      <trkpt lat="44.730770" lon="6.568316"><ele>1151.2</ele></trkpt>
      <trkpt lat="44.730763" lon="6.568320"><ele>1151.2</ele></trkpt>
      <trkpt lat="44.730654" lon="6.568367"><ele>1151.2</ele></trkpt>
      <trkpt lat="44.730432" lon="6.568454"><ele>1151.5</ele></trkpt>
      <trkpt lat="44.730246" lon="6.568540"><ele>1151.5</ele></trkpt>
      <trkpt lat="44.730264" lon="6.568375"><ele>1152.8</ele></trkpt>
      <trkpt lat="44.730305" lon="6.568235"><ele>1153.5</ele></trkpt>
      <trkpt lat="44.730381" lon="6.568048"><ele>1154.5</ele></trkpt>
      <trkpt lat="44.730471" lon="6.567841"><ele>1156.5</ele></trkpt>
      <trkpt lat="44.730544" lon="6.567724"><ele>1157.8</ele></trkpt>
      <trkpt lat="44.730630" lon="6.567594"><ele>1159.2</ele></trkpt>
      <trkpt lat="44.730796" lon="6.567446"><ele>1160.5</ele></trkpt>
      <trkpt lat="44.730867" lon="6.567383"><ele>1161.2</ele></trkpt>
      <trkpt lat="44.731121" lon="6.567181"><ele>1163.0</ele></trkpt>
      <trkpt lat="44.731398" lon="6.567047"><ele>1163.2</ele></trkpt>
      <trkpt lat="44.731811" lon="6.566874"><ele>1164.5</ele></trkpt>
      <trkpt lat="44.731890" lon="6.566830"><ele>1165.0</ele></trkpt>
      <trkpt lat="44.731958" lon="6.566777"><ele>1165.8</ele></trkpt>
      <trkpt lat="44.731992" lon="6.566726"><ele>1166.2</ele></trkpt>
      <trkpt lat="44.732052" lon="6.566564"><ele>1167.8</ele></trkpt>
      <trkpt lat="44.732180" lon="6.566058"><ele>1173.8</ele></trkpt>
      <trkpt lat="44.732253" lon="6.565983"><ele>1174.8</ele></trkpt>
      <trkpt lat="44.732274" lon="6.565961"><ele>1175.0</ele></trkpt>
      <trkpt lat="44.732314" lon="6.565919"><ele>1175.5</ele></trkpt>
      <trkpt lat="44.732365" lon="6.565881"><ele>1175.8</ele></trkpt>
      <trkpt lat="44.732717" lon="6.565628"><ele>1178.2</ele></trkpt>
      <trkpt lat="44.732913" lon="6.565439"><ele>1179.8</ele></trkpt>
      <trkpt lat="44.733113" lon="6.565203"><ele>1181.5</ele></trkpt>
      <trkpt lat="44.733324" lon="6.564940"><ele>1183.2</ele></trkpt>
      <trkpt lat="44.733887" lon="6.564110"><ele>1179.5</ele></trkpt>
      <trkpt lat="44.734105" lon="6.563680"><ele>1178.5</ele></trkpt>
      <trkpt lat="44.734651" lon="6.562652"><ele>1182.2</ele></trkpt>
      <trkpt lat="44.734853" lon="6.562244"><ele>1186.5</ele></trkpt>
      <trkpt lat="44.734907" lon="6.562089"><ele>1188.5</ele></trkpt>
      <trkpt lat="44.735028" lon="6.561902"><ele>1190.5</ele></trkpt>
      <trkpt lat="44.735212" lon="6.561703"><ele>1193.2</ele></trkpt>
      <trkpt lat="44.735290" lon="6.561649"><ele>1194.5</ele></trkpt>
      <trkpt lat="44.735379" lon="6.561632"><ele>1194.8</ele></trkpt>
      <trkpt lat="44.735497" lon="6.561627"><ele>1195.0</ele></trkpt>
      <trkpt lat="44.735631" lon="6.561604"><ele>1195.5</ele></trkpt>
      <trkpt lat="44.735707" lon="6.561571"><ele>1196.2</ele></trkpt>
      <trkpt lat="44.735775" lon="6.561521"><ele>1197.8</ele></trkpt>
      <trkpt lat="44.735912" lon="6.561398"><ele>1201.2</ele></trkpt>
      <trkpt lat="44.736005" lon="6.561358"><ele>1202.2</ele></trkpt>
      <trkpt lat="44.736151" lon="6.561353"><ele>1202.5</ele></trkpt>
      <trkpt lat="44.736253" lon="6.561374"><ele>1202.5</ele></trkpt>
      <trkpt lat="44.736631" lon="6.561529"><ele>1201.0</ele></trkpt>
      <trkpt lat="44.736792" lon="6.561568"><ele>1200.8</ele></trkpt>
      <trkpt lat="44.736869" lon="6.561562"><ele>1201.2</ele></trkpt>
      <trkpt lat="44.736942" lon="6.561534"><ele>1202.2</ele></trkpt>
      <trkpt lat="44.737024" lon="6.561484"><ele>1202.5</ele></trkpt>
      <trkpt lat="44.737097" lon="6.561399"><ele>1203.5</ele></trkpt>
      <trkpt lat="44.737145" lon="6.561300"><ele>1205.0</ele></trkpt>
      <trkpt lat="44.737192" lon="6.561180"><ele>1206.8</ele></trkpt>
      <trkpt lat="44.737311" lon="6.560735"><ele>1210.5</ele></trkpt>
      <trkpt lat="44.737426" lon="6.560285"><ele>1212.2</ele></trkpt>
      <trkpt lat="44.737483" lon="6.560118"><ele>1212.2</ele></trkpt>
      <trkpt lat="44.737551" lon="6.559974"><ele>1213.0</ele></trkpt>
      <trkpt lat="44.737691" lon="6.559730"><ele>1214.2</ele></trkpt>
      <trkpt lat="44.737779" lon="6.559620"><ele>1214.5</ele></trkpt>
      <trkpt lat="44.737819" lon="6.559581"><ele>1215.2</ele></trkpt>
      <trkpt lat="44.737864" lon="6.559556"><ele>1216.0</ele></trkpt>
      <trkpt lat="44.737903" lon="6.559549"><ele>1216.2</ele></trkpt>
      <trkpt lat="44.737957" lon="6.559550"><ele>1216.8</ele></trkpt>
      <trkpt lat="44.738027" lon="6.559566"><ele>1217.2</ele></trkpt>
      <trkpt lat="44.738159" lon="6.559624"><ele>1217.8</ele></trkpt>
      <trkpt lat="44.738236" lon="6.559631"><ele>1218.2</ele></trkpt>
      <trkpt lat="44.738307" lon="6.559625"><ele>1219.0</ele></trkpt>
      <trkpt lat="44.738446" lon="6.559570"><ele>1219.5</ele></trkpt>
      <trkpt lat="44.738503" lon="6.559518"><ele>1220.0</ele></trkpt>
      <trkpt lat="44.738556" lon="6.559439"><ele>1221.2</ele></trkpt>
      <trkpt lat="44.738577" lon="6.559354"><ele>1222.0</ele></trkpt>
      <trkpt lat="44.738587" lon="6.559271"><ele>1222.8</ele></trkpt>
      <trkpt lat="44.738575" lon="6.559180"><ele>1223.8</ele></trkpt>
      <trkpt lat="44.738548" lon="6.559098"><ele>1224.8</ele></trkpt>
      <trkpt lat="44.738511" lon="6.559013"><ele>1226.0</ele></trkpt>
      <trkpt lat="44.738468" lon="6.558939"><ele>1226.8</ele></trkpt>
      <trkpt lat="44.738423" lon="6.558912"><ele>1227.2</ele></trkpt>
      <trkpt lat="44.738217" lon="6.558834"><ele>1228.0</ele></trkpt>
      <trkpt lat="44.738118" lon="6.558749"><ele>1228.8</ele></trkpt>
      <trkpt lat="44.738050" lon="6.558651"><ele>1230.0</ele></trkpt>
      <trkpt lat="44.737824" lon="6.558376"><ele>1233.2</ele></trkpt>
      <trkpt lat="44.737597" lon="6.558148"><ele>1238.5</ele></trkpt>
      <trkpt lat="44.737532" lon="6.558094"><ele>1240.0</ele></trkpt>
      <trkpt lat="44.737457" lon="6.558076"><ele>1240.8</ele></trkpt>
      <trkpt lat="44.737387" lon="6.558086"><ele>1241.0</ele></trkpt>
      <trkpt lat="44.737240" lon="6.558182"><ele>1240.8</ele></trkpt>
      <trkpt lat="44.737194" lon="6.558249"><ele>1240.5</ele></trkpt>
      <trkpt lat="44.737142" lon="6.558358"><ele>1240.2</ele></trkpt>
      <trkpt lat="44.737110" lon="6.558469"><ele>1240.0</ele></trkpt>
      <trkpt lat="44.737058" lon="6.558617"><ele>1239.8</ele></trkpt>
      <trkpt lat="44.737022" lon="6.558679"><ele>1239.8</ele></trkpt>
      <trkpt lat="44.736947" lon="6.558794"><ele>1239.8</ele></trkpt>
      <trkpt lat="44.736932" lon="6.558814"><ele>1240.0</ele></trkpt>
      <trkpt lat="44.736902" lon="6.558845"><ele>1240.2</ele></trkpt>
      <trkpt lat="44.736859" lon="6.558863"><ele>1241.0</ele></trkpt>
      <trkpt lat="44.736819" lon="6.558873"><ele>1241.8</ele></trkpt>
      <trkpt lat="44.736556" lon="6.558886"><ele>1247.0</ele></trkpt>
      <trkpt lat="44.736464" lon="6.558892"><ele>1248.5</ele></trkpt>
      <trkpt lat="44.736435" lon="6.558871"><ele>1249.2</ele></trkpt>
      <trkpt lat="44.736415" lon="6.558845"><ele>1249.8</ele></trkpt>
      <trkpt lat="44.736402" lon="6.558808"><ele>1250.5</ele></trkpt>
      <trkpt lat="44.736400" lon="6.558759"><ele>1251.0</ele></trkpt>
      <trkpt lat="44.736422" lon="6.558695"><ele>1251.2</ele></trkpt>
      <trkpt lat="44.736504" lon="6.558519"><ele>1251.5</ele></trkpt>
      <trkpt lat="44.736525" lon="6.558425"><ele>1252.0</ele></trkpt>
      <trkpt lat="44.736534" lon="6.558256"><ele>1253.5</ele></trkpt>
      <trkpt lat="44.736551" lon="6.558118"><ele>1254.8</ele></trkpt>
      <trkpt lat="44.736602" lon="6.557997"><ele>1255.0</ele></trkpt>
      <trkpt lat="44.736667" lon="6.557901"><ele>1254.5</ele></trkpt>
      <trkpt lat="44.736733" lon="6.557844"><ele>1254.0</ele></trkpt>
      <trkpt lat="44.736945" lon="6.557729"><ele>1251.8</ele></trkpt>
      <trkpt lat="44.737037" lon="6.557650"><ele>1252.2</ele></trkpt>
      <trkpt lat="44.737180" lon="6.557451"><ele>1254.5</ele></trkpt>
      <trkpt lat="44.737279" lon="6.557376"><ele>1256.0</ele></trkpt>
      <trkpt lat="44.737439" lon="6.557286"><ele>1257.8</ele></trkpt>
      <trkpt lat="44.737559" lon="6.557263"><ele>1258.5</ele></trkpt>
      <trkpt lat="44.737601" lon="6.557243"><ele>1259.2</ele></trkpt>
      <trkpt lat="44.737623" lon="6.557216"><ele>1260.0</ele></trkpt>
      <trkpt lat="44.737631" lon="6.557183"><ele>1260.8</ele></trkpt>
      <trkpt lat="44.737632" lon="6.557142"><ele>1261.8</ele></trkpt>
      <trkpt lat="44.737609" lon="6.557106"><ele>1262.5</ele></trkpt>
      <trkpt lat="44.737472" lon="6.557077"><ele>1262.5</ele></trkpt>
      <trkpt lat="44.737357" lon="6.557074"><ele>1262.8</ele></trkpt>
      <trkpt lat="44.737074" lon="6.557102"><ele>1263.5</ele></trkpt>
      <trkpt lat="44.736862" lon="6.557142"><ele>1264.8</ele></trkpt>
      <trkpt lat="44.736768" lon="6.557168"><ele>1265.5</ele></trkpt>
      <trkpt lat="44.736740" lon="6.557158"><ele>1266.2</ele></trkpt>
      <trkpt lat="44.736715" lon="6.557125"><ele>1267.2</ele></trkpt>
      <trkpt lat="44.736710" lon="6.557080"><ele>1268.2</ele></trkpt>
      <trkpt lat="44.736718" lon="6.557030"><ele>1269.2</ele></trkpt>
      <trkpt lat="44.736748" lon="6.556974"><ele>1270.0</ele></trkpt>
      <trkpt lat="44.736880" lon="6.556783"><ele>1273.0</ele></trkpt>
      <trkpt lat="44.736957" lon="6.556711"><ele>1273.8</ele></trkpt>
      <trkpt lat="44.737043" lon="6.556668"><ele>1274.5</ele></trkpt>
      <trkpt lat="44.737476" lon="6.556504"><ele>1278.5</ele></trkpt>
      <trkpt lat="44.737571" lon="6.556488"><ele>1279.2</ele></trkpt>
      <trkpt lat="44.737756" lon="6.556525"><ele>1279.0</ele></trkpt>
      <trkpt lat="44.737794" lon="6.556517"><ele>1279.2</ele></trkpt>
      <trkpt lat="44.737816" lon="6.556498"><ele>1280.0</ele></trkpt>
      <trkpt lat="44.737832" lon="6.556473"><ele>1280.8</ele></trkpt>
      <trkpt lat="44.737837" lon="6.556427"><ele>1282.0</ele></trkpt>
      <trkpt lat="44.737830" lon="6.556373"><ele>1283.5</ele></trkpt>
      <trkpt lat="44.737810" lon="6.556321"><ele>1285.0</ele></trkpt>
      <trkpt lat="44.737649" lon="6.556044"><ele>1291.8</ele></trkpt>
      <trkpt lat="44.737535" lon="6.555933"><ele>1293.2</ele></trkpt>
      <trkpt lat="44.737458" lon="6.555900"><ele>1293.5</ele></trkpt>
      <trkpt lat="44.737360" lon="6.555893"><ele>1294.0</ele></trkpt>
      <trkpt lat="44.736988" lon="6.555943"><ele>1296.2</ele></trkpt>
      <trkpt lat="44.736728" lon="6.556043"><ele>1298.0</ele></trkpt>
      <trkpt lat="44.736633" lon="6.556101"><ele>1298.0</ele></trkpt>
      <trkpt lat="44.736559" lon="6.556160"><ele>1297.5</ele></trkpt>
      <trkpt lat="44.736404" lon="6.556303"><ele>1296.2</ele></trkpt>
      <trkpt lat="44.736286" lon="6.556400"><ele>1296.2</ele></trkpt>
      <trkpt lat="44.735931" lon="6.556570"><ele>1299.0</ele></trkpt>
      <trkpt lat="44.735822" lon="6.556615"><ele>1299.8</ele></trkpt>
      <trkpt lat="44.735724" lon="6.556631"><ele>1301.0</ele></trkpt>
      <trkpt lat="44.735594" lon="6.556627"><ele>1303.5</ele></trkpt>
      <trkpt lat="44.735320" lon="6.556661"><ele>1308.2</ele></trkpt>
      <trkpt lat="44.735272" lon="6.556689"><ele>1308.5</ele></trkpt>
      <trkpt lat="44.735239" lon="6.556738"><ele>1308.0</ele></trkpt>
      <trkpt lat="44.735197" lon="6.556834"><ele>1306.5</ele></trkpt>
      <trkpt lat="44.735165" lon="6.556845"><ele>1307.0</ele></trkpt>
      <trkpt lat="44.735135" lon="6.556836"><ele>1308.0</ele></trkpt>
      <trkpt lat="44.735113" lon="6.556801"><ele>1309.2</ele></trkpt>
      <trkpt lat="44.735110" lon="6.556744"><ele>1310.8</ele></trkpt>
      <trkpt lat="44.735121" lon="6.556652"><ele>1312.8</ele></trkpt>
      <trkpt lat="44.735149" lon="6.556592"><ele>1314.0</ele></trkpt>
      <trkpt lat="44.735197" lon="6.556547"><ele>1314.2</ele></trkpt>
      <trkpt lat="44.735268" lon="6.556511"><ele>1314.0</ele></trkpt>
      <trkpt lat="44.735455" lon="6.556443"><ele>1312.8</ele></trkpt>
      <trkpt lat="44.735578" lon="6.556377"><ele>1312.8</ele></trkpt>
      <trkpt lat="44.735765" lon="6.556223"><ele>1314.2</ele></trkpt>
      <trkpt lat="44.736758" lon="6.555049"><ele>1327.5</ele></trkpt>
      <trkpt lat="44.737175" lon="6.554526"><ele>1336.5</ele></trkpt>
      <trkpt lat="44.737227" lon="6.554478"><ele>1337.8</ele></trkpt>
      <trkpt lat="44.737273" lon="6.554456"><ele>1338.0</ele></trkpt>
      <trkpt lat="44.737324" lon="6.554448"><ele>1338.0</ele></trkpt>
      <trkpt lat="44.737382" lon="6.554456"><ele>1337.2</ele></trkpt>
      <trkpt lat="44.737718" lon="6.554572"><ele>1333.0</ele></trkpt>
      <trkpt lat="44.737776" lon="6.554577"><ele>1333.0</ele></trkpt>
      <trkpt lat="44.737825" lon="6.554566"><ele>1333.2</ele></trkpt>
      <trkpt lat="44.737853" lon="6.554546"><ele>1333.8</ele></trkpt>
      <trkpt lat="44.737876" lon="6.554518"><ele>1334.5</ele></trkpt>
      <trkpt lat="44.737888" lon="6.554489"><ele>1335.2</ele></trkpt>
      <trkpt lat="44.737889" lon="6.554455"><ele>1336.2</ele></trkpt>
      <trkpt lat="44.737883" lon="6.554428"><ele>1337.0</ele></trkpt>
      <trkpt lat="44.737865" lon="6.554404"><ele>1337.8</ele></trkpt>
      <trkpt lat="44.737840" lon="6.554395"><ele>1338.2</ele></trkpt>
      <trkpt lat="44.737701" lon="6.554396"><ele>1338.5</ele></trkpt>
      <trkpt lat="44.737629" lon="6.554383"><ele>1339.0</ele></trkpt>
      <trkpt lat="44.737436" lon="6.554300"><ele>1342.5</ele></trkpt>
      <trkpt lat="44.737200" lon="6.554214"><ele>1347.5</ele></trkpt>
      <trkpt lat="44.737061" lon="6.554191"><ele>1350.2</ele></trkpt>
      <trkpt lat="44.736932" lon="6.554190"><ele>1352.2</ele></trkpt>
      <trkpt lat="44.736691" lon="6.554249"><ele>1354.0</ele></trkpt>
      <trkpt lat="44.736347" lon="6.554503"><ele>1353.0</ele></trkpt>
      <trkpt lat="44.736170" lon="6.554562"><ele>1354.8</ele></trkpt>
      <trkpt lat="44.736087" lon="6.554609"><ele>1355.5</ele></trkpt>
      <trkpt lat="44.736038" lon="6.554649"><ele>1355.8</ele></trkpt>
      <trkpt lat="44.735997" lon="6.554697"><ele>1355.8</ele></trkpt>
      <trkpt lat="44.735889" lon="6.554884"><ele>1354.2</ele></trkpt>
      <trkpt lat="44.735849" lon="6.554929"><ele>1354.2</ele></trkpt>
      <trkpt lat="44.735820" lon="6.554951"><ele>1354.5</ele></trkpt>
      <trkpt lat="44.735782" lon="6.554957"><ele>1355.5</ele></trkpt>
      <trkpt lat="44.735746" lon="6.554949"><ele>1357.0</ele></trkpt>
      <trkpt lat="44.735713" lon="6.554921"><ele>1358.8</ele></trkpt>
      <trkpt lat="44.735701" lon="6.554883"><ele>1360.0</ele></trkpt>
      <trkpt lat="44.735690" lon="6.554810"><ele>1362.0</ele></trkpt>
      <trkpt lat="44.735699" lon="6.554733"><ele>1363.5</ele></trkpt>
      <trkpt lat="44.735782" lon="6.554538"><ele>1365.2</ele></trkpt>
      <trkpt lat="44.735798" lon="6.554465"><ele>1366.2</ele></trkpt>
      <trkpt lat="44.735801" lon="6.554306"><ele>1369.8</ele></trkpt>
      <trkpt lat="44.735816" lon="6.554176"><ele>1372.0</ele></trkpt>
      <trkpt lat="44.735839" lon="6.554072"><ele>1373.8</ele></trkpt>
      <trkpt lat="44.735872" lon="6.554024"><ele>1374.5</ele></trkpt>
      <trkpt lat="44.735922" lon="6.553987"><ele>1374.5</ele></trkpt>
      <trkpt lat="44.735980" lon="6.553966"><ele>1374.2</ele></trkpt>
      <trkpt lat="44.736144" lon="6.553958"><ele>1372.5</ele></trkpt>
      <trkpt lat="44.736355" lon="6.553896"><ele>1372.8</ele></trkpt>
      <trkpt lat="44.736449" lon="6.553837"><ele>1373.8</ele></trkpt>
      <trkpt lat="44.736574" lon="6.553743"><ele>1375.2</ele></trkpt>
      <trkpt lat="44.736748" lon="6.553647"><ele>1376.5</ele></trkpt>
      <trkpt lat="44.737232" lon="6.553491"><ele>1379.0</ele></trkpt>
      <trkpt lat="44.737343" lon="6.553447"><ele>1379.2</ele></trkpt>
      <trkpt lat="44.737747" lon="6.553162"><ele>1384.2</ele></trkpt>
      <trkpt lat="44.737834" lon="6.553091"><ele>1384.8</ele></trkpt>
      <trkpt lat="44.737910" lon="6.552996"><ele>1385.2</ele></trkpt>
      <trkpt lat="44.738100" lon="6.552696"><ele>1385.5</ele></trkpt>
      <trkpt lat="44.738187" lon="6.552495"><ele>1385.2</ele></trkpt>
      <trkpt lat="44.738212" lon="6.552401"><ele>1385.8</ele></trkpt>
      <trkpt lat="44.738218" lon="6.552332"><ele>1386.8</ele></trkpt>
      <trkpt lat="44.738208" lon="6.552240"><ele>1388.8</ele></trkpt>
      <trkpt lat="44.738187" lon="6.552207"><ele>1390.5</ele></trkpt>
      <trkpt lat="44.738155" lon="6.552194"><ele>1392.2</ele></trkpt>
      <trkpt lat="44.738123" lon="6.552200"><ele>1393.8</ele></trkpt>
      <trkpt lat="44.738095" lon="6.552234"><ele>1394.8</ele></trkpt>
      <trkpt lat="44.738020" lon="6.552408"><ele>1395.0</ele></trkpt>
      <trkpt lat="44.737955" lon="6.552520"><ele>1395.5</ele></trkpt>
      <trkpt lat="44.737849" lon="6.552670"><ele>1396.5</ele></trkpt>
      <trkpt lat="44.737768" lon="6.552763"><ele>1397.5</ele></trkpt>
      <trkpt lat="44.737673" lon="6.552847"><ele>1397.2</ele></trkpt>
      <trkpt lat="44.737568" lon="6.552894"><ele>1398.5</ele></trkpt>
      <trkpt lat="44.737400" lon="6.552941"><ele>1399.8</ele></trkpt>
      <trkpt lat="44.737326" lon="6.552941"><ele>1400.5</ele></trkpt>
      <trkpt lat="44.737272" lon="6.552924"><ele>1401.8</ele></trkpt>
      <trkpt lat="44.737205" lon="6.552892"><ele>1403.0</ele></trkpt>
      <trkpt lat="44.737150" lon="6.552853"><ele>1403.8</ele></trkpt>
      <trkpt lat="44.737110" lon="6.552792"><ele>1404.8</ele></trkpt>
      <trkpt lat="44.737069" lon="6.552703"><ele>1406.0</ele></trkpt>
      <trkpt lat="44.736962" lon="6.552326"><ele>1410.5</ele></trkpt>
      <trkpt lat="44.736915" lon="6.552219"><ele>1411.5</ele></trkpt>
      <trkpt lat="44.736868" lon="6.552141"><ele>1412.0</ele></trkpt>
      <trkpt lat="44.736797" lon="6.552068"><ele>1412.0</ele></trkpt>
      <trkpt lat="44.736449" lon="6.551831"><ele>1412.2</ele></trkpt>
      <trkpt lat="44.736270" lon="6.551666"><ele>1415.5</ele></trkpt>
      <trkpt lat="44.736203" lon="6.551615"><ele>1417.8</ele></trkpt>
      <trkpt lat="44.736134" lon="6.551587"><ele>1419.2</ele></trkpt>
      <trkpt lat="44.736055" lon="6.551585"><ele>1420.8</ele></trkpt>
      <trkpt lat="44.735995" lon="6.551600"><ele>1421.8</ele></trkpt>
      <trkpt lat="44.735926" lon="6.551634"><ele>1422.5</ele></trkpt>
      <trkpt lat="44.735880" lon="6.551676"><ele>1422.8</ele></trkpt>
      <trkpt lat="44.735797" lon="6.551793"><ele>1422.0</ele></trkpt>
      <trkpt lat="44.735679" lon="6.552007"><ele>1420.5</ele></trkpt>
      <trkpt lat="44.735621" lon="6.552084"><ele>1420.2</ele></trkpt>
      <trkpt lat="44.735526" lon="6.552183"><ele>1420.5</ele></trkpt>
      <trkpt lat="44.734851" lon="6.552686"><ele>1424.5</ele></trkpt>
      <trkpt lat="44.734701" lon="6.552786"><ele>1425.0</ele></trkpt>
      <trkpt lat="44.734582" lon="6.552856"><ele>1425.8</ele></trkpt>
      <trkpt lat="44.734217" lon="6.552999"><ele>1429.0</ele></trkpt>
      <trkpt lat="44.734076" lon="6.553069"><ele>1430.5</ele></trkpt>
      <trkpt lat="44.733970" lon="6.553140"><ele>1431.8</ele></trkpt>
      <trkpt lat="44.733788" lon="6.553275"><ele>1434.2</ele></trkpt>
      <trkpt lat="44.733437" lon="6.553592"><ele>1435.0</ele></trkpt>
      <trkpt lat="44.733362" lon="6.553649"><ele>1435.2</ele></trkpt>
      <trkpt lat="44.733303" lon="6.553683"><ele>1435.2</ele></trkpt>
      <trkpt lat="44.733249" lon="6.553697"><ele>1435.5</ele></trkpt>
      <trkpt lat="44.732847" lon="6.553700"><ele>1440.5</ele></trkpt>
      <trkpt lat="44.732665" lon="6.553732"><ele>1441.8</ele></trkpt>
      <trkpt lat="44.732566" lon="6.553779"><ele>1442.2</ele></trkpt>
      <trkpt lat="44.732503" lon="6.553822"><ele>1442.5</ele></trkpt>
      <trkpt lat="44.731946" lon="6.554374"><ele>1447.8</ele></trkpt>
      <trkpt lat="44.731625" lon="6.554624"><ele>1451.8</ele></trkpt>
      <trkpt lat="44.731499" lon="6.554709"><ele>1452.5</ele></trkpt>
      <trkpt lat="44.731169" lon="6.554901"><ele>1453.0</ele></trkpt>
      <trkpt lat="44.731087" lon="6.554942"><ele>1453.5</ele></trkpt>
      <trkpt lat="44.731036" lon="6.554942"><ele>1454.2</ele></trkpt>
      <trkpt lat="44.730970" lon="6.555029"><ele>1454.8</ele></trkpt>
      <trkpt lat="44.730518" lon="6.555503"><ele>1458.5</ele></trkpt>
      <trkpt lat="44.730379" lon="6.555667"><ele>1459.0</ele></trkpt>
      <trkpt lat="44.730313" lon="6.555765"><ele>1459.0</ele></trkpt>
      <trkpt lat="44.730157" lon="6.556014"><ele>1457.8</ele></trkpt>
      <trkpt lat="44.729982" lon="6.556154"><ele>1457.8</ele></trkpt>
      <trkpt lat="44.729942" lon="6.556199"><ele>1457.8</ele></trkpt>
      <trkpt lat="44.729525" lon="6.556619"><ele>1454.0</ele></trkpt>
      <trkpt lat="44.729132" lon="6.556901"><ele>1453.0</ele></trkpt>
      <trkpt lat="44.729036" lon="6.556981"><ele>1453.0</ele></trkpt>
      <trkpt lat="44.728822" lon="6.557097"><ele>1455.2</ele></trkpt>
      <trkpt lat="44.728448" lon="6.557344"><ele>1461.0</ele></trkpt>
      <trkpt lat="44.728372" lon="6.557414"><ele>1461.8</ele></trkpt>
      <trkpt lat="44.728286" lon="6.557526"><ele>1461.8</ele></trkpt>
      <trkpt lat="44.728191" lon="6.557634"><ele>1462.0</ele></trkpt>
      <trkpt lat="44.727983" lon="6.557792"><ele>1464.2</ele></trkpt>
      <trkpt lat="44.727896" lon="6.557886"><ele>1464.5</ele></trkpt>
      <trkpt lat="44.727665" lon="6.558192"><ele>1463.2</ele></trkpt>
      <trkpt lat="44.727572" lon="6.558275"><ele>1463.5</ele></trkpt>
      <trkpt lat="44.727490" lon="6.558318"><ele>1464.5</ele></trkpt>
      <trkpt lat="44.727398" lon="6.558323"><ele>1466.0</ele></trkpt>
      <trkpt lat="44.727212" lon="6.558280"><ele>1470.2</ele></trkpt>
      <trkpt lat="44.727134" lon="6.558285"><ele>1471.2</ele></trkpt>
      <trkpt lat="44.726932" lon="6.558369"><ele>1472.2</ele></trkpt>
      <trkpt lat="44.726829" lon="6.558379"><ele>1473.5</ele></trkpt>
      <trkpt lat="44.726714" lon="6.558374"><ele>1475.2</ele></trkpt>
      <trkpt lat="44.726644" lon="6.558355"><ele>1476.8</ele></trkpt>
      <trkpt lat="44.726583" lon="6.558362"><ele>1477.2</ele></trkpt>
      <trkpt lat="44.726493" lon="6.558399"><ele>1477.8</ele></trkpt>
      <trkpt lat="44.726244" lon="6.558475"><ele>1478.8</ele></trkpt>
      <trkpt lat="44.726158" lon="6.558482"><ele>1479.5</ele></trkpt>
      <trkpt lat="44.726127" lon="6.558460"><ele>1480.5</ele></trkpt>
      <trkpt lat="44.726110" lon="6.558417"><ele>1481.8</ele></trkpt>
      <trkpt lat="44.726115" lon="6.558370"><ele>1483.0</ele></trkpt>
      <trkpt lat="44.726143" lon="6.558312"><ele>1484.0</ele></trkpt>
      <trkpt lat="44.726343" lon="6.558186"><ele>1484.8</ele></trkpt>
      <trkpt lat="44.726493" lon="6.558044"><ele>1485.8</ele></trkpt>
      <trkpt lat="44.726848" lon="6.557624"><ele>1491.2</ele></trkpt>
      <trkpt lat="44.726864" lon="6.557573"><ele>1492.5</ele></trkpt>
      <trkpt lat="44.726857" lon="6.557524"><ele>1493.8</ele></trkpt>
      <trkpt lat="44.726828" lon="6.557489"><ele>1495.2</ele></trkpt>
      <trkpt lat="44.726781" lon="6.557479"><ele>1496.2</ele></trkpt>
      <trkpt lat="44.726721" lon="6.557518"><ele>1496.5</ele></trkpt>
      <trkpt lat="44.726629" lon="6.557601"><ele>1495.5</ele></trkpt>
      <trkpt lat="44.726536" lon="6.557667"><ele>1495.2</ele></trkpt>
      <trkpt lat="44.726496" lon="6.557686"><ele>1495.8</ele></trkpt>
      <trkpt lat="44.726536" lon="6.557667"><ele>1495.2</ele></trkpt>
      <trkpt lat="44.726629" lon="6.557601"><ele>1495.5</ele></trkpt>
      <trkpt lat="44.726721" lon="6.557518"><ele>1496.5</ele></trkpt>
      <trkpt lat="44.726781" lon="6.557479"><ele>1496.2</ele></trkpt>
      <trkpt lat="44.726828" lon="6.557489"><ele>1495.2</ele></trkpt>
      <trkpt lat="44.726857" lon="6.557524"><ele>1493.8</ele></trkpt>
      <trkpt lat="44.726864" lon="6.557573"><ele>1492.5</ele></trkpt>
      <trkpt lat="44.726848" lon="6.557624"><ele>1491.2</ele></trkpt>
      <trkpt lat="44.726493" lon="6.558044"><ele>1485.8</ele></trkpt>
      <trkpt lat="44.726343" lon="6.558186"><ele>1484.8</ele></trkpt>
      <trkpt lat="44.726143" lon="6.558312"><ele>1484.0</ele></trkpt>
      <trkpt lat="44.726115" lon="6.558370"><ele>1483.0</ele></trkpt>
      <trkpt lat="44.726110" lon="6.558417"><ele>1481.8</ele></trkpt>
      <trkpt lat="44.726127" lon="6.558460"><ele>1480.5</ele></trkpt>
      <trkpt lat="44.726158" lon="6.558482"><ele>1479.5</ele></trkpt>
      <trkpt lat="44.726244" lon="6.558475"><ele>1478.8</ele></trkpt>
      <trkpt lat="44.726493" lon="6.558399"><ele>1477.8</ele></trkpt>
      <trkpt lat="44.726583" lon="6.558362"><ele>1477.2</ele></trkpt>
      <trkpt lat="44.726644" lon="6.558355"><ele>1476.8</ele></trkpt>
      <trkpt lat="44.726714" lon="6.558374"><ele>1475.2</ele></trkpt>
      <trkpt lat="44.726829" lon="6.558379"><ele>1473.5</ele></trkpt>
      <trkpt lat="44.726932" lon="6.558369"><ele>1472.2</ele></trkpt>
      <trkpt lat="44.727134" lon="6.558285"><ele>1471.2</ele></trkpt>
      <trkpt lat="44.727212" lon="6.558280"><ele>1470.2</ele></trkpt>
      <trkpt lat="44.727398" lon="6.558323"><ele>1466.0</ele></trkpt>
      <trkpt lat="44.727490" lon="6.558318"><ele>1464.5</ele></trkpt>
      <trkpt lat="44.727572" lon="6.558275"><ele>1463.5</ele></trkpt>
      <trkpt lat="44.727665" lon="6.558192"><ele>1463.2</ele></trkpt>
      <trkpt lat="44.727896" lon="6.557886"><ele>1464.5</ele></trkpt>
      <trkpt lat="44.727983" lon="6.557792"><ele>1464.2</ele></trkpt>
      <trkpt lat="44.728191" lon="6.557634"><ele>1462.0</ele></trkpt>
      <trkpt lat="44.728286" lon="6.557526"><ele>1461.8</ele></trkpt>
      <trkpt lat="44.728372" lon="6.557414"><ele>1461.8</ele></trkpt>
      <trkpt lat="44.728448" lon="6.557344"><ele>1461.0</ele></trkpt>
      <trkpt lat="44.728822" lon="6.557097"><ele>1455.2</ele></trkpt>
      <trkpt lat="44.729036" lon="6.556981"><ele>1453.0</ele></trkpt>
      <trkpt lat="44.729132" lon="6.556901"><ele>1453.0</ele></trkpt>
      <trkpt lat="44.729525" lon="6.556619"><ele>1454.0</ele></trkpt>
      <trkpt lat="44.729942" lon="6.556199"><ele>1457.8</ele></trkpt>
      <trkpt lat="44.729982" lon="6.556154"><ele>1457.8</ele></trkpt>
      <trkpt lat="44.730157" lon="6.556014"><ele>1457.8</ele></trkpt>
      <trkpt lat="44.730313" lon="6.555765"><ele>1459.0</ele></trkpt>
      <trkpt lat="44.730379" lon="6.555667"><ele>1459.0</ele></trkpt>
      <trkpt lat="44.730518" lon="6.555503"><ele>1458.5</ele></trkpt>
      <trkpt lat="44.730970" lon="6.555029"><ele>1454.8</ele></trkpt>
      <trkpt lat="44.731036" lon="6.554942"><ele>1454.2</ele></trkpt>
      <trkpt lat="44.731087" lon="6.554942"><ele>1453.5</ele></trkpt>
      <trkpt lat="44.731169" lon="6.554901"><ele>1453.0</ele></trkpt>
      <trkpt lat="44.731499" lon="6.554709"><ele>1452.5</ele></trkpt>
      <trkpt lat="44.731625" lon="6.554624"><ele>1451.8</ele></trkpt>
      <trkpt lat="44.731946" lon="6.554374"><ele>1447.8</ele></trkpt>
      <trkpt lat="44.732503" lon="6.553822"><ele>1442.5</ele></trkpt>
      <trkpt lat="44.732566" lon="6.553779"><ele>1442.2</ele></trkpt>
      <trkpt lat="44.732665" lon="6.553732"><ele>1441.8</ele></trkpt>
      <trkpt lat="44.732847" lon="6.553700"><ele>1440.5</ele></trkpt>
      <trkpt lat="44.733249" lon="6.553697"><ele>1435.5</ele></trkpt>
      <trkpt lat="44.733303" lon="6.553683"><ele>1435.2</ele></trkpt>
      <trkpt lat="44.733362" lon="6.553649"><ele>1435.2</ele></trkpt>
      <trkpt lat="44.733437" lon="6.553592"><ele>1435.0</ele></trkpt>
      <trkpt lat="44.733788" lon="6.553275"><ele>1434.2</ele></trkpt>
      <trkpt lat="44.733970" lon="6.553140"><ele>1431.8</ele></trkpt>
      <trkpt lat="44.734076" lon="6.553069"><ele>1430.5</ele></trkpt>
      <trkpt lat="44.734217" lon="6.552999"><ele>1429.0</ele></trkpt>
      <trkpt lat="44.734582" lon="6.552856"><ele>1425.8</ele></trkpt>
      <trkpt lat="44.734701" lon="6.552786"><ele>1425.0</ele></trkpt>
      <trkpt lat="44.734851" lon="6.552686"><ele>1424.5</ele></trkpt>
      <trkpt lat="44.735526" lon="6.552183"><ele>1420.5</ele></trkpt>
      <trkpt lat="44.735621" lon="6.552084"><ele>1420.2</ele></trkpt>
      <trkpt lat="44.735679" lon="6.552007"><ele>1420.5</ele></trkpt>
      <trkpt lat="44.735797" lon="6.551793"><ele>1422.0</ele></trkpt>
      <trkpt lat="44.735880" lon="6.551676"><ele>1422.8</ele></trkpt>
      <trkpt lat="44.735926" lon="6.551634"><ele>1422.5</ele></trkpt>
      <trkpt lat="44.735995" lon="6.551600"><ele>1421.8</ele></trkpt>
      <trkpt lat="44.736055" lon="6.551585"><ele>1420.8</ele></trkpt>
      <trkpt lat="44.736134" lon="6.551587"><ele>1419.2</ele></trkpt>
      <trkpt lat="44.736203" lon="6.551615"><ele>1417.8</ele></trkpt>
      <trkpt lat="44.736270" lon="6.551666"><ele>1415.5</ele></trkpt>
      <trkpt lat="44.736449" lon="6.551831"><ele>1412.2</ele></trkpt>
      <trkpt lat="44.736797" lon="6.552068"><ele>1412.0</ele></trkpt>
      <trkpt lat="44.736868" lon="6.552141"><ele>1412.0</ele></trkpt>
      <trkpt lat="44.736915" lon="6.552219"><ele>1411.5</ele></trkpt>
      <trkpt lat="44.736962" lon="6.552326"><ele>1410.5</ele></trkpt>
      <trkpt lat="44.737069" lon="6.552703"><ele>1406.0</ele></trkpt>
      <trkpt lat="44.737110" lon="6.552792"><ele>1404.8</ele></trkpt>
      <trkpt lat="44.737150" lon="6.552853"><ele>1403.8</ele></trkpt>
      <trkpt lat="44.737205" lon="6.552892"><ele>1403.0</ele></trkpt>
      <trkpt lat="44.737272" lon="6.552924"><ele>1401.8</ele></trkpt>
      <trkpt lat="44.737326" lon="6.552941"><ele>1400.5</ele></trkpt>
      <trkpt lat="44.737400" lon="6.552941"><ele>1399.8</ele></trkpt>
      <trkpt lat="44.737568" lon="6.552894"><ele>1398.5</ele></trkpt>
      <trkpt lat="44.737673" lon="6.552847"><ele>1397.2</ele></trkpt>
      <trkpt lat="44.737768" lon="6.552763"><ele>1397.5</ele></trkpt>
      <trkpt lat="44.737849" lon="6.552670"><ele>1396.5</ele></trkpt>
      <trkpt lat="44.737955" lon="6.552520"><ele>1395.5</ele></trkpt>
      <trkpt lat="44.738020" lon="6.552408"><ele>1395.0</ele></trkpt>
      <trkpt lat="44.738095" lon="6.552234"><ele>1394.8</ele></trkpt>
      <trkpt lat="44.738123" lon="6.552200"><ele>1393.8</ele></trkpt>
      <trkpt lat="44.738155" lon="6.552194"><ele>1392.2</ele></trkpt>
      <trkpt lat="44.738187" lon="6.552207"><ele>1390.5</ele></trkpt>
      <trkpt lat="44.738208" lon="6.552240"><ele>1388.8</ele></trkpt>
      <trkpt lat="44.738218" lon="6.552332"><ele>1386.8</ele></trkpt>
      <trkpt lat="44.738212" lon="6.552401"><ele>1385.8</ele></trkpt>
      <trkpt lat="44.738187" lon="6.552495"><ele>1385.2</ele></trkpt>
      <trkpt lat="44.738100" lon="6.552696"><ele>1385.5</ele></trkpt>
      <trkpt lat="44.737910" lon="6.552996"><ele>1385.2</ele></trkpt>
      <trkpt lat="44.737834" lon="6.553091"><ele>1384.8</ele></trkpt>
      <trkpt lat="44.737747" lon="6.553162"><ele>1384.2</ele></trkpt>
      <trkpt lat="44.737343" lon="6.553447"><ele>1379.2</ele></trkpt>
      <trkpt lat="44.737232" lon="6.553491"><ele>1379.0</ele></trkpt>
      <trkpt lat="44.736748" lon="6.553647"><ele>1376.5</ele></trkpt>
      <trkpt lat="44.736574" lon="6.553743"><ele>1375.2</ele></trkpt>
      <trkpt lat="44.736449" lon="6.553837"><ele>1373.8</ele></trkpt>
      <trkpt lat="44.736355" lon="6.553896"><ele>1372.8</ele></trkpt>
      <trkpt lat="44.736144" lon="6.553958"><ele>1372.5</ele></trkpt>
      <trkpt lat="44.735980" lon="6.553966"><ele>1374.2</ele></trkpt>
      <trkpt lat="44.735922" lon="6.553987"><ele>1374.5</ele></trkpt>
      <trkpt lat="44.735872" lon="6.554024"><ele>1374.5</ele></trkpt>
      <trkpt lat="44.735839" lon="6.554072"><ele>1373.8</ele></trkpt>
      <trkpt lat="44.735816" lon="6.554176"><ele>1372.0</ele></trkpt>
      <trkpt lat="44.735801" lon="6.554306"><ele>1369.8</ele></trkpt>
      <trkpt lat="44.735798" lon="6.554465"><ele>1366.2</ele></trkpt>
      <trkpt lat="44.735782" lon="6.554538"><ele>1365.2</ele></trkpt>
      <trkpt lat="44.735699" lon="6.554733"><ele>1363.5</ele></trkpt>
      <trkpt lat="44.735690" lon="6.554810"><ele>1362.0</ele></trkpt>
      <trkpt lat="44.735701" lon="6.554883"><ele>1360.0</ele></trkpt>
      <trkpt lat="44.735713" lon="6.554921"><ele>1358.8</ele></trkpt>
      <trkpt lat="44.735746" lon="6.554949"><ele>1357.0</ele></trkpt>
      <trkpt lat="44.735782" lon="6.554957"><ele>1355.5</ele></trkpt>
      <trkpt lat="44.735820" lon="6.554951"><ele>1354.5</ele></trkpt>
      <trkpt lat="44.735849" lon="6.554929"><ele>1354.2</ele></trkpt>
      <trkpt lat="44.735889" lon="6.554884"><ele>1354.2</ele></trkpt>
      <trkpt lat="44.735997" lon="6.554697"><ele>1355.8</ele></trkpt>
      <trkpt lat="44.736038" lon="6.554649"><ele>1355.8</ele></trkpt>
      <trkpt lat="44.736087" lon="6.554609"><ele>1355.5</ele></trkpt>
      <trkpt lat="44.736170" lon="6.554562"><ele>1354.8</ele></trkpt>
      <trkpt lat="44.736347" lon="6.554503"><ele>1353.0</ele></trkpt>
      <trkpt lat="44.736691" lon="6.554249"><ele>1354.0</ele></trkpt>
      <trkpt lat="44.736932" lon="6.554190"><ele>1352.2</ele></trkpt>
      <trkpt lat="44.737061" lon="6.554191"><ele>1350.2</ele></trkpt>
      <trkpt lat="44.737200" lon="6.554214"><ele>1347.5</ele></trkpt>
      <trkpt lat="44.737436" lon="6.554300"><ele>1342.5</ele></trkpt>
      <trkpt lat="44.737629" lon="6.554383"><ele>1339.0</ele></trkpt>
      <trkpt lat="44.737701" lon="6.554396"><ele>1338.5</ele></trkpt>
      <trkpt lat="44.737840" lon="6.554395"><ele>1338.2</ele></trkpt>
      <trkpt lat="44.737865" lon="6.554404"><ele>1337.8</ele></trkpt>
      <trkpt lat="44.737883" lon="6.554428"><ele>1337.0</ele></trkpt>
      <trkpt lat="44.737889" lon="6.554455"><ele>1336.2</ele></trkpt>
      <trkpt lat="44.737888" lon="6.554489"><ele>1335.2</ele></trkpt>
      <trkpt lat="44.737876" lon="6.554518"><ele>1334.5</ele></trkpt>
      <trkpt lat="44.737853" lon="6.554546"><ele>1333.8</ele></trkpt>
      <trkpt lat="44.737825" lon="6.554566"><ele>1333.2</ele></trkpt>
      <trkpt lat="44.737776" lon="6.554577"><ele>1333.0</ele></trkpt>
      <trkpt lat="44.737718" lon="6.554572"><ele>1333.0</ele></trkpt>
      <trkpt lat="44.737382" lon="6.554456"><ele>1337.2</ele></trkpt>
      <trkpt lat="44.737324" lon="6.554448"><ele>1338.0</ele></trkpt>
      <trkpt lat="44.737273" lon="6.554456"><ele>1338.0</ele></trkpt>
      <trkpt lat="44.737227" lon="6.554478"><ele>1337.8</ele></trkpt>
      <trkpt lat="44.737175" lon="6.554526"><ele>1336.5</ele></trkpt>
      <trkpt lat="44.736758" lon="6.555049"><ele>1327.5</ele></trkpt>
      <trkpt lat="44.735765" lon="6.556223"><ele>1314.2</ele></trkpt>
      <trkpt lat="44.735578" lon="6.556377"><ele>1312.8</ele></trkpt>
      <trkpt lat="44.735455" lon="6.556443"><ele>1312.8</ele></trkpt>
      <trkpt lat="44.735268" lon="6.556511"><ele>1314.0</ele></trkpt>
      <trkpt lat="44.735197" lon="6.556547"><ele>1314.2</ele></trkpt>
      <trkpt lat="44.735149" lon="6.556592"><ele>1314.0</ele></trkpt>
      <trkpt lat="44.735121" lon="6.556652"><ele>1312.8</ele></trkpt>
      <trkpt lat="44.735110" lon="6.556744"><ele>1310.8</ele></trkpt>
      <trkpt lat="44.735113" lon="6.556801"><ele>1309.2</ele></trkpt>
      <trkpt lat="44.735135" lon="6.556836"><ele>1308.0</ele></trkpt>
      <trkpt lat="44.735165" lon="6.556845"><ele>1307.0</ele></trkpt>
      <trkpt lat="44.735197" lon="6.556834"><ele>1306.5</ele></trkpt>
      <trkpt lat="44.735239" lon="6.556738"><ele>1308.0</ele></trkpt>
      <trkpt lat="44.735272" lon="6.556689"><ele>1308.5</ele></trkpt>
      <trkpt lat="44.735320" lon="6.556661"><ele>1308.2</ele></trkpt>
      <trkpt lat="44.735594" lon="6.556627"><ele>1303.5</ele></trkpt>
      <trkpt lat="44.735724" lon="6.556631"><ele>1301.0</ele></trkpt>
      <trkpt lat="44.735822" lon="6.556615"><ele>1299.8</ele></trkpt>
      <trkpt lat="44.735931" lon="6.556570"><ele>1299.0</ele></trkpt>
      <trkpt lat="44.736286" lon="6.556400"><ele>1296.2</ele></trkpt>
      <trkpt lat="44.736404" lon="6.556303"><ele>1296.2</ele></trkpt>
      <trkpt lat="44.736559" lon="6.556160"><ele>1297.5</ele></trkpt>
      <trkpt lat="44.736633" lon="6.556101"><ele>1298.0</ele></trkpt>
      <trkpt lat="44.736728" lon="6.556043"><ele>1298.0</ele></trkpt>
      <trkpt lat="44.736988" lon="6.555943"><ele>1296.2</ele></trkpt>
      <trkpt lat="44.737360" lon="6.555893"><ele>1294.0</ele></trkpt>
      <trkpt lat="44.737458" lon="6.555900"><ele>1293.5</ele></trkpt>
      <trkpt lat="44.737535" lon="6.555933"><ele>1293.2</ele></trkpt>
      <trkpt lat="44.737649" lon="6.556044"><ele>1291.8</ele></trkpt>
      <trkpt lat="44.737810" lon="6.556321"><ele>1285.0</ele></trkpt>
      <trkpt lat="44.737830" lon="6.556373"><ele>1283.5</ele></trkpt>
      <trkpt lat="44.737837" lon="6.556427"><ele>1282.0</ele></trkpt>
      <trkpt lat="44.737832" lon="6.556473"><ele>1280.8</ele></trkpt>
      <trkpt lat="44.737816" lon="6.556498"><ele>1280.0</ele></trkpt>
      <trkpt lat="44.737794" lon="6.556517"><ele>1279.2</ele></trkpt>
      <trkpt lat="44.737756" lon="6.556525"><ele>1279.0</ele></trkpt>
      <trkpt lat="44.737571" lon="6.556488"><ele>1279.2</ele></trkpt>
      <trkpt lat="44.737476" lon="6.556504"><ele>1278.5</ele></trkpt>
      <trkpt lat="44.737043" lon="6.556668"><ele>1274.5</ele></trkpt>
      <trkpt lat="44.736957" lon="6.556711"><ele>1273.8</ele></trkpt>
      <trkpt lat="44.736880" lon="6.556783"><ele>1273.0</ele></trkpt>
      <trkpt lat="44.736748" lon="6.556974"><ele>1270.0</ele></trkpt>
      <trkpt lat="44.736718" lon="6.557030"><ele>1269.2</ele></trkpt>
      <trkpt lat="44.736710" lon="6.557080"><ele>1268.2</ele></trkpt>
      <trkpt lat="44.736715" lon="6.557125"><ele>1267.2</ele></trkpt>
      <trkpt lat="44.736740" lon="6.557158"><ele>1266.2</ele></trkpt>
      <trkpt lat="44.736768" lon="6.557168"><ele>1265.5</ele></trkpt>
      <trkpt lat="44.736862" lon="6.557142"><ele>1264.8</ele></trkpt>
      <trkpt lat="44.737074" lon="6.557102"><ele>1263.5</ele></trkpt>
      <trkpt lat="44.737357" lon="6.557074"><ele>1262.8</ele></trkpt>
      <trkpt lat="44.737472" lon="6.557077"><ele>1262.5</ele></trkpt>
      <trkpt lat="44.737609" lon="6.557106"><ele>1262.5</ele></trkpt>
      <trkpt lat="44.737632" lon="6.557142"><ele>1261.8</ele></trkpt>
      <trkpt lat="44.737631" lon="6.557183"><ele>1260.8</ele></trkpt>
      <trkpt lat="44.737623" lon="6.557216"><ele>1260.0</ele></trkpt>
      <trkpt lat="44.737601" lon="6.557243"><ele>1259.2</ele></trkpt>
      <trkpt lat="44.737559" lon="6.557263"><ele>1258.5</ele></trkpt>
      <trkpt lat="44.737439" lon="6.557286"><ele>1257.8</ele></trkpt>
      <trkpt lat="44.737279" lon="6.557376"><ele>1256.0</ele></trkpt>
      <trkpt lat="44.737180" lon="6.557451"><ele>1254.5</ele></trkpt>
      <trkpt lat="44.737037" lon="6.557650"><ele>1252.2</ele></trkpt>
      <trkpt lat="44.736945" lon="6.557729"><ele>1251.8</ele></trkpt>
      <trkpt lat="44.736733" lon="6.557844"><ele>1254.0</ele></trkpt>
      <trkpt lat="44.736667" lon="6.557901"><ele>1254.5</ele></trkpt>
      <trkpt lat="44.736602" lon="6.557997"><ele>1255.0</ele></trkpt>
      <trkpt lat="44.736551" lon="6.558118"><ele>1254.8</ele></trkpt>
      <trkpt lat="44.736534" lon="6.558256"><ele>1253.5</ele></trkpt>
      <trkpt lat="44.736525" lon="6.558425"><ele>1252.0</ele></trkpt>
      <trkpt lat="44.736504" lon="6.558519"><ele>1251.5</ele></trkpt>
      <trkpt lat="44.736422" lon="6.558695"><ele>1251.2</ele></trkpt>
      <trkpt lat="44.736400" lon="6.558759"><ele>1251.0</ele></trkpt>
      <trkpt lat="44.736402" lon="6.558808"><ele>1250.5</ele></trkpt>
      <trkpt lat="44.736415" lon="6.558845"><ele>1249.8</ele></trkpt>
      <trkpt lat="44.736435" lon="6.558871"><ele>1249.2</ele></trkpt>
      <trkpt lat="44.736464" lon="6.558892"><ele>1248.5</ele></trkpt>
      <trkpt lat="44.736556" lon="6.558886"><ele>1247.0</ele></trkpt>
      <trkpt lat="44.736819" lon="6.558873"><ele>1241.8</ele></trkpt>
      <trkpt lat="44.736859" lon="6.558863"><ele>1241.0</ele></trkpt>
      <trkpt lat="44.736902" lon="6.558845"><ele>1240.2</ele></trkpt>
      <trkpt lat="44.736932" lon="6.558814"><ele>1240.0</ele></trkpt>
      <trkpt lat="44.736947" lon="6.558794"><ele>1239.8</ele></trkpt>
      <trkpt lat="44.737022" lon="6.558679"><ele>1239.8</ele></trkpt>
      <trkpt lat="44.737058" lon="6.558617"><ele>1239.8</ele></trkpt>
      <trkpt lat="44.737110" lon="6.558469"><ele>1240.0</ele></trkpt>
      <trkpt lat="44.737142" lon="6.558358"><ele>1240.2</ele></trkpt>
      <trkpt lat="44.737194" lon="6.558249"><ele>1240.5</ele></trkpt>
      <trkpt lat="44.737240" lon="6.558182"><ele>1240.8</ele></trkpt>
      <trkpt lat="44.737387" lon="6.558086"><ele>1241.0</ele></trkpt>
      <trkpt lat="44.737457" lon="6.558076"><ele>1240.8</ele></trkpt>
      <trkpt lat="44.737532" lon="6.558094"><ele>1240.0</ele></trkpt>
      <trkpt lat="44.737597" lon="6.558148"><ele>1238.5</ele></trkpt>
      <trkpt lat="44.737824" lon="6.558376"><ele>1233.2</ele></trkpt>
      <trkpt lat="44.738050" lon="6.558651"><ele>1230.0</ele></trkpt>
      <trkpt lat="44.738118" lon="6.558749"><ele>1228.8</ele></trkpt>
      <trkpt lat="44.738217" lon="6.558834"><ele>1228.0</ele></trkpt>
      <trkpt lat="44.738423" lon="6.558912"><ele>1227.2</ele></trkpt>
      <trkpt lat="44.738468" lon="6.558939"><ele>1226.8</ele></trkpt>
      <trkpt lat="44.738511" lon="6.559013"><ele>1226.0</ele></trkpt>
      <trkpt lat="44.738548" lon="6.559098"><ele>1224.8</ele></trkpt>
      <trkpt lat="44.738575" lon="6.559180"><ele>1223.8</ele></trkpt>
      <trkpt lat="44.738587" lon="6.559271"><ele>1222.8</ele></trkpt>
      <trkpt lat="44.738577" lon="6.559354"><ele>1222.0</ele></trkpt>
      <trkpt lat="44.738556" lon="6.559439"><ele>1221.2</ele></trkpt>
      <trkpt lat="44.738503" lon="6.559518"><ele>1220.0</ele></trkpt>
      <trkpt lat="44.738446" lon="6.559570"><ele>1219.5</ele></trkpt>
      <trkpt lat="44.738307" lon="6.559625"><ele>1219.0</ele></trkpt>
      <trkpt lat="44.738236" lon="6.559631"><ele>1218.2</ele></trkpt>
      <trkpt lat="44.738159" lon="6.559624"><ele>1217.8</ele></trkpt>
      <trkpt lat="44.738027" lon="6.559566"><ele>1217.2</ele></trkpt>
      <trkpt lat="44.737957" lon="6.559550"><ele>1216.8</ele></trkpt>
      <trkpt lat="44.737903" lon="6.559549"><ele>1216.2</ele></trkpt>
      <trkpt lat="44.737864" lon="6.559556"><ele>1216.0</ele></trkpt>
      <trkpt lat="44.737819" lon="6.559581"><ele>1215.2</ele></trkpt>
      <trkpt lat="44.737779" lon="6.559620"><ele>1214.5</ele></trkpt>
      <trkpt lat="44.737691" lon="6.559730"><ele>1214.2</ele></trkpt>
      <trkpt lat="44.737551" lon="6.559974"><ele>1213.0</ele></trkpt>
      <trkpt lat="44.737483" lon="6.560118"><ele>1212.2</ele></trkpt>
      <trkpt lat="44.737426" lon="6.560285"><ele>1212.2</ele></trkpt>
      <trkpt lat="44.737311" lon="6.560735"><ele>1210.5</ele></trkpt>
      <trkpt lat="44.737192" lon="6.561180"><ele>1206.8</ele></trkpt>
      <trkpt lat="44.737145" lon="6.561300"><ele>1205.0</ele></trkpt>
      <trkpt lat="44.737097" lon="6.561399"><ele>1203.5</ele></trkpt>
      <trkpt lat="44.737024" lon="6.561484"><ele>1202.5</ele></trkpt>
      <trkpt lat="44.736942" lon="6.561534"><ele>1202.2</ele></trkpt>
      <trkpt lat="44.736869" lon="6.561562"><ele>1201.2</ele></trkpt>
      <trkpt lat="44.736792" lon="6.561568"><ele>1200.8</ele></trkpt>
      <trkpt lat="44.736631" lon="6.561529"><ele>1201.0</ele></trkpt>
      <trkpt lat="44.736253" lon="6.561374"><ele>1202.5</ele></trkpt>
      <trkpt lat="44.736151" lon="6.561353"><ele>1202.5</ele></trkpt>
      <trkpt lat="44.736005" lon="6.561358"><ele>1202.2</ele></trkpt>
      <trkpt lat="44.735912" lon="6.561398"><ele>1201.2</ele></trkpt>
      <trkpt lat="44.735775" lon="6.561521"><ele>1197.8</ele></trkpt>
      <trkpt lat="44.735707" lon="6.561571"><ele>1196.2</ele></trkpt>
      <trkpt lat="44.735631" lon="6.561604"><ele>1195.5</ele></trkpt>
      <trkpt lat="44.735497" lon="6.561627"><ele>1195.0</ele></trkpt>
      <trkpt lat="44.735379" lon="6.561632"><ele>1194.8</ele></trkpt>
      <trkpt lat="44.735290" lon="6.561649"><ele>1194.5</ele></trkpt>
      <trkpt lat="44.735212" lon="6.561703"><ele>1193.2</ele></trkpt>
      <trkpt lat="44.735028" lon="6.561902"><ele>1190.5</ele></trkpt>
      <trkpt lat="44.734907" lon="6.562089"><ele>1188.5</ele></trkpt>
      <trkpt lat="44.734853" lon="6.562244"><ele>1186.5</ele></trkpt>
      <trkpt lat="44.734651" lon="6.562652"><ele>1182.2</ele></trkpt>
      <trkpt lat="44.734105" lon="6.563680"><ele>1178.5</ele></trkpt>
      <trkpt lat="44.733887" lon="6.564110"><ele>1179.5</ele></trkpt>
      <trkpt lat="44.733324" lon="6.564940"><ele>1183.2</ele></trkpt>
      <trkpt lat="44.733113" lon="6.565203"><ele>1181.5</ele></trkpt>
      <trkpt lat="44.732913" lon="6.565439"><ele>1179.8</ele></trkpt>
      <trkpt lat="44.732717" lon="6.565628"><ele>1178.2</ele></trkpt>
      <trkpt lat="44.732365" lon="6.565881"><ele>1175.8</ele></trkpt>
      <trkpt lat="44.732314" lon="6.565919"><ele>1175.5</ele></trkpt>
      <trkpt lat="44.732274" lon="6.565961"><ele>1175.0</ele></trkpt>
      <trkpt lat="44.732253" lon="6.565983"><ele>1174.8</ele></trkpt>
      <trkpt lat="44.732180" lon="6.566058"><ele>1173.8</ele></trkpt>
      <trkpt lat="44.732052" lon="6.566564"><ele>1167.8</ele></trkpt>
      <trkpt lat="44.731992" lon="6.566726"><ele>1166.2</ele></trkpt>
      <trkpt lat="44.731958" lon="6.566777"><ele>1165.8</ele></trkpt>
      <trkpt lat="44.731890" lon="6.566830"><ele>1165.0</ele></trkpt>
      <trkpt lat="44.731811" lon="6.566874"><ele>1164.5</ele></trkpt>
      <trkpt lat="44.731398" lon="6.567047"><ele>1163.2</ele></trkpt>
      <trkpt lat="44.731121" lon="6.567181"><ele>1163.0</ele></trkpt>
      <trkpt lat="44.730867" lon="6.567383"><ele>1161.2</ele></trkpt>
      <trkpt lat="44.730796" lon="6.567446"><ele>1160.5</ele></trkpt>
      <trkpt lat="44.730630" lon="6.567594"><ele>1159.2</ele></trkpt>
      <trkpt lat="44.730544" lon="6.567724"><ele>1157.8</ele></trkpt>
      <trkpt lat="44.730471" lon="6.567841"><ele>1156.5</ele></trkpt>
      <trkpt lat="44.730381" lon="6.568048"><ele>1154.5</ele></trkpt>
      <trkpt lat="44.730305" lon="6.568235"><ele>1153.5</ele></trkpt>
      <trkpt lat="44.730264" lon="6.568375"><ele>1152.8</ele></trkpt>
      <trkpt lat="44.730246" lon="6.568540"><ele>1151.5</ele></trkpt>
      <trkpt lat="44.730138" lon="6.568618"><ele>1151.8</ele></trkpt>
      <trkpt lat="44.730060" lon="6.568690"><ele>1152.0</ele></trkpt>
      <trkpt lat="44.730031" lon="6.568712"><ele>1152.0</ele></trkpt>
      <trkpt lat="44.729892" lon="6.568818"><ele>1151.8</ele></trkpt>
      <trkpt lat="44.729747" lon="6.568937"><ele>1151.0</ele></trkpt>
      <trkpt lat="44.729673" lon="6.568999"><ele>1150.5</ele></trkpt>
      <trkpt lat="44.729592" lon="6.569052"><ele>1150.2</ele></trkpt>
      <trkpt lat="44.729475" lon="6.569109"><ele>1150.2</ele></trkpt>
      <trkpt lat="44.728993" lon="6.569279"><ele>1151.2</ele></trkpt>
      <trkpt lat="44.728930" lon="6.569317"><ele>1151.0</ele></trkpt>
      <trkpt lat="44.728770" lon="6.569407"><ele>1151.0</ele></trkpt>
      <trkpt lat="44.728699" lon="6.569438"><ele>1151.2</ele></trkpt>
      <trkpt lat="44.728514" lon="6.569473"><ele>1152.2</ele></trkpt>
      <trkpt lat="44.728388" lon="6.569495"><ele>1153.0</ele></trkpt>
      <trkpt lat="44.728326" lon="6.569496"><ele>1153.5</ele></trkpt>
      <trkpt lat="44.728271" lon="6.569513"><ele>1154.0</ele></trkpt>
      <trkpt lat="44.728225" lon="6.569540"><ele>1154.2</ele></trkpt>
      <trkpt lat="44.728134" lon="6.569613"><ele>1154.8</ele></trkpt>
      <trkpt lat="44.727860" lon="6.569813"><ele>1156.8</ele></trkpt>
      <trkpt lat="44.727661" lon="6.569958"><ele>1158.2</ele></trkpt>
      <trkpt lat="44.727535" lon="6.570041"><ele>1159.2</ele></trkpt>
      <trkpt lat="44.727406" lon="6.570104"><ele>1160.2</ele></trkpt>
      <trkpt lat="44.727356" lon="6.570153"><ele>1160.5</ele></trkpt>
      <trkpt lat="44.727054" lon="6.570479"><ele>1160.8</ele></trkpt>
      <trkpt lat="44.726790" lon="6.570746"><ele>1159.0</ele></trkpt>
      <trkpt lat="44.726389" lon="6.571280"><ele>1156.5</ele></trkpt>
      <trkpt lat="44.726181" lon="6.571581"><ele>1155.2</ele></trkpt>
      <trkpt lat="44.725965" lon="6.571944"><ele>1154.5</ele></trkpt>
      <trkpt lat="44.725812" lon="6.572245"><ele>1153.2</ele></trkpt>
      <trkpt lat="44.725745" lon="6.572462"><ele>1153.0</ele></trkpt>
      <trkpt lat="44.725706" lon="6.572667"><ele>1152.5</ele></trkpt>
      <trkpt lat="44.725685" lon="6.572845"><ele>1152.0</ele></trkpt>
      <trkpt lat="44.725698" lon="6.573160"><ele>1152.5</ele></trkpt>
      <trkpt lat="44.725756" lon="6.573843"><ele>1158.8</ele></trkpt>
      <trkpt lat="44.725829" lon="6.574588"><ele>1160.0</ele></trkpt>
      <trkpt lat="44.725806" lon="6.574712"><ele>1161.2</ele></trkpt>
      <trkpt lat="44.725762" lon="6.574796"><ele>1161.2</ele></trkpt>
      <trkpt lat="44.725584" lon="6.574971"><ele>1164.5</ele></trkpt>
      <trkpt lat="44.724944" lon="6.575473"><ele>1175.8</ele></trkpt>
      <trkpt lat="44.724121" lon="6.576264"><ele>1173.0</ele></trkpt>
      <trkpt lat="44.723869" lon="6.576516"><ele>1169.5</ele></trkpt>
      <trkpt lat="44.723141" lon="6.577007"><ele>1174.5</ele></trkpt>
      <trkpt lat="44.722960" lon="6.577167"><ele>1176.5</ele></trkpt>
      <trkpt lat="44.722737" lon="6.577455"><ele>1175.2</ele></trkpt>
      <trkpt lat="44.722567" lon="6.577654"><ele>1174.5</ele></trkpt>
      <trkpt lat="44.722372" lon="6.577789"><ele>1174.5</ele></trkpt>
      <trkpt lat="44.721904" lon="6.577969"><ele>1179.0</ele></trkpt>
      <trkpt lat="44.721762" lon="6.578085"><ele>1179.2</ele></trkpt>
      <trkpt lat="44.721636" lon="6.578233"><ele>1180.5</ele></trkpt>
      <trkpt lat="44.721359" lon="6.578761"><ele>1177.0</ele></trkpt>
      <trkpt lat="44.721212" lon="6.578992"><ele>1175.0</ele></trkpt>
      <trkpt lat="44.720927" lon="6.579351"><ele>1171.5</ele></trkpt>
      <trkpt lat="44.720787" lon="6.579509"><ele>1169.0</ele></trkpt>
      <trkpt lat="44.720631" lon="6.579615"><ele>1168.0</ele></trkpt>
      <trkpt lat="44.719905" lon="6.579777"><ele>1167.0</ele></trkpt>
      <trkpt lat="44.719766" lon="6.579773"><ele>1166.8</ele></trkpt>
      <trkpt lat="44.719288" lon="6.579578"><ele>1167.5</ele></trkpt>
      <trkpt lat="44.719059" lon="6.579504"><ele>1165.0</ele></trkpt>
      <trkpt lat="44.718457" lon="6.579283"><ele>1162.2</ele></trkpt>
      <trkpt lat="44.718345" lon="6.579283"><ele>1162.0</ele></trkpt>
      <trkpt lat="44.718260" lon="6.579320"><ele>1162.8</ele></trkpt>
      <trkpt lat="44.718176" lon="6.579384"><ele>1163.5</ele></trkpt>
      <trkpt lat="44.718134" lon="6.579483"><ele>1163.0</ele></trkpt>
      <trkpt lat="44.718133" lon="6.579624"><ele>1160.8</ele></trkpt>
      <trkpt lat="44.718160" lon="6.579794"><ele>1157.0</ele></trkpt>
      <trkpt lat="44.718225" lon="6.579949"><ele>1152.8</ele></trkpt>
      <trkpt lat="44.718316" lon="6.580093"><ele>1148.2</ele></trkpt>
      <trkpt lat="44.718351" lon="6.580226"><ele>1146.0</ele></trkpt>
      <trkpt lat="44.718336" lon="6.580351"><ele>1145.0</ele></trkpt>
      <trkpt lat="44.718289" lon="6.580457"><ele>1144.8</ele></trkpt>
      <trkpt lat="44.718204" lon="6.580535"><ele>1145.0</ele></trkpt>
      <trkpt lat="44.717998" lon="6.580667"><ele>1145.5</ele></trkpt>
      <trkpt lat="44.717921" lon="6.580694"><ele>1145.2</ele></trkpt>
      <trkpt lat="44.717836" lon="6.580704"><ele>1144.8</ele></trkpt>
      <trkpt lat="44.717696" lon="6.580695"><ele>1144.5</ele></trkpt>
      <trkpt lat="44.717585" lon="6.580711"><ele>1143.5</ele></trkpt>
      <trkpt lat="44.717348" lon="6.580891"><ele>1139.8</ele></trkpt>
      <trkpt lat="44.717212" lon="6.580959"><ele>1138.8</ele></trkpt>
      <trkpt lat="44.717066" lon="6.580998"><ele>1137.8</ele></trkpt>
      <trkpt lat="44.716696" lon="6.581044"><ele>1134.2</ele></trkpt>
      <trkpt lat="44.716276" lon="6.581078"><ele>1131.5</ele></trkpt>
      <trkpt lat="44.716033" lon="6.581122"><ele>1129.0</ele></trkpt>
      <trkpt lat="44.715932" lon="6.581157"><ele>1128.8</ele></trkpt>
      <trkpt lat="44.715848" lon="6.581220"><ele>1127.2</ele></trkpt>
      <trkpt lat="44.715717" lon="6.581389"><ele>1124.0</ele></trkpt>
      <trkpt lat="44.715611" lon="6.581505"><ele>1122.8</ele></trkpt>
      <trkpt lat="44.715470" lon="6.581603"><ele>1122.0</ele></trkpt>
      <trkpt lat="44.715345" lon="6.581706"><ele>1121.5</ele></trkpt>
      <trkpt lat="44.715138" lon="6.581988"><ele>1115.8</ele></trkpt>
      <trkpt lat="44.715066" lon="6.582040"><ele>1114.2</ele></trkpt>
      <trkpt lat="44.714977" lon="6.582063"><ele>1113.2</ele></trkpt>
      <trkpt lat="44.714897" lon="6.582052"><ele>1111.5</ele></trkpt>
      <trkpt lat="44.714818" lon="6.582027"><ele>1110.5</ele></trkpt>
      <trkpt lat="44.714735" lon="6.581957"><ele>1111.5</ele></trkpt>
      <trkpt lat="44.714596" lon="6.581799"><ele>1113.0</ele></trkpt>
      <trkpt lat="44.714526" lon="6.581752"><ele>1112.5</ele></trkpt>
      <trkpt lat="44.714447" lon="6.581741"><ele>1110.8</ele></trkpt>
      <trkpt lat="44.714382" lon="6.581748"><ele>1110.2</ele></trkpt>
      <trkpt lat="44.714099" lon="6.581820"><ele>1107.5</ele></trkpt>
      <trkpt lat="44.713835" lon="6.581901"><ele>1105.2</ele></trkpt>
      <trkpt lat="44.713716" lon="6.581955"><ele>1103.8</ele></trkpt>
      <trkpt lat="44.713619" lon="6.582021"><ele>1102.5</ele></trkpt>
      <trkpt lat="44.712987" lon="6.582588"><ele>1096.2</ele></trkpt>
      <trkpt lat="44.712692" lon="6.582793"><ele>1093.5</ele></trkpt>
      <trkpt lat="44.712573" lon="6.582857"><ele>1092.8</ele></trkpt>
      <trkpt lat="44.711904" lon="6.583162"><ele>1086.5</ele></trkpt>
      <trkpt lat="44.711801" lon="6.583222"><ele>1086.2</ele></trkpt>
      <trkpt lat="44.711756" lon="6.583281"><ele>1085.0</ele></trkpt>
      <trkpt lat="44.711764" lon="6.583335"><ele>1083.5</ele></trkpt>
      <trkpt lat="44.711799" lon="6.583365"><ele>1081.5</ele></trkpt>
      <trkpt lat="44.711860" lon="6.583363"><ele>1080.5</ele></trkpt>
      <trkpt lat="44.711927" lon="6.583336"><ele>1081.0</ele></trkpt>
      <trkpt lat="44.712193" lon="6.583300"><ele>1079.2</ele></trkpt>
      <trkpt lat="44.712388" lon="6.583302"><ele>1077.2</ele></trkpt>
      <trkpt lat="44.712609" lon="6.583234"><ele>1076.8</ele></trkpt>
      <trkpt lat="44.713301" lon="6.583090"><ele>1071.0</ele></trkpt>
      <trkpt lat="44.713662" lon="6.583031"><ele>1067.8</ele></trkpt>
      <trkpt lat="44.713858" lon="6.583022"><ele>1066.5</ele></trkpt>
      <trkpt lat="44.714005" lon="6.583039"><ele>1065.0</ele></trkpt>
      <trkpt lat="44.714116" lon="6.583084"><ele>1063.2</ele></trkpt>
      <trkpt lat="44.714435" lon="6.583225"><ele>1059.5</ele></trkpt>
      <trkpt lat="44.714593" lon="6.583256"><ele>1058.8</ele></trkpt>
      <trkpt lat="44.714829" lon="6.583305"><ele>1057.2</ele></trkpt>
      <trkpt lat="44.714933" lon="6.583304"><ele>1056.8</ele></trkpt>
      <trkpt lat="44.715050" lon="6.583291"><ele>1057.2</ele></trkpt>
      <trkpt lat="44.715090" lon="6.583303"><ele>1057.5</ele></trkpt>
      <trkpt lat="44.715108" lon="6.583330"><ele>1057.0</ele></trkpt>
      <trkpt lat="44.715117" lon="6.583367"><ele>1056.0</ele></trkpt>
      <trkpt lat="44.715107" lon="6.583414"><ele>1054.2</ele></trkpt>
      <trkpt lat="44.715087" lon="6.583442"><ele>1053.2</ele></trkpt>
      <trkpt lat="44.714939" lon="6.583498"><ele>1051.5</ele></trkpt>
      <trkpt lat="44.714883" lon="6.583534"><ele>1051.2</ele></trkpt>
      <trkpt lat="44.714647" lon="6.583721"><ele>1046.5</ele></trkpt>
      <trkpt lat="44.714564" lon="6.583774"><ele>1044.8</ele></trkpt>
      <trkpt lat="44.714487" lon="6.583805"><ele>1044.0</ele></trkpt>
      <trkpt lat="44.714385" lon="6.583798"><ele>1044.0</ele></trkpt>
      <trkpt lat="44.713994" lon="6.583697"><ele>1043.0</ele></trkpt>
      <trkpt lat="44.713914" lon="6.583677"><ele>1043.0</ele></trkpt>
      <trkpt lat="44.713829" lon="6.583678"><ele>1043.0</ele></trkpt>
      <trkpt lat="44.713651" lon="6.583725"><ele>1041.2</ele></trkpt>
      <trkpt lat="44.713407" lon="6.583821"><ele>1038.8</ele></trkpt>
      <trkpt lat="44.713299" lon="6.583850"><ele>1038.2</ele></trkpt>
      <trkpt lat="44.713209" lon="6.583860"><ele>1038.2</ele></trkpt>
      <trkpt lat="44.713183" lon="6.583891"><ele>1037.2</ele></trkpt>
      <trkpt lat="44.713169" lon="6.583933"><ele>1036.5</ele></trkpt>
      <trkpt lat="44.713174" lon="6.583979"><ele>1035.5</ele></trkpt>
      <trkpt lat="44.713195" lon="6.584009"><ele>1034.8</ele></trkpt>
      <trkpt lat="44.713230" lon="6.584031"><ele>1034.2</ele></trkpt>
      <trkpt lat="44.713730" lon="6.584013"><ele>1033.2</ele></trkpt>
      <trkpt lat="44.713795" lon="6.584028"><ele>1032.8</ele></trkpt>
      <trkpt lat="44.713827" lon="6.584059"><ele>1031.8</ele></trkpt>
      <trkpt lat="44.713833" lon="6.584120"><ele>1029.8</ele></trkpt>
      <trkpt lat="44.713810" lon="6.584178"><ele>1028.2</ele></trkpt>
      <trkpt lat="44.713723" lon="6.584264"><ele>1026.5</ele></trkpt>
      <trkpt lat="44.713506" lon="6.584525"><ele>1020.5</ele></trkpt>
      <trkpt lat="44.713423" lon="6.584561"><ele>1020.0</ele></trkpt>
      <trkpt lat="44.713336" lon="6.584576"><ele>1020.0</ele></trkpt>
      <trkpt lat="44.713114" lon="6.584592"><ele>1018.0</ele></trkpt>
      <trkpt lat="44.713000" lon="6.584576"><ele>1017.2</ele></trkpt>
      <trkpt lat="44.712870" lon="6.584531"><ele>1017.0</ele></trkpt>
      <trkpt lat="44.712678" lon="6.584436"><ele>1017.5</ele></trkpt>
      <trkpt lat="44.712529" lon="6.584401"><ele>1016.2</ele></trkpt>
      <trkpt lat="44.712389" lon="6.584399"><ele>1016.2</ele></trkpt>
      <trkpt lat="44.712286" lon="6.584420"><ele>1015.8</ele></trkpt>
      <trkpt lat="44.712187" lon="6.584495"><ele>1014.5</ele></trkpt>
      <trkpt lat="44.712016" lon="6.584697"><ele>1011.0</ele></trkpt>
      <trkpt lat="44.711917" lon="6.584779"><ele>1009.8</ele></trkpt>
      <trkpt lat="44.711629" lon="6.584971"><ele>1006.2</ele></trkpt>
      <trkpt lat="44.711340" lon="6.585193"><ele>1003.5</ele></trkpt>
      <trkpt lat="44.711205" lon="6.585272"><ele>1002.8</ele></trkpt>
      <trkpt lat="44.710907" lon="6.585378"><ele>1003.2</ele></trkpt>
      <trkpt lat="44.710798" lon="6.585426"><ele>1002.5</ele></trkpt>
      <trkpt lat="44.710706" lon="6.585500"><ele>1000.8</ele></trkpt>
      <trkpt lat="44.710633" lon="6.585584"><ele>998.8</ele></trkpt>
      <trkpt lat="44.710532" lon="6.585720"><ele>996.5</ele></trkpt>
      <trkpt lat="44.710413" lon="6.585912"><ele>993.2</ele></trkpt>
      <trkpt lat="44.710358" lon="6.586044"><ele>992.0</ele></trkpt>
      <trkpt lat="44.710322" lon="6.586162"><ele>991.2</ele></trkpt>
      <trkpt lat="44.710313" lon="6.586302"><ele>991.2</ele></trkpt>
      <trkpt lat="44.710321" lon="6.586426"><ele>990.8</ele></trkpt>
      <trkpt lat="44.710335" lon="6.586488"><ele>990.2</ele></trkpt>
      <trkpt lat="44.710363" lon="6.586557"><ele>990.0</ele></trkpt>
      <trkpt lat="44.710461" lon="6.586689"><ele>989.5</ele></trkpt>
      <trkpt lat="44.710673" lon="6.586840"><ele>988.8</ele></trkpt>
      <trkpt lat="44.710862" lon="6.587037"><ele>987.0</ele></trkpt>
      <trkpt lat="44.710910" lon="6.587120"><ele>986.5</ele></trkpt>
      <trkpt lat="44.710930" lon="6.587203"><ele>985.5</ele></trkpt>
      <trkpt lat="44.710928" lon="6.587342"><ele>985.0</ele></trkpt>
      <trkpt lat="44.710879" lon="6.587537"><ele>983.5</ele></trkpt>
      <trkpt lat="44.710828" lon="6.587622"><ele>982.2</ele></trkpt>
      <trkpt lat="44.710784" lon="6.587645"><ele>981.5</ele></trkpt>
      <trkpt lat="44.710719" lon="6.587654"><ele>980.2</ele></trkpt>
      <trkpt lat="44.710665" lon="6.587637"><ele>979.2</ele></trkpt>
      <trkpt lat="44.710591" lon="6.587590"><ele>978.8</ele></trkpt>
      <trkpt lat="44.710482" lon="6.587500"><ele>979.0</ele></trkpt>
      <trkpt lat="44.710418" lon="6.587469"><ele>979.0</ele></trkpt>
      <trkpt lat="44.710352" lon="6.587461"><ele>978.5</ele></trkpt>
      <trkpt lat="44.710262" lon="6.587478"><ele>977.2</ele></trkpt>
      <trkpt lat="44.710042" lon="6.587557"><ele>974.8</ele></trkpt>
      <trkpt lat="44.709956" lon="6.587563"><ele>975.0</ele></trkpt>
      <trkpt lat="44.709886" lon="6.587591"><ele>975.2</ele></trkpt>
      <trkpt lat="44.709835" lon="6.587652"><ele>974.8</ele></trkpt>
      <trkpt lat="44.709551" lon="6.588089"><ele>971.0</ele></trkpt>
      <trkpt lat="44.709525" lon="6.588166"><ele>970.2</ele></trkpt>
      <trkpt lat="44.709522" lon="6.588226"><ele>969.5</ele></trkpt>
      <trkpt lat="44.709554" lon="6.588322"><ele>968.0</ele></trkpt>
      <trkpt lat="44.709625" lon="6.588422"><ele>966.5</ele></trkpt>
      <trkpt lat="44.709674" lon="6.588520"><ele>965.5</ele></trkpt>
      <trkpt lat="44.709787" lon="6.588717"><ele>965.0</ele></trkpt>
      <trkpt lat="44.709842" lon="6.588846"><ele>964.5</ele></trkpt>
      <trkpt lat="44.709868" lon="6.589001"><ele>963.8</ele></trkpt>
      <trkpt lat="44.709854" lon="6.589159"><ele>962.2</ele></trkpt>
      <trkpt lat="44.709798" lon="6.589374"><ele>960.8</ele></trkpt>
      <trkpt lat="44.709760" lon="6.589469"><ele>959.8</ele></trkpt>
      <trkpt lat="44.709704" lon="6.589536"><ele>958.2</ele></trkpt>
      <trkpt lat="44.709651" lon="6.589547"><ele>957.0</ele></trkpt>
      <trkpt lat="44.709577" lon="6.589519"><ele>955.8</ele></trkpt>
      <trkpt lat="44.709498" lon="6.589477"><ele>954.5</ele></trkpt>
      <trkpt lat="44.709438" lon="6.589424"><ele>954.0</ele></trkpt>
      <trkpt lat="44.709364" lon="6.589349"><ele>953.8</ele></trkpt>
      <trkpt lat="44.709288" lon="6.589243"><ele>953.5</ele></trkpt>
      <trkpt lat="44.709212" lon="6.589108"><ele>953.2</ele></trkpt>
      <trkpt lat="44.709172" lon="6.589057"><ele>952.8</ele></trkpt>
      <trkpt lat="44.709112" lon="6.589022"><ele>952.2</ele></trkpt>
      <trkpt lat="44.709037" lon="6.589023"><ele>951.5</ele></trkpt>
      <trkpt lat="44.708793" lon="6.589058"><ele>949.5</ele></trkpt>
      <trkpt lat="44.708722" lon="6.589074"><ele>949.5</ele></trkpt>
      <trkpt lat="44.708664" lon="6.589119"><ele>948.8</ele></trkpt>
      <trkpt lat="44.708611" lon="6.589195"><ele>947.5</ele></trkpt>
      <trkpt lat="44.708438" lon="6.589497"><ele>944.0</ele></trkpt>
      <trkpt lat="44.708386" lon="6.589631"><ele>943.0</ele></trkpt>
      <trkpt lat="44.708343" lon="6.589685"><ele>942.2</ele></trkpt>
      <trkpt lat="44.708297" lon="6.589695"><ele>941.2</ele></trkpt>
      <trkpt lat="44.708240" lon="6.589665"><ele>940.2</ele></trkpt>
      <trkpt lat="44.708190" lon="6.589604"><ele>939.8</ele></trkpt>
      <trkpt lat="44.708139" lon="6.589475"><ele>940.0</ele></trkpt>
      <trkpt lat="44.708076" lon="6.589402"><ele>940.5</ele></trkpt>
      <trkpt lat="44.707993" lon="6.589356"><ele>941.2</ele></trkpt>
      <trkpt lat="44.707907" lon="6.589366"><ele>940.5</ele></trkpt>
      <trkpt lat="44.707820" lon="6.589420"><ele>938.0</ele></trkpt>
      <trkpt lat="44.707739" lon="6.589457"><ele>936.8</ele></trkpt>
      <trkpt lat="44.707530" lon="6.589530"><ele>935.2</ele></trkpt>
      <trkpt lat="44.707503" lon="6.589548"><ele>935.0</ele></trkpt>
      <trkpt lat="44.707435" lon="6.589669"><ele>932.2</ele></trkpt>
      <trkpt lat="44.707415" lon="6.589728"><ele>931.0</ele></trkpt>
      <trkpt lat="44.707406" lon="6.589803"><ele>930.2</ele></trkpt>
      <trkpt lat="44.707394" lon="6.589881"><ele>929.5</ele></trkpt>
      <trkpt lat="44.707350" lon="6.590163"><ele>927.0</ele></trkpt>
      <trkpt lat="44.707314" lon="6.590289"><ele>926.0</ele></trkpt>
      <trkpt lat="44.707285" lon="6.590362"><ele>925.8</ele></trkpt>
      <trkpt lat="44.707273" lon="6.590391"><ele>925.5</ele></trkpt>
      <trkpt lat="44.707249" lon="6.590434"><ele>925.5</ele></trkpt>
      <trkpt lat="44.707096" lon="6.590661"><ele>925.2</ele></trkpt>
      <trkpt lat="44.706896" lon="6.590986"><ele>924.2</ele></trkpt>
      <trkpt lat="44.706821" lon="6.591100"><ele>923.8</ele></trkpt>
      <trkpt lat="44.706715" lon="6.591231"><ele>923.8</ele></trkpt>
      <trkpt lat="44.706671" lon="6.591266"><ele>923.8</ele></trkpt>
      <trkpt lat="44.706621" lon="6.591305"><ele>923.8</ele></trkpt>
      <trkpt lat="44.706476" lon="6.591410"><ele>923.5</ele></trkpt>
      <trkpt lat="44.706428" lon="6.591449"><ele>923.5</ele></trkpt>
      <trkpt lat="44.706400" lon="6.591500"><ele>923.5</ele></trkpt>
      <trkpt lat="44.706404" lon="6.591593"><ele>923.0</ele></trkpt>
      <trkpt lat="44.706430" lon="6.591690"><ele>922.5</ele></trkpt>
      <trkpt lat="44.706557" lon="6.592007"><ele>919.2</ele></trkpt>
      <trkpt lat="44.706593" lon="6.592143"><ele>918.5</ele></trkpt>
      <trkpt lat="44.706596" lon="6.592293"><ele>917.8</ele></trkpt>
      <trkpt lat="44.706548" lon="6.592816"><ele>915.8</ele></trkpt>
      <trkpt lat="44.706543" lon="6.593384"><ele>913.8</ele></trkpt>
      <trkpt lat="44.706516" lon="6.593877"><ele>912.0</ele></trkpt>
      <trkpt lat="44.706522" lon="6.594333"><ele>910.0</ele></trkpt>
      <trkpt lat="44.706477" lon="6.595935"><ele>905.2</ele></trkpt>
      <trkpt lat="44.706477" lon="6.595971"><ele>905.2</ele></trkpt>
      <trkpt lat="44.706471" lon="6.596291"><ele>904.8</ele></trkpt>
      <trkpt lat="44.706456" lon="6.596547"><ele>904.2</ele></trkpt>
      <trkpt lat="44.706429" lon="6.596762"><ele>903.8</ele></trkpt>
      <trkpt lat="44.706381" lon="6.596978"><ele>904.0</ele></trkpt>
      <trkpt lat="44.706319" lon="6.597145"><ele>904.0</ele></trkpt>
      <trkpt lat="44.706183" lon="6.597443"><ele>903.8</ele></trkpt>
      <trkpt lat="44.705887" lon="6.598048"><ele>903.5</ele></trkpt>
      <trkpt lat="44.705709" lon="6.598364"><ele>902.8</ele></trkpt>
      <trkpt lat="44.705366" lon="6.598849"><ele>902.5</ele></trkpt>
      <trkpt lat="44.704816" lon="6.599762"><ele>903.0</ele></trkpt>
      <trkpt lat="44.704768" lon="6.599859"><ele>903.0</ele></trkpt>
      <trkpt lat="44.704733" lon="6.599960"><ele>903.0</ele></trkpt>
      <trkpt lat="44.704709" lon="6.600088"><ele>903.2</ele></trkpt>
      <trkpt lat="44.704704" lon="6.600228"><ele>903.8</ele></trkpt>
      <trkpt lat="44.704717" lon="6.600348"><ele>903.2</ele></trkpt>
      <trkpt lat="44.704753" lon="6.600488"><ele>902.2</ele></trkpt>
      <trkpt lat="44.704788" lon="6.600578"><ele>901.5</ele></trkpt>
      <trkpt lat="44.704843" lon="6.600678"><ele>900.5</ele></trkpt>
      <trkpt lat="44.705176" lon="6.601254"><ele>900.8</ele></trkpt>
      <trkpt lat="44.705215" lon="6.601326"><ele>901.8</ele></trkpt>
      <trkpt lat="44.705246" lon="6.601378"><ele>902.5</ele></trkpt>
      <trkpt lat="44.705722" lon="6.602227"><ele>903.2</ele></trkpt>
      <trkpt lat="44.705703" lon="6.602250"><ele>903.2</ele></trkpt>
      <trkpt lat="44.705684" lon="6.602262"><ele>903.2</ele></trkpt>
      <trkpt lat="44.705608" lon="6.602254"><ele>903.5</ele></trkpt>
      <trkpt lat="44.705393" lon="6.602231"><ele>903.2</ele></trkpt>
      <trkpt lat="44.705311" lon="6.602215"><ele>903.0</ele></trkpt>
      <trkpt lat="44.705245" lon="6.602194"><ele>902.8</ele></trkpt>
      <trkpt lat="44.705174" lon="6.602082"><ele>902.5</ele></trkpt>
      <trkpt lat="44.705141" lon="6.602013"><ele>902.5</ele></trkpt>
      <trkpt lat="44.705052" lon="6.602055"><ele>902.0</ele></trkpt>
      <trkpt lat="44.704939" lon="6.601999"><ele>902.0</ele></trkpt>
      <trkpt lat="44.704536" lon="6.602349"><ele>901.5</ele></trkpt>
      <trkpt lat="44.704314" lon="6.602559"><ele>901.5</ele></trkpt>
      <trkpt lat="44.704258" lon="6.602605"><ele>901.2</ele></trkpt>
      <trkpt lat="44.703963" lon="6.602793"><ele>901.0</ele></trkpt>
      <trkpt lat="44.703838" lon="6.602944"><ele>900.8</ele></trkpt>
      <trkpt lat="44.703702" lon="6.603033"><ele>900.8</ele></trkpt>
      <trkpt lat="44.703521" lon="6.603076"><ele>900.5</ele></trkpt>
      <trkpt lat="44.703455" lon="6.603115"><ele>900.5</ele></trkpt>
      <trkpt lat="44.703361" lon="6.603172"><ele>900.2</ele></trkpt>
      <trkpt lat="44.703010" lon="6.603615"><ele>899.8</ele></trkpt>
      <trkpt lat="44.702938" lon="6.603682"><ele>899.5</ele></trkpt>
      <trkpt lat="44.702597" lon="6.603765"><ele>899.2</ele></trkpt>
      <trkpt lat="44.702480" lon="6.603846"><ele>899.5</ele></trkpt>
      <trkpt lat="44.702597" lon="6.603765"><ele>899.2</ele></trkpt>
      <trkpt lat="44.702938" lon="6.603682"><ele>899.5</ele></trkpt>
      <trkpt lat="44.703010" lon="6.603615"><ele>899.8</ele></trkpt>
      <trkpt lat="44.703361" lon="6.603172"><ele>900.2</ele></trkpt>
      <trkpt lat="44.703455" lon="6.603115"><ele>900.5</ele></trkpt>
      <trkpt lat="44.703521" lon="6.603076"><ele>900.5</ele></trkpt>
      <trkpt lat="44.703702" lon="6.603033"><ele>900.8</ele></trkpt>
      <trkpt lat="44.703838" lon="6.602944"><ele>900.8</ele></trkpt>
      <trkpt lat="44.703963" lon="6.602793"><ele>901.0</ele></trkpt>
      <trkpt lat="44.704258" lon="6.602605"><ele>901.2</ele></trkpt>
      <trkpt lat="44.704314" lon="6.602559"><ele>901.5</ele></trkpt>
      <trkpt lat="44.704536" lon="6.602349"><ele>901.5</ele></trkpt>
      <trkpt lat="44.704939" lon="6.601999"><ele>902.0</ele></trkpt>
      <trkpt lat="44.705052" lon="6.602055"><ele>902.0</ele></trkpt>
      <trkpt lat="44.705141" lon="6.602013"><ele>902.5</ele></trkpt>
      <trkpt lat="44.705174" lon="6.602082"><ele>902.5</ele></trkpt>
      <trkpt lat="44.705245" lon="6.602194"><ele>902.8</ele></trkpt>
      <trkpt lat="44.705311" lon="6.602215"><ele>903.0</ele></trkpt>
      <trkpt lat="44.705393" lon="6.602231"><ele>903.2</ele></trkpt>
      <trkpt lat="44.705608" lon="6.602254"><ele>903.5</ele></trkpt>
      <trkpt lat="44.705684" lon="6.602262"><ele>903.2</ele></trkpt>
      <trkpt lat="44.705703" lon="6.602250"><ele>903.2</ele></trkpt>
      <trkpt lat="44.705722" lon="6.602227"><ele>903.2</ele></trkpt>
      <trkpt lat="44.705763" lon="6.602297"><ele>903.0</ele></trkpt>
      <trkpt lat="44.706219" lon="6.603084"><ele>903.0</ele></trkpt>
      <trkpt lat="44.706265" lon="6.603189"><ele>903.0</ele></trkpt>
      <trkpt lat="44.706380" lon="6.603673"><ele>903.0</ele></trkpt>
      <trkpt lat="44.706401" lon="6.603739"><ele>903.2</ele></trkpt>
      <trkpt lat="44.706440" lon="6.603825"><ele>903.8</ele></trkpt>
      <trkpt lat="44.706490" lon="6.603923"><ele>904.0</ele></trkpt>
      <trkpt lat="44.706557" lon="6.604044"><ele>904.0</ele></trkpt>
      <trkpt lat="44.706587" lon="6.604102"><ele>904.0</ele></trkpt>
      <trkpt lat="44.706603" lon="6.604135"><ele>904.0</ele></trkpt>
      <trkpt lat="44.706640" lon="6.604273"><ele>904.2</ele></trkpt>
      <trkpt lat="44.706647" lon="6.604342"><ele>904.5</ele></trkpt>
      <trkpt lat="44.706628" lon="6.604416"><ele>904.8</ele></trkpt>
      <trkpt lat="44.706563" lon="6.604499"><ele>904.5</ele></trkpt>
      <trkpt lat="44.706488" lon="6.604560"><ele>904.0</ele></trkpt>
      <trkpt lat="44.706390" lon="6.604624"><ele>904.0</ele></trkpt>
      <trkpt lat="44.706342" lon="6.604646"><ele>904.0</ele></trkpt>
      <trkpt lat="44.706121" lon="6.604753"><ele>904.0</ele></trkpt>
      <trkpt lat="44.705764" lon="6.604952"><ele>905.0</ele></trkpt>
      <trkpt lat="44.705210" lon="6.605318"><ele>905.0</ele></trkpt>
      <trkpt lat="44.705010" lon="6.605475"><ele>905.8</ele></trkpt>
      <trkpt lat="44.704795" lon="6.605646"><ele>906.2</ele></trkpt>
      <trkpt lat="44.701627" lon="6.608381"><ele>902.5</ele></trkpt>
      <trkpt lat="44.700956" lon="6.608931"><ele>901.2</ele></trkpt>
      <trkpt lat="44.700549" lon="6.609275"><ele>901.0</ele></trkpt>
      <trkpt lat="44.700414" lon="6.609386"><ele>901.0</ele></trkpt>
      <trkpt lat="44.700031" lon="6.609644"><ele>900.2</ele></trkpt>
      <trkpt lat="44.699804" lon="6.609776"><ele>900.5</ele></trkpt>
      <trkpt lat="44.699566" lon="6.609927"><ele>900.2</ele></trkpt>
      <trkpt lat="44.699155" lon="6.610094"><ele>899.5</ele></trkpt>
      <trkpt lat="44.698746" lon="6.610228"><ele>900.0</ele></trkpt>
      <trkpt lat="44.697772" lon="6.610515"><ele>901.8</ele></trkpt>
      <trkpt lat="44.694463" lon="6.611464"><ele>919.2</ele></trkpt>
      <trkpt lat="44.693734" lon="6.611676"><ele>923.0</ele></trkpt>
      <trkpt lat="44.692438" lon="6.612040"><ele>927.5</ele></trkpt>
      <trkpt lat="44.692306" lon="6.612078"><ele>927.5</ele></trkpt>
      <trkpt lat="44.689861" lon="6.612792"><ele>928.5</ele></trkpt>
      <trkpt lat="44.687494" lon="6.613471"><ele>917.2</ele></trkpt>
      <trkpt lat="44.686453" lon="6.613772"><ele>911.0</ele></trkpt>
      <trkpt lat="44.685468" lon="6.614060"><ele>906.2</ele></trkpt>
      <trkpt lat="44.684945" lon="6.614212"><ele>904.8</ele></trkpt>
      <trkpt lat="44.684116" lon="6.614451"><ele>901.5</ele></trkpt>
      <trkpt lat="44.683919" lon="6.614508"><ele>900.5</ele></trkpt>
      <trkpt lat="44.683866" lon="6.614524"><ele>900.5</ele></trkpt>
      <trkpt lat="44.679491" lon="6.615797"><ele>889.0</ele></trkpt>
      <trkpt lat="44.678706" lon="6.616018"><ele>889.0</ele></trkpt>
      <trkpt lat="44.678417" lon="6.616104"><ele>889.0</ele></trkpt>
      <trkpt lat="44.678297" lon="6.616138"><ele>889.0</ele></trkpt>
      <trkpt lat="44.677436" lon="6.616383"><ele>888.8</ele></trkpt>
      <trkpt lat="44.677284" lon="6.616430"><ele>888.2</ele></trkpt>
      <trkpt lat="44.676954" lon="6.616502"><ele>888.0</ele></trkpt>
      <trkpt lat="44.676828" lon="6.616582"><ele>888.2</ele></trkpt>
      <trkpt lat="44.676654" lon="6.616617"><ele>888.8</ele></trkpt>
      <trkpt lat="44.676587" lon="6.616603"><ele>888.8</ele></trkpt>
      <trkpt lat="44.676460" lon="6.616624"><ele>888.8</ele></trkpt>
      <trkpt lat="44.676161" lon="6.616669"><ele>888.0</ele></trkpt>
      <trkpt lat="44.675968" lon="6.616707"><ele>888.0</ele></trkpt>
      <trkpt lat="44.675709" lon="6.616812"><ele>888.0</ele></trkpt>
      <trkpt lat="44.675471" lon="6.616961"><ele>888.0</ele></trkpt>
      <trkpt lat="44.675334" lon="6.616999"><ele>888.0</ele></trkpt>
      <trkpt lat="44.675012" lon="6.617091"><ele>887.8</ele></trkpt>
      <trkpt lat="44.674776" lon="6.617158"><ele>888.0</ele></trkpt>
      <trkpt lat="44.674665" lon="6.617187"><ele>888.0</ele></trkpt>
      <trkpt lat="44.674639" lon="6.617194"><ele>888.0</ele></trkpt>
      <trkpt lat="44.674499" lon="6.617230"><ele>888.0</ele></trkpt>
      <trkpt lat="44.674462" lon="6.617240"><ele>888.0</ele></trkpt>
      <trkpt lat="44.674439" lon="6.617246"><ele>888.0</ele></trkpt>
      <trkpt lat="44.674044" lon="6.617350"><ele>888.0</ele></trkpt>
      <trkpt lat="44.672974" lon="6.617662"><ele>888.0</ele></trkpt>
      <trkpt lat="44.672826" lon="6.617706"><ele>888.0</ele></trkpt>
      <trkpt lat="44.672761" lon="6.617723"><ele>888.0</ele></trkpt>
      <trkpt lat="44.672231" lon="6.617879"><ele>888.0</ele></trkpt>
      <trkpt lat="44.671994" lon="6.617944"><ele>888.0</ele></trkpt>
      <trkpt lat="44.671831" lon="6.618005"><ele>888.2</ele></trkpt>
      <trkpt lat="44.671696" lon="6.618046"><ele>888.8</ele></trkpt>
      <trkpt lat="44.671492" lon="6.618144"><ele>889.0</ele></trkpt>
      <trkpt lat="44.671374" lon="6.618178"><ele>889.0</ele></trkpt>
      <trkpt lat="44.671296" lon="6.618192"><ele>889.0</ele></trkpt>
      <trkpt lat="44.671202" lon="6.618204"><ele>889.0</ele></trkpt>
      <trkpt lat="44.671013" lon="6.618225"><ele>889.2</ele></trkpt>
      <trkpt lat="44.670949" lon="6.618241"><ele>889.5</ele></trkpt>
      <trkpt lat="44.670628" lon="6.618319"><ele>890.0</ele></trkpt>
      <trkpt lat="44.670172" lon="6.618448"><ele>890.0</ele></trkpt>
      <trkpt lat="44.669993" lon="6.618470"><ele>890.5</ele></trkpt>
      <trkpt lat="44.669722" lon="6.618485"><ele>891.5</ele></trkpt>
      <trkpt lat="44.669511" lon="6.618480"><ele>891.8</ele></trkpt>
      <trkpt lat="44.669282" lon="6.618451"><ele>892.0</ele></trkpt>
      <trkpt lat="44.669082" lon="6.618412"><ele>892.2</ele></trkpt>
      <trkpt lat="44.668770" lon="6.618327"><ele>893.2</ele></trkpt>
      <trkpt lat="44.668463" lon="6.618201"><ele>892.8</ele></trkpt>
      <trkpt lat="44.668238" lon="6.618097"><ele>893.8</ele></trkpt>
      <trkpt lat="44.668038" lon="6.617976"><ele>894.0</ele></trkpt>
      <trkpt lat="44.667670" lon="6.617706"><ele>894.5</ele></trkpt>
      <trkpt lat="44.667387" lon="6.617463"><ele>894.5</ele></trkpt>
      <trkpt lat="44.667144" lon="6.617199"><ele>894.5</ele></trkpt>
      <trkpt lat="44.666947" lon="6.616946"><ele>895.8</ele></trkpt>
      <trkpt lat="44.666882" lon="6.616859"><ele>895.5</ele></trkpt>
      <trkpt lat="44.666620" lon="6.616453"><ele>895.0</ele></trkpt>
      <trkpt lat="44.666481" lon="6.616205"><ele>894.8</ele></trkpt>
      <trkpt lat="44.666333" lon="6.615923"><ele>894.5</ele></trkpt>
      <trkpt lat="44.665993" lon="6.615261"><ele>894.5</ele></trkpt>
      <trkpt lat="44.665926" lon="6.615061"><ele>894.8</ele></trkpt>
      <trkpt lat="44.665853" lon="6.614791"><ele>895.5</ele></trkpt>
      <trkpt lat="44.665841" lon="6.614692"><ele>895.8</ele></trkpt>
      <trkpt lat="44.665850" lon="6.614636"><ele>895.5</ele></trkpt>
      <trkpt lat="44.665850" lon="6.614579"><ele>895.8</ele></trkpt>
      <trkpt lat="44.665836" lon="6.614501"><ele>895.8</ele></trkpt>
      <trkpt lat="44.665806" lon="6.614433"><ele>895.8</ele></trkpt>
      <trkpt lat="44.665762" lon="6.614380"><ele>895.2</ele></trkpt>
      <trkpt lat="44.665715" lon="6.614350"><ele>895.0</ele></trkpt>
      <trkpt lat="44.665663" lon="6.614339"><ele>895.0</ele></trkpt>
      <trkpt lat="44.665601" lon="6.614352"><ele>895.2</ele></trkpt>
      <trkpt lat="44.665546" lon="6.614393"><ele>895.5</ele></trkpt>
      <trkpt lat="44.665503" lon="6.614458"><ele>895.2</ele></trkpt>
      <trkpt lat="44.665477" lon="6.614538"><ele>895.0</ele></trkpt>
      <trkpt lat="44.665472" lon="6.614642"><ele>895.2</ele></trkpt>
      <trkpt lat="44.665403" lon="6.614785"><ele>894.8</ele></trkpt>
      <trkpt lat="44.665147" lon="6.615113"><ele>893.8</ele></trkpt>
      <trkpt lat="44.663155" lon="6.617106"><ele>898.0</ele></trkpt>
      <trkpt lat="44.663108" lon="6.617156"><ele>898.2</ele></trkpt>
      <trkpt lat="44.662492" lon="6.617767"><ele>901.0</ele></trkpt>
      <trkpt lat="44.662436" lon="6.617823"><ele>901.2</ele></trkpt>
      <trkpt lat="44.662202" lon="6.618055"><ele>903.0</ele></trkpt>
      <trkpt lat="44.662100" lon="6.618110"><ele>903.2</ele></trkpt>
      <trkpt lat="44.662041" lon="6.618142"><ele>903.5</ele></trkpt>
      <trkpt lat="44.661989" lon="6.618162"><ele>903.8</ele></trkpt>
      <trkpt lat="44.661946" lon="6.618141"><ele>903.8</ele></trkpt>
      <trkpt lat="44.661900" lon="6.618141"><ele>904.2</ele></trkpt>
      <trkpt lat="44.661857" lon="6.618160"><ele>904.5</ele></trkpt>
      <trkpt lat="44.661820" lon="6.618197"><ele>904.8</ele></trkpt>
      <trkpt lat="44.661793" lon="6.618248"><ele>905.0</ele></trkpt>
      <trkpt lat="44.661778" lon="6.618307"><ele>905.0</ele></trkpt>
      <trkpt lat="44.661777" lon="6.618369"><ele>905.0</ele></trkpt>
      <trkpt lat="44.661716" lon="6.618510"><ele>905.0</ele></trkpt>
      <trkpt lat="44.661626" lon="6.618633"><ele>905.2</ele></trkpt>
      <trkpt lat="44.661534" lon="6.618729"><ele>905.8</ele></trkpt>
      <trkpt lat="44.661480" lon="6.618782"><ele>906.2</ele></trkpt>
      <trkpt lat="44.661317" lon="6.618943"><ele>907.0</ele></trkpt>
      <trkpt lat="44.661246" lon="6.619015"><ele>907.2</ele></trkpt>
      <trkpt lat="44.660527" lon="6.619736"><ele>910.0</ele></trkpt>
      <trkpt lat="44.660428" lon="6.619845"><ele>910.0</ele></trkpt>
      <trkpt lat="44.660305" lon="6.619999"><ele>910.8</ele></trkpt>
      <trkpt lat="44.660159" lon="6.620200"><ele>910.5</ele></trkpt>
      <trkpt lat="44.660021" lon="6.620418"><ele>911.2</ele></trkpt>
      <trkpt lat="44.659897" lon="6.620647"><ele>911.5</ele></trkpt>
      <trkpt lat="44.659760" lon="6.620969"><ele>912.0</ele></trkpt>
      <trkpt lat="44.659663" lon="6.621246"><ele>911.8</ele></trkpt>
      <trkpt lat="44.659588" lon="6.621523"><ele>911.5</ele></trkpt>
      <trkpt lat="44.659511" lon="6.621845"><ele>911.5</ele></trkpt>
      <trkpt lat="44.659450" lon="6.622235"><ele>910.8</ele></trkpt>
      <trkpt lat="44.659423" lon="6.622592"><ele>909.8</ele></trkpt>
      <trkpt lat="44.659417" lon="6.622958"><ele>909.2</ele></trkpt>
      <trkpt lat="44.659491" lon="6.624207"><ele>911.5</ele></trkpt>
      <trkpt lat="44.659550" lon="6.625122"><ele>911.0</ele></trkpt>
      <trkpt lat="44.659571" lon="6.625485"><ele>911.2</ele></trkpt>
      <trkpt lat="44.659612" lon="6.626227"><ele>912.5</ele></trkpt>
      <trkpt lat="44.659662" lon="6.627130"><ele>915.0</ele></trkpt>
      <trkpt lat="44.659761" lon="6.628747"><ele>922.8</ele></trkpt>
      <trkpt lat="44.659782" lon="6.629231"><ele>925.5</ele></trkpt>
      <trkpt lat="44.659788" lon="6.629614"><ele>927.8</ele></trkpt>
      <trkpt lat="44.659780" lon="6.629854"><ele>928.8</ele></trkpt>
      <trkpt lat="44.659757" lon="6.630127"><ele>930.0</ele></trkpt>
      <trkpt lat="44.659716" lon="6.630425"><ele>931.2</ele></trkpt>
      <trkpt lat="44.659673" lon="6.630626"><ele>931.8</ele></trkpt>
      <trkpt lat="44.659622" lon="6.630819"><ele>932.8</ele></trkpt>
      <trkpt lat="44.659575" lon="6.630986"><ele>933.5</ele></trkpt>
      <trkpt lat="44.659509" lon="6.631183"><ele>934.2</ele></trkpt>
      <trkpt lat="44.659431" lon="6.631380"><ele>934.8</ele></trkpt>
      <trkpt lat="44.659272" lon="6.631727"><ele>936.0</ele></trkpt>
      <trkpt lat="44.659186" lon="6.631880"><ele>935.8</ele></trkpt>
      <trkpt lat="44.658942" lon="6.632268"><ele>936.8</ele></trkpt>
      <trkpt lat="44.658534" lon="6.632849"><ele>941.5</ele></trkpt>
      <trkpt lat="44.658467" lon="6.633006"><ele>942.5</ele></trkpt>
      <trkpt lat="44.658422" lon="6.633205"><ele>943.5</ele></trkpt>
      <trkpt lat="44.658403" lon="6.633413"><ele>944.0</ele></trkpt>
      <trkpt lat="44.658413" lon="6.633583"><ele>944.0</ele></trkpt>
      <trkpt lat="44.658447" lon="6.633757"><ele>944.8</ele></trkpt>
      <trkpt lat="44.658495" lon="6.633926"><ele>945.8</ele></trkpt>
      <trkpt lat="44.658554" lon="6.634083"><ele>945.8</ele></trkpt>
      <trkpt lat="44.658614" lon="6.634217"><ele>945.5</ele></trkpt>
      <trkpt lat="44.659197" lon="6.635569"><ele>952.8</ele></trkpt>
      <trkpt lat="44.659282" lon="6.635756"><ele>953.8</ele></trkpt>
      <trkpt lat="44.659722" lon="6.636811"><ele>955.2</ele></trkpt>
      <trkpt lat="44.659785" lon="6.636949"><ele>956.0</ele></trkpt>
      <trkpt lat="44.659839" lon="6.637114"><ele>957.0</ele></trkpt>
      <trkpt lat="44.659879" lon="6.637288"><ele>958.2</ele></trkpt>
      <trkpt lat="44.659898" lon="6.637482"><ele>959.5</ele></trkpt>
      <trkpt lat="44.659897" lon="6.637651"><ele>960.8</ele></trkpt>
      <trkpt lat="44.659862" lon="6.637924"><ele>961.8</ele></trkpt>
      <trkpt lat="44.659774" lon="6.638446"><ele>963.0</ele></trkpt>
      <trkpt lat="44.659759" lon="6.638682"><ele>964.0</ele></trkpt>
      <trkpt lat="44.659776" lon="6.638931"><ele>965.0</ele></trkpt>
      <trkpt lat="44.659931" lon="6.640078"><ele>968.2</ele></trkpt>
      <trkpt lat="44.659937" lon="6.640276"><ele>969.0</ele></trkpt>
      <trkpt lat="44.659928" lon="6.640457"><ele>970.2</ele></trkpt>
      <trkpt lat="44.659904" lon="6.640626"><ele>971.0</ele></trkpt>
      <trkpt lat="44.659873" lon="6.640736"><ele>971.2</ele></trkpt>
      <trkpt lat="44.659803" lon="6.640917"><ele>971.2</ele></trkpt>
      <trkpt lat="44.659637" lon="6.641230"><ele>970.8</ele></trkpt>
      <trkpt lat="44.659590" lon="6.641336"><ele>970.8</ele></trkpt>
      <trkpt lat="44.659526" lon="6.641505"><ele>972.0</ele></trkpt>
      <trkpt lat="44.659408" lon="6.641678"><ele>972.2</ele></trkpt>
      <trkpt lat="44.659367" lon="6.641731"><ele>972.0</ele></trkpt>
      <trkpt lat="44.659332" lon="6.641744"><ele>971.5</ele></trkpt>
      <trkpt lat="44.659301" lon="6.641773"><ele>971.0</ele></trkpt>
      <trkpt lat="44.659279" lon="6.641814"><ele>971.2</ele></trkpt>
      <trkpt lat="44.659267" lon="6.641863"><ele>971.5</ele></trkpt>
      <trkpt lat="44.659267" lon="6.641916"><ele>972.2</ele></trkpt>
      <trkpt lat="44.659279" lon="6.641966"><ele>973.0</ele></trkpt>
      <trkpt lat="44.659302" lon="6.642008"><ele>973.5</ele></trkpt>
      <trkpt lat="44.659353" lon="6.642047"><ele>974.5</ele></trkpt>
      <trkpt lat="44.659377" lon="6.642193"><ele>975.5</ele></trkpt>
      <trkpt lat="44.659386" lon="6.642368"><ele>975.8</ele></trkpt>
      <trkpt lat="44.659374" lon="6.642617"><ele>975.8</ele></trkpt>
      <trkpt lat="44.659358" lon="6.643187"><ele>977.0</ele></trkpt>
      <trkpt lat="44.659370" lon="6.643417"><ele>977.8</ele></trkpt>
      <trkpt lat="44.659391" lon="6.643580"><ele>978.2</ele></trkpt>
      <trkpt lat="44.659445" lon="6.643767"><ele>979.2</ele></trkpt>
      <trkpt lat="44.659525" lon="6.643957"><ele>980.5</ele></trkpt>
      <trkpt lat="44.659632" lon="6.644156"><ele>981.8</ele></trkpt>
      <trkpt lat="44.659879" lon="6.644571"><ele>985.5</ele></trkpt>
      <trkpt lat="44.660018" lon="6.644885"><ele>987.8</ele></trkpt>
      <trkpt lat="44.660038" lon="6.644952"><ele>988.0</ele></trkpt>
      <trkpt lat="44.660062" lon="6.645100"><ele>988.2</ele></trkpt>
      <trkpt lat="44.660079" lon="6.645350"><ele>988.5</ele></trkpt>
      <trkpt lat="44.660136" lon="6.646621"><ele>993.2</ele></trkpt>
      <trkpt lat="44.660136" lon="6.646865"><ele>994.0</ele></trkpt>
      <trkpt lat="44.660122" lon="6.647024"><ele>994.5</ele></trkpt>
      <trkpt lat="44.660112" lon="6.647077"><ele>994.8</ele></trkpt>
      <trkpt lat="44.659865" lon="6.648276"><ele>997.5</ele></trkpt>
      <trkpt lat="44.659852" lon="6.648390"><ele>998.0</ele></trkpt>
      <trkpt lat="44.659847" lon="6.648511"><ele>998.8</ele></trkpt>
      <trkpt lat="44.659815" lon="6.648510"><ele>998.2</ele></trkpt>
      <trkpt lat="44.659719" lon="6.648510"><ele>997.0</ele></trkpt>
      <trkpt lat="44.655550" lon="6.650750"><ele>1038.1</ele></trkpt>
      <trkpt lat="44.655580" lon="6.650810"><ele>1037.5</ele></trkpt>
      <trkpt lat="44.655600" lon="6.650910"><ele>1037.0</ele></trkpt>
      <trkpt lat="44.655600" lon="6.650970"><ele>1036.8</ele></trkpt>
      <trkpt lat="44.655570" lon="6.651150"><ele>1036.7</ele></trkpt>
      <trkpt lat="44.655540" lon="6.651230"><ele>1036.6</ele></trkpt>
      <trkpt lat="44.655490" lon="6.651300"><ele>1036.5</ele></trkpt>
      <trkpt lat="44.655430" lon="6.651340"><ele>1036.4</ele></trkpt>
      <trkpt lat="44.655300" lon="6.651400"><ele>1036.4</ele></trkpt>
      <trkpt lat="44.655160" lon="6.651500"><ele>1036.8</ele></trkpt>
      <trkpt lat="44.655060" lon="6.651600"><ele>1037.2</ele></trkpt>
      <trkpt lat="44.654920" lon="6.651800"><ele>1037.6</ele></trkpt>
      <trkpt lat="44.654900" lon="6.651820"><ele>1038.1</ele></trkpt>
      <trkpt lat="44.654890" lon="6.651820"><ele>1038.6</ele></trkpt>
      <trkpt lat="44.654890" lon="6.651830"><ele>1039.1</ele></trkpt>
      <trkpt lat="44.654880" lon="6.651840"><ele>1039.6</ele></trkpt>
      <trkpt lat="44.654880" lon="6.651850"><ele>1040.1</ele></trkpt>
      <trkpt lat="44.654870" lon="6.651850"><ele>1040.5</ele></trkpt>
      <trkpt lat="44.654870" lon="6.651870"><ele>1040.9</ele></trkpt>
      <trkpt lat="44.654860" lon="6.651870"><ele>1041.7</ele></trkpt>
      <trkpt lat="44.654860" lon="6.651890"><ele>1042.5</ele></trkpt>
      <trkpt lat="44.654850" lon="6.651900"><ele>1043.3</ele></trkpt>
      <trkpt lat="44.654850" lon="6.651910"><ele>1043.9</ele></trkpt>
      <trkpt lat="44.654810" lon="6.651990"><ele>1044.5</ele></trkpt>
      <trkpt lat="44.654740" lon="6.652190"><ele>1044.9</ele></trkpt>
      <trkpt lat="44.654710" lon="6.652320"><ele>1045.4</ele></trkpt>
      <trkpt lat="44.654630" lon="6.652430"><ele>1045.8</ele></trkpt>
      <trkpt lat="44.654070" lon="6.653350"><ele>1046.2</ele></trkpt>
      <trkpt lat="44.653830" lon="6.653950"><ele>1046.5</ele></trkpt>
      <trkpt lat="44.653780" lon="6.654250"><ele>1046.7</ele></trkpt>
      <trkpt lat="44.653810" lon="6.654540"><ele>1046.9</ele></trkpt>
      <trkpt lat="44.653860" lon="6.654670"><ele>1047.2</ele></trkpt>
      <trkpt lat="44.653950" lon="6.654800"><ele>1047.4</ele></trkpt>
      <trkpt lat="44.654010" lon="6.654850"><ele>1047.4</ele></trkpt>
      <trkpt lat="44.654080" lon="6.654890"><ele>1047.5</ele></trkpt>
      <trkpt lat="44.654170" lon="6.654910"><ele>1047.5</ele></trkpt>
      <trkpt lat="44.654270" lon="6.654920"><ele>1047.1</ele></trkpt>
      <trkpt lat="44.654370" lon="6.654910"><ele>1046.6</ele></trkpt>
      <trkpt lat="44.654550" lon="6.654870"><ele>1046.2</ele></trkpt>
      <trkpt lat="44.654650" lon="6.654820"><ele>1046.1</ele></trkpt>
      <trkpt lat="44.654780" lon="6.654710"><ele>1046.1</ele></trkpt>
      <trkpt lat="44.655110" lon="6.654240"><ele>1046.3</ele></trkpt>
      <trkpt lat="44.655260" lon="6.654080"><ele>1046.6</ele></trkpt>
      <trkpt lat="44.655320" lon="6.654040"><ele>1047.0</ele></trkpt>
      <trkpt lat="44.655410" lon="6.654020"><ele>1047.5</ele></trkpt>
      <trkpt lat="44.655560" lon="6.654040"><ele>1048.0</ele></trkpt>
      <trkpt lat="44.655650" lon="6.654100"><ele>1048.6</ele></trkpt>
      <trkpt lat="44.655700" lon="6.654150"><ele>1049.2</ele></trkpt>
      <trkpt lat="44.655760" lon="6.654230"><ele>1049.8</ele></trkpt>
      <trkpt lat="44.655820" lon="6.654290"><ele>1050.5</ele></trkpt>
      <trkpt lat="44.655930" lon="6.654480"><ele>1051.2</ele></trkpt>
      <trkpt lat="44.655930" lon="6.654490"><ele>1051.9</ele></trkpt>
      <trkpt lat="44.655940" lon="6.654490"><ele>1052.7</ele></trkpt>
      <trkpt lat="44.655940" lon="6.654520"><ele>1053.4</ele></trkpt>
      <trkpt lat="44.655950" lon="6.654530"><ele>1053.9</ele></trkpt>
      <trkpt lat="44.655950" lon="6.654540"><ele>1054.4</ele></trkpt>
      <trkpt lat="44.655960" lon="6.654550"><ele>1054.8</ele></trkpt>
      <trkpt lat="44.655960" lon="6.654570"><ele>1055.3</ele></trkpt>
      <trkpt lat="44.655970" lon="6.654570"><ele>1055.7</ele></trkpt>
      <trkpt lat="44.655970" lon="6.654580"><ele>1056.0</ele></trkpt>
      <trkpt lat="44.655980" lon="6.654580"><ele>1056.3</ele></trkpt>
      <trkpt lat="44.655980" lon="6.654590"><ele>1056.7</ele></trkpt>
      <trkpt lat="44.655990" lon="6.654590"><ele>1057.0</ele></trkpt>
      <trkpt lat="44.655990" lon="6.654600"><ele>1057.2</ele></trkpt>
      <trkpt lat="44.656000" lon="6.654600"><ele>1057.5</ele></trkpt>
      <trkpt lat="44.656040" lon="6.654790"><ele>1057.8</ele></trkpt>
      <trkpt lat="44.656080" lon="6.654880"><ele>1058.1</ele></trkpt>
      <trkpt lat="44.656100" lon="6.654960"><ele>1058.4</ele></trkpt>
      <trkpt lat="44.656160" lon="6.655040"><ele>1058.7</ele></trkpt>
      <trkpt lat="44.656240" lon="6.655190"><ele>1059.0</ele></trkpt>
      <trkpt lat="44.656390" lon="6.655390"><ele>1059.3</ele></trkpt>
      <trkpt lat="44.656780" lon="6.655720"><ele>1059.8</ele></trkpt>
      <trkpt lat="44.657490" lon="6.656260"><ele>1061.0</ele></trkpt>
      <trkpt lat="44.657680" lon="6.656370"><ele>1062.4</ele></trkpt>
      <trkpt lat="44.657910" lon="6.656470"><ele>1063.9</ele></trkpt>
      <trkpt lat="44.658440" lon="6.656570"><ele>1065.4</ele></trkpt>
      <trkpt lat="44.658590" lon="6.656620"><ele>1066.9</ele></trkpt>
      <trkpt lat="44.658700" lon="6.656690"><ele>1068.4</ele></trkpt>
      <trkpt lat="44.658920" lon="6.656900"><ele>1069.9</ele></trkpt>
      <trkpt lat="44.659110" lon="6.657140"><ele>1071.5</ele></trkpt>
      <trkpt lat="44.661380" lon="6.659750"><ele>1073.4</ele></trkpt>
      <trkpt lat="44.661530" lon="6.659960"><ele>1075.5</ele></trkpt>
      <trkpt lat="44.662070" lon="6.660820"><ele>1077.7</ele></trkpt>
      <trkpt lat="44.662220" lon="6.661030"><ele>1080.1</ele></trkpt>
      <trkpt lat="44.662330" lon="6.661130"><ele>1082.6</ele></trkpt>
      <trkpt lat="44.662570" lon="6.661260"><ele>1084.9</ele></trkpt>
      <trkpt lat="44.662740" lon="6.661330"><ele>1087.3</ele></trkpt>
      <trkpt lat="44.663010" lon="6.661470"><ele>1089.4</ele></trkpt>
      <trkpt lat="44.663210" lon="6.661620"><ele>1091.5</ele></trkpt>
      <trkpt lat="44.663360" lon="6.661770"><ele>1092.9</ele></trkpt>
      <trkpt lat="44.663510" lon="6.661980"><ele>1094.3</ele></trkpt>
      <trkpt lat="44.663900" lon="6.662630"><ele>1095.3</ele></trkpt>
      <trkpt lat="44.664250" lon="6.663160"><ele>1096.3</ele></trkpt>
      <trkpt lat="44.664390" lon="6.663320"><ele>1097.2</ele></trkpt>
      <trkpt lat="44.664500" lon="6.663400"><ele>1098.1</ele></trkpt>
      <trkpt lat="44.664650" lon="6.663430"><ele>1098.9</ele></trkpt>
      <trkpt lat="44.664870" lon="6.663450"><ele>1099.6</ele></trkpt>
      <trkpt lat="44.664970" lon="6.663480"><ele>1100.2</ele></trkpt>
      <trkpt lat="44.665040" lon="6.663530"><ele>1100.6</ele></trkpt>
      <trkpt lat="44.665120" lon="6.663630"><ele>1100.8</ele></trkpt>
      <trkpt lat="44.665210" lon="6.663850"><ele>1100.6</ele></trkpt>
      <trkpt lat="44.665240" lon="6.663970"><ele>1100.4</ele></trkpt>
      <trkpt lat="44.665260" lon="6.664120"><ele>1100.1</ele></trkpt>
      <trkpt lat="44.665280" lon="6.664440"><ele>1099.7</ele></trkpt>
      <trkpt lat="44.665270" lon="6.665190"><ele>1099.0</ele></trkpt>
      <trkpt lat="44.665290" lon="6.665470"><ele>1097.1</ele></trkpt>
      <trkpt lat="44.665310" lon="6.665560"><ele>1094.7</ele></trkpt>
      <trkpt lat="44.665360" lon="6.665700"><ele>1092.3</ele></trkpt>
      <trkpt lat="44.665440" lon="6.665870"><ele>1089.7</ele></trkpt>
      <trkpt lat="44.665770" lon="6.666400"><ele>1086.9</ele></trkpt>
      <trkpt lat="44.665840" lon="6.666490"><ele>1084.0</ele></trkpt>
      <trkpt lat="44.665940" lon="6.666580"><ele>1081.2</ele></trkpt>
      <trkpt lat="44.666070" lon="6.666650"><ele>1078.5</ele></trkpt>
      <trkpt lat="44.666470" lon="6.666820"><ele>1076.1</ele></trkpt>
      <trkpt lat="44.666540" lon="6.666860"><ele>1073.9</ele></trkpt>
      <trkpt lat="44.666560" lon="6.666890"><ele>1072.2</ele></trkpt>
      <trkpt lat="44.666580" lon="6.666910"><ele>1070.5</ele></trkpt>
      <trkpt lat="44.666640" lon="6.667000"><ele>1069.8</ele></trkpt>
      <trkpt lat="44.666670" lon="6.667120"><ele>1070.4</ele></trkpt>
      <trkpt lat="44.666670" lon="6.667210"><ele>1071.3</ele></trkpt>
      <trkpt lat="44.666650" lon="6.667300"><ele>1072.4</ele></trkpt>
      <trkpt lat="44.666610" lon="6.667420"><ele>1074.0</ele></trkpt>
      <trkpt lat="44.666570" lon="6.667500"><ele>1077.0</ele></trkpt>
      <trkpt lat="44.666520" lon="6.667730"><ele>1080.3</ele></trkpt>
      <trkpt lat="44.666510" lon="6.667830"><ele>1083.7</ele></trkpt>
      <trkpt lat="44.666410" lon="6.668120"><ele>1087.0</ele></trkpt>
      <trkpt lat="44.666260" lon="6.668390"><ele>1090.5</ele></trkpt>
      <trkpt lat="44.666240" lon="6.668440"><ele>1093.9</ele></trkpt>
      <trkpt lat="44.666220" lon="6.668470"><ele>1095.9</ele></trkpt>
      <trkpt lat="44.666220" lon="6.668500"><ele>1097.3</ele></trkpt>
      <trkpt lat="44.666210" lon="6.668560"><ele>1098.3</ele></trkpt>
      <trkpt lat="44.666210" lon="6.668600"><ele>1098.9</ele></trkpt>
      <trkpt lat="44.666230" lon="6.668670"><ele>1098.9</ele></trkpt>
      <trkpt lat="44.666270" lon="6.668740"><ele>1098.7</ele></trkpt>
      <trkpt lat="44.666300" lon="6.668770"><ele>1098.4</ele></trkpt>
      <trkpt lat="44.666360" lon="6.668810"><ele>1097.0</ele></trkpt>
      <trkpt lat="44.666600" lon="6.668880"><ele>1095.2</ele></trkpt>
      <trkpt lat="44.666720" lon="6.668930"><ele>1093.0</ele></trkpt>
      <trkpt lat="44.666760" lon="6.668960"><ele>1090.7</ele></trkpt>
      <trkpt lat="44.666790" lon="6.668990"><ele>1088.2</ele></trkpt>
      <trkpt lat="44.666830" lon="6.669070"><ele>1085.6</ele></trkpt>
      <trkpt lat="44.666860" lon="6.669210"><ele>1082.9</ele></trkpt>
      <trkpt lat="44.666830" lon="6.669830"><ele>1080.3</ele></trkpt>
      <trkpt lat="44.666840" lon="6.669900"><ele>1077.8</ele></trkpt>
      <trkpt lat="44.666880" lon="6.670010"><ele>1075.5</ele></trkpt>
      <trkpt lat="44.667000" lon="6.670240"><ele>1074.6</ele></trkpt>
      <trkpt lat="44.667040" lon="6.670380"><ele>1074.4</ele></trkpt>
      <trkpt lat="44.667050" lon="6.670400"><ele>1074.4</ele></trkpt>
      <trkpt lat="44.667100" lon="6.670780"><ele>1074.4</ele></trkpt>
      <trkpt lat="44.667170" lon="6.671150"><ele>1074.6</ele></trkpt>
      <trkpt lat="44.667190" lon="6.671220"><ele>1074.7</ele></trkpt>
      <trkpt lat="44.667200" lon="6.671310"><ele>1074.0</ele></trkpt>
      <trkpt lat="44.667220" lon="6.671390"><ele>1073.2</ele></trkpt>
      <trkpt lat="44.667320" lon="6.672210"><ele>1072.6</ele></trkpt>
      <trkpt lat="44.667630" lon="6.673720"><ele>1072.3</ele></trkpt>
      <trkpt lat="44.667710" lon="6.673950"><ele>1072.0</ele></trkpt>
      <trkpt lat="44.667850" lon="6.674190"><ele>1071.9</ele></trkpt>
      <trkpt lat="44.668060" lon="6.674430"><ele>1071.9</ele></trkpt>
      <trkpt lat="44.668240" lon="6.674610"><ele>1072.2</ele></trkpt>
      <trkpt lat="44.668390" lon="6.674740"><ele>1072.6</ele></trkpt>
      <trkpt lat="44.668610" lon="6.674980"><ele>1073.1</ele></trkpt>
      <trkpt lat="44.668630" lon="6.675010"><ele>1073.7</ele></trkpt>
      <trkpt lat="44.668750" lon="6.675300"><ele>1074.4</ele></trkpt>
      <trkpt lat="44.668860" lon="6.675630"><ele>1075.3</ele></trkpt>
      <trkpt lat="44.668900" lon="6.675860"><ele>1076.3</ele></trkpt>
      <trkpt lat="44.668930" lon="6.676330"><ele>1077.4</ele></trkpt>
      <trkpt lat="44.668920" lon="6.676380"><ele>1078.6</ele></trkpt>
      <trkpt lat="44.668920" lon="6.676440"><ele>1079.9</ele></trkpt>
      <trkpt lat="44.668910" lon="6.676490"><ele>1081.4</ele></trkpt>
      <trkpt lat="44.668890" lon="6.676530"><ele>1083.0</ele></trkpt>
      <trkpt lat="44.668880" lon="6.676580"><ele>1084.7</ele></trkpt>
      <trkpt lat="44.668820" lon="6.676710"><ele>1086.4</ele></trkpt>
      <trkpt lat="44.668820" lon="6.676760"><ele>1088.4</ele></trkpt>
      <trkpt lat="44.668810" lon="6.676820"><ele>1090.4</ele></trkpt>
      <trkpt lat="44.668820" lon="6.676870"><ele>1092.2</ele></trkpt>
      <trkpt lat="44.668820" lon="6.676930"><ele>1094.0</ele></trkpt>
      <trkpt lat="44.668870" lon="6.677240"><ele>1095.6</ele></trkpt>
      <trkpt lat="44.668870" lon="6.677310"><ele>1097.2</ele></trkpt>
      <trkpt lat="44.668880" lon="6.677370"><ele>1098.6</ele></trkpt>
      <trkpt lat="44.668880" lon="6.677400"><ele>1100.7</ele></trkpt>
      <trkpt lat="44.668850" lon="6.677560"><ele>1101.9</ele></trkpt>
      <trkpt lat="44.668850" lon="6.677690"><ele>1102.3</ele></trkpt>
      <trkpt lat="44.668860" lon="6.677750"><ele>1102.7</ele></trkpt>
      <trkpt lat="44.668880" lon="6.677810"><ele>1104.1</ele></trkpt>
      <trkpt lat="44.668890" lon="6.677880"><ele>1105.8</ele></trkpt>
      <trkpt lat="44.668930" lon="6.678000"><ele>1107.0</ele></trkpt>
      <trkpt lat="44.668960" lon="6.678190"><ele>1106.3</ele></trkpt>
      <trkpt lat="44.668940" lon="6.678920"><ele>1105.6</ele></trkpt>
      <trkpt lat="44.668960" lon="6.679120"><ele>1105.0</ele></trkpt>
      <trkpt lat="44.669020" lon="6.679430"><ele>1104.5</ele></trkpt>
      <trkpt lat="44.669080" lon="6.679650"><ele>1103.8</ele></trkpt>
      <trkpt lat="44.669280" lon="6.680030"><ele>1100.9</ele></trkpt>
      <trkpt lat="44.669380" lon="6.680180"><ele>1098.0</ele></trkpt>
      <trkpt lat="44.669520" lon="6.680330"><ele>1095.2</ele></trkpt>
      <trkpt lat="44.670550" lon="6.681210"><ele>1092.5</ele></trkpt>
      <trkpt lat="44.670620" lon="6.681260"><ele>1089.6</ele></trkpt>
      <trkpt lat="44.670740" lon="6.681370"><ele>1086.1</ele></trkpt>
      <trkpt lat="44.671030" lon="6.681570"><ele>1083.2</ele></trkpt>
      <trkpt lat="44.671130" lon="6.681610"><ele>1080.9</ele></trkpt>
      <trkpt lat="44.672100" lon="6.681900"><ele>1078.8</ele></trkpt>
      <trkpt lat="44.672190" lon="6.681980"><ele>1075.6</ele></trkpt>
      <trkpt lat="44.672280" lon="6.682120"><ele>1072.4</ele></trkpt>
      <trkpt lat="44.672300" lon="6.682170"><ele>1069.8</ele></trkpt>
      <trkpt lat="44.672330" lon="6.682220"><ele>1069.0</ele></trkpt>
      <trkpt lat="44.672350" lon="6.682270"><ele>1068.2</ele></trkpt>
      <trkpt lat="44.672440" lon="6.682410"><ele>1067.4</ele></trkpt>
      <trkpt lat="44.672620" lon="6.682630"><ele>1066.2</ele></trkpt>
      <trkpt lat="44.672690" lon="6.682760"><ele>1064.9</ele></trkpt>
      <trkpt lat="44.672710" lon="6.682810"><ele>1065.8</ele></trkpt>
      <trkpt lat="44.672730" lon="6.682910"><ele>1066.6</ele></trkpt>
      <trkpt lat="44.672780" lon="6.683050"><ele>1067.3</ele></trkpt>
      <trkpt lat="44.672810" lon="6.683090"><ele>1068.0</ele></trkpt>
      <trkpt lat="44.672830" lon="6.683130"><ele>1068.6</ele></trkpt>
      <trkpt lat="44.672890" lon="6.683200"><ele>1068.8</ele></trkpt>
      <trkpt lat="44.672950" lon="6.683250"><ele>1068.4</ele></trkpt>
      <trkpt lat="44.673120" lon="6.683420"><ele>1068.2</ele></trkpt>
      <trkpt lat="44.673350" lon="6.683700"><ele>1067.7</ele></trkpt>
      <trkpt lat="44.673590" lon="6.683940"><ele>1067.2</ele></trkpt>
      <trkpt lat="44.673700" lon="6.684130"><ele>1066.4</ele></trkpt>
      <trkpt lat="44.673740" lon="6.684180"><ele>1065.2</ele></trkpt>
      <trkpt lat="44.673860" lon="6.684270"><ele>1064.1</ele></trkpt>
      <trkpt lat="44.674030" lon="6.684350"><ele>1062.9</ele></trkpt>
      <trkpt lat="44.674250" lon="6.684490"><ele>1061.6</ele></trkpt>
      <trkpt lat="44.674290" lon="6.684530"><ele>1061.0</ele></trkpt>
      <trkpt lat="44.674400" lon="6.684670"><ele>1060.6</ele></trkpt>
      <trkpt lat="44.674490" lon="6.684820"><ele>1060.6</ele></trkpt>
      <trkpt lat="44.674530" lon="6.684910"><ele>1060.9</ele></trkpt>
      <trkpt lat="44.674550" lon="6.685020"><ele>1061.1</ele></trkpt>
      <trkpt lat="44.674550" lon="6.685120"><ele>1061.4</ele></trkpt>
      <trkpt lat="44.674530" lon="6.685240"><ele>1061.9</ele></trkpt>
      <trkpt lat="44.674510" lon="6.685290"><ele>1062.7</ele></trkpt>
      <trkpt lat="44.674280" lon="6.685690"><ele>1063.7</ele></trkpt>
      <trkpt lat="44.674240" lon="6.685820"><ele>1064.6</ele></trkpt>
      <trkpt lat="44.674070" lon="6.686580"><ele>1065.7</ele></trkpt>
      <trkpt lat="44.674060" lon="6.686660"><ele>1066.7</ele></trkpt>
      <trkpt lat="44.674060" lon="6.686730"><ele>1067.7</ele></trkpt>
      <trkpt lat="44.674050" lon="6.686810"><ele>1068.2</ele></trkpt>
      <trkpt lat="44.674060" lon="6.686890"><ele>1068.6</ele></trkpt>
      <trkpt lat="44.674060" lon="6.686970"><ele>1069.0</ele></trkpt>
      <trkpt lat="44.674100" lon="6.687200"><ele>1069.4</ele></trkpt>
      <trkpt lat="44.674190" lon="6.687520"><ele>1069.5</ele></trkpt>
      <trkpt lat="44.674250" lon="6.687850"><ele>1069.5</ele></trkpt>
      <trkpt lat="44.674330" lon="6.688160"><ele>1069.1</ele></trkpt>
      <trkpt lat="44.674700" lon="6.689140"><ele>1068.8</ele></trkpt>
      <trkpt lat="44.674920" lon="6.689370"><ele>1068.6</ele></trkpt>
      <trkpt lat="44.675020" lon="6.689520"><ele>1068.4</ele></trkpt>
      <trkpt lat="44.675220" lon="6.689880"><ele>1068.3</ele></trkpt>
      <trkpt lat="44.675300" lon="6.690240"><ele>1068.0</ele></trkpt>
      <trkpt lat="44.675360" lon="6.690670"><ele>1067.9</ele></trkpt>
      <trkpt lat="44.675480" lon="6.690970"><ele>1067.9</ele></trkpt>
      <trkpt lat="44.675530" lon="6.691140"><ele>1067.7</ele></trkpt>
      <trkpt lat="44.675570" lon="6.691460"><ele>1067.7</ele></trkpt>
      <trkpt lat="44.675550" lon="6.691810"><ele>1067.6</ele></trkpt>
      <trkpt lat="44.675560" lon="6.691900"><ele>1067.8</ele></trkpt>
      <trkpt lat="44.675590" lon="6.692020"><ele>1068.2</ele></trkpt>
      <trkpt lat="44.675640" lon="6.692120"><ele>1068.6</ele></trkpt>
      <trkpt lat="44.675700" lon="6.692210"><ele>1069.0</ele></trkpt>
      <trkpt lat="44.675790" lon="6.692320"><ele>1069.2</ele></trkpt>
      <trkpt lat="44.675890" lon="6.692470"><ele>1069.3</ele></trkpt>
      <trkpt lat="44.676090" lon="6.692870"><ele>1069.4</ele></trkpt>
      <trkpt lat="44.676290" lon="6.693140"><ele>1069.4</ele></trkpt>
      <trkpt lat="44.676400" lon="6.693240"><ele>1069.1</ele></trkpt>
      <trkpt lat="44.676460" lon="6.693310"><ele>1068.9</ele></trkpt>
      <trkpt lat="44.676510" lon="6.693400"><ele>1068.5</ele></trkpt>
      <trkpt lat="44.676580" lon="6.693560"><ele>1068.2</ele></trkpt>
      <trkpt lat="44.676630" lon="6.693720"><ele>1068.0</ele></trkpt>
      <trkpt lat="44.676690" lon="6.693810"><ele>1067.9</ele></trkpt>
      <trkpt lat="44.676740" lon="6.693870"><ele>1068.0</ele></trkpt>
      <trkpt lat="44.676830" lon="6.693920"><ele>1068.4</ele></trkpt>
      <trkpt lat="44.676890" lon="6.693920"><ele>1069.0</ele></trkpt>
      <trkpt lat="44.676940" lon="6.693900"><ele>1070.0</ele></trkpt>
      <trkpt lat="44.677030" lon="6.693840"><ele>1071.0</ele></trkpt>
      <trkpt lat="44.677140" lon="6.693790"><ele>1072.1</ele></trkpt>
      <trkpt lat="44.677220" lon="6.693790"><ele>1073.2</ele></trkpt>
      <trkpt lat="44.677300" lon="6.693840"><ele>1074.3</ele></trkpt>
      <trkpt lat="44.677430" lon="6.693970"><ele>1075.3</ele></trkpt>
      <trkpt lat="44.677650" lon="6.694230"><ele>1076.3</ele></trkpt>
      <trkpt lat="44.677860" lon="6.694540"><ele>1077.2</ele></trkpt>
      <trkpt lat="44.678020" lon="6.694830"><ele>1078.1</ele></trkpt>
      <trkpt lat="44.678080" lon="6.694910"><ele>1079.0</ele></trkpt>
      <trkpt lat="44.678140" lon="6.694970"><ele>1079.9</ele></trkpt>
      <trkpt lat="44.678260" lon="6.695020"><ele>1081.0</ele></trkpt>
      <trkpt lat="44.678300" lon="6.695020"><ele>1082.1</ele></trkpt>
      <trkpt lat="44.678450" lon="6.695050"><ele>1083.2</ele></trkpt>
      <trkpt lat="44.678660" lon="6.695060"><ele>1084.3</ele></trkpt>
      <trkpt lat="44.678820" lon="6.695110"><ele>1084.9</ele></trkpt>
      <trkpt lat="44.678980" lon="6.695240"><ele>1084.2</ele></trkpt>
      <trkpt lat="44.679130" lon="6.695380"><ele>1083.6</ele></trkpt>
      <trkpt lat="44.679350" lon="6.695500"><ele>1083.2</ele></trkpt>
      <trkpt lat="44.679590" lon="6.695550"><ele>1083.0</ele></trkpt>
      <trkpt lat="44.679870" lon="6.695590"><ele>1083.1</ele></trkpt>
      <trkpt lat="44.680150" lon="6.695660"><ele>1083.2</ele></trkpt>
      <trkpt lat="44.680360" lon="6.695750"><ele>1083.5</ele></trkpt>
      <trkpt lat="44.680700" lon="6.696010"><ele>1084.0</ele></trkpt>
      <trkpt lat="44.681250" lon="6.696770"><ele>1084.7</ele></trkpt>
      <trkpt lat="44.681780" lon="6.697240"><ele>1085.6</ele></trkpt>
      <trkpt lat="44.681920" lon="6.697330"><ele>1086.8</ele></trkpt>
      <trkpt lat="44.682050" lon="6.697360"><ele>1087.8</ele></trkpt>
      <trkpt lat="44.682210" lon="6.697340"><ele>1088.3</ele></trkpt>
      <trkpt lat="44.682420" lon="6.697290"><ele>1088.5</ele></trkpt>
      <trkpt lat="44.682580" lon="6.697270"><ele>1088.7</ele></trkpt>
      <trkpt lat="44.682920" lon="6.697290"><ele>1088.9</ele></trkpt>
      <trkpt lat="44.683470" lon="6.697390"><ele>1089.2</ele></trkpt>
      <trkpt lat="44.683680" lon="6.697460"><ele>1090.8</ele></trkpt>
      <trkpt lat="44.683870" lon="6.697550"><ele>1093.1</ele></trkpt>
      <trkpt lat="44.684040" lon="6.697690"><ele>1095.5</ele></trkpt>
      <trkpt lat="44.684160" lon="6.697840"><ele>1097.6</ele></trkpt>
      <trkpt lat="44.684340" lon="6.698030"><ele>1099.4</ele></trkpt>
      <trkpt lat="44.684460" lon="6.698090"><ele>1101.5</ele></trkpt>
      <trkpt lat="44.684600" lon="6.698130"><ele>1102.3</ele></trkpt>
      <trkpt lat="44.684830" lon="6.698150"><ele>1103.3</ele></trkpt>
      <trkpt lat="44.685100" lon="6.698150"><ele>1104.0</ele></trkpt>
      <trkpt lat="44.685680" lon="6.698190"><ele>1104.9</ele></trkpt>
      <trkpt lat="44.686070" lon="6.698240"><ele>1105.8</ele></trkpt>
      <trkpt lat="44.686550" lon="6.698370"><ele>1106.8</ele></trkpt>
      <trkpt lat="44.687030" lon="6.698650"><ele>1108.2</ele></trkpt>
      <trkpt lat="44.688470" lon="6.699700"><ele>1109.8</ele></trkpt>
      <trkpt lat="44.691560" lon="6.702350"><ele>1111.4</ele></trkpt>
      <trkpt lat="44.691790" lon="6.702580"><ele>1112.9</ele></trkpt>
      <trkpt lat="44.692000" lon="6.702820"><ele>1114.4</ele></trkpt>
      <trkpt lat="44.692240" lon="6.703170"><ele>1116.6</ele></trkpt>
      <trkpt lat="44.692790" lon="6.704210"><ele>1117.8</ele></trkpt>
      <trkpt lat="44.692980" lon="6.704490"><ele>1118.7</ele></trkpt>
      <trkpt lat="44.693130" lon="6.704670"><ele>1119.8</ele></trkpt>
      <trkpt lat="44.693330" lon="6.704860"><ele>1121.0</ele></trkpt>
      <trkpt lat="44.693700" lon="6.705140"><ele>1123.4</ele></trkpt>
      <trkpt lat="44.694230" lon="6.705430"><ele>1127.0</ele></trkpt>
      <trkpt lat="44.694290" lon="6.705470"><ele>1130.4</ele></trkpt>
      <trkpt lat="44.695360" lon="6.706000"><ele>1133.4</ele></trkpt>
      <trkpt lat="44.695630" lon="6.706180"><ele>1135.9</ele></trkpt>
      <trkpt lat="44.695850" lon="6.706350"><ele>1137.8</ele></trkpt>
      <trkpt lat="44.697900" lon="6.708650"><ele>1139.8</ele></trkpt>
      <trkpt lat="44.698140" lon="6.708960"><ele>1142.0</ele></trkpt>
      <trkpt lat="44.699700" lon="6.711610"><ele>1144.1</ele></trkpt>
      <trkpt lat="44.699820" lon="6.711870"><ele>1146.3</ele></trkpt>
      <trkpt lat="44.699960" lon="6.712240"><ele>1148.7</ele></trkpt>
      <trkpt lat="44.700060" lon="6.712610"><ele>1151.2</ele></trkpt>
      <trkpt lat="44.700260" lon="6.713190"><ele>1152.9</ele></trkpt>
      <trkpt lat="44.700920" lon="6.714670"><ele>1154.4</ele></trkpt>
      <trkpt lat="44.701050" lon="6.715080"><ele>1155.8</ele></trkpt>
      <trkpt lat="44.701180" lon="6.715430"><ele>1157.0</ele></trkpt>
      <trkpt lat="44.701290" lon="6.715650"><ele>1158.4</ele></trkpt>
      <trkpt lat="44.701380" lon="6.715790"><ele>1158.4</ele></trkpt>
      <trkpt lat="44.701670" lon="6.716120"><ele>1158.7</ele></trkpt>
      <trkpt lat="44.702190" lon="6.716600"><ele>1159.4</ele></trkpt>
      <trkpt lat="44.702330" lon="6.716750"><ele>1160.9</ele></trkpt>
      <trkpt lat="44.702460" lon="6.716970"><ele>1163.2</ele></trkpt>
      <trkpt lat="44.702550" lon="6.717160"><ele>1165.7</ele></trkpt>
      <trkpt lat="44.702880" lon="6.718080"><ele>1168.1</ele></trkpt>
      <trkpt lat="44.703000" lon="6.718330"><ele>1170.4</ele></trkpt>
      <trkpt lat="44.703120" lon="6.718520"><ele>1172.4</ele></trkpt>
      <trkpt lat="44.703320" lon="6.718750"><ele>1173.8</ele></trkpt>
      <trkpt lat="44.703600" lon="6.718940"><ele>1174.3</ele></trkpt>
      <trkpt lat="44.704400" lon="6.719360"><ele>1174.8</ele></trkpt>
      <trkpt lat="44.704740" lon="6.719620"><ele>1175.4</ele></trkpt>
      <trkpt lat="44.704890" lon="6.719820"><ele>1176.2</ele></trkpt>
      <trkpt lat="44.704980" lon="6.719970"><ele>1177.0</ele></trkpt>
      <trkpt lat="44.705080" lon="6.720210"><ele>1178.1</ele></trkpt>
      <trkpt lat="44.705170" lon="6.720530"><ele>1179.2</ele></trkpt>
      <trkpt lat="44.705240" lon="6.721030"><ele>1180.3</ele></trkpt>
      <trkpt lat="44.705250" lon="6.722290"><ele>1181.1</ele></trkpt>
      <trkpt lat="44.705270" lon="6.722730"><ele>1181.4</ele></trkpt>
      <trkpt lat="44.705310" lon="6.722990"><ele>1181.5</ele></trkpt>
      <trkpt lat="44.705340" lon="6.723120"><ele>1181.0</ele></trkpt>
      <trkpt lat="44.705340" lon="6.723130"><ele>1180.6</ele></trkpt>
      <trkpt lat="44.705550" lon="6.723770"><ele>1180.5</ele></trkpt>
      <trkpt lat="44.705670" lon="6.724020"><ele>1180.4</ele></trkpt>
      <trkpt lat="44.705900" lon="6.724400"><ele>1180.5</ele></trkpt>
      <trkpt lat="44.706300" lon="6.724980"><ele>1180.8</ele></trkpt>
      <trkpt lat="44.706500" lon="6.725350"><ele>1181.8</ele></trkpt>
      <trkpt lat="44.708240" lon="6.729010"><ele>1182.9</ele></trkpt>
      <trkpt lat="44.708440" lon="6.729480"><ele>1184.1</ele></trkpt>
      <trkpt lat="44.708740" lon="6.730320"><ele>1185.2</ele></trkpt>
      <trkpt lat="44.708990" lon="6.731300"><ele>1186.4</ele></trkpt>
      <trkpt lat="44.709040" lon="6.731560"><ele>1187.3</ele></trkpt>
      <trkpt lat="44.709050" lon="6.731940"><ele>1188.0</ele></trkpt>
      <trkpt lat="44.708980" lon="6.732440"><ele>1188.6</ele></trkpt>
      <trkpt lat="44.708900" lon="6.732720"><ele>1189.4</ele></trkpt>
      <trkpt lat="44.708500" lon="6.733650"><ele>1190.3</ele></trkpt>
      <trkpt lat="44.708420" lon="6.733890"><ele>1191.0</ele></trkpt>
      <trkpt lat="44.708330" lon="6.734250"><ele>1192.0</ele></trkpt>
      <trkpt lat="44.708270" lon="6.734730"><ele>1193.9</ele></trkpt>
      <trkpt lat="44.708260" lon="6.734950"><ele>1195.7</ele></trkpt>
      <trkpt lat="44.708270" lon="6.735230"><ele>1197.6</ele></trkpt>
      <trkpt lat="44.708310" lon="6.735670"><ele>1199.6</ele></trkpt>
      <trkpt lat="44.708390" lon="6.736080"><ele>1201.9</ele></trkpt>
      <trkpt lat="44.708470" lon="6.736380"><ele>1204.5</ele></trkpt>
      <trkpt lat="44.708590" lon="6.736720"><ele>1206.8</ele></trkpt>
      <trkpt lat="44.708750" lon="6.737070"><ele>1208.9</ele></trkpt>
      <trkpt lat="44.710660" lon="6.740840"><ele>1210.9</ele></trkpt>
      <trkpt lat="44.710910" lon="6.741270"><ele>1212.8</ele></trkpt>
      <trkpt lat="44.711140" lon="6.741540"><ele>1214.8</ele></trkpt>
      <trkpt lat="44.711380" lon="6.741790"><ele>1216.8</ele></trkpt>
      <trkpt lat="44.711660" lon="6.742040"><ele>1218.1</ele></trkpt>
      <trkpt lat="44.711820" lon="6.742250"><ele>1219.0</ele></trkpt>
      <trkpt lat="44.711950" lon="6.742560"><ele>1219.8</ele></trkpt>
      <trkpt lat="44.712060" lon="6.743040"><ele>1220.5</ele></trkpt>
      <trkpt lat="44.712070" lon="6.743200"><ele>1221.2</ele></trkpt>
      <trkpt lat="44.712180" lon="6.743720"><ele>1221.1</ele></trkpt>
      <trkpt lat="44.712230" lon="6.743870"><ele>1220.7</ele></trkpt>
      <trkpt lat="44.712840" lon="6.745140"><ele>1220.3</ele></trkpt>
      <trkpt lat="44.714890" lon="6.749130"><ele>1220.1</ele></trkpt>
      <trkpt lat="44.715150" lon="6.749760"><ele>1219.8</ele></trkpt>
      <trkpt lat="44.715270" lon="6.750130"><ele>1219.6</ele></trkpt>
      <trkpt lat="44.715430" lon="6.750730"><ele>1219.2</ele></trkpt>
      <trkpt lat="44.715560" lon="6.751480"><ele>1219.2</ele></trkpt>
      <trkpt lat="44.715630" lon="6.752160"><ele>1219.4</ele></trkpt>
      <trkpt lat="44.715840" lon="6.755790"><ele>1219.7</ele></trkpt>
      <trkpt lat="44.715880" lon="6.756120"><ele>1220.3</ele></trkpt>
      <trkpt lat="44.715940" lon="6.756460"><ele>1220.8</ele></trkpt>
      <trkpt lat="44.716010" lon="6.756750"><ele>1221.7</ele></trkpt>
      <trkpt lat="44.716230" lon="6.757380"><ele>1222.6</ele></trkpt>
      <trkpt lat="44.717330" lon="6.759800"><ele>1223.3</ele></trkpt>
      <trkpt lat="44.717450" lon="6.760030"><ele>1223.9</ele></trkpt>
      <trkpt lat="44.717540" lon="6.760160"><ele>1224.4</ele></trkpt>
      <trkpt lat="44.717590" lon="6.760250"><ele>1226.0</ele></trkpt>
      <trkpt lat="44.717780" lon="6.760490"><ele>1228.4</ele></trkpt>
      <trkpt lat="44.718200" lon="6.760910"><ele>1230.7</ele></trkpt>
      <trkpt lat="44.718420" lon="6.761080"><ele>1232.9</ele></trkpt>
      <trkpt lat="44.718870" lon="6.761300"><ele>1235.1</ele></trkpt>
      <trkpt lat="44.719240" lon="6.761450"><ele>1237.0</ele></trkpt>
      <trkpt lat="44.719280" lon="6.761460"><ele>1239.3</ele></trkpt>
      <trkpt lat="44.719310" lon="6.761480"><ele>1241.5</ele></trkpt>
      <trkpt lat="44.720980" lon="6.762090"><ele>1244.1</ele></trkpt>
      <trkpt lat="44.721920" lon="6.762480"><ele>1246.3</ele></trkpt>
      <trkpt lat="44.722140" lon="6.762540"><ele>1247.9</ele></trkpt>
      <trkpt lat="44.722310" lon="6.762550"><ele>1249.4</ele></trkpt>
      <trkpt lat="44.722580" lon="6.762540"><ele>1251.3</ele></trkpt>
      <trkpt lat="44.723210" lon="6.762480"><ele>1253.8</ele></trkpt>
      <trkpt lat="44.723560" lon="6.762470"><ele>1257.9</ele></trkpt>
      <trkpt lat="44.723780" lon="6.762490"><ele>1262.4</ele></trkpt>
      <trkpt lat="44.724150" lon="6.762620"><ele>1267.4</ele></trkpt>
      <trkpt lat="44.724540" lon="6.762940"><ele>1270.3</ele></trkpt>
      <trkpt lat="44.724770" lon="6.763180"><ele>1272.5</ele></trkpt>
      <trkpt lat="44.725010" lon="6.763370"><ele>1274.6</ele></trkpt>
      <trkpt lat="44.725240" lon="6.763520"><ele>1275.9</ele></trkpt>
      <trkpt lat="44.725410" lon="6.763610"><ele>1277.2</ele></trkpt>
      <trkpt lat="44.726400" lon="6.764000"><ele>1278.6</ele></trkpt>
      <trkpt lat="44.726580" lon="6.764060"><ele>1279.9</ele></trkpt>
      <trkpt lat="44.726840" lon="6.764110"><ele>1281.0</ele></trkpt>
      <trkpt lat="44.727850" lon="6.764240"><ele>1281.5</ele></trkpt>
      <trkpt lat="44.728070" lon="6.764240"><ele>1282.3</ele></trkpt>
      <trkpt lat="44.728300" lon="6.764200"><ele>1283.5</ele></trkpt>
      <trkpt lat="44.728830" lon="6.764020"><ele>1285.0</ele></trkpt>
      <trkpt lat="44.728930" lon="6.764000"><ele>1286.5</ele></trkpt>
      <trkpt lat="44.729040" lon="6.764000"><ele>1287.6</ele></trkpt>
      <trkpt lat="44.729140" lon="6.764010"><ele>1287.5</ele></trkpt>
      <trkpt lat="44.729230" lon="6.764030"><ele>1286.8</ele></trkpt>
      <trkpt lat="44.729320" lon="6.764040"><ele>1285.4</ele></trkpt>
      <trkpt lat="44.729410" lon="6.764080"><ele>1284.7</ele></trkpt>
      <trkpt lat="44.729500" lon="6.764100"><ele>1284.0</ele></trkpt>
      <trkpt lat="44.729700" lon="6.764210"><ele>1283.5</ele></trkpt>
      <trkpt lat="44.729960" lon="6.764420"><ele>1283.5</ele></trkpt>
      <trkpt lat="44.730030" lon="6.764490"><ele>1283.5</ele></trkpt>
      <trkpt lat="44.730220" lon="6.764730"><ele>1283.1</ele></trkpt>
      <trkpt lat="44.730740" lon="6.765570"><ele>1282.6</ele></trkpt>
      <trkpt lat="44.731230" lon="6.766570"><ele>1281.5</ele></trkpt>
      <trkpt lat="44.731350" lon="6.766740"><ele>1280.6</ele></trkpt>
      <trkpt lat="44.731460" lon="6.766870"><ele>1279.8</ele></trkpt>
      <trkpt lat="44.731540" lon="6.766940"><ele>1279.3</ele></trkpt>
      <trkpt lat="44.731760" lon="6.767050"><ele>1279.6</ele></trkpt>
      <trkpt lat="44.731870" lon="6.767080"><ele>1279.8</ele></trkpt>
      <trkpt lat="44.732770" lon="6.767210"><ele>1279.5</ele></trkpt>
      <trkpt lat="44.733190" lon="6.767330"><ele>1279.2</ele></trkpt>
      <trkpt lat="44.734910" lon="6.768070"><ele>1279.0</ele></trkpt>
      <trkpt lat="44.735180" lon="6.768160"><ele>1279.2</ele></trkpt>
      <trkpt lat="44.735320" lon="6.768190"><ele>1279.3</ele></trkpt>
      <trkpt lat="44.735540" lon="6.768220"><ele>1279.5</ele></trkpt>
      <trkpt lat="44.736500" lon="6.768280"><ele>1279.8</ele></trkpt>
      <trkpt lat="44.736900" lon="6.768360"><ele>1280.2</ele></trkpt>
      <trkpt lat="44.737670" lon="6.768550"><ele>1280.8</ele></trkpt>
      <trkpt lat="44.737780" lon="6.768560"><ele>1282.0</ele></trkpt>
      <trkpt lat="44.737810" lon="6.768570"><ele>1283.5</ele></trkpt>
      <trkpt lat="44.737890" lon="6.768570"><ele>1285.6</ele></trkpt>
      <trkpt lat="44.737990" lon="6.768550"><ele>1287.6</ele></trkpt>
      <trkpt lat="44.738070" lon="6.768500"><ele>1289.6</ele></trkpt>
      <trkpt lat="44.738170" lon="6.768420"><ele>1291.5</ele></trkpt>
      <trkpt lat="44.738210" lon="6.768380"><ele>1292.5</ele></trkpt>
      <trkpt lat="44.738480" lon="6.768050"><ele>1293.4</ele></trkpt>
      <trkpt lat="44.738850" lon="6.767550"><ele>1295.1</ele></trkpt>
      <trkpt lat="44.739470" lon="6.766880"><ele>1297.3</ele></trkpt>
      <trkpt lat="44.739550" lon="6.766810"><ele>1299.5</ele></trkpt>
      <trkpt lat="44.739730" lon="6.766680"><ele>1301.8</ele></trkpt>
      <trkpt lat="44.739900" lon="6.766630"><ele>1304.1</ele></trkpt>
      <trkpt lat="44.739990" lon="6.766620"><ele>1306.4</ele></trkpt>
      <trkpt lat="44.740290" lon="6.766650"><ele>1308.6</ele></trkpt>
      <trkpt lat="44.740400" lon="6.766650"><ele>1310.5</ele></trkpt>
      <trkpt lat="44.740540" lon="6.766620"><ele>1312.2</ele></trkpt>
      <trkpt lat="44.740990" lon="6.766420"><ele>1313.8</ele></trkpt>
      <trkpt lat="44.741080" lon="6.766390"><ele>1315.5</ele></trkpt>
      <trkpt lat="44.741250" lon="6.766360"><ele>1317.4</ele></trkpt>
      <trkpt lat="44.741290" lon="6.766360"><ele>1319.5</ele></trkpt>
      <trkpt lat="44.741460" lon="6.766400"><ele>1321.6</ele></trkpt>
      <trkpt lat="44.741550" lon="6.766430"><ele>1324.0</ele></trkpt>
      <trkpt lat="44.741900" lon="6.766610"><ele>1326.3</ele></trkpt>
      <trkpt lat="44.742000" lon="6.766650"><ele>1328.4</ele></trkpt>
      <trkpt lat="44.742510" lon="6.766780"><ele>1330.3</ele></trkpt>
      <trkpt lat="44.742650" lon="6.766840"><ele>1331.7</ele></trkpt>
      <trkpt lat="44.742750" lon="6.766910"><ele>1333.1</ele></trkpt>
      <trkpt lat="44.742900" lon="6.767060"><ele>1334.4</ele></trkpt>
      <trkpt lat="44.742960" lon="6.767150"><ele>1335.9</ele></trkpt>
      <trkpt lat="44.743120" lon="6.767330"><ele>1337.5</ele></trkpt>
      <trkpt lat="44.743170" lon="6.767360"><ele>1339.4</ele></trkpt>
      <trkpt lat="44.743290" lon="6.767410"><ele>1341.6</ele></trkpt>
      <trkpt lat="44.743520" lon="6.767450"><ele>1343.9</ele></trkpt>
      <trkpt lat="44.743580" lon="6.767470"><ele>1345.9</ele></trkpt>
      <trkpt lat="44.743620" lon="6.767490"><ele>1347.8</ele></trkpt>
      <trkpt lat="44.743730" lon="6.767590"><ele>1349.4</ele></trkpt>
      <trkpt lat="44.743790" lon="6.767700"><ele>1350.6</ele></trkpt>
      <trkpt lat="44.743800" lon="6.767750"><ele>1351.5</ele></trkpt>
      <trkpt lat="44.743890" lon="6.768020"><ele>1352.1</ele></trkpt>
      <trkpt lat="44.743920" lon="6.768060"><ele>1352.5</ele></trkpt>
      <trkpt lat="44.743930" lon="6.768090"><ele>1352.8</ele></trkpt>
      <trkpt lat="44.743950" lon="6.768110"><ele>1353.1</ele></trkpt>
      <trkpt lat="44.744000" lon="6.768140"><ele>1353.1</ele></trkpt>
      <trkpt lat="44.744050" lon="6.768140"><ele>1353.1</ele></trkpt>
      <trkpt lat="44.744100" lon="6.768120"><ele>1352.8</ele></trkpt>
      <trkpt lat="44.744110" lon="6.768100"><ele>1352.4</ele></trkpt>
      <trkpt lat="44.744130" lon="6.768080"><ele>1351.9</ele></trkpt>
      <trkpt lat="44.744160" lon="6.768010"><ele>1351.0</ele></trkpt>
      <trkpt lat="44.744160" lon="6.767910"><ele>1350.1</ele></trkpt>
      <trkpt lat="44.744150" lon="6.767830"><ele>1349.2</ele></trkpt>
      <trkpt lat="44.744100" lon="6.767610"><ele>1348.3</ele></trkpt>
      <trkpt lat="44.744100" lon="6.767510"><ele>1347.4</ele></trkpt>
      <trkpt lat="44.744130" lon="6.767380"><ele>1346.6</ele></trkpt>
      <trkpt lat="44.744180" lon="6.767270"><ele>1345.9</ele></trkpt>
      <trkpt lat="44.744230" lon="6.767200"><ele>1345.4</ele></trkpt>
      <trkpt lat="44.744300" lon="6.767160"><ele>1345.0</ele></trkpt>
      <trkpt lat="44.744320" lon="6.767140"><ele>1344.9</ele></trkpt>
      <trkpt lat="44.744350" lon="6.767130"><ele>1344.9</ele></trkpt>
      <trkpt lat="44.744390" lon="6.767140"><ele>1345.2</ele></trkpt>
      <trkpt lat="44.744420" lon="6.767140"><ele>1346.0</ele></trkpt>
      <trkpt lat="44.744450" lon="6.767150"><ele>1347.1</ele></trkpt>
      <trkpt lat="44.744480" lon="6.767170"><ele>1348.3</ele></trkpt>
      <trkpt lat="44.744530" lon="6.767250"><ele>1349.6</ele></trkpt>
      <trkpt lat="44.744560" lon="6.767380"><ele>1350.8</ele></trkpt>
      <trkpt lat="44.744560" lon="6.767520"><ele>1351.9</ele></trkpt>
      <trkpt lat="44.744540" lon="6.767620"><ele>1353.0</ele></trkpt>
      <trkpt lat="44.744350" lon="6.768200"><ele>1353.9</ele></trkpt>
      <trkpt lat="44.744300" lon="6.768500"><ele>1354.7</ele></trkpt>
      <trkpt lat="44.744300" lon="6.768660"><ele>1355.7</ele></trkpt>
      <trkpt lat="44.744350" lon="6.769100"><ele>1356.7</ele></trkpt>
      <trkpt lat="44.744400" lon="6.769360"><ele>1357.7</ele></trkpt>
      <trkpt lat="44.744470" lon="6.769540"><ele>1358.5</ele></trkpt>
      <trkpt lat="44.744530" lon="6.769640"><ele>1359.3</ele></trkpt>
      <trkpt lat="44.744620" lon="6.769730"><ele>1360.0</ele></trkpt>
      <trkpt lat="44.744900" lon="6.769910"><ele>1360.8</ele></trkpt>
      <trkpt lat="44.745070" lon="6.769980"><ele>1361.3</ele></trkpt>
      <trkpt lat="44.745370" lon="6.770030"><ele>1361.5</ele></trkpt>
      <trkpt lat="44.745390" lon="6.770040"><ele>1361.5</ele></trkpt>
      <trkpt lat="44.745440" lon="6.770050"><ele>1361.5</ele></trkpt>
      <trkpt lat="44.745780" lon="6.770230"><ele>1361.4</ele></trkpt>
      <trkpt lat="44.745830" lon="6.770240"><ele>1361.4</ele></trkpt>
      <trkpt lat="44.746210" lon="6.770360"><ele>1361.5</ele></trkpt>
      <trkpt lat="44.746500" lon="6.770490"><ele>1361.8</ele></trkpt>
      <trkpt lat="44.746610" lon="6.770570"><ele>1362.5</ele></trkpt>
      <trkpt lat="44.746810" lon="6.770760"><ele>1363.3</ele></trkpt>
      <trkpt lat="44.747090" lon="6.771100"><ele>1364.1</ele></trkpt>
      <trkpt lat="44.747340" lon="6.771440"><ele>1365.0</ele></trkpt>
      <trkpt lat="44.747390" lon="6.771550"><ele>1366.2</ele></trkpt>
      <trkpt lat="44.747690" lon="6.772070"><ele>1367.3</ele></trkpt>
      <trkpt lat="44.747710" lon="6.772090"><ele>1368.2</ele></trkpt>
      <trkpt lat="44.748080" lon="6.772610"><ele>1369.1</ele></trkpt>
      <trkpt lat="44.748120" lon="6.772540"><ele>1369.8</ele></trkpt>
      <trkpt lat="44.748140" lon="6.772490"><ele>1370.4</ele></trkpt>
      <trkpt lat="44.748160" lon="6.772380"><ele>1370.9</ele></trkpt>
      <trkpt lat="44.748170" lon="6.772360"><ele>1371.5</ele></trkpt>
      <trkpt lat="44.748160" lon="6.772190"><ele>1372.2</ele></trkpt>
      <trkpt lat="44.748120" lon="6.772100"><ele>1373.1</ele></trkpt>
      <trkpt lat="44.747890" lon="6.771720"><ele>1373.9</ele></trkpt>
      <trkpt lat="44.747740" lon="6.771360"><ele>1374.8</ele></trkpt>
      <trkpt lat="44.747660" lon="6.771260"><ele>1375.6</ele></trkpt>
      <trkpt lat="44.747490" lon="6.771080"><ele>1376.2</ele></trkpt>
      <trkpt lat="44.747460" lon="6.771040"><ele>1376.9</ele></trkpt>
      <trkpt lat="44.747390" lon="6.770910"><ele>1377.5</ele></trkpt>
      <trkpt lat="44.747270" lon="6.770620"><ele>1378.0</ele></trkpt>
      <trkpt lat="44.747090" lon="6.770290"><ele>1378.2</ele></trkpt>
      <trkpt lat="44.747090" lon="6.770240"><ele>1378.3</ele></trkpt>
      <trkpt lat="44.747080" lon="6.770170"><ele>1378.5</ele></trkpt>
      <trkpt lat="44.747080" lon="6.770080"><ele>1378.6</ele></trkpt>
      <trkpt lat="44.747100" lon="6.770040"><ele>1378.8</ele></trkpt>
      <trkpt lat="44.747420" lon="6.769590"><ele>1379.2</ele></trkpt>
      <trkpt lat="44.747620" lon="6.769250"><ele>1379.7</ele></trkpt>
      <trkpt lat="44.747770" lon="6.768870"><ele>1380.3</ele></trkpt>
      <trkpt lat="44.747810" lon="6.768700"><ele>1381.2</ele></trkpt>
      <trkpt lat="44.747920" lon="6.767940"><ele>1382.0</ele></trkpt>
      <trkpt lat="44.748140" lon="6.766950"><ele>1383.0</ele></trkpt>
      <trkpt lat="44.748180" lon="6.766840"><ele>1384.2</ele></trkpt>
      <trkpt lat="44.748240" lon="6.766780"><ele>1385.3</ele></trkpt>
      <trkpt lat="44.748260" lon="6.766750"><ele>1386.5</ele></trkpt>
      <trkpt lat="44.748330" lon="6.766720"><ele>1387.5</ele></trkpt>
      <trkpt lat="44.748490" lon="6.766730"><ele>1388.9</ele></trkpt>
      <trkpt lat="44.748800" lon="6.766790"><ele>1390.5</ele></trkpt>
      <trkpt lat="44.748930" lon="6.766790"><ele>1392.4</ele></trkpt>
      <trkpt lat="44.749130" lon="6.766740"><ele>1394.4</ele></trkpt>
      <trkpt lat="44.749290" lon="6.766630"><ele>1396.6</ele></trkpt>
      <trkpt lat="44.749380" lon="6.766550"><ele>1398.7</ele></trkpt>
      <trkpt lat="44.749500" lon="6.766470"><ele>1400.6</ele></trkpt>
      <trkpt lat="44.749560" lon="6.766440"><ele>1402.3</ele></trkpt>
      <trkpt lat="44.749790" lon="6.766390"><ele>1403.8</ele></trkpt>
      <trkpt lat="44.749920" lon="6.766350"><ele>1405.3</ele></trkpt>
      <trkpt lat="44.750060" lon="6.766250"><ele>1406.5</ele></trkpt>
      <trkpt lat="44.750100" lon="6.766210"><ele>1408.1</ele></trkpt>
      <trkpt lat="44.750140" lon="6.766140"><ele>1409.5</ele></trkpt>
      <trkpt lat="44.750170" lon="6.766030"><ele>1410.5</ele></trkpt>
      <trkpt lat="44.750200" lon="6.765810"><ele>1411.5</ele></trkpt>
      <trkpt lat="44.750240" lon="6.765640"><ele>1412.4</ele></trkpt>
      <trkpt lat="44.750370" lon="6.765300"><ele>1413.3</ele></trkpt>
      <trkpt lat="44.750490" lon="6.765050"><ele>1413.8</ele></trkpt>
      <trkpt lat="44.750640" lon="6.764800"><ele>1413.9</ele></trkpt>
      <trkpt lat="44.751090" lon="6.763840"><ele>1413.6</ele></trkpt>
      <trkpt lat="44.751210" lon="6.763360"><ele>1413.2</ele></trkpt>
      <trkpt lat="44.751240" lon="6.763140"><ele>1413.0</ele></trkpt>
      <trkpt lat="44.751280" lon="6.763010"><ele>1413.4</ele></trkpt>
      <trkpt lat="44.751320" lon="6.762940"><ele>1414.1</ele></trkpt>
      <trkpt lat="44.751430" lon="6.762800"><ele>1414.9</ele></trkpt>
      <trkpt lat="44.751460" lon="6.762750"><ele>1416.0</ele></trkpt>
      <trkpt lat="44.751580" lon="6.762390"><ele>1417.1</ele></trkpt>
      <trkpt lat="44.751660" lon="6.762240"><ele>1417.9</ele></trkpt>
      <trkpt lat="44.751850" lon="6.762030"><ele>1418.1</ele></trkpt>
      <trkpt lat="44.751960" lon="6.761950"><ele>1418.3</ele></trkpt>
      <trkpt lat="44.752350" lon="6.761740"><ele>1418.8</ele></trkpt>
      <trkpt lat="44.752410" lon="6.761680"><ele>1419.3</ele></trkpt>
      <trkpt lat="44.752430" lon="6.761640"><ele>1419.9</ele></trkpt>
      <trkpt lat="44.752450" lon="6.761620"><ele>1420.5</ele></trkpt>
      <trkpt lat="44.752480" lon="6.761540"><ele>1421.0</ele></trkpt>
      <trkpt lat="44.752550" lon="6.761030"><ele>1421.7</ele></trkpt>
      <trkpt lat="44.752600" lon="6.760790"><ele>1422.6</ele></trkpt>
      <trkpt lat="44.752630" lon="6.760710"><ele>1423.4</ele></trkpt>
      <trkpt lat="44.752660" lon="6.760660"><ele>1424.1</ele></trkpt>
      <trkpt lat="44.752670" lon="6.760630"><ele>1424.5</ele></trkpt>
      <trkpt lat="44.752840" lon="6.760380"><ele>1424.9</ele></trkpt>
      <trkpt lat="44.752870" lon="6.760320"><ele>1425.5</ele></trkpt>
      <trkpt lat="44.752950" lon="6.760030"><ele>1426.2</ele></trkpt>
      <trkpt lat="44.752970" lon="6.760000"><ele>1426.9</ele></trkpt>
      <trkpt lat="44.752980" lon="6.759960"><ele>1427.8</ele></trkpt>
      <trkpt lat="44.753000" lon="6.759940"><ele>1428.7</ele></trkpt>
      <trkpt lat="44.753010" lon="6.759910"><ele>1429.7</ele></trkpt>
      <trkpt lat="44.753170" lon="6.759710"><ele>1430.8</ele></trkpt>
      <trkpt lat="44.753320" lon="6.759460"><ele>1432.4</ele></trkpt>
      <trkpt lat="44.753390" lon="6.759320"><ele>1433.9</ele></trkpt>
      <trkpt lat="44.753460" lon="6.759100"><ele>1435.4</ele></trkpt>
      <trkpt lat="44.753570" lon="6.758440"><ele>1437.0</ele></trkpt>
      <trkpt lat="44.753580" lon="6.758320"><ele>1438.7</ele></trkpt>
      <trkpt lat="44.753620" lon="6.758180"><ele>1440.1</ele></trkpt>
      <trkpt lat="44.753650" lon="6.758120"><ele>1441.5</ele></trkpt>
      <trkpt lat="44.753710" lon="6.758040"><ele>1443.9</ele></trkpt>
      <trkpt lat="44.753950" lon="6.757910"><ele>1446.2</ele></trkpt>
      <trkpt lat="44.753990" lon="6.757880"><ele>1448.3</ele></trkpt>
      <trkpt lat="44.754030" lon="6.757840"><ele>1450.1</ele></trkpt>
      <trkpt lat="44.754080" lon="6.757760"><ele>1451.8</ele></trkpt>
      <trkpt lat="44.754100" lon="6.757680"><ele>1453.4</ele></trkpt>
      <trkpt lat="44.754160" lon="6.757050"><ele>1455.0</ele></trkpt>
      <trkpt lat="44.754260" lon="6.756700"><ele>1456.6</ele></trkpt>
      <trkpt lat="44.754660" lon="6.755760"><ele>1458.3</ele></trkpt>
      <trkpt lat="44.754690" lon="6.755630"><ele>1460.0</ele></trkpt>
      <trkpt lat="44.754700" lon="6.755550"><ele>1461.3</ele></trkpt>
      <trkpt lat="44.754690" lon="6.755010"><ele>1462.5</ele></trkpt>
      <trkpt lat="44.754700" lon="6.754940"><ele>1463.7</ele></trkpt>
      <trkpt lat="44.754700" lon="6.754860"><ele>1465.2</ele></trkpt>
      <trkpt lat="44.754730" lon="6.754650"><ele>1466.7</ele></trkpt>
      <trkpt lat="44.754790" lon="6.754460"><ele>1468.6</ele></trkpt>
      <trkpt lat="44.755180" lon="6.753460"><ele>1470.6</ele></trkpt>
      <trkpt lat="44.755310" lon="6.753180"><ele>1471.7</ele></trkpt>
      <trkpt lat="44.755440" lon="6.752980"><ele>1472.7</ele></trkpt>
      <trkpt lat="44.755460" lon="6.752930"><ele>1473.8</ele></trkpt>
      <trkpt lat="44.755620" lon="6.752750"><ele>1475.1</ele></trkpt>
      <trkpt lat="44.755830" lon="6.752600"><ele>1476.5</ele></trkpt>
      <trkpt lat="44.755920" lon="6.752550"><ele>1478.0</ele></trkpt>
      <trkpt lat="44.756030" lon="6.752470"><ele>1479.4</ele></trkpt>
      <trkpt lat="44.756140" lon="6.752320"><ele>1480.6</ele></trkpt>
      <trkpt lat="44.756210" lon="6.752140"><ele>1481.7</ele></trkpt>
      <trkpt lat="44.756280" lon="6.751820"><ele>1482.6</ele></trkpt>
      <trkpt lat="44.756350" lon="6.751610"><ele>1483.3</ele></trkpt>
      <trkpt lat="44.756520" lon="6.751280"><ele>1484.1</ele></trkpt>
      <trkpt lat="44.756560" lon="6.751170"><ele>1484.7</ele></trkpt>
      <trkpt lat="44.756560" lon="6.751150"><ele>1485.2</ele></trkpt>
      <trkpt lat="44.756570" lon="6.751120"><ele>1486.0</ele></trkpt>
      <trkpt lat="44.756570" lon="6.750950"><ele>1486.8</ele></trkpt>
      <trkpt lat="44.756560" lon="6.750870"><ele>1487.6</ele></trkpt>
      <trkpt lat="44.756560" lon="6.750770"><ele>1488.4</ele></trkpt>
      <trkpt lat="44.756590" lon="6.750620"><ele>1489.4</ele></trkpt>
      <trkpt lat="44.756660" lon="6.750470"><ele>1490.4</ele></trkpt>
      <trkpt lat="44.756750" lon="6.750350"><ele>1491.2</ele></trkpt>
      <trkpt lat="44.756830" lon="6.750260"><ele>1492.1</ele></trkpt>
      <trkpt lat="44.757160" lon="6.749990"><ele>1493.1</ele></trkpt>
      <trkpt lat="44.757310" lon="6.749900"><ele>1494.3</ele></trkpt>
      <trkpt lat="44.757390" lon="6.749840"><ele>1496.0</ele></trkpt>
      <trkpt lat="44.757440" lon="6.749790"><ele>1497.9</ele></trkpt>
      <trkpt lat="44.757590" lon="6.749580"><ele>1499.9</ele></trkpt>
      <trkpt lat="44.757690" lon="6.749390"><ele>1501.9</ele></trkpt>
      <trkpt lat="44.757730" lon="6.749280"><ele>1504.0</ele></trkpt>
      <trkpt lat="44.757820" lon="6.748810"><ele>1506.2</ele></trkpt>
      <trkpt lat="44.757870" lon="6.748640"><ele>1508.4</ele></trkpt>
      <trkpt lat="44.758000" lon="6.748390"><ele>1510.2</ele></trkpt>
      <trkpt lat="44.758290" lon="6.747940"><ele>1511.8</ele></trkpt>
      <trkpt lat="44.758380" lon="6.747760"><ele>1513.3</ele></trkpt>
      <trkpt lat="44.758480" lon="6.747520"><ele>1514.8</ele></trkpt>
      <trkpt lat="44.758580" lon="6.747330"><ele>1516.1</ele></trkpt>
      <trkpt lat="44.758650" lon="6.747220"><ele>1517.3</ele></trkpt>
      <trkpt lat="44.758990" lon="6.746900"><ele>1518.5</ele></trkpt>
      <trkpt lat="44.759170" lon="6.746690"><ele>1519.7</ele></trkpt>
      <trkpt lat="44.759350" lon="6.746420"><ele>1521.0</ele></trkpt>
      <trkpt lat="44.759510" lon="6.746290"><ele>1522.2</ele></trkpt>
      <trkpt lat="44.759570" lon="6.746230"><ele>1523.0</ele></trkpt>
      <trkpt lat="44.759640" lon="6.746180"><ele>1523.9</ele></trkpt>
      <trkpt lat="44.759730" lon="6.746100"><ele>1524.7</ele></trkpt>
      <trkpt lat="44.760120" lon="6.745670"><ele>1525.6</ele></trkpt>
      <trkpt lat="44.760250" lon="6.745580"><ele>1526.4</ele></trkpt>
      <trkpt lat="44.760400" lon="6.745500"><ele>1527.1</ele></trkpt>
      <trkpt lat="44.760490" lon="6.745470"><ele>1527.7</ele></trkpt>
      <trkpt lat="44.760660" lon="6.745380"><ele>1528.3</ele></trkpt>
      <trkpt lat="44.760750" lon="6.745310"><ele>1528.8</ele></trkpt>
      <trkpt lat="44.760810" lon="6.745250"><ele>1529.4</ele></trkpt>
      <trkpt lat="44.760880" lon="6.745160"><ele>1530.0</ele></trkpt>
      <trkpt lat="44.761020" lon="6.744940"><ele>1530.7</ele></trkpt>
      <trkpt lat="44.761180" lon="6.744650"><ele>1531.5</ele></trkpt>
      <trkpt lat="44.761270" lon="6.744460"><ele>1532.4</ele></trkpt>
      <trkpt lat="44.761440" lon="6.744030"><ele>1533.0</ele></trkpt>
      <trkpt lat="44.761530" lon="6.743850"><ele>1533.6</ele></trkpt>
      <trkpt lat="44.761640" lon="6.743670"><ele>1533.9</ele></trkpt>
      <trkpt lat="44.761740" lon="6.743570"><ele>1533.6</ele></trkpt>
      <trkpt lat="44.761930" lon="6.743420"><ele>1534.1</ele></trkpt>
      <trkpt lat="44.762180" lon="6.743270"><ele>1534.8</ele></trkpt>
      <trkpt lat="44.762360" lon="6.743200"><ele>1535.6</ele></trkpt>
      <trkpt lat="44.762670" lon="6.743110"><ele>1536.5</ele></trkpt>
      <trkpt lat="44.762990" lon="6.742980"><ele>1537.8</ele></trkpt>
      <trkpt lat="44.763010" lon="6.742960"><ele>1539.2</ele></trkpt>
      <trkpt lat="44.763110" lon="6.742900"><ele>1540.9</ele></trkpt>
      <trkpt lat="44.764130" lon="6.741820"><ele>1542.5</ele></trkpt>
      <trkpt lat="44.765520" lon="6.740180"><ele>1544.3</ele></trkpt>
      <trkpt lat="44.765750" lon="6.739930"><ele>1546.1</ele></trkpt>
      <trkpt lat="44.766040" lon="6.739720"><ele>1547.9</ele></trkpt>
      <trkpt lat="44.766280" lon="6.739470"><ele>1549.8</ele></trkpt>
      <trkpt lat="44.766760" lon="6.738860"><ele>1551.6</ele></trkpt>
      <trkpt lat="44.767070" lon="6.738590"><ele>1553.6</ele></trkpt>
      <trkpt lat="44.767500" lon="6.738300"><ele>1555.7</ele></trkpt>
      <trkpt lat="44.767580" lon="6.738260"><ele>1559.4</ele></trkpt>
      <trkpt lat="44.768010" lon="6.738000"><ele>1563.8</ele></trkpt>
      <trkpt lat="44.768190" lon="6.737920"><ele>1567.3</ele></trkpt>
      <trkpt lat="44.768290" lon="6.737860"><ele>1571.7</ele></trkpt>
      <trkpt lat="44.769140" lon="6.737160"><ele>1576.2</ele></trkpt>
      <trkpt lat="44.769340" lon="6.737030"><ele>1580.7</ele></trkpt>
      <trkpt lat="44.769540" lon="6.736930"><ele>1584.9</ele></trkpt>
      <trkpt lat="44.769750" lon="6.736860"><ele>1589.1</ele></trkpt>
      <trkpt lat="44.772520" lon="6.736480"><ele>1593.2</ele></trkpt>
      <trkpt lat="44.773410" lon="6.736330"><ele>1597.3</ele></trkpt>
      <trkpt lat="44.773490" lon="6.736310"><ele>1601.4</ele></trkpt>
      <trkpt lat="44.775050" lon="6.735730"><ele>1605.6</ele></trkpt>
      <trkpt lat="44.775530" lon="6.735500"><ele>1609.7</ele></trkpt>
      <trkpt lat="44.775880" lon="6.735300"><ele>1613.7</ele></trkpt>
      <trkpt lat="44.776050" lon="6.735230"><ele>1617.8</ele></trkpt>
      <trkpt lat="44.776060" lon="6.735220"><ele>1622.0</ele></trkpt>
      <trkpt lat="44.776150" lon="6.735190"><ele>1626.4</ele></trkpt>
      <trkpt lat="44.776260" lon="6.735180"><ele>1629.4</ele></trkpt>
      <trkpt lat="44.777190" lon="6.735310"><ele>1632.3</ele></trkpt>
      <trkpt lat="44.777350" lon="6.735310"><ele>1636.3</ele></trkpt>
      <trkpt lat="44.777580" lon="6.735280"><ele>1639.4</ele></trkpt>
      <trkpt lat="44.777850" lon="6.735200"><ele>1642.4</ele></trkpt>
      <trkpt lat="44.778090" lon="6.735110"><ele>1645.2</ele></trkpt>
      <trkpt lat="44.778190" lon="6.735090"><ele>1648.1</ele></trkpt>
      <trkpt lat="44.778450" lon="6.735060"><ele>1651.0</ele></trkpt>
      <trkpt lat="44.778600" lon="6.735060"><ele>1653.9</ele></trkpt>
      <trkpt lat="44.778730" lon="6.735080"><ele>1656.9</ele></trkpt>
      <trkpt lat="44.780030" lon="6.735370"><ele>1659.6</ele></trkpt>
      <trkpt lat="44.780350" lon="6.735400"><ele>1662.4</ele></trkpt>
      <trkpt lat="44.780370" lon="6.735410"><ele>1665.1</ele></trkpt>
      <trkpt lat="44.780570" lon="6.735420"><ele>1667.8</ele></trkpt>
      <trkpt lat="44.780690" lon="6.735410"><ele>1670.4</ele></trkpt>
      <trkpt lat="44.780780" lon="6.735380"><ele>1673.3</ele></trkpt>
      <trkpt lat="44.780880" lon="6.735330"><ele>1676.2</ele></trkpt>
      <trkpt lat="44.781280" lon="6.734970"><ele>1679.2</ele></trkpt>
      <trkpt lat="44.781430" lon="6.734930"><ele>1682.8</ele></trkpt>
      <trkpt lat="44.782420" lon="6.734940"><ele>1685.5</ele></trkpt>
      <trkpt lat="44.782740" lon="6.734920"><ele>1688.2</ele></trkpt>
      <trkpt lat="44.782990" lon="6.734880"><ele>1691.0</ele></trkpt>
      <trkpt lat="44.783250" lon="6.734820"><ele>1693.8</ele></trkpt>
      <trkpt lat="44.783670" lon="6.734680"><ele>1696.8</ele></trkpt>
      <trkpt lat="44.783870" lon="6.734580"><ele>1699.7</ele></trkpt>
      <trkpt lat="44.784320" lon="6.734280"><ele>1702.9</ele></trkpt>
      <trkpt lat="44.786060" lon="6.733220"><ele>1706.1</ele></trkpt>
      <trkpt lat="44.786320" lon="6.733130"><ele>1709.2</ele></trkpt>
      <trkpt lat="44.786640" lon="6.733080"><ele>1712.3</ele></trkpt>
      <trkpt lat="44.786790" lon="6.733070"><ele>1715.4</ele></trkpt>
      <trkpt lat="44.787180" lon="6.733090"><ele>1718.6</ele></trkpt>
      <trkpt lat="44.787630" lon="6.733140"><ele>1722.0</ele></trkpt>
      <trkpt lat="44.787670" lon="6.733130"><ele>1725.1</ele></trkpt>
      <trkpt lat="44.789020" lon="6.732960"><ele>1728.5</ele></trkpt>
      <trkpt lat="44.789200" lon="6.732920"><ele>1731.7</ele></trkpt>
      <trkpt lat="44.789290" lon="6.732890"><ele>1734.5</ele></trkpt>
      <trkpt lat="44.789340" lon="6.732860"><ele>1737.1</ele></trkpt>
      <trkpt lat="44.789390" lon="6.732840"><ele>1740.0</ele></trkpt>
      <trkpt lat="44.789930" lon="6.732450"><ele>1742.8</ele></trkpt>
      <trkpt lat="44.790310" lon="6.732270"><ele>1745.7</ele></trkpt>
      <trkpt lat="44.790400" lon="6.732240"><ele>1748.6</ele></trkpt>
      <trkpt lat="44.790840" lon="6.732190"><ele>1751.7</ele></trkpt>
      <trkpt lat="44.790910" lon="6.732190"><ele>1754.3</ele></trkpt>
      <trkpt lat="44.791560" lon="6.732100"><ele>1757.2</ele></trkpt>
      <trkpt lat="44.791690" lon="6.732060"><ele>1760.8</ele></trkpt>
      <trkpt lat="44.792520" lon="6.731700"><ele>1764.9</ele></trkpt>
      <trkpt lat="44.792540" lon="6.731700"><ele>1769.2</ele></trkpt>
      <trkpt lat="44.792840" lon="6.731570"><ele>1773.6</ele></trkpt>
      <trkpt lat="44.793120" lon="6.731430"><ele>1777.8</ele></trkpt>
      <trkpt lat="44.793250" lon="6.731350"><ele>1782.3</ele></trkpt>
      <trkpt lat="44.793280" lon="6.731340"><ele>1786.3</ele></trkpt>
      <trkpt lat="44.793710" lon="6.731090"><ele>1790.3</ele></trkpt>
      <trkpt lat="44.794700" lon="6.730390"><ele>1794.0</ele></trkpt>
      <trkpt lat="44.795060" lon="6.730070"><ele>1797.8</ele></trkpt>
      <trkpt lat="44.795250" lon="6.729870"><ele>1801.1</ele></trkpt>
      <trkpt lat="44.795470" lon="6.729580"><ele>1804.5</ele></trkpt>
      <trkpt lat="44.795590" lon="6.729400"><ele>1807.7</ele></trkpt>
      <trkpt lat="44.795950" lon="6.728780"><ele>1810.6</ele></trkpt>
      <trkpt lat="44.796030" lon="6.728590"><ele>1813.6</ele></trkpt>
      <trkpt lat="44.796090" lon="6.728400"><ele>1816.7</ele></trkpt>
      <trkpt lat="44.796200" lon="6.728200"><ele>1819.6</ele></trkpt>
      <trkpt lat="44.796260" lon="6.728130"><ele>1821.9</ele></trkpt>
      <trkpt lat="44.796310" lon="6.728100"><ele>1823.9</ele></trkpt>
      <trkpt lat="44.796330" lon="6.728080"><ele>1825.9</ele></trkpt>
      <trkpt lat="44.796400" lon="6.728050"><ele>1827.9</ele></trkpt>
      <trkpt lat="44.796470" lon="6.728030"><ele>1829.9</ele></trkpt>
      <trkpt lat="44.796550" lon="6.728030"><ele>1831.4</ele></trkpt>
      <trkpt lat="44.796660" lon="6.728070"><ele>1832.7</ele></trkpt>
      <trkpt lat="44.796740" lon="6.728130"><ele>1833.8</ele></trkpt>
      <trkpt lat="44.796770" lon="6.728160"><ele>1834.9</ele></trkpt>
      <trkpt lat="44.796860" lon="6.728360"><ele>1835.9</ele></trkpt>
      <trkpt lat="44.796910" lon="6.728630"><ele>1836.8</ele></trkpt>
      <trkpt lat="44.796930" lon="6.729000"><ele>1837.9</ele></trkpt>
      <trkpt lat="44.796900" lon="6.729240"><ele>1839.1</ele></trkpt>
      <trkpt lat="44.796840" lon="6.729390"><ele>1840.6</ele></trkpt>
      <trkpt lat="44.796690" lon="6.729610"><ele>1842.3</ele></trkpt>
      <trkpt lat="44.796620" lon="6.729750"><ele>1844.1</ele></trkpt>
      <trkpt lat="44.796500" lon="6.730070"><ele>1846.0</ele></trkpt>
      <trkpt lat="44.796480" lon="6.730180"><ele>1848.0</ele></trkpt>
      <trkpt lat="44.796440" lon="6.730310"><ele>1849.8</ele></trkpt>
      <trkpt lat="44.796440" lon="6.730460"><ele>1851.3</ele></trkpt>
      <trkpt lat="44.796460" lon="6.730600"><ele>1851.9</ele></trkpt>
      <trkpt lat="44.796510" lon="6.730720"><ele>1852.2</ele></trkpt>
      <trkpt lat="44.796570" lon="6.730830"><ele>1852.6</ele></trkpt>
      <trkpt lat="44.796610" lon="6.730950"><ele>1853.5</ele></trkpt>
      <trkpt lat="44.796620" lon="6.731010"><ele>1854.5</ele></trkpt>
      <trkpt lat="44.796620" lon="6.731130"><ele>1855.9</ele></trkpt>
      <trkpt lat="44.796580" lon="6.731250"><ele>1857.6</ele></trkpt>
      <trkpt lat="44.796500" lon="6.731370"><ele>1859.6</ele></trkpt>
      <trkpt lat="44.796200" lon="6.731650"><ele>1862.3</ele></trkpt>
      <trkpt lat="44.796110" lon="6.731760"><ele>1865.1</ele></trkpt>
      <trkpt lat="44.796030" lon="6.731950"><ele>1867.7</ele></trkpt>
      <trkpt lat="44.796000" lon="6.732160"><ele>1870.7</ele></trkpt>
      <trkpt lat="44.796010" lon="6.732220"><ele>1873.5</ele></trkpt>
      <trkpt lat="44.796040" lon="6.732320"><ele>1876.2</ele></trkpt>
      <trkpt lat="44.796100" lon="6.732440"><ele>1878.6</ele></trkpt>
      <trkpt lat="44.796180" lon="6.732560"><ele>1880.8</ele></trkpt>
      <trkpt lat="44.796460" lon="6.732920"><ele>1883.1</ele></trkpt>
      <trkpt lat="44.796910" lon="6.733340"><ele>1886.0</ele></trkpt>
      <trkpt lat="44.797040" lon="6.733440"><ele>1889.2</ele></trkpt>
      <trkpt lat="44.797640" lon="6.733730"><ele>1892.4</ele></trkpt>
      <trkpt lat="44.797860" lon="6.733870"><ele>1895.6</ele></trkpt>
      <trkpt lat="44.797940" lon="6.733950"><ele>1898.8</ele></trkpt>
      <trkpt lat="44.798160" lon="6.734220"><ele>1901.8</ele></trkpt>
      <trkpt lat="44.798340" lon="6.734510"><ele>1904.5</ele></trkpt>
      <trkpt lat="44.798400" lon="6.734570"><ele>1907.0</ele></trkpt>
      <trkpt lat="44.798440" lon="6.734580"><ele>1908.8</ele></trkpt>
      <trkpt lat="44.798470" lon="6.734570"><ele>1910.3</ele></trkpt>
      <trkpt lat="44.798500" lon="6.734550"><ele>1911.7</ele></trkpt>
      <trkpt lat="44.798530" lon="6.734480"><ele>1912.2</ele></trkpt>
      <trkpt lat="44.798530" lon="6.734370"><ele>1912.5</ele></trkpt>
      <trkpt lat="44.798490" lon="6.734310"><ele>1912.6</ele></trkpt>
      <trkpt lat="44.798290" lon="6.734110"><ele>1912.7</ele></trkpt>
      <trkpt lat="44.798080" lon="6.733790"><ele>1913.0</ele></trkpt>
      <trkpt lat="44.798070" lon="6.733760"><ele>1913.3</ele></trkpt>
      <trkpt lat="44.797910" lon="6.733520"><ele>1913.7</ele></trkpt>
      <trkpt lat="44.797830" lon="6.733430"><ele>1914.1</ele></trkpt>
      <trkpt lat="44.797460" lon="6.733120"><ele>1915.2</ele></trkpt>
      <trkpt lat="44.797400" lon="6.733060"><ele>1916.3</ele></trkpt>
      <trkpt lat="44.797240" lon="6.732870"><ele>1917.7</ele></trkpt>
      <trkpt lat="44.797160" lon="6.732720"><ele>1919.2</ele></trkpt>
      <trkpt lat="44.797110" lon="6.732520"><ele>1920.8</ele></trkpt>
      <trkpt lat="44.797110" lon="6.732420"><ele>1922.6</ele></trkpt>
      <trkpt lat="44.797140" lon="6.732350"><ele>1924.4</ele></trkpt>
      <trkpt lat="44.797220" lon="6.732300"><ele>1926.1</ele></trkpt>
      <trkpt lat="44.797510" lon="6.732300"><ele>1927.8</ele></trkpt>
      <trkpt lat="44.797560" lon="6.732290"><ele>1929.6</ele></trkpt>
      <trkpt lat="44.797720" lon="6.732230"><ele>1931.3</ele></trkpt>
      <trkpt lat="44.797810" lon="6.732140"><ele>1933.3</ele></trkpt>
      <trkpt lat="44.797870" lon="6.732050"><ele>1935.3</ele></trkpt>
      <trkpt lat="44.797970" lon="6.731820"><ele>1937.4</ele></trkpt>
      <trkpt lat="44.797970" lon="6.731780"><ele>1939.7</ele></trkpt>
      <trkpt lat="44.797990" lon="6.731710"><ele>1942.1</ele></trkpt>
      <trkpt lat="44.798010" lon="6.731550"><ele>1944.3</ele></trkpt>
      <trkpt lat="44.798010" lon="6.731310"><ele>1945.7</ele></trkpt>
      <trkpt lat="44.798030" lon="6.731140"><ele>1947.0</ele></trkpt>
      <trkpt lat="44.798050" lon="6.731100"><ele>1948.0</ele></trkpt>
      <trkpt lat="44.798060" lon="6.731050"><ele>1949.1</ele></trkpt>
      <trkpt lat="44.798120" lon="6.730940"><ele>1949.9</ele></trkpt>
      <trkpt lat="44.798320" lon="6.730710"><ele>1950.5</ele></trkpt>
      <trkpt lat="44.798380" lon="6.730580"><ele>1951.1</ele></trkpt>
      <trkpt lat="44.798430" lon="6.730430"><ele>1951.5</ele></trkpt>
      <trkpt lat="44.798500" lon="6.730140"><ele>1951.7</ele></trkpt>
      <trkpt lat="44.798550" lon="6.730020"><ele>1952.0</ele></trkpt>
      <trkpt lat="44.798630" lon="6.729910"><ele>1952.1</ele></trkpt>
      <trkpt lat="44.798840" lon="6.729670"><ele>1952.2</ele></trkpt>
      <trkpt lat="44.798910" lon="6.729570"><ele>1952.3</ele></trkpt>
      <trkpt lat="44.798930" lon="6.729520"><ele>1952.4</ele></trkpt>
      <trkpt lat="44.798960" lon="6.729470"><ele>1952.2</ele></trkpt>
      <trkpt lat="44.798980" lon="6.729340"><ele>1951.9</ele></trkpt>
      <trkpt lat="44.798980" lon="6.729230"><ele>1951.8</ele></trkpt>
      <trkpt lat="44.798970" lon="6.729130"><ele>1951.9</ele></trkpt>
      <trkpt lat="44.798980" lon="6.728990"><ele>1952.3</ele></trkpt>
      <trkpt lat="44.799010" lon="6.728940"><ele>1952.8</ele></trkpt>
      <trkpt lat="44.799030" lon="6.728930"><ele>1953.2</ele></trkpt>
      <trkpt lat="44.799060" lon="6.728930"><ele>1953.8</ele></trkpt>
      <trkpt lat="44.799070" lon="6.728940"><ele>1954.5</ele></trkpt>
      <trkpt lat="44.799080" lon="6.728940"><ele>1955.6</ele></trkpt>
      <trkpt lat="44.799120" lon="6.728990"><ele>1956.8</ele></trkpt>
      <trkpt lat="44.799150" lon="6.729060"><ele>1958.2</ele></trkpt>
      <trkpt lat="44.799160" lon="6.729310"><ele>1959.9</ele></trkpt>
      <trkpt lat="44.799150" lon="6.729400"><ele>1961.6</ele></trkpt>
      <trkpt lat="44.799110" lon="6.729600"><ele>1963.2</ele></trkpt>
      <trkpt lat="44.798850" lon="6.730310"><ele>1964.8</ele></trkpt>
      <trkpt lat="44.798810" lon="6.730550"><ele>1966.3</ele></trkpt>
      <trkpt lat="44.798800" lon="6.730840"><ele>1967.6</ele></trkpt>
      <trkpt lat="44.798790" lon="6.730920"><ele>1968.9</ele></trkpt>
      <trkpt lat="44.798790" lon="6.731000"><ele>1970.1</ele></trkpt>
      <trkpt lat="44.798760" lon="6.731160"><ele>1971.1</ele></trkpt>
      <trkpt lat="44.798640" lon="6.731440"><ele>1971.8</ele></trkpt>
      <trkpt lat="44.798580" lon="6.731670"><ele>1972.3</ele></trkpt>
      <trkpt lat="44.798590" lon="6.732200"><ele>1972.8</ele></trkpt>
      <trkpt lat="44.798570" lon="6.732320"><ele>1973.1</ele></trkpt>
      <trkpt lat="44.798570" lon="6.732400"><ele>1973.4</ele></trkpt>
      <trkpt lat="44.798580" lon="6.732410"><ele>1973.4</ele></trkpt>
      <trkpt lat="44.798580" lon="6.732420"><ele>1973.4</ele></trkpt>
      <trkpt lat="44.798590" lon="6.732430"><ele>1973.5</ele></trkpt>
      <trkpt lat="44.798600" lon="6.732430"><ele>1973.7</ele></trkpt>
      <trkpt lat="44.798620" lon="6.732450"><ele>1974.1</ele></trkpt>
      <trkpt lat="44.798640" lon="6.732450"><ele>1975.1</ele></trkpt>
      <trkpt lat="44.798680" lon="6.732410"><ele>1976.2</ele></trkpt>
      <trkpt lat="44.798690" lon="6.732390"><ele>1977.4</ele></trkpt>
      <trkpt lat="44.798690" lon="6.732360"><ele>1978.7</ele></trkpt>
      <trkpt lat="44.798700" lon="6.732320"><ele>1979.9</ele></trkpt>
      <trkpt lat="44.798690" lon="6.732020"><ele>1981.1</ele></trkpt>
      <trkpt lat="44.798720" lon="6.731750"><ele>1982.4</ele></trkpt>
      <trkpt lat="44.798760" lon="6.731620"><ele>1983.6</ele></trkpt>
      <trkpt lat="44.798960" lon="6.731330"><ele>1984.8</ele></trkpt>
      <trkpt lat="44.799060" lon="6.731080"><ele>1986.1</ele></trkpt>
      <trkpt lat="44.799080" lon="6.730980"><ele>1987.4</ele></trkpt>
      <trkpt lat="44.799200" lon="6.730660"><ele>1988.8</ele></trkpt>
      <trkpt lat="44.799320" lon="6.730430"><ele>1990.2</ele></trkpt>
      <trkpt lat="44.799390" lon="6.730320"><ele>1991.7</ele></trkpt>
      <trkpt lat="44.799530" lon="6.730150"><ele>1993.0</ele></trkpt>
      <trkpt lat="44.800150" lon="6.729520"><ele>1994.3</ele></trkpt>
      <trkpt lat="44.800210" lon="6.729520"><ele>1995.6</ele></trkpt>
      <trkpt lat="44.800250" lon="6.729560"><ele>1996.6</ele></trkpt>
      <trkpt lat="44.800260" lon="6.729590"><ele>1997.7</ele></trkpt>
      <trkpt lat="44.800260" lon="6.729650"><ele>1999.0</ele></trkpt>
      <trkpt lat="44.800230" lon="6.729720"><ele>2000.4</ele></trkpt>
      <trkpt lat="44.800000" lon="6.729960"><ele>2001.8</ele></trkpt>
      <trkpt lat="44.799760" lon="6.730270"><ele>2003.2</ele></trkpt>
      <trkpt lat="44.799660" lon="6.730450"><ele>2004.4</ele></trkpt>
      <trkpt lat="44.799580" lon="6.730640"><ele>2005.7</ele></trkpt>
      <trkpt lat="44.799530" lon="6.730810"><ele>2006.9</ele></trkpt>
      <trkpt lat="44.799460" lon="6.731200"><ele>2008.2</ele></trkpt>
      <trkpt lat="44.799460" lon="6.731250"><ele>2009.8</ele></trkpt>
      <trkpt lat="44.799450" lon="6.731300"><ele>2011.9</ele></trkpt>
      <trkpt lat="44.799440" lon="6.731450"><ele>2014.8</ele></trkpt>
      <trkpt lat="44.799400" lon="6.731690"><ele>2018.0</ele></trkpt>
      <trkpt lat="44.799380" lon="6.731900"><ele>2021.7</ele></trkpt>
      <trkpt lat="44.799380" lon="6.732070"><ele>2025.5</ele></trkpt>
      <trkpt lat="44.799420" lon="6.732160"><ele>2029.4</ele></trkpt>
      <trkpt lat="44.799500" lon="6.732240"><ele>2033.8</ele></trkpt>
      <trkpt lat="44.799670" lon="6.732320"><ele>2038.0</ele></trkpt>
      <trkpt lat="44.799870" lon="6.732350"><ele>2041.9</ele></trkpt>
      <trkpt lat="44.800110" lon="6.732350"><ele>2045.6</ele></trkpt>
      <trkpt lat="44.800240" lon="6.732360"><ele>2049.2</ele></trkpt>
      <trkpt lat="44.800400" lon="6.732420"><ele>2052.7</ele></trkpt>
      <trkpt lat="44.800470" lon="6.732460"><ele>2056.1</ele></trkpt>
      <trkpt lat="44.800610" lon="6.732590"><ele>2059.6</ele></trkpt>
      <trkpt lat="44.800990" lon="6.733040"><ele>2063.1</ele></trkpt>
      <trkpt lat="44.801200" lon="6.733240"><ele>2066.4</ele></trkpt>
      <trkpt lat="44.801320" lon="6.733400"><ele>2069.4</ele></trkpt>
      <trkpt lat="44.801390" lon="6.733510"><ele>2071.8</ele></trkpt>
      <trkpt lat="44.801680" lon="6.733850"><ele>2073.4</ele></trkpt>
      <trkpt lat="44.801820" lon="6.734070"><ele>2074.8</ele></trkpt>
      <trkpt lat="44.801860" lon="6.734170"><ele>2075.8</ele></trkpt>
      <trkpt lat="44.801910" lon="6.734230"><ele>2076.8</ele></trkpt>
      <trkpt lat="44.801940" lon="6.734250"><ele>2077.5</ele></trkpt>
      <trkpt lat="44.801970" lon="6.734260"><ele>2077.8</ele></trkpt>
      <trkpt lat="44.802000" lon="6.734250"><ele>2077.9</ele></trkpt>
      <trkpt lat="44.802050" lon="6.734190"><ele>2078.4</ele></trkpt>
      <trkpt lat="44.802060" lon="6.734140"><ele>2079.6</ele></trkpt>
      <trkpt lat="44.802050" lon="6.734050"><ele>2080.7</ele></trkpt>
      <trkpt lat="44.802030" lon="6.733990"><ele>2082.0</ele></trkpt>
      <trkpt lat="44.801970" lon="6.733900"><ele>2083.4</ele></trkpt>
      <trkpt lat="44.801900" lon="6.733820"><ele>2084.8</ele></trkpt>
      <trkpt lat="44.801800" lon="6.733680"><ele>2085.7</ele></trkpt>
      <trkpt lat="44.801730" lon="6.733610"><ele>2086.4</ele></trkpt>
      <trkpt lat="44.801630" lon="6.733430"><ele>2086.7</ele></trkpt>
      <trkpt lat="44.801440" lon="6.732980"><ele>2086.8</ele></trkpt>
      <trkpt lat="44.801370" lon="6.732870"><ele>2086.7</ele></trkpt>
      <trkpt lat="44.801260" lon="6.732660"><ele>2086.4</ele></trkpt>
      <trkpt lat="44.801190" lon="6.732490"><ele>2085.9</ele></trkpt>
      <trkpt lat="44.801070" lon="6.732120"><ele>2085.4</ele></trkpt>
      <trkpt lat="44.800950" lon="6.731810"><ele>2084.7</ele></trkpt>
      <trkpt lat="44.800870" lon="6.731650"><ele>2083.9</ele></trkpt>
      <trkpt lat="44.800790" lon="6.731520"><ele>2083.2</ele></trkpt>
      <trkpt lat="44.800780" lon="6.731470"><ele>2082.5</ele></trkpt>
      <trkpt lat="44.800760" lon="6.731420"><ele>2081.6</ele></trkpt>
      <trkpt lat="44.800760" lon="6.731380"><ele>2080.7</ele></trkpt>
      <trkpt lat="44.800770" lon="6.731340"><ele>2080.0</ele></trkpt>
      <trkpt lat="44.800770" lon="6.731310"><ele>2079.3</ele></trkpt>
      <trkpt lat="44.800800" lon="6.731260"><ele>2079.0</ele></trkpt>
      <trkpt lat="44.800830" lon="6.731230"><ele>2079.4</ele></trkpt>
      <trkpt lat="44.800850" lon="6.731220"><ele>2080.5</ele></trkpt>
      <trkpt lat="44.800910" lon="6.731220"><ele>2082.2</ele></trkpt>
      <trkpt lat="44.800960" lon="6.731240"><ele>2084.1</ele></trkpt>
      <trkpt lat="44.801010" lon="6.731300"><ele>2086.3</ele></trkpt>
      <trkpt lat="44.801020" lon="6.731340"><ele>2088.6</ele></trkpt>
      <trkpt lat="44.801040" lon="6.731370"><ele>2091.1</ele></trkpt>
      <trkpt lat="44.801080" lon="6.731520"><ele>2093.8</ele></trkpt>
      <trkpt lat="44.801200" lon="6.731800"><ele>2096.8</ele></trkpt>
      <trkpt lat="44.801380" lon="6.731990"><ele>2100.0</ele></trkpt>
      <trkpt lat="44.801630" lon="6.732210"><ele>2103.6</ele></trkpt>
      <trkpt lat="44.801670" lon="6.732260"><ele>2107.2</ele></trkpt>
      <trkpt lat="44.802290" lon="6.733270"><ele>2110.5</ele></trkpt>
      <trkpt lat="44.802390" lon="6.733400"><ele>2113.7</ele></trkpt>
      <trkpt lat="44.802520" lon="6.733520"><ele>2116.8</ele></trkpt>
      <trkpt lat="44.802640" lon="6.733610"><ele>2120.0</ele></trkpt>
      <trkpt lat="44.802770" lon="6.733680"><ele>2123.0</ele></trkpt>
      <trkpt lat="44.802910" lon="6.733770"><ele>2125.6</ele></trkpt>
      <trkpt lat="44.803190" lon="6.734000"><ele>2127.7</ele></trkpt>
      <trkpt lat="44.803410" lon="6.734140"><ele>2129.8</ele></trkpt>
      <trkpt lat="44.803970" lon="6.734450"><ele>2132.0</ele></trkpt>
      <trkpt lat="44.804070" lon="6.734480"><ele>2134.1</ele></trkpt>
      <trkpt lat="44.804130" lon="6.734490"><ele>2136.5</ele></trkpt>
      <trkpt lat="44.804760" lon="6.734340"><ele>2138.8</ele></trkpt>
      <trkpt lat="44.804880" lon="6.734330"><ele>2140.9</ele></trkpt>
      <trkpt lat="44.805050" lon="6.734350"><ele>2142.8</ele></trkpt>
      <trkpt lat="44.805230" lon="6.734420"><ele>2144.5</ele></trkpt>
      <trkpt lat="44.805510" lon="6.734600"><ele>2146.1</ele></trkpt>
      <trkpt lat="44.805590" lon="6.734680"><ele>2147.5</ele></trkpt>
      <trkpt lat="44.805630" lon="6.734760"><ele>2149.1</ele></trkpt>
      <trkpt lat="44.805670" lon="6.734930"><ele>2150.7</ele></trkpt>
      <trkpt lat="44.805670" lon="6.735020"><ele>2152.2</ele></trkpt>
      <trkpt lat="44.805640" lon="6.735110"><ele>2153.5</ele></trkpt>
      <trkpt lat="44.805600" lon="6.735190"><ele>2155.2</ele></trkpt>
      <trkpt lat="44.805530" lon="6.735300"><ele>2156.8</ele></trkpt>
      <trkpt lat="44.804790" lon="6.736180"><ele>2158.5</ele></trkpt>
      <trkpt lat="44.804690" lon="6.736280"><ele>2159.9</ele></trkpt>
      <trkpt lat="44.804610" lon="6.736340"><ele>2161.2</ele></trkpt>
      <trkpt lat="44.804510" lon="6.736390"><ele>2162.4</ele></trkpt>
      <trkpt lat="44.804270" lon="6.736470"><ele>2163.5</ele></trkpt>
      <trkpt lat="44.804220" lon="6.736540"><ele>2164.5</ele></trkpt>
      <trkpt lat="44.804090" lon="6.736890"><ele>2165.6</ele></trkpt>
      <trkpt lat="44.804040" lon="6.736950"><ele>2166.6</ele></trkpt>
      <trkpt lat="44.803920" lon="6.737050"><ele>2167.6</ele></trkpt>
      <trkpt lat="44.803740" lon="6.737230"><ele>2168.5</ele></trkpt>
      <trkpt lat="44.803560" lon="6.737360"><ele>2169.3</ele></trkpt>
      <trkpt lat="44.803500" lon="6.737460"><ele>2170.1</ele></trkpt>
      <trkpt lat="44.803500" lon="6.737520"><ele>2171.0</ele></trkpt>
      <trkpt lat="44.803510" lon="6.737540"><ele>2172.2</ele></trkpt>
      <trkpt lat="44.803550" lon="6.737590"><ele>2173.4</ele></trkpt>
      <trkpt lat="44.803570" lon="6.737600"><ele>2174.5</ele></trkpt>
      <trkpt lat="44.803590" lon="6.737600"><ele>2175.9</ele></trkpt>
      <trkpt lat="44.804170" lon="6.737200"><ele>2177.5</ele></trkpt>
      <trkpt lat="44.804500" lon="6.736930"><ele>2179.1</ele></trkpt>
      <trkpt lat="44.804630" lon="6.736850"><ele>2180.8</ele></trkpt>
      <trkpt lat="44.804970" lon="6.736690"><ele>2182.4</ele></trkpt>
      <trkpt lat="44.805100" lon="6.736660"><ele>2183.7</ele></trkpt>
      <trkpt lat="44.805260" lon="6.736640"><ele>2185.0</ele></trkpt>
      <trkpt lat="44.805350" lon="6.736640"><ele>2186.1</ele></trkpt>
      <trkpt lat="44.805590" lon="6.736670"><ele>2187.2</ele></trkpt>
      <trkpt lat="44.805640" lon="6.736670"><ele>2188.3</ele></trkpt>
      <trkpt lat="44.805750" lon="6.736650"><ele>2189.5</ele></trkpt>
      <trkpt lat="44.805900" lon="6.736600"><ele>2190.9</ele></trkpt>
      <trkpt lat="44.807220" lon="6.736050"><ele>2192.4</ele></trkpt>
      <trkpt lat="44.807330" lon="6.736020"><ele>2194.0</ele></trkpt>
      <trkpt lat="44.807390" lon="6.736020"><ele>2195.5</ele></trkpt>
      <trkpt lat="44.807460" lon="6.736050"><ele>2197.0</ele></trkpt>
      <trkpt lat="44.807510" lon="6.736100"><ele>2198.4</ele></trkpt>
      <trkpt lat="44.807570" lon="6.736190"><ele>2199.2</ele></trkpt>
      <trkpt lat="44.807600" lon="6.736300"><ele>2199.7</ele></trkpt>
      <trkpt lat="44.807610" lon="6.736390"><ele>2199.9</ele></trkpt>
      <trkpt lat="44.807610" lon="6.736490"><ele>2199.4</ele></trkpt>
      <trkpt lat="44.807640" lon="6.736660"><ele>2198.9</ele></trkpt>
      <trkpt lat="44.807680" lon="6.736780"><ele>2198.3</ele></trkpt>
      <trkpt lat="44.807780" lon="6.736980"><ele>2197.5</ele></trkpt>
      <trkpt lat="44.807880" lon="6.737110"><ele>2196.6</ele></trkpt>
      <trkpt lat="44.808000" lon="6.737200"><ele>2195.5</ele></trkpt>
      <trkpt lat="44.808080" lon="6.737220"><ele>2194.4</ele></trkpt>
      <trkpt lat="44.808120" lon="6.737220"><ele>2193.2</ele></trkpt>
      <trkpt lat="44.808320" lon="6.737170"><ele>2192.2</ele></trkpt>
      <trkpt lat="44.808360" lon="6.737170"><ele>2191.2</ele></trkpt>
      <trkpt lat="44.808430" lon="6.737160"><ele>2190.1</ele></trkpt>
      <trkpt lat="44.808540" lon="6.737160"><ele>2189.1</ele></trkpt>
      <trkpt lat="44.808620" lon="6.737180"><ele>2188.1</ele></trkpt>
      <trkpt lat="44.808690" lon="6.737230"><ele>2187.1</ele></trkpt>
      <trkpt lat="44.808710" lon="6.737270"><ele>2186.4</ele></trkpt>
      <trkpt lat="44.808740" lon="6.737310"><ele>2186.0</ele></trkpt>
      <trkpt lat="44.809130" lon="6.738070"><ele>2185.7</ele></trkpt>
      <trkpt lat="44.809210" lon="6.738180"><ele>2186.1</ele></trkpt>
      <trkpt lat="44.809350" lon="6.738300"><ele>2186.4</ele></trkpt>
      <trkpt lat="44.809520" lon="6.738410"><ele>2186.8</ele></trkpt>
      <trkpt lat="44.809610" lon="6.738440"><ele>2187.6</ele></trkpt>
      <trkpt lat="44.809710" lon="6.738460"><ele>2188.8</ele></trkpt>
      <trkpt lat="44.809820" lon="6.738460"><ele>2190.1</ele></trkpt>
      <trkpt lat="44.810220" lon="6.738340"><ele>2191.4</ele></trkpt>
      <trkpt lat="44.810350" lon="6.738290"><ele>2192.8</ele></trkpt>
      <trkpt lat="44.810650" lon="6.738130"><ele>2193.9</ele></trkpt>
      <trkpt lat="44.811010" lon="6.737880"><ele>2195.3</ele></trkpt>
      <trkpt lat="44.811130" lon="6.737760"><ele>2196.7</ele></trkpt>
      <trkpt lat="44.811190" lon="6.737670"><ele>2198.0</ele></trkpt>
      <trkpt lat="44.811250" lon="6.737510"><ele>2199.2</ele></trkpt>
      <trkpt lat="44.811300" lon="6.737070"><ele>2200.5</ele></trkpt>
      <trkpt lat="44.811340" lon="6.736960"><ele>2201.4</ele></trkpt>
      <trkpt lat="44.811400" lon="6.736870"><ele>2201.5</ele></trkpt>
      <trkpt lat="44.811430" lon="6.736840"><ele>2201.3</ele></trkpt>
      <trkpt lat="44.811590" lon="6.736740"><ele>2200.9</ele></trkpt>
      <trkpt lat="44.811620" lon="6.736710"><ele>2200.6</ele></trkpt>
      <trkpt lat="44.811650" lon="6.736670"><ele>2200.3</ele></trkpt>
      <trkpt lat="44.811670" lon="6.736620"><ele>2199.7</ele></trkpt>
      <trkpt lat="44.811690" lon="6.736520"><ele>2198.9</ele></trkpt>
      <trkpt lat="44.811660" lon="6.736360"><ele>2198.3</ele></trkpt>
      <trkpt lat="44.811500" lon="6.736000"><ele>2197.8</ele></trkpt>
      <trkpt lat="44.811480" lon="6.735900"><ele>2197.2</ele></trkpt>
      <trkpt lat="44.811480" lon="6.735770"><ele>2196.7</ele></trkpt>
      <trkpt lat="44.811470" lon="6.735700"><ele>2195.8</ele></trkpt>
      <trkpt lat="44.811470" lon="6.735640"><ele>2194.9</ele></trkpt>
      <trkpt lat="44.811500" lon="6.735470"><ele>2194.1</ele></trkpt>
      <trkpt lat="44.811550" lon="6.735400"><ele>2193.7</ele></trkpt>
      <trkpt lat="44.811620" lon="6.735360"><ele>2193.6</ele></trkpt>
      <trkpt lat="44.811700" lon="6.735340"><ele>2193.5</ele></trkpt>
      <trkpt lat="44.811740" lon="6.735310"><ele>2194.2</ele></trkpt>
      <trkpt lat="44.811780" lon="6.735290"><ele>2195.1</ele></trkpt>
      <trkpt lat="44.811910" lon="6.735150"><ele>2196.1</ele></trkpt>
      <trkpt lat="44.812000" lon="6.735070"><ele>2197.3</ele></trkpt>
      <trkpt lat="44.812110" lon="6.735000"><ele>2198.5</ele></trkpt>
      <trkpt lat="44.812350" lon="6.734910"><ele>2200.0</ele></trkpt>
      <trkpt lat="44.812700" lon="6.734730"><ele>2201.5</ele></trkpt>
      <trkpt lat="44.812910" lon="6.734560"><ele>2203.4</ele></trkpt>
      <trkpt lat="44.813000" lon="6.734500"><ele>2205.4</ele></trkpt>
      <trkpt lat="44.813090" lon="6.734470"><ele>2208.5</ele></trkpt>
      <trkpt lat="44.813130" lon="6.734470"><ele>2211.7</ele></trkpt>
      <trkpt lat="44.813170" lon="6.734480"><ele>2214.9</ele></trkpt>
      <trkpt lat="44.813210" lon="6.734500"><ele>2218.1</ele></trkpt>
      <trkpt lat="44.813240" lon="6.734530"><ele>2221.2</ele></trkpt>
      <trkpt lat="44.813270" lon="6.734570"><ele>2223.9</ele></trkpt>
      <trkpt lat="44.813450" lon="6.734890"><ele>2226.2</ele></trkpt>
      <trkpt lat="44.813590" lon="6.735260"><ele>2228.8</ele></trkpt>
      <trkpt lat="44.813770" lon="6.735970"><ele>2231.5</ele></trkpt>
      <trkpt lat="44.813830" lon="6.736080"><ele>2234.4</ele></trkpt>
      <trkpt lat="44.813860" lon="6.736120"><ele>2237.6</ele></trkpt>
      <trkpt lat="44.813940" lon="6.736180"><ele>2241.4</ele></trkpt>
      <trkpt lat="44.813980" lon="6.736200"><ele>2245.8</ele></trkpt>
      <trkpt lat="44.814030" lon="6.736210"><ele>2250.2</ele></trkpt>
      <trkpt lat="44.814230" lon="6.736210"><ele>2254.8</ele></trkpt>
      <trkpt lat="44.814390" lon="6.736240"><ele>2258.9</ele></trkpt>
      <trkpt lat="44.814450" lon="6.736260"><ele>2262.7</ele></trkpt>
      <trkpt lat="44.814550" lon="6.736310"><ele>2265.3</ele></trkpt>
      <trkpt lat="44.814660" lon="6.736340"><ele>2267.7</ele></trkpt>
      <trkpt lat="44.815150" lon="6.736320"><ele>2269.1</ele></trkpt>
      <trkpt lat="44.815440" lon="6.736340"><ele>2270.2</ele></trkpt>
      <trkpt lat="44.815530" lon="6.736320"><ele>2271.3</ele></trkpt>
      <trkpt lat="44.815570" lon="6.736290"><ele>2272.4</ele></trkpt>
      <trkpt lat="44.815600" lon="6.736260"><ele>2273.6</ele></trkpt>
      <trkpt lat="44.815660" lon="6.736170"><ele>2275.0</ele></trkpt>
      <trkpt lat="44.815680" lon="6.736070"><ele>2276.4</ele></trkpt>
      <trkpt lat="44.815680" lon="6.735890"><ele>2277.5</ele></trkpt>
      <trkpt lat="44.815560" lon="6.735280"><ele>2278.5</ele></trkpt>
      <trkpt lat="44.815560" lon="6.735180"><ele>2278.9</ele></trkpt>
      <trkpt lat="44.815570" lon="6.735130"><ele>2278.7</ele></trkpt>
      <trkpt lat="44.815590" lon="6.735090"><ele>2278.6</ele></trkpt>
      <trkpt lat="44.815680" lon="6.734990"><ele>2278.6</ele></trkpt>
      <trkpt lat="44.815870" lon="6.734860"><ele>2278.6</ele></trkpt>
      <trkpt lat="44.816010" lon="6.734740"><ele>2278.7</ele></trkpt>
      <trkpt lat="44.816050" lon="6.734680"><ele>2278.7</ele></trkpt>
      <trkpt lat="44.816200" lon="6.734510"><ele>2278.9</ele></trkpt>
      <trkpt lat="44.816290" lon="6.734480"><ele>2279.8</ele></trkpt>
      <trkpt lat="44.816340" lon="6.734480"><ele>2280.8</ele></trkpt>
      <trkpt lat="44.816470" lon="6.734520"><ele>2282.0</ele></trkpt>
      <trkpt lat="44.816610" lon="6.734580"><ele>2283.3</ele></trkpt>
      <trkpt lat="44.816660" lon="6.734590"><ele>2284.5</ele></trkpt>
      <trkpt lat="44.816760" lon="6.734570"><ele>2285.8</ele></trkpt>
      <trkpt lat="44.816860" lon="6.734510"><ele>2287.0</ele></trkpt>
      <trkpt lat="44.816900" lon="6.734470"><ele>2288.3</ele></trkpt>
      <trkpt lat="44.817060" lon="6.734260"><ele>2289.6</ele></trkpt>
      <trkpt lat="44.817220" lon="6.734020"><ele>2290.9</ele></trkpt>
      <trkpt lat="44.817530" lon="6.733640"><ele>2292.2</ele></trkpt>
      <trkpt lat="44.817700" lon="6.733460"><ele>2293.4</ele></trkpt>
      <trkpt lat="44.817930" lon="6.733170"><ele>2294.3</ele></trkpt>
      <trkpt lat="44.818180" lon="6.732720"><ele>2295.1</ele></trkpt>
      <trkpt lat="44.818230" lon="6.732670"><ele>2295.8</ele></trkpt>
      <trkpt lat="44.818280" lon="6.732650"><ele>2296.5</ele></trkpt>
      <trkpt lat="44.818310" lon="6.732650"><ele>2297.0</ele></trkpt>
      <trkpt lat="44.818350" lon="6.732670"><ele>2297.5</ele></trkpt>
      <trkpt lat="44.818360" lon="6.732680"><ele>2298.1</ele></trkpt>
      <trkpt lat="44.818390" lon="6.732790"><ele>2298.6</ele></trkpt>
      <trkpt lat="44.818360" lon="6.732930"><ele>2299.0</ele></trkpt>
      <trkpt lat="44.818220" lon="6.733280"><ele>2299.4</ele></trkpt>
      <trkpt lat="44.818070" lon="6.733570"><ele>2299.6</ele></trkpt>
      <trkpt lat="44.818020" lon="6.733640"><ele>2299.9</ele></trkpt>
      <trkpt lat="44.817740" lon="6.734130"><ele>2300.1</ele></trkpt>
      <trkpt lat="44.817700" lon="6.734220"><ele>2300.3</ele></trkpt>
      <trkpt lat="44.817670" lon="6.734270"><ele>2300.5</ele></trkpt>
      <trkpt lat="44.817650" lon="6.734330"><ele>2300.8</ele></trkpt>
      <trkpt lat="44.817650" lon="6.734390"><ele>2301.3</ele></trkpt>
      <trkpt lat="44.817670" lon="6.734440"><ele>2302.0</ele></trkpt>
      <trkpt lat="44.817710" lon="6.734480"><ele>2302.9</ele></trkpt>
      <trkpt lat="44.817740" lon="6.734480"><ele>2304.0</ele></trkpt>
      <trkpt lat="44.817790" lon="6.734450"><ele>2306.0</ele></trkpt>
      <trkpt lat="44.817920" lon="6.734190"><ele>2308.3</ele></trkpt>
      <trkpt lat="44.818010" lon="6.734040"><ele>2311.3</ele></trkpt>
      <trkpt lat="44.818100" lon="6.733940"><ele>2314.3</ele></trkpt>
      <trkpt lat="44.818270" lon="6.733810"><ele>2317.4</ele></trkpt>
      <trkpt lat="44.818430" lon="6.733660"><ele>2320.5</ele></trkpt>
      <trkpt lat="44.818490" lon="6.733620"><ele>2323.6</ele></trkpt>
      <trkpt lat="44.818730" lon="6.733340"><ele>2326.7</ele></trkpt>
      <trkpt lat="44.819170" lon="6.732730"><ele>2329.7</ele></trkpt>
      <trkpt lat="44.819250" lon="6.732590"><ele>2332.6</ele></trkpt>
      <trkpt lat="44.819420" lon="6.732160"><ele>2335.3</ele></trkpt>
      <trkpt lat="44.819440" lon="6.732140"><ele>2337.5</ele></trkpt>
      <trkpt lat="44.819480" lon="6.732120"><ele>2339.5</ele></trkpt>
      <trkpt lat="44.819510" lon="6.732130"><ele>2341.1</ele></trkpt>
      <trkpt lat="44.819550" lon="6.732170"><ele>2342.6</ele></trkpt>
      <trkpt lat="44.819570" lon="6.732210"><ele>2344.2</ele></trkpt>
      <trkpt lat="44.819580" lon="6.732250"><ele>2345.7</ele></trkpt>
      <trkpt lat="44.819580" lon="6.732340"><ele>2346.3</ele></trkpt>
      <trkpt lat="44.819550" lon="6.732450"><ele>2346.7</ele></trkpt>
      <trkpt lat="44.819360" lon="6.732860"><ele>2346.4</ele></trkpt>
      <trkpt lat="44.819290" lon="6.733040"><ele>2346.0</ele></trkpt>
      <trkpt lat="44.819230" lon="6.733250"><ele>2345.5</ele></trkpt>
      <trkpt lat="44.819200" lon="6.733460"><ele>2344.9</ele></trkpt>
      <trkpt lat="44.819190" lon="6.733800"><ele>2344.5</ele></trkpt>
      <trkpt lat="44.819160" lon="6.733930"><ele>2344.1</ele></trkpt>
      <trkpt lat="44.819130" lon="6.733990"><ele>2344.0</ele></trkpt>
      <trkpt lat="44.819110" lon="6.734050"><ele>2344.0</ele></trkpt>
      <trkpt lat="44.818860" lon="6.734460"><ele>2344.5</ele></trkpt>
      <trkpt lat="44.818820" lon="6.734540"><ele>2345.4</ele></trkpt>
      <trkpt lat="44.818820" lon="6.734580"><ele>2346.4</ele></trkpt>
      <trkpt lat="44.818810" lon="6.734630"><ele>2347.4</ele></trkpt>
      <trkpt lat="44.818840" lon="6.734740"><ele>2347.9</ele></trkpt>
      <trkpt lat="44.818880" lon="6.734780"><ele>2348.1</ele></trkpt>
      <trkpt lat="44.818980" lon="6.734840"><ele>2348.3</ele></trkpt>
      <trkpt lat="44.819050" lon="6.734870"><ele>2348.7</ele></trkpt>
      <trkpt lat="44.819290" lon="6.734910"><ele>2349.0</ele></trkpt>
      <trkpt lat="44.819240" lon="6.735040"><ele>2349.7</ele></trkpt>
      <trkpt lat="44.819200" lon="6.735110"><ele>2350.5</ele></trkpt>
      <trkpt lat="44.819140" lon="6.735190"><ele>2351.5</ele></trkpt>
      <trkpt lat="44.819204" lon="6.735097"><ele>2358.8</ele></trkpt>
      <trkpt lat="44.819196" lon="6.735001"><ele>2358.2</ele></trkpt>
      <trkpt lat="44.819164" lon="6.734887"><ele>2358.2</ele></trkpt>
      <trkpt lat="44.819294" lon="6.734910"><ele>2359.5</ele></trkpt>
      <trkpt lat="44.819660" lon="6.734975"><ele>2361.0</ele></trkpt>
      <trkpt lat="44.820007" lon="6.735037"><ele>2359.8</ele></trkpt>
      <trkpt lat="44.820026" lon="6.735040"><ele>2359.8</ele></trkpt>
      <trkpt lat="44.820047" lon="6.735044"><ele>2359.5</ele></trkpt>
      <trkpt lat="44.820206" lon="6.735068"><ele>2358.0</ele></trkpt>
      <trkpt lat="44.820302" lon="6.735073"><ele>2357.0</ele></trkpt>
      <trkpt lat="44.820407" lon="6.735054"><ele>2355.5</ele></trkpt>
      <trkpt lat="44.820472" lon="6.735024"><ele>2354.8</ele></trkpt>
      <trkpt lat="44.820520" lon="6.734986"><ele>2354.5</ele></trkpt>
      <trkpt lat="44.820548" lon="6.734954"><ele>2354.2</ele></trkpt>
      <trkpt lat="44.820604" lon="6.734873"><ele>2353.2</ele></trkpt>
      <trkpt lat="44.820781" lon="6.734550"><ele>2350.8</ele></trkpt>
      <trkpt lat="44.820812" lon="6.734482"><ele>2350.2</ele></trkpt>
      <trkpt lat="44.820880" lon="6.734295"><ele>2351.0</ele></trkpt>
      <trkpt lat="44.820912" lon="6.734235"><ele>2350.8</ele></trkpt>
      <trkpt lat="44.820953" lon="6.734206"><ele>2349.8</ele></trkpt>
      <trkpt lat="44.820977" lon="6.734202"><ele>2348.8</ele></trkpt>
      <trkpt lat="44.821000" lon="6.734207"><ele>2348.0</ele></trkpt>
      <trkpt lat="44.821039" lon="6.734242"><ele>2346.2</ele></trkpt>
      <trkpt lat="44.821063" lon="6.734288"><ele>2345.0</ele></trkpt>
      <trkpt lat="44.821068" lon="6.734313"><ele>2344.8</ele></trkpt>
      <trkpt lat="44.821070" lon="6.734340"><ele>2344.5</ele></trkpt>
      <trkpt lat="44.821062" lon="6.734396"><ele>2344.5</ele></trkpt>
      <trkpt lat="44.820998" lon="6.734546"><ele>2344.5</ele></trkpt>
      <trkpt lat="44.820920" lon="6.734742"><ele>2344.8</ele></trkpt>
      <trkpt lat="44.820887" lon="6.734842"><ele>2344.8</ele></trkpt>
      <trkpt lat="44.820864" lon="6.734971"><ele>2344.0</ele></trkpt>
      <trkpt lat="44.820865" lon="6.735133"><ele>2342.5</ele></trkpt>
      <trkpt lat="44.820895" lon="6.735281"><ele>2340.2</ele></trkpt>
      <trkpt lat="44.820922" lon="6.735370"><ele>2340.2</ele></trkpt>
      <trkpt lat="44.820975" lon="6.735468"><ele>2339.8</ele></trkpt>
      <trkpt lat="44.820999" lon="6.735503"><ele>2339.5</ele></trkpt>
      <trkpt lat="44.821087" lon="6.735577"><ele>2338.5</ele></trkpt>
      <trkpt lat="44.821243" lon="6.735662"><ele>2335.5</ele></trkpt>
      <trkpt lat="44.821766" lon="6.735905"><ele>2329.2</ele></trkpt>
      <trkpt lat="44.822184" lon="6.736076"><ele>2329.5</ele></trkpt>
      <trkpt lat="44.822373" lon="6.736132"><ele>2328.8</ele></trkpt>
      <trkpt lat="44.822459" lon="6.736142"><ele>2328.2</ele></trkpt>
      <trkpt lat="44.822519" lon="6.736129"><ele>2327.2</ele></trkpt>
      <trkpt lat="44.822542" lon="6.736113"><ele>2326.8</ele></trkpt>
      <trkpt lat="44.822585" lon="6.736060"><ele>2325.2</ele></trkpt>
      <trkpt lat="44.822609" lon="6.735995"><ele>2324.0</ele></trkpt>
      <trkpt lat="44.822618" lon="6.735902"><ele>2322.0</ele></trkpt>
      <trkpt lat="44.822613" lon="6.735860"><ele>2321.2</ele></trkpt>
      <trkpt lat="44.822588" lon="6.735802"><ele>2320.5</ele></trkpt>
      <trkpt lat="44.822545" lon="6.735754"><ele>2320.5</ele></trkpt>
      <trkpt lat="44.822381" lon="6.735607"><ele>2319.8</ele></trkpt>
      <trkpt lat="44.822335" lon="6.735550"><ele>2319.0</ele></trkpt>
      <trkpt lat="44.821973" lon="6.735009"><ele>2314.2</ele></trkpt>
      <trkpt lat="44.821903" lon="6.734892"><ele>2314.0</ele></trkpt>
      <trkpt lat="44.821849" lon="6.734785"><ele>2313.8</ele></trkpt>
      <trkpt lat="44.821811" lon="6.734681"><ele>2313.5</ele></trkpt>
      <trkpt lat="44.821796" lon="6.734613"><ele>2313.5</ele></trkpt>
      <trkpt lat="44.821788" lon="6.734501"><ele>2313.2</ele></trkpt>
      <trkpt lat="44.821797" lon="6.734370"><ele>2312.2</ele></trkpt>
      <trkpt lat="44.821868" lon="6.733955"><ele>2307.8</ele></trkpt>
      <trkpt lat="44.821888" lon="6.733743"><ele>2305.5</ele></trkpt>
      <trkpt lat="44.821889" lon="6.733620"><ele>2304.8</ele></trkpt>
      <trkpt lat="44.821879" lon="6.733483"><ele>2304.2</ele></trkpt>
      <trkpt lat="44.821861" lon="6.733349"><ele>2304.2</ele></trkpt>
      <trkpt lat="44.821806" lon="6.733081"><ele>2304.5</ele></trkpt>
      <trkpt lat="44.821810" lon="6.733017"><ele>2303.8</ele></trkpt>
      <trkpt lat="44.821821" lon="6.732987"><ele>2303.0</ele></trkpt>
      <trkpt lat="44.821857" lon="6.732944"><ele>2301.2</ele></trkpt>
      <trkpt lat="44.821906" lon="6.732929"><ele>2299.0</ele></trkpt>
      <trkpt lat="44.821933" lon="6.732934"><ele>2298.0</ele></trkpt>
      <trkpt lat="44.821954" lon="6.732944"><ele>2297.0</ele></trkpt>
      <trkpt lat="44.821989" lon="6.732994"><ele>2295.8</ele></trkpt>
      <trkpt lat="44.821997" lon="6.733015"><ele>2295.5</ele></trkpt>
      <trkpt lat="44.822002" lon="6.733069"><ele>2295.8</ele></trkpt>
      <trkpt lat="44.822003" lon="6.733265"><ele>2297.5</ele></trkpt>
      <trkpt lat="44.822011" lon="6.733342"><ele>2297.8</ele></trkpt>
      <trkpt lat="44.822052" lon="6.733533"><ele>2298.0</ele></trkpt>
      <trkpt lat="44.822101" lon="6.733645"><ele>2297.8</ele></trkpt>
      <trkpt lat="44.822125" lon="6.733686"><ele>2297.5</ele></trkpt>
      <trkpt lat="44.822195" lon="6.733761"><ele>2296.2</ele></trkpt>
      <trkpt lat="44.822251" lon="6.733791"><ele>2295.5</ele></trkpt>
      <trkpt lat="44.822355" lon="6.733831"><ele>2294.2</ele></trkpt>
      <trkpt lat="44.822414" lon="6.733844"><ele>2293.2</ele></trkpt>
      <trkpt lat="44.822530" lon="6.733856"><ele>2291.5</ele></trkpt>
      <trkpt lat="44.822627" lon="6.733847"><ele>2290.0</ele></trkpt>
      <trkpt lat="44.822709" lon="6.733816"><ele>2289.0</ele></trkpt>
      <trkpt lat="44.822789" lon="6.733757"><ele>2288.0</ele></trkpt>
      <trkpt lat="44.822849" lon="6.733686"><ele>2286.2</ele></trkpt>
      <trkpt lat="44.822882" lon="6.733624"><ele>2285.5</ele></trkpt>
      <trkpt lat="44.822900" lon="6.733540"><ele>2284.5</ele></trkpt>
      <trkpt lat="44.822900" lon="6.733461"><ele>2284.0</ele></trkpt>
      <trkpt lat="44.822877" lon="6.733383"><ele>2284.0</ele></trkpt>
      <trkpt lat="44.822827" lon="6.733300"><ele>2284.5</ele></trkpt>
      <trkpt lat="44.822752" lon="6.733227"><ele>2284.5</ele></trkpt>
      <trkpt lat="44.822673" lon="6.733176"><ele>2284.0</ele></trkpt>
      <trkpt lat="44.822443" lon="6.733090"><ele>2284.2</ele></trkpt>
      <trkpt lat="44.822385" lon="6.733032"><ele>2284.2</ele></trkpt>
      <trkpt lat="44.822348" lon="6.732978"><ele>2284.2</ele></trkpt>
      <trkpt lat="44.822292" lon="6.732823"><ele>2283.5</ele></trkpt>
      <trkpt lat="44.822230" lon="6.732556"><ele>2281.2</ele></trkpt>
      <trkpt lat="44.822217" lon="6.732390"><ele>2280.8</ele></trkpt>
      <trkpt lat="44.822220" lon="6.732309"><ele>2280.2</ele></trkpt>
      <trkpt lat="44.822244" lon="6.732137"><ele>2279.0</ele></trkpt>
      <trkpt lat="44.822378" lon="6.731715"><ele>2275.5</ele></trkpt>
      <trkpt lat="44.822398" lon="6.731592"><ele>2275.0</ele></trkpt>
      <trkpt lat="44.822412" lon="6.731407"><ele>2274.8</ele></trkpt>
      <trkpt lat="44.822428" lon="6.731299"><ele>2273.8</ele></trkpt>
      <trkpt lat="44.822453" lon="6.731236"><ele>2272.8</ele></trkpt>
      <trkpt lat="44.822488" lon="6.731207"><ele>2271.8</ele></trkpt>
      <trkpt lat="44.822536" lon="6.731205"><ele>2270.8</ele></trkpt>
      <trkpt lat="44.822577" lon="6.731241"><ele>2270.2</ele></trkpt>
      <trkpt lat="44.822590" lon="6.731271"><ele>2270.0</ele></trkpt>
      <trkpt lat="44.822601" lon="6.731303"><ele>2270.0</ele></trkpt>
      <trkpt lat="44.822619" lon="6.731403"><ele>2270.2</ele></trkpt>
      <trkpt lat="44.822640" lon="6.731653"><ele>2269.8</ele></trkpt>
      <trkpt lat="44.822667" lon="6.731818"><ele>2269.2</ele></trkpt>
      <trkpt lat="44.822705" lon="6.731917"><ele>2268.5</ele></trkpt>
      <trkpt lat="44.822728" lon="6.731954"><ele>2268.0</ele></trkpt>
      <trkpt lat="44.822796" lon="6.732025"><ele>2267.2</ele></trkpt>
      <trkpt lat="44.822926" lon="6.732068"><ele>2265.8</ele></trkpt>
      <trkpt lat="44.823010" lon="6.732078"><ele>2265.0</ele></trkpt>
      <trkpt lat="44.823046" lon="6.732077"><ele>2264.5</ele></trkpt>
      <trkpt lat="44.823105" lon="6.732058"><ele>2263.5</ele></trkpt>
      <trkpt lat="44.823164" lon="6.732019"><ele>2262.8</ele></trkpt>
      <trkpt lat="44.823191" lon="6.731990"><ele>2262.2</ele></trkpt>
      <trkpt lat="44.823338" lon="6.731785"><ele>2259.8</ele></trkpt>
      <trkpt lat="44.823370" lon="6.731761"><ele>2259.0</ele></trkpt>
      <trkpt lat="44.823390" lon="6.731755"><ele>2258.8</ele></trkpt>
      <trkpt lat="44.823425" lon="6.731756"><ele>2258.0</ele></trkpt>
      <trkpt lat="44.823440" lon="6.731765"><ele>2258.0</ele></trkpt>
      <trkpt lat="44.823467" lon="6.731818"><ele>2257.5</ele></trkpt>
      <trkpt lat="44.823477" lon="6.731876"><ele>2257.2</ele></trkpt>
      <trkpt lat="44.823477" lon="6.731941"><ele>2257.2</ele></trkpt>
      <trkpt lat="44.823448" lon="6.732131"><ele>2258.8</ele></trkpt>
      <trkpt lat="44.823449" lon="6.732185"><ele>2258.8</ele></trkpt>
      <trkpt lat="44.823459" lon="6.732233"><ele>2258.5</ele></trkpt>
      <trkpt lat="44.823505" lon="6.732325"><ele>2258.0</ele></trkpt>
      <trkpt lat="44.823530" lon="6.732357"><ele>2258.0</ele></trkpt>
      <trkpt lat="44.823578" lon="6.732396"><ele>2257.5</ele></trkpt>
      <trkpt lat="44.823613" lon="6.732414"><ele>2257.8</ele></trkpt>
      <trkpt lat="44.823635" lon="6.732416"><ele>2257.8</ele></trkpt>
      <trkpt lat="44.823660" lon="6.732413"><ele>2257.8</ele></trkpt>
      <trkpt lat="44.823705" lon="6.732392"><ele>2257.8</ele></trkpt>
      <trkpt lat="44.823753" lon="6.732348"><ele>2257.2</ele></trkpt>
      <trkpt lat="44.823888" lon="6.732176"><ele>2254.0</ele></trkpt>
      <trkpt lat="44.823966" lon="6.732114"><ele>2252.8</ele></trkpt>
      <trkpt lat="44.824032" lon="6.732085"><ele>2252.2</ele></trkpt>
      <trkpt lat="44.824387" lon="6.731987"><ele>2247.8</ele></trkpt>
      <trkpt lat="44.824462" lon="6.731939"><ele>2247.2</ele></trkpt>
      <trkpt lat="44.824591" lon="6.731811"><ele>2246.5</ele></trkpt>
      <trkpt lat="44.824679" lon="6.731755"><ele>2246.2</ele></trkpt>
      <trkpt lat="44.824780" lon="6.731704"><ele>2245.5</ele></trkpt>
      <trkpt lat="44.824839" lon="6.731649"><ele>2244.5</ele></trkpt>
      <trkpt lat="44.824870" lon="6.731601"><ele>2244.0</ele></trkpt>
      <trkpt lat="44.824942" lon="6.731403"><ele>2241.5</ele></trkpt>
      <trkpt lat="44.824992" lon="6.731318"><ele>2241.0</ele></trkpt>
      <trkpt lat="44.825026" lon="6.731279"><ele>2240.8</ele></trkpt>
      <trkpt lat="44.825134" lon="6.731197"><ele>2239.5</ele></trkpt>
      <trkpt lat="44.825437" lon="6.731024"><ele>2236.8</ele></trkpt>
      <trkpt lat="44.825506" lon="6.730975"><ele>2235.8</ele></trkpt>
      <trkpt lat="44.825691" lon="6.730814"><ele>2232.2</ele></trkpt>
      <trkpt lat="44.825942" lon="6.730568"><ele>2228.8</ele></trkpt>
      <trkpt lat="44.826528" lon="6.730027"><ele>2221.5</ele></trkpt>
      <trkpt lat="44.827114" lon="6.729513"><ele>2214.5</ele></trkpt>
      <trkpt lat="44.827223" lon="6.729390"><ele>2212.8</ele></trkpt>
      <trkpt lat="44.827246" lon="6.729342"><ele>2212.5</ele></trkpt>
      <trkpt lat="44.827258" lon="6.729284"><ele>2212.5</ele></trkpt>
      <trkpt lat="44.827259" lon="6.729227"><ele>2212.5</ele></trkpt>
      <trkpt lat="44.827253" lon="6.729187"><ele>2212.5</ele></trkpt>
      <trkpt lat="44.827228" lon="6.729091"><ele>2212.8</ele></trkpt>
      <trkpt lat="44.827187" lon="6.728998"><ele>2213.2</ele></trkpt>
      <trkpt lat="44.827158" lon="6.728948"><ele>2213.5</ele></trkpt>
      <trkpt lat="44.827117" lon="6.728891"><ele>2213.8</ele></trkpt>
      <trkpt lat="44.826790" lon="6.728504"><ele>2212.5</ele></trkpt>
      <trkpt lat="44.826687" lon="6.728407"><ele>2211.8</ele></trkpt>
      <trkpt lat="44.826612" lon="6.728371"><ele>2210.2</ele></trkpt>
      <trkpt lat="44.826522" lon="6.728358"><ele>2208.5</ele></trkpt>
      <trkpt lat="44.826426" lon="6.728361"><ele>2207.0</ele></trkpt>
      <trkpt lat="44.826298" lon="6.728379"><ele>2204.0</ele></trkpt>
      <trkpt lat="44.826250" lon="6.728374"><ele>2202.5</ele></trkpt>
      <trkpt lat="44.826206" lon="6.728325"><ele>2200.5</ele></trkpt>
      <trkpt lat="44.826192" lon="6.728268"><ele>2199.0</ele></trkpt>
      <trkpt lat="44.826202" lon="6.728217"><ele>2198.5</ele></trkpt>
      <trkpt lat="44.826225" lon="6.728175"><ele>2198.2</ele></trkpt>
      <trkpt lat="44.826279" lon="6.728126"><ele>2199.0</ele></trkpt>
      <trkpt lat="44.826503" lon="6.727968"><ele>2201.0</ele></trkpt>
      <trkpt lat="44.826575" lon="6.727897"><ele>2200.8</ele></trkpt>
      <trkpt lat="44.826790" lon="6.727641"><ele>2197.8</ele></trkpt>
      <trkpt lat="44.826895" lon="6.727541"><ele>2196.2</ele></trkpt>
      <trkpt lat="44.827030" lon="6.727450"><ele>2194.5</ele></trkpt>
      <trkpt lat="44.827145" lon="6.727400"><ele>2193.2</ele></trkpt>
      <trkpt lat="44.827211" lon="6.727382"><ele>2193.0</ele></trkpt>
      <trkpt lat="44.827378" lon="6.727362"><ele>2192.0</ele></trkpt>
      <trkpt lat="44.827599" lon="6.727382"><ele>2191.5</ele></trkpt>
      <trkpt lat="44.828026" lon="6.727480"><ele>2187.2</ele></trkpt>
      <trkpt lat="44.828076" lon="6.727498"><ele>2186.5</ele></trkpt>
      <trkpt lat="44.828115" lon="6.727518"><ele>2186.0</ele></trkpt>
      <trkpt lat="44.828183" lon="6.727581"><ele>2185.2</ele></trkpt>
      <trkpt lat="44.828223" lon="6.727635"><ele>2185.0</ele></trkpt>
      <trkpt lat="44.828334" lon="6.727818"><ele>2184.2</ele></trkpt>
      <trkpt lat="44.828353" lon="6.727837"><ele>2184.0</ele></trkpt>
      <trkpt lat="44.828390" lon="6.727854"><ele>2183.5</ele></trkpt>
      <trkpt lat="44.828448" lon="6.727840"><ele>2182.0</ele></trkpt>
      <trkpt lat="44.828486" lon="6.727790"><ele>2180.8</ele></trkpt>
      <trkpt lat="44.828514" lon="6.727723"><ele>2179.5</ele></trkpt>
      <trkpt lat="44.828548" lon="6.727564"><ele>2177.0</ele></trkpt>
      <trkpt lat="44.828562" lon="6.727393"><ele>2174.5</ele></trkpt>
      <trkpt lat="44.828557" lon="6.727281"><ele>2173.0</ele></trkpt>
      <trkpt lat="44.828538" lon="6.727200"><ele>2172.0</ele></trkpt>
      <trkpt lat="44.828480" lon="6.727090"><ele>2171.2</ele></trkpt>
      <trkpt lat="44.828339" lon="6.726901"><ele>2169.8</ele></trkpt>
      <trkpt lat="44.828272" lon="6.726768"><ele>2167.8</ele></trkpt>
      <trkpt lat="44.828207" lon="6.726602"><ele>2164.8</ele></trkpt>
      <trkpt lat="44.828170" lon="6.726541"><ele>2163.8</ele></trkpt>
      <trkpt lat="44.828113" lon="6.726493"><ele>2163.0</ele></trkpt>
      <trkpt lat="44.828047" lon="6.726463"><ele>2162.8</ele></trkpt>
      <trkpt lat="44.827871" lon="6.726434"><ele>2162.8</ele></trkpt>
      <trkpt lat="44.827796" lon="6.726414"><ele>2162.5</ele></trkpt>
      <trkpt lat="44.827326" lon="6.726257"><ele>2161.5</ele></trkpt>
      <trkpt lat="44.827252" lon="6.726219"><ele>2161.2</ele></trkpt>
      <trkpt lat="44.827210" lon="6.726175"><ele>2162.0</ele></trkpt>
      <trkpt lat="44.827170" lon="6.726109"><ele>2162.8</ele></trkpt>
      <trkpt lat="44.827117" lon="6.725953"><ele>2164.8</ele></trkpt>
      <trkpt lat="44.827103" lon="6.725870"><ele>2164.8</ele></trkpt>
      <trkpt lat="44.827102" lon="6.725777"><ele>2165.2</ele></trkpt>
      <trkpt lat="44.827143" lon="6.725617"><ele>2164.0</ele></trkpt>
      <trkpt lat="44.827207" lon="6.725511"><ele>2161.5</ele></trkpt>
      <trkpt lat="44.827249" lon="6.725459"><ele>2160.5</ele></trkpt>
      <trkpt lat="44.827293" lon="6.725418"><ele>2159.8</ele></trkpt>
      <trkpt lat="44.827338" lon="6.725385"><ele>2159.0</ele></trkpt>
      <trkpt lat="44.827433" lon="6.725333"><ele>2157.8</ele></trkpt>
      <trkpt lat="44.827635" lon="6.725262"><ele>2155.5</ele></trkpt>
      <trkpt lat="44.827702" lon="6.725223"><ele>2154.8</ele></trkpt>
      <trkpt lat="44.827830" lon="6.725128"><ele>2153.8</ele></trkpt>
      <trkpt lat="44.830030" lon="6.723359"><ele>2130.2</ele></trkpt>
      <trkpt lat="44.830117" lon="6.723298"><ele>2129.8</ele></trkpt>
      <trkpt lat="44.830163" lon="6.723275"><ele>2129.5</ele></trkpt>
      <trkpt lat="44.830230" lon="6.723256"><ele>2129.0</ele></trkpt>
      <trkpt lat="44.830264" lon="6.723255"><ele>2128.5</ele></trkpt>
      <trkpt lat="44.830297" lon="6.723260"><ele>2128.0</ele></trkpt>
      <trkpt lat="44.830365" lon="6.723291"><ele>2126.5</ele></trkpt>
      <trkpt lat="44.830397" lon="6.723316"><ele>2125.8</ele></trkpt>
      <trkpt lat="44.830457" lon="6.723392"><ele>2124.2</ele></trkpt>
      <trkpt lat="44.830484" lon="6.723438"><ele>2123.8</ele></trkpt>
      <trkpt lat="44.830509" lon="6.723501"><ele>2123.0</ele></trkpt>
      <trkpt lat="44.830535" lon="6.723606"><ele>2122.2</ele></trkpt>
      <trkpt lat="44.830545" lon="6.723696"><ele>2121.0</ele></trkpt>
      <trkpt lat="44.830536" lon="6.723810"><ele>2120.0</ele></trkpt>
      <trkpt lat="44.830516" lon="6.723880"><ele>2119.5</ele></trkpt>
      <trkpt lat="44.830457" lon="6.724000"><ele>2119.8</ele></trkpt>
      <trkpt lat="44.830419" lon="6.724055"><ele>2120.0</ele></trkpt>
      <trkpt lat="44.830199" lon="6.724311"><ele>2123.0</ele></trkpt>
      <trkpt lat="44.830151" lon="6.724387"><ele>2124.2</ele></trkpt>
      <trkpt lat="44.830138" lon="6.724451"><ele>2124.2</ele></trkpt>
      <trkpt lat="44.830139" lon="6.724482"><ele>2124.0</ele></trkpt>
      <trkpt lat="44.830148" lon="6.724511"><ele>2123.5</ele></trkpt>
      <trkpt lat="44.830172" lon="6.724554"><ele>2122.2</ele></trkpt>
      <trkpt lat="44.830205" lon="6.724579"><ele>2121.0</ele></trkpt>
      <trkpt lat="44.830224" lon="6.724581"><ele>2120.5</ele></trkpt>
      <trkpt lat="44.830269" lon="6.724568"><ele>2119.2</ele></trkpt>
      <trkpt lat="44.830296" lon="6.724547"><ele>2118.8</ele></trkpt>
      <trkpt lat="44.830458" lon="6.724368"><ele>2117.2</ele></trkpt>
      <trkpt lat="44.830545" lon="6.724288"><ele>2116.2</ele></trkpt>
      <trkpt lat="44.830648" lon="6.724220"><ele>2115.5</ele></trkpt>
      <trkpt lat="44.830783" lon="6.724161"><ele>2114.5</ele></trkpt>
      <trkpt lat="44.830840" lon="6.724154"><ele>2114.0</ele></trkpt>
      <trkpt lat="44.830893" lon="6.724159"><ele>2113.5</ele></trkpt>
      <trkpt lat="44.830963" lon="6.724179"><ele>2112.8</ele></trkpt>
      <trkpt lat="44.831242" lon="6.724344"><ele>2106.8</ele></trkpt>
      <trkpt lat="44.831332" lon="6.724385"><ele>2104.8</ele></trkpt>
      <trkpt lat="44.831420" lon="6.724407"><ele>2103.2</ele></trkpt>
      <trkpt lat="44.831461" lon="6.724412"><ele>2102.8</ele></trkpt>
      <trkpt lat="44.831529" lon="6.724405"><ele>2102.0</ele></trkpt>
      <trkpt lat="44.831685" lon="6.724345"><ele>2100.5</ele></trkpt>
      <trkpt lat="44.831743" lon="6.724310"><ele>2099.2</ele></trkpt>
      <trkpt lat="44.831815" lon="6.724253"><ele>2097.5</ele></trkpt>
      <trkpt lat="44.831862" lon="6.724186"><ele>2096.0</ele></trkpt>
      <trkpt lat="44.831890" lon="6.724114"><ele>2094.2</ele></trkpt>
      <trkpt lat="44.831905" lon="6.724043"><ele>2093.0</ele></trkpt>
      <trkpt lat="44.831906" lon="6.724001"><ele>2092.5</ele></trkpt>
      <trkpt lat="44.831897" lon="6.723923"><ele>2092.0</ele></trkpt>
      <trkpt lat="44.831875" lon="6.723855"><ele>2092.0</ele></trkpt>
      <trkpt lat="44.831840" lon="6.723787"><ele>2092.2</ele></trkpt>
      <trkpt lat="44.831768" lon="6.723673"><ele>2093.5</ele></trkpt>
      <trkpt lat="44.831738" lon="6.723598"><ele>2094.0</ele></trkpt>
      <trkpt lat="44.831735" lon="6.723545"><ele>2093.8</ele></trkpt>
      <trkpt lat="44.831746" lon="6.723502"><ele>2093.0</ele></trkpt>
      <trkpt lat="44.831773" lon="6.723468"><ele>2091.8</ele></trkpt>
      <trkpt lat="44.831797" lon="6.723459"><ele>2090.5</ele></trkpt>
      <trkpt lat="44.831841" lon="6.723462"><ele>2089.0</ele></trkpt>
      <trkpt lat="44.831887" lon="6.723495"><ele>2087.2</ele></trkpt>
      <trkpt lat="44.831976" lon="6.723625"><ele>2085.0</ele></trkpt>
      <trkpt lat="44.832016" lon="6.723705"><ele>2084.8</ele></trkpt>
      <trkpt lat="44.832046" lon="6.723820"><ele>2085.2</ele></trkpt>
      <trkpt lat="44.832055" lon="6.723926"><ele>2086.2</ele></trkpt>
      <trkpt lat="44.832055" lon="6.724101"><ele>2088.2</ele></trkpt>
      <trkpt lat="44.832069" lon="6.724162"><ele>2088.2</ele></trkpt>
      <trkpt lat="44.832085" lon="6.724192"><ele>2088.0</ele></trkpt>
      <trkpt lat="44.832118" lon="6.724230"><ele>2087.0</ele></trkpt>
      <trkpt lat="44.832156" lon="6.724242"><ele>2085.8</ele></trkpt>
      <trkpt lat="44.832194" lon="6.724231"><ele>2084.2</ele></trkpt>
      <trkpt lat="44.832235" lon="6.724175"><ele>2082.5</ele></trkpt>
      <trkpt lat="44.832251" lon="6.724070"><ele>2080.8</ele></trkpt>
      <trkpt lat="44.832250" lon="6.724002"><ele>2080.0</ele></trkpt>
      <trkpt lat="44.832229" lon="6.723768"><ele>2078.0</ele></trkpt>
      <trkpt lat="44.832216" lon="6.723682"><ele>2077.0</ele></trkpt>
      <trkpt lat="44.832181" lon="6.723560"><ele>2077.0</ele></trkpt>
      <trkpt lat="44.832015" lon="6.723272"><ele>2081.8</ele></trkpt>
      <trkpt lat="44.831989" lon="6.723204"><ele>2083.2</ele></trkpt>
      <trkpt lat="44.831979" lon="6.723146"><ele>2084.0</ele></trkpt>
      <trkpt lat="44.831978" lon="6.723092"><ele>2084.5</ele></trkpt>
      <trkpt lat="44.831990" lon="6.723048"><ele>2084.2</ele></trkpt>
      <trkpt lat="44.832021" lon="6.722996"><ele>2084.0</ele></trkpt>
      <trkpt lat="44.832099" lon="6.722917"><ele>2082.0</ele></trkpt>
      <trkpt lat="44.832135" lon="6.722893"><ele>2081.0</ele></trkpt>
      <trkpt lat="44.832789" lon="6.722568"><ele>2065.2</ele></trkpt>
      <trkpt lat="44.833324" lon="6.722370"><ele>2057.5</ele></trkpt>
      <trkpt lat="44.833407" lon="6.722311"><ele>2056.8</ele></trkpt>
      <trkpt lat="44.833456" lon="6.722258"><ele>2056.5</ele></trkpt>
      <trkpt lat="44.833538" lon="6.722147"><ele>2057.5</ele></trkpt>
      <trkpt lat="44.833599" lon="6.722011"><ele>2060.0</ele></trkpt>
      <trkpt lat="44.833619" lon="6.721981"><ele>2060.5</ele></trkpt>
      <trkpt lat="44.833661" lon="6.721960"><ele>2059.5</ele></trkpt>
      <trkpt lat="44.833685" lon="6.721960"><ele>2058.8</ele></trkpt>
      <trkpt lat="44.833712" lon="6.721973"><ele>2057.5</ele></trkpt>
      <trkpt lat="44.833750" lon="6.722020"><ele>2054.8</ele></trkpt>
      <trkpt lat="44.833761" lon="6.722085"><ele>2052.8</ele></trkpt>
      <trkpt lat="44.833751" lon="6.722151"><ele>2051.2</ele></trkpt>
      <trkpt lat="44.833739" lon="6.722172"><ele>2051.0</ele></trkpt>
      <trkpt lat="44.833664" lon="6.722237"><ele>2051.2</ele></trkpt>
      <trkpt lat="44.833481" lon="6.722417"><ele>2052.5</ele></trkpt>
      <trkpt lat="44.833083" lon="6.722884"><ele>2052.8</ele></trkpt>
      <trkpt lat="44.833021" lon="6.722976"><ele>2052.8</ele></trkpt>
      <trkpt lat="44.832978" lon="6.723054"><ele>2052.8</ele></trkpt>
      <trkpt lat="44.832919" lon="6.723238"><ele>2052.8</ele></trkpt>
      <trkpt lat="44.832894" lon="6.723359"><ele>2052.5</ele></trkpt>
      <trkpt lat="44.832891" lon="6.723417"><ele>2052.5</ele></trkpt>
      <trkpt lat="44.832899" lon="6.723499"><ele>2052.0</ele></trkpt>
      <trkpt lat="44.832909" lon="6.723527"><ele>2051.8</ele></trkpt>
      <trkpt lat="44.832926" lon="6.723551"><ele>2051.2</ele></trkpt>
      <trkpt lat="44.832962" lon="6.723574"><ele>2050.0</ele></trkpt>
      <trkpt lat="44.833007" lon="6.723570"><ele>2048.5</ele></trkpt>
      <trkpt lat="44.833050" lon="6.723546"><ele>2047.2</ele></trkpt>
      <trkpt lat="44.833158" lon="6.723356"><ele>2045.5</ele></trkpt>
      <trkpt lat="44.833243" lon="6.723259"><ele>2044.8</ele></trkpt>
      <trkpt lat="44.833300" lon="6.723214"><ele>2044.0</ele></trkpt>
      <trkpt lat="44.833651" lon="6.723017"><ele>2039.5</ele></trkpt>
      <trkpt lat="44.833738" lon="6.722953"><ele>2038.5</ele></trkpt>
      <trkpt lat="44.833803" lon="6.722892"><ele>2037.8</ele></trkpt>
      <trkpt lat="44.833963" lon="6.722707"><ele>2036.0</ele></trkpt>
      <trkpt lat="44.834038" lon="6.722588"><ele>2035.5</ele></trkpt>
      <trkpt lat="44.834115" lon="6.722441"><ele>2035.0</ele></trkpt>
      <trkpt lat="44.834134" lon="6.722423"><ele>2034.8</ele></trkpt>
      <trkpt lat="44.834178" lon="6.722409"><ele>2033.5</ele></trkpt>
      <trkpt lat="44.834218" lon="6.722423"><ele>2031.8</ele></trkpt>
      <trkpt lat="44.834247" lon="6.722467"><ele>2030.2</ele></trkpt>
      <trkpt lat="44.834264" lon="6.722535"><ele>2029.0</ele></trkpt>
      <trkpt lat="44.834260" lon="6.722600"><ele>2028.5</ele></trkpt>
      <trkpt lat="44.833952" lon="6.723416"><ele>2027.5</ele></trkpt>
      <trkpt lat="44.833946" lon="6.723444"><ele>2027.2</ele></trkpt>
      <trkpt lat="44.833943" lon="6.723505"><ele>2026.8</ele></trkpt>
      <trkpt lat="44.833949" lon="6.723534"><ele>2026.2</ele></trkpt>
      <trkpt lat="44.833976" lon="6.723587"><ele>2025.0</ele></trkpt>
      <trkpt lat="44.834015" lon="6.723619"><ele>2023.8</ele></trkpt>
      <trkpt lat="44.834066" lon="6.723623"><ele>2022.5</ele></trkpt>
      <trkpt lat="44.834091" lon="6.723615"><ele>2021.8</ele></trkpt>
      <trkpt lat="44.834217" lon="6.723502"><ele>2019.5</ele></trkpt>
      <trkpt lat="44.834253" lon="6.723459"><ele>2019.0</ele></trkpt>
      <trkpt lat="44.834470" lon="6.723192"><ele>2015.5</ele></trkpt>
      <trkpt lat="44.834559" lon="6.723066"><ele>2013.2</ele></trkpt>
      <trkpt lat="44.834590" lon="6.723005"><ele>2012.5</ele></trkpt>
      <trkpt lat="44.834637" lon="6.722859"><ele>2011.2</ele></trkpt>
      <trkpt lat="44.834698" lon="6.722614"><ele>2010.8</ele></trkpt>
      <trkpt lat="44.834717" lon="6.722472"><ele>2011.2</ele></trkpt>
      <trkpt lat="44.834732" lon="6.722266"><ele>2011.2</ele></trkpt>
      <trkpt lat="44.834755" lon="6.722111"><ele>2011.2</ele></trkpt>
      <trkpt lat="44.834771" lon="6.722047"><ele>2010.8</ele></trkpt>
      <trkpt lat="44.834841" lon="6.721821"><ele>2009.8</ele></trkpt>
      <trkpt lat="44.834931" lon="6.721471"><ele>2010.0</ele></trkpt>
      <trkpt lat="44.834966" lon="6.721425"><ele>2009.0</ele></trkpt>
      <trkpt lat="44.834988" lon="6.721414"><ele>2008.0</ele></trkpt>
      <trkpt lat="44.835037" lon="6.721421"><ele>2006.0</ele></trkpt>
      <trkpt lat="44.835060" lon="6.721438"><ele>2005.0</ele></trkpt>
      <trkpt lat="44.835087" lon="6.721490"><ele>2003.2</ele></trkpt>
      <trkpt lat="44.835095" lon="6.721544"><ele>2002.2</ele></trkpt>
      <trkpt lat="44.835090" lon="6.721578"><ele>2002.0</ele></trkpt>
      <trkpt lat="44.835003" lon="6.721814"><ele>2002.2</ele></trkpt>
      <trkpt lat="44.834970" lon="6.721971"><ele>2002.0</ele></trkpt>
      <trkpt lat="44.834961" lon="6.722064"><ele>2001.8</ele></trkpt>
      <trkpt lat="44.834956" lon="6.722294"><ele>2000.8</ele></trkpt>
      <trkpt lat="44.834961" lon="6.722430"><ele>2000.0</ele></trkpt>
      <trkpt lat="44.834982" lon="6.722688"><ele>1996.8</ele></trkpt>
      <trkpt lat="44.834983" lon="6.722771"><ele>1995.8</ele></trkpt>
      <trkpt lat="44.834975" lon="6.722897"><ele>1996.0</ele></trkpt>
      <trkpt lat="44.834962" lon="6.722976"><ele>1996.5</ele></trkpt>
      <trkpt lat="44.834930" lon="6.723106"><ele>1997.8</ele></trkpt>
      <trkpt lat="44.834927" lon="6.723164"><ele>1998.0</ele></trkpt>
      <trkpt lat="44.834933" lon="6.723195"><ele>1997.8</ele></trkpt>
      <trkpt lat="44.834956" lon="6.723241"><ele>1996.8</ele></trkpt>
      <trkpt lat="44.834990" lon="6.723261"><ele>1995.2</ele></trkpt>
      <trkpt lat="44.835033" lon="6.723267"><ele>1993.2</ele></trkpt>
      <trkpt lat="44.835051" lon="6.723260"><ele>1992.2</ele></trkpt>
      <trkpt lat="44.835085" lon="6.723231"><ele>1990.8</ele></trkpt>
      <trkpt lat="44.835099" lon="6.723202"><ele>1990.0</ele></trkpt>
      <trkpt lat="44.835144" lon="6.722972"><ele>1988.2</ele></trkpt>
      <trkpt lat="44.835201" lon="6.722596"><ele>1988.2</ele></trkpt>
      <trkpt lat="44.835262" lon="6.722396"><ele>1987.2</ele></trkpt>
      <trkpt lat="44.835349" lon="6.722171"><ele>1986.5</ele></trkpt>
      <trkpt lat="44.835387" lon="6.722089"><ele>1986.2</ele></trkpt>
      <trkpt lat="44.835424" lon="6.722031"><ele>1985.8</ele></trkpt>
      <trkpt lat="44.835528" lon="6.721919"><ele>1984.0</ele></trkpt>
      <trkpt lat="44.835602" lon="6.721871"><ele>1983.0</ele></trkpt>
      <trkpt lat="44.835727" lon="6.721821"><ele>1981.2</ele></trkpt>
      <trkpt lat="44.835937" lon="6.721781"><ele>1979.2</ele></trkpt>
      <trkpt lat="44.836047" lon="6.721784"><ele>1978.2</ele></trkpt>
      <trkpt lat="44.836168" lon="6.721837"><ele>1976.5</ele></trkpt>
      <trkpt lat="44.836436" lon="6.721984"><ele>1972.2</ele></trkpt>
      <trkpt lat="44.837142" lon="6.722347"><ele>1964.0</ele></trkpt>
      <trkpt lat="44.837260" lon="6.722374"><ele>1963.5</ele></trkpt>
      <trkpt lat="44.837356" lon="6.722375"><ele>1964.0</ele></trkpt>
      <trkpt lat="44.837532" lon="6.722347"><ele>1966.0</ele></trkpt>
      <trkpt lat="44.837569" lon="6.722351"><ele>1966.0</ele></trkpt>
      <trkpt lat="44.837608" lon="6.722380"><ele>1965.0</ele></trkpt>
      <trkpt lat="44.837630" lon="6.722427"><ele>1963.2</ele></trkpt>
      <trkpt lat="44.837634" lon="6.722489"><ele>1960.8</ele></trkpt>
      <trkpt lat="44.837620" lon="6.722546"><ele>1958.8</ele></trkpt>
      <trkpt lat="44.837591" lon="6.722577"><ele>1957.5</ele></trkpt>
      <trkpt lat="44.837572" lon="6.722582"><ele>1957.5</ele></trkpt>
      <trkpt lat="44.836620" lon="6.722611"><ele>1955.5</ele></trkpt>
      <trkpt lat="44.836477" lon="6.722606"><ele>1956.5</ele></trkpt>
      <trkpt lat="44.836459" lon="6.722618"><ele>1956.2</ele></trkpt>
      <trkpt lat="44.836431" lon="6.722661"><ele>1955.8</ele></trkpt>
      <trkpt lat="44.836418" lon="6.722715"><ele>1954.8</ele></trkpt>
      <trkpt lat="44.836423" lon="6.722772"><ele>1953.5</ele></trkpt>
      <trkpt lat="44.836441" lon="6.722810"><ele>1953.0</ele></trkpt>
      <trkpt lat="44.836462" lon="6.722834"><ele>1952.5</ele></trkpt>
      <trkpt lat="44.836528" lon="6.722859"><ele>1951.2</ele></trkpt>
      <trkpt lat="44.836771" lon="6.722903"><ele>1948.5</ele></trkpt>
      <trkpt lat="44.837230" lon="6.723119"><ele>1941.2</ele></trkpt>
      <trkpt lat="44.837337" lon="6.723158"><ele>1939.8</ele></trkpt>
      <trkpt lat="44.837462" lon="6.723190"><ele>1938.2</ele></trkpt>
      <trkpt lat="44.837544" lon="6.723200"><ele>1937.5</ele></trkpt>
      <trkpt lat="44.837761" lon="6.723206"><ele>1936.0</ele></trkpt>
      <trkpt lat="44.837801" lon="6.723217"><ele>1935.8</ele></trkpt>
      <trkpt lat="44.837956" lon="6.723286"><ele>1933.5</ele></trkpt>
      <trkpt lat="44.838318" lon="6.723496"><ele>1925.0</ele></trkpt>
      <trkpt lat="44.838355" lon="6.723514"><ele>1924.2</ele></trkpt>
      <trkpt lat="44.838423" lon="6.723530"><ele>1923.2</ele></trkpt>
      <trkpt lat="44.838474" lon="6.723530"><ele>1922.8</ele></trkpt>
      <trkpt lat="44.838595" lon="6.723502"><ele>1923.0</ele></trkpt>
      <trkpt lat="44.838832" lon="6.723417"><ele>1923.5</ele></trkpt>
      <trkpt lat="44.838968" lon="6.723391"><ele>1923.0</ele></trkpt>
      <trkpt lat="44.839158" lon="6.723379"><ele>1921.2</ele></trkpt>
      <trkpt lat="44.839271" lon="6.723385"><ele>1919.5</ele></trkpt>
      <trkpt lat="44.839573" lon="6.723424"><ele>1914.0</ele></trkpt>
      <trkpt lat="44.840000" lon="6.723398"><ele>1911.2</ele></trkpt>
      <trkpt lat="44.840101" lon="6.723405"><ele>1910.8</ele></trkpt>
      <trkpt lat="44.840188" lon="6.723416"><ele>1910.2</ele></trkpt>
      <trkpt lat="44.840526" lon="6.723495"><ele>1907.0</ele></trkpt>
      <trkpt lat="44.840930" lon="6.723556"><ele>1904.5</ele></trkpt>
      <trkpt lat="44.841156" lon="6.723614"><ele>1900.5</ele></trkpt>
      <trkpt lat="44.841379" lon="6.723650"><ele>1897.8</ele></trkpt>
      <trkpt lat="44.841609" lon="6.723658"><ele>1895.0</ele></trkpt>
      <trkpt lat="44.841883" lon="6.723640"><ele>1893.5</ele></trkpt>
      <trkpt lat="44.841934" lon="6.723643"><ele>1893.0</ele></trkpt>
      <trkpt lat="44.842139" lon="6.723690"><ele>1889.2</ele></trkpt>
      <trkpt lat="44.842202" lon="6.723697"><ele>1888.2</ele></trkpt>
      <trkpt lat="44.842262" lon="6.723698"><ele>1887.8</ele></trkpt>
      <trkpt lat="44.842347" lon="6.723687"><ele>1887.2</ele></trkpt>
      <trkpt lat="44.842618" lon="6.723613"><ele>1886.0</ele></trkpt>
      <trkpt lat="44.842710" lon="6.723602"><ele>1885.2</ele></trkpt>
      <trkpt lat="44.842919" lon="6.723603"><ele>1882.2</ele></trkpt>
      <trkpt lat="44.843172" lon="6.723655"><ele>1877.0</ele></trkpt>
      <trkpt lat="44.843241" lon="6.723653"><ele>1876.2</ele></trkpt>
      <trkpt lat="44.843577" lon="6.723598"><ele>1875.5</ele></trkpt>
      <trkpt lat="44.843972" lon="6.723566"><ele>1874.0</ele></trkpt>
      <trkpt lat="44.844189" lon="6.723570"><ele>1872.2</ele></trkpt>
      <trkpt lat="44.844310" lon="6.723590"><ele>1870.5</ele></trkpt>
      <trkpt lat="44.844407" lon="6.723627"><ele>1868.8</ele></trkpt>
      <trkpt lat="44.844578" lon="6.723726"><ele>1865.8</ele></trkpt>
      <trkpt lat="44.844755" lon="6.723896"><ele>1862.0</ele></trkpt>
      <trkpt lat="44.844852" lon="6.723983"><ele>1861.2</ele></trkpt>
      <trkpt lat="44.844975" lon="6.724073"><ele>1860.8</ele></trkpt>
      <trkpt lat="44.845054" lon="6.724116"><ele>1860.2</ele></trkpt>
      <trkpt lat="44.845132" lon="6.724145"><ele>1859.8</ele></trkpt>
      <trkpt lat="44.845302" lon="6.724181"><ele>1859.5</ele></trkpt>
      <trkpt lat="44.845372" lon="6.724206"><ele>1858.5</ele></trkpt>
      <trkpt lat="44.845409" lon="6.724255"><ele>1857.2</ele></trkpt>
      <trkpt lat="44.845420" lon="6.724305"><ele>1856.0</ele></trkpt>
      <trkpt lat="44.845422" lon="6.724345"><ele>1855.2</ele></trkpt>
      <trkpt lat="44.845412" lon="6.724408"><ele>1854.0</ele></trkpt>
      <trkpt lat="44.845386" lon="6.724455"><ele>1853.2</ele></trkpt>
      <trkpt lat="44.845369" lon="6.724470"><ele>1853.0</ele></trkpt>
      <trkpt lat="44.845297" lon="6.724486"><ele>1853.0</ele></trkpt>
      <trkpt lat="44.844918" lon="6.724391"><ele>1853.2</ele></trkpt>
      <trkpt lat="44.844626" lon="6.724327"><ele>1851.2</ele></trkpt>
      <trkpt lat="44.844503" lon="6.724267"><ele>1851.0</ele></trkpt>
      <trkpt lat="44.844350" lon="6.724163"><ele>1852.8</ele></trkpt>
      <trkpt lat="44.844305" lon="6.724142"><ele>1853.2</ele></trkpt>
      <trkpt lat="44.844236" lon="6.724142"><ele>1853.0</ele></trkpt>
      <trkpt lat="44.844198" lon="6.724169"><ele>1852.0</ele></trkpt>
      <trkpt lat="44.844174" lon="6.724215"><ele>1850.8</ele></trkpt>
      <trkpt lat="44.844162" lon="6.724277"><ele>1849.0</ele></trkpt>
      <trkpt lat="44.844168" lon="6.724337"><ele>1847.5</ele></trkpt>
      <trkpt lat="44.844196" lon="6.724392"><ele>1846.2</ele></trkpt>
      <trkpt lat="44.844236" lon="6.724428"><ele>1845.5</ele></trkpt>
      <trkpt lat="44.844488" lon="6.724559"><ele>1844.2</ele></trkpt>
      <trkpt lat="44.844679" lon="6.724672"><ele>1843.8</ele></trkpt>
      <trkpt lat="44.844986" lon="6.724881"><ele>1842.2</ele></trkpt>
      <trkpt lat="44.845067" lon="6.724953"><ele>1841.2</ele></trkpt>
      <trkpt lat="44.845302" lon="6.725200"><ele>1837.5</ele></trkpt>
      <trkpt lat="44.845422" lon="6.725316"><ele>1835.8</ele></trkpt>
      <trkpt lat="44.845707" lon="6.725534"><ele>1832.2</ele></trkpt>
      <trkpt lat="44.845823" lon="6.725602"><ele>1831.5</ele></trkpt>
      <trkpt lat="44.845888" lon="6.725628"><ele>1830.8</ele></trkpt>
      <trkpt lat="44.846049" lon="6.725682"><ele>1829.0</ele></trkpt>
      <trkpt lat="44.846150" lon="6.725707"><ele>1828.0</ele></trkpt>
      <trkpt lat="44.846299" lon="6.725713"><ele>1827.0</ele></trkpt>
      <trkpt lat="44.846418" lon="6.725691"><ele>1826.0</ele></trkpt>
      <trkpt lat="44.846549" lon="6.725640"><ele>1824.5</ele></trkpt>
      <trkpt lat="44.846713" lon="6.725552"><ele>1822.5</ele></trkpt>
      <trkpt lat="44.846791" lon="6.725499"><ele>1821.8</ele></trkpt>
      <trkpt lat="44.846919" lon="6.725395"><ele>1820.2</ele></trkpt>
      <trkpt lat="44.847331" lon="6.725028"><ele>1815.8</ele></trkpt>
      <trkpt lat="44.847575" lon="6.724825"><ele>1814.0</ele></trkpt>
      <trkpt lat="44.847661" lon="6.724775"><ele>1813.2</ele></trkpt>
      <trkpt lat="44.847770" lon="6.724735"><ele>1811.8</ele></trkpt>
      <trkpt lat="44.847821" lon="6.724725"><ele>1811.0</ele></trkpt>
      <trkpt lat="44.847968" lon="6.724714"><ele>1808.8</ele></trkpt>
      <trkpt lat="44.848406" lon="6.724705"><ele>1804.0</ele></trkpt>
      <trkpt lat="44.848606" lon="6.724672"><ele>1803.2</ele></trkpt>
      <trkpt lat="44.848769" lon="6.724655"><ele>1802.0</ele></trkpt>
      <trkpt lat="44.849322" lon="6.724671"><ele>1796.8</ele></trkpt>
      <trkpt lat="44.849585" lon="6.724704"><ele>1795.0</ele></trkpt>
      <trkpt lat="44.849642" lon="6.724723"><ele>1794.2</ele></trkpt>
      <trkpt lat="44.849748" lon="6.724775"><ele>1792.5</ele></trkpt>
      <trkpt lat="44.850008" lon="6.724962"><ele>1788.0</ele></trkpt>
      <trkpt lat="44.850120" lon="6.725029"><ele>1786.0</ele></trkpt>
      <trkpt lat="44.850210" lon="6.725059"><ele>1785.0</ele></trkpt>
      <trkpt lat="44.850276" lon="6.725065"><ele>1784.8</ele></trkpt>
      <trkpt lat="44.850368" lon="6.725051"><ele>1784.2</ele></trkpt>
      <trkpt lat="44.850608" lon="6.724972"><ele>1784.0</ele></trkpt>
      <trkpt lat="44.851193" lon="6.724693"><ele>1782.2</ele></trkpt>
      <trkpt lat="44.851267" lon="6.724661"><ele>1781.8</ele></trkpt>
      <trkpt lat="44.851386" lon="6.724631"><ele>1780.5</ele></trkpt>
      <trkpt lat="44.852471" lon="6.724483"><ele>1771.5</ele></trkpt>
      <trkpt lat="44.852700" lon="6.724484"><ele>1769.0</ele></trkpt>
      <trkpt lat="44.852779" lon="6.724496"><ele>1768.2</ele></trkpt>
      <trkpt lat="44.852850" lon="6.724520"><ele>1767.5</ele></trkpt>
      <trkpt lat="44.852940" lon="6.724569"><ele>1766.8</ele></trkpt>
      <trkpt lat="44.852990" lon="6.724603"><ele>1766.2</ele></trkpt>
      <trkpt lat="44.853127" lon="6.724738"><ele>1765.0</ele></trkpt>
      <trkpt lat="44.853363" lon="6.725001"><ele>1762.2</ele></trkpt>
      <trkpt lat="44.853581" lon="6.725257"><ele>1759.0</ele></trkpt>
      <trkpt lat="44.853834" lon="6.725572"><ele>1756.2</ele></trkpt>
      <trkpt lat="44.853956" lon="6.725737"><ele>1755.0</ele></trkpt>
      <trkpt lat="44.854038" lon="6.725870"><ele>1754.0</ele></trkpt>
      <trkpt lat="44.854136" lon="6.726060"><ele>1752.5</ele></trkpt>
      <trkpt lat="44.854206" lon="6.726199"><ele>1751.8</ele></trkpt>
      <trkpt lat="44.854257" lon="6.726325"><ele>1751.2</ele></trkpt>
      <trkpt lat="44.854349" lon="6.726601"><ele>1750.0</ele></trkpt>
      <trkpt lat="44.854405" lon="6.726736"><ele>1749.8</ele></trkpt>
      <trkpt lat="44.854426" lon="6.726779"><ele>1749.5</ele></trkpt>
      <trkpt lat="44.854460" lon="6.726828"><ele>1749.2</ele></trkpt>
      <trkpt lat="44.854515" lon="6.726897"><ele>1749.0</ele></trkpt>
      <trkpt lat="44.854650" lon="6.727011"><ele>1748.5</ele></trkpt>
      <trkpt lat="44.854721" lon="6.727053"><ele>1748.0</ele></trkpt>
      <trkpt lat="44.854801" lon="6.727086"><ele>1747.2</ele></trkpt>
      <trkpt lat="44.855013" lon="6.727133"><ele>1745.5</ele></trkpt>
      <trkpt lat="44.855196" lon="6.727158"><ele>1744.0</ele></trkpt>
      <trkpt lat="44.855234" lon="6.727162"><ele>1743.8</ele></trkpt>
      <trkpt lat="44.855258" lon="6.727164"><ele>1743.8</ele></trkpt>
      <trkpt lat="44.855321" lon="6.727168"><ele>1743.5</ele></trkpt>
      <trkpt lat="44.855485" lon="6.727147"><ele>1743.5</ele></trkpt>
      <trkpt lat="44.855573" lon="6.727120"><ele>1743.5</ele></trkpt>
      <trkpt lat="44.855659" lon="6.727080"><ele>1743.8</ele></trkpt>
      <trkpt lat="44.855746" lon="6.727032"><ele>1743.8</ele></trkpt>
      <trkpt lat="44.856029" lon="6.726836"><ele>1744.2</ele></trkpt>
      <trkpt lat="44.856260" lon="6.726674"><ele>1744.2</ele></trkpt>
      <trkpt lat="44.856781" lon="6.726295"><ele>1742.0</ele></trkpt>
      <trkpt lat="44.857496" lon="6.725837"><ele>1736.0</ele></trkpt>
      <trkpt lat="44.858522" lon="6.725220"><ele>1728.2</ele></trkpt>
      <trkpt lat="44.858814" lon="6.725056"><ele>1726.0</ele></trkpt>
      <trkpt lat="44.858940" lon="6.725006"><ele>1724.8</ele></trkpt>
      <trkpt lat="44.859137" lon="6.724953"><ele>1723.5</ele></trkpt>
      <trkpt lat="44.859962" lon="6.724875"><ele>1716.8</ele></trkpt>
      <trkpt lat="44.860149" lon="6.724881"><ele>1715.2</ele></trkpt>
      <trkpt lat="44.860316" lon="6.724902"><ele>1714.0</ele></trkpt>
      <trkpt lat="44.861135" lon="6.725050"><ele>1708.2</ele></trkpt>
      <trkpt lat="44.861380" lon="6.725050"><ele>1705.8</ele></trkpt>
      <trkpt lat="44.861601" lon="6.725011"><ele>1704.2</ele></trkpt>
      <trkpt lat="44.862136" lon="6.724841"><ele>1699.2</ele></trkpt>
      <trkpt lat="44.862243" lon="6.724831"><ele>1698.2</ele></trkpt>
      <trkpt lat="44.862338" lon="6.724843"><ele>1697.2</ele></trkpt>
      <trkpt lat="44.862591" lon="6.724902"><ele>1696.0</ele></trkpt>
      <trkpt lat="44.862690" lon="6.724902"><ele>1695.5</ele></trkpt>
      <trkpt lat="44.862774" lon="6.724882"><ele>1694.8</ele></trkpt>
      <trkpt lat="44.862840" lon="6.724840"><ele>1694.2</ele></trkpt>
      <trkpt lat="44.862997" lon="6.724707"><ele>1692.5</ele></trkpt>
      <trkpt lat="44.863247" lon="6.724523"><ele>1689.5</ele></trkpt>
      <trkpt lat="44.863360" lon="6.724458"><ele>1688.2</ele></trkpt>
      <trkpt lat="44.863479" lon="6.724411"><ele>1687.2</ele></trkpt>
      <trkpt lat="44.863709" lon="6.724345"><ele>1685.5</ele></trkpt>
      <trkpt lat="44.864033" lon="6.724266"><ele>1683.0</ele></trkpt>
      <trkpt lat="44.864191" lon="6.724255"><ele>1682.8</ele></trkpt>
      <trkpt lat="44.864354" lon="6.724259"><ele>1681.0</ele></trkpt>
      <trkpt lat="44.864491" lon="6.724286"><ele>1679.5</ele></trkpt>
      <trkpt lat="44.864624" lon="6.724325"><ele>1677.8</ele></trkpt>
      <trkpt lat="44.864725" lon="6.724362"><ele>1676.8</ele></trkpt>
      <trkpt lat="44.864987" lon="6.724479"><ele>1674.8</ele></trkpt>
      <trkpt lat="44.865121" lon="6.724521"><ele>1673.8</ele></trkpt>
      <trkpt lat="44.865303" lon="6.724554"><ele>1672.2</ele></trkpt>
      <trkpt lat="44.865475" lon="6.724550"><ele>1670.8</ele></trkpt>
      <trkpt lat="44.865669" lon="6.724530"><ele>1669.0</ele></trkpt>
      <trkpt lat="44.865999" lon="6.724476"><ele>1666.2</ele></trkpt>
      <trkpt lat="44.866134" lon="6.724491"><ele>1665.5</ele></trkpt>
      <trkpt lat="44.866243" lon="6.724542"><ele>1664.2</ele></trkpt>
      <trkpt lat="44.866361" lon="6.724621"><ele>1663.2</ele></trkpt>
      <trkpt lat="44.866492" lon="6.724729"><ele>1663.2</ele></trkpt>
      <trkpt lat="44.866591" lon="6.724778"><ele>1662.5</ele></trkpt>
      <trkpt lat="44.866686" lon="6.724802"><ele>1661.5</ele></trkpt>
      <trkpt lat="44.866773" lon="6.724810"><ele>1661.5</ele></trkpt>
      <trkpt lat="44.866862" lon="6.724789"><ele>1660.5</ele></trkpt>
      <trkpt lat="44.867178" lon="6.724679"><ele>1657.2</ele></trkpt>
      <trkpt lat="44.867347" lon="6.724670"><ele>1656.0</ele></trkpt>
      <trkpt lat="44.867435" lon="6.724678"><ele>1655.5</ele></trkpt>
      <trkpt lat="44.867896" lon="6.724760"><ele>1651.8</ele></trkpt>
      <trkpt lat="44.868218" lon="6.724826"><ele>1648.2</ele></trkpt>
      <trkpt lat="44.868323" lon="6.724861"><ele>1647.0</ele></trkpt>
      <trkpt lat="44.868385" lon="6.724893"><ele>1646.2</ele></trkpt>
      <trkpt lat="44.868463" lon="6.724965"><ele>1645.8</ele></trkpt>
      <trkpt lat="44.868700" lon="6.725276"><ele>1644.2</ele></trkpt>
      <trkpt lat="44.868771" lon="6.725344"><ele>1644.0</ele></trkpt>
      <trkpt lat="44.868845" lon="6.725396"><ele>1643.2</ele></trkpt>
      <trkpt lat="44.869101" lon="6.725485"><ele>1640.8</ele></trkpt>
      <trkpt lat="44.869167" lon="6.725532"><ele>1640.5</ele></trkpt>
      <trkpt lat="44.869240" lon="6.725597"><ele>1639.5</ele></trkpt>
      <trkpt lat="44.869534" lon="6.726041"><ele>1639.0</ele></trkpt>
      <trkpt lat="44.869573" lon="6.726089"><ele>1638.8</ele></trkpt>
      <trkpt lat="44.869643" lon="6.726152"><ele>1638.5</ele></trkpt>
      <trkpt lat="44.869717" lon="6.726199"><ele>1638.0</ele></trkpt>
      <trkpt lat="44.869784" lon="6.726214"><ele>1638.0</ele></trkpt>
      <trkpt lat="44.869850" lon="6.726212"><ele>1637.8</ele></trkpt>
      <trkpt lat="44.869898" lon="6.726198"><ele>1637.5</ele></trkpt>
      <trkpt lat="44.869982" lon="6.726141"><ele>1637.0</ele></trkpt>
      <trkpt lat="44.870040" lon="6.726069"><ele>1636.8</ele></trkpt>
      <trkpt lat="44.870093" lon="6.725976"><ele>1636.0</ele></trkpt>
      <trkpt lat="44.870122" lon="6.725892"><ele>1635.0</ele></trkpt>
      <trkpt lat="44.870137" lon="6.725816"><ele>1634.2</ele></trkpt>
      <trkpt lat="44.870142" lon="6.725748"><ele>1633.2</ele></trkpt>
      <trkpt lat="44.870124" lon="6.725648"><ele>1632.2</ele></trkpt>
      <trkpt lat="44.870094" lon="6.725554"><ele>1631.5</ele></trkpt>
      <trkpt lat="44.870052" lon="6.725460"><ele>1631.2</ele></trkpt>
      <trkpt lat="44.869523" lon="6.724517"><ele>1625.0</ele></trkpt>
      <trkpt lat="44.868704" lon="6.723079"><ele>1618.2</ele></trkpt>
      <trkpt lat="44.868598" lon="6.722863"><ele>1617.0</ele></trkpt>
      <trkpt lat="44.868508" lon="6.722654"><ele>1615.8</ele></trkpt>
      <trkpt lat="44.868385" lon="6.722289"><ele>1613.0</ele></trkpt>
      <trkpt lat="44.868338" lon="6.722093"><ele>1611.5</ele></trkpt>
      <trkpt lat="44.868304" lon="6.721922"><ele>1610.0</ele></trkpt>
      <trkpt lat="44.868241" lon="6.721564"><ele>1607.5</ele></trkpt>
      <trkpt lat="44.868215" lon="6.721293"><ele>1605.2</ele></trkpt>
      <trkpt lat="44.868207" lon="6.721178"><ele>1604.8</ele></trkpt>
      <trkpt lat="44.868201" lon="6.721097"><ele>1604.2</ele></trkpt>
      <trkpt lat="44.868196" lon="6.721017"><ele>1603.8</ele></trkpt>
      <trkpt lat="44.868194" lon="6.720924"><ele>1603.2</ele></trkpt>
      <trkpt lat="44.868196" lon="6.720728"><ele>1602.5</ele></trkpt>
      <trkpt lat="44.868211" lon="6.720566"><ele>1602.0</ele></trkpt>
      <trkpt lat="44.868231" lon="6.720446"><ele>1601.0</ele></trkpt>
      <trkpt lat="44.868274" lon="6.720317"><ele>1600.0</ele></trkpt>
      <trkpt lat="44.868350" lon="6.720156"><ele>1598.5</ele></trkpt>
      <trkpt lat="44.868589" lon="6.719804"><ele>1600.8</ele></trkpt>
      <trkpt lat="44.868618" lon="6.719746"><ele>1601.8</ele></trkpt>
      <trkpt lat="44.868632" lon="6.719674"><ele>1603.0</ele></trkpt>
      <trkpt lat="44.868638" lon="6.719591"><ele>1603.8</ele></trkpt>
      <trkpt lat="44.868631" lon="6.719505"><ele>1604.2</ele></trkpt>
      <trkpt lat="44.868612" lon="6.719423"><ele>1604.0</ele></trkpt>
      <trkpt lat="44.868577" lon="6.719316"><ele>1604.0</ele></trkpt>
      <trkpt lat="44.868366" lon="6.718794"><ele>1601.0</ele></trkpt>
      <trkpt lat="44.868183" lon="6.718251"><ele>1599.5</ele></trkpt>
      <trkpt lat="44.868052" lon="6.717852"><ele>1595.0</ele></trkpt>
      <trkpt lat="44.867859" lon="6.717230"><ele>1592.5</ele></trkpt>
      <trkpt lat="44.867748" lon="6.716805"><ele>1589.8</ele></trkpt>
      <trkpt lat="44.867687" lon="6.716374"><ele>1587.5</ele></trkpt>
      <trkpt lat="44.867638" lon="6.715845"><ele>1583.0</ele></trkpt>
      <trkpt lat="44.867636" lon="6.715626"><ele>1582.5</ele></trkpt>
      <trkpt lat="44.867645" lon="6.715477"><ele>1582.2</ele></trkpt>
      <trkpt lat="44.867665" lon="6.715314"><ele>1582.2</ele></trkpt>
      <trkpt lat="44.867700" lon="6.715112"><ele>1582.0</ele></trkpt>
      <trkpt lat="44.867731" lon="6.714977"><ele>1581.5</ele></trkpt>
      <trkpt lat="44.867765" lon="6.714849"><ele>1580.5</ele></trkpt>
      <trkpt lat="44.867828" lon="6.714638"><ele>1579.8</ele></trkpt>
      <trkpt lat="44.868023" lon="6.713910"><ele>1579.2</ele></trkpt>
      <trkpt lat="44.868046" lon="6.713765"><ele>1578.2</ele></trkpt>
      <trkpt lat="44.868060" lon="6.713624"><ele>1577.2</ele></trkpt>
      <trkpt lat="44.868053" lon="6.713478"><ele>1577.2</ele></trkpt>
      <trkpt lat="44.867910" lon="6.712600"><ele>1577.2</ele></trkpt>
      <trkpt lat="44.867877" lon="6.712484"><ele>1575.8</ele></trkpt>
      <trkpt lat="44.867738" lon="6.712089"><ele>1572.0</ele></trkpt>
      <trkpt lat="44.867617" lon="6.711598"><ele>1570.8</ele></trkpt>
      <trkpt lat="44.867496" lon="6.710916"><ele>1565.5</ele></trkpt>
      <trkpt lat="44.867420" lon="6.710566"><ele>1564.5</ele></trkpt>
      <trkpt lat="44.867388" lon="6.710392"><ele>1564.5</ele></trkpt>
      <trkpt lat="44.867383" lon="6.710244"><ele>1564.5</ele></trkpt>
      <trkpt lat="44.867405" lon="6.709940"><ele>1562.0</ele></trkpt>
      <trkpt lat="44.867441" lon="6.709794"><ele>1560.8</ele></trkpt>
      <trkpt lat="44.867489" lon="6.709670"><ele>1560.0</ele></trkpt>
      <trkpt lat="44.867543" lon="6.709581"><ele>1560.0</ele></trkpt>
      <trkpt lat="44.867729" lon="6.709323"><ele>1559.8</ele></trkpt>
      <trkpt lat="44.867829" lon="6.709177"><ele>1559.2</ele></trkpt>
      <trkpt lat="44.867892" lon="6.709044"><ele>1559.0</ele></trkpt>
      <trkpt lat="44.868116" lon="6.708190"><ele>1560.2</ele></trkpt>
      <trkpt lat="44.868524" lon="6.706785"><ele>1570.0</ele></trkpt>
      <trkpt lat="44.868644" lon="6.706349"><ele>1566.0</ele></trkpt>
      <trkpt lat="44.868899" lon="6.705356"><ele>1561.8</ele></trkpt>
      <trkpt lat="44.869016" lon="6.704769"><ele>1560.2</ele></trkpt>
      <trkpt lat="44.869146" lon="6.703676"><ele>1555.5</ele></trkpt>
      <trkpt lat="44.869191" lon="6.703426"><ele>1555.2</ele></trkpt>
      <trkpt lat="44.869256" lon="6.703207"><ele>1553.5</ele></trkpt>
      <trkpt lat="44.869332" lon="6.703008"><ele>1550.5</ele></trkpt>
      <trkpt lat="44.869429" lon="6.702810"><ele>1546.5</ele></trkpt>
      <trkpt lat="44.869531" lon="6.702649"><ele>1543.2</ele></trkpt>
      <trkpt lat="44.869661" lon="6.702486"><ele>1541.5</ele></trkpt>
      <trkpt lat="44.869785" lon="6.702361"><ele>1540.0</ele></trkpt>
      <trkpt lat="44.869931" lon="6.702241"><ele>1538.8</ele></trkpt>
      <trkpt lat="44.870084" lon="6.702142"><ele>1538.0</ele></trkpt>
      <trkpt lat="44.870239" lon="6.702063"><ele>1538.2</ele></trkpt>
      <trkpt lat="44.870402" lon="6.702007"><ele>1539.2</ele></trkpt>
      <trkpt lat="44.871018" lon="6.701848"><ele>1542.0</ele></trkpt>
      <trkpt lat="44.871199" lon="6.701794"><ele>1542.5</ele></trkpt>
      <trkpt lat="44.871340" lon="6.701738"><ele>1542.5</ele></trkpt>
      <trkpt lat="44.871490" lon="6.701648"><ele>1541.8</ele></trkpt>
      <trkpt lat="44.871617" lon="6.701549"><ele>1541.0</ele></trkpt>
      <trkpt lat="44.871740" lon="6.701423"><ele>1539.0</ele></trkpt>
      <trkpt lat="44.871841" lon="6.701288"><ele>1535.5</ele></trkpt>
      <trkpt lat="44.871921" lon="6.701163"><ele>1535.2</ele></trkpt>
      <trkpt lat="44.871983" lon="6.701049"><ele>1535.0</ele></trkpt>
      <trkpt lat="44.872090" lon="6.700796"><ele>1535.0</ele></trkpt>
      <trkpt lat="44.872150" lon="6.700620"><ele>1535.0</ele></trkpt>
      <trkpt lat="44.872206" lon="6.700408"><ele>1537.2</ele></trkpt>
      <trkpt lat="44.872396" lon="6.699353"><ele>1534.0</ele></trkpt>
      <trkpt lat="44.872450" lon="6.699030"><ele>1531.8</ele></trkpt>
      <trkpt lat="44.872584" lon="6.698303"><ele>1525.8</ele></trkpt>
      <trkpt lat="44.872722" lon="6.697512"><ele>1525.5</ele></trkpt>
      <trkpt lat="44.872779" lon="6.697070"><ele>1528.0</ele></trkpt>
      <trkpt lat="44.872803" lon="6.696737"><ele>1529.0</ele></trkpt>
      <trkpt lat="44.872813" lon="6.695838"><ele>1524.5</ele></trkpt>
      <trkpt lat="44.872844" lon="6.695251"><ele>1521.5</ele></trkpt>
      <trkpt lat="44.872874" lon="6.694920"><ele>1519.5</ele></trkpt>
      <trkpt lat="44.872916" lon="6.694676"><ele>1518.0</ele></trkpt>
      <trkpt lat="44.872975" lon="6.694465"><ele>1517.0</ele></trkpt>
      <trkpt lat="44.873064" lon="6.694270"><ele>1517.2</ele></trkpt>
      <trkpt lat="44.873179" lon="6.694078"><ele>1516.2</ele></trkpt>
      <trkpt lat="44.873282" lon="6.693945"><ele>1515.5</ele></trkpt>
      <trkpt lat="44.873398" lon="6.693824"><ele>1513.8</ele></trkpt>
      <trkpt lat="44.873552" lon="6.693691"><ele>1510.0</ele></trkpt>
      <trkpt lat="44.874103" lon="6.693248"><ele>1503.8</ele></trkpt>
      <trkpt lat="44.874245" lon="6.693115"><ele>1504.0</ele></trkpt>
      <trkpt lat="44.874404" lon="6.692948"><ele>1503.8</ele></trkpt>
      <trkpt lat="44.874519" lon="6.692806"><ele>1503.5</ele></trkpt>
      <trkpt lat="44.874639" lon="6.692630"><ele>1502.8</ele></trkpt>
      <trkpt lat="44.875997" lon="6.690474"><ele>1486.2</ele></trkpt>
      <trkpt lat="44.876317" lon="6.689961"><ele>1485.0</ele></trkpt>
      <trkpt lat="44.876438" lon="6.689745"><ele>1483.5</ele></trkpt>
      <trkpt lat="44.876550" lon="6.689513"><ele>1481.8</ele></trkpt>
      <trkpt lat="44.876661" lon="6.689246"><ele>1479.5</ele></trkpt>
      <trkpt lat="44.876794" lon="6.688907"><ele>1476.8</ele></trkpt>
      <trkpt lat="44.876879" lon="6.688631"><ele>1474.2</ele></trkpt>
      <trkpt lat="44.876950" lon="6.688358"><ele>1472.2</ele></trkpt>
      <trkpt lat="44.877014" lon="6.688072"><ele>1470.0</ele></trkpt>
      <trkpt lat="44.877049" lon="6.687879"><ele>1469.0</ele></trkpt>
      <trkpt lat="44.877062" lon="6.687776"><ele>1468.5</ele></trkpt>
      <trkpt lat="44.877086" lon="6.687544"><ele>1467.2</ele></trkpt>
      <trkpt lat="44.877108" lon="6.687320"><ele>1466.0</ele></trkpt>
      <trkpt lat="44.877122" lon="6.687103"><ele>1464.5</ele></trkpt>
      <trkpt lat="44.877131" lon="6.686764"><ele>1461.5</ele></trkpt>
      <trkpt lat="44.877141" lon="6.685894"><ele>1453.0</ele></trkpt>
      <trkpt lat="44.877143" lon="6.685039"><ele>1446.8</ele></trkpt>
      <trkpt lat="44.877148" lon="6.683503"><ele>1438.5</ele></trkpt>
      <trkpt lat="44.877156" lon="6.683239"><ele>1436.8</ele></trkpt>
      <trkpt lat="44.877188" lon="6.682973"><ele>1435.5</ele></trkpt>
      <trkpt lat="44.877242" lon="6.682749"><ele>1435.0</ele></trkpt>
      <trkpt lat="44.877674" lon="6.681610"><ele>1430.0</ele></trkpt>
      <trkpt lat="44.877869" lon="6.681297"><ele>1429.0</ele></trkpt>
      <trkpt lat="44.878025" lon="6.681068"><ele>1429.0</ele></trkpt>
      <trkpt lat="44.878105" lon="6.680911"><ele>1428.5</ele></trkpt>
      <trkpt lat="44.878328" lon="6.680348"><ele>1429.8</ele></trkpt>
      <trkpt lat="44.878600" lon="6.679774"><ele>1425.0</ele></trkpt>
      <trkpt lat="44.878771" lon="6.679394"><ele>1427.2</ele></trkpt>
      <trkpt lat="44.878818" lon="6.679272"><ele>1427.2</ele></trkpt>
      <trkpt lat="44.878856" lon="6.679157"><ele>1426.8</ele></trkpt>
      <trkpt lat="44.878880" lon="6.679007"><ele>1424.2</ele></trkpt>
      <trkpt lat="44.878922" lon="6.678592"><ele>1418.5</ele></trkpt>
      <trkpt lat="44.878959" lon="6.678378"><ele>1418.2</ele></trkpt>
      <trkpt lat="44.879005" lon="6.678175"><ele>1419.0</ele></trkpt>
      <trkpt lat="44.879348" lon="6.676888"><ele>1422.8</ele></trkpt>
      <trkpt lat="44.879397" lon="6.676652"><ele>1423.2</ele></trkpt>
      <trkpt lat="44.879433" lon="6.676403"><ele>1422.2</ele></trkpt>
      <trkpt lat="44.879490" lon="6.675825"><ele>1420.5</ele></trkpt>
      <trkpt lat="44.879518" lon="6.675360"><ele>1417.8</ele></trkpt>
      <trkpt lat="44.879544" lon="6.675141"><ele>1415.8</ele></trkpt>
      <trkpt lat="44.879571" lon="6.675002"><ele>1414.8</ele></trkpt>
      <trkpt lat="44.879612" lon="6.674880"><ele>1415.0</ele></trkpt>
      <trkpt lat="44.879664" lon="6.674757"><ele>1415.8</ele></trkpt>
      <trkpt lat="44.879805" lon="6.674509"><ele>1418.5</ele></trkpt>
      <trkpt lat="44.879859" lon="6.674396"><ele>1419.8</ele></trkpt>
      <trkpt lat="44.879883" lon="6.674288"><ele>1421.0</ele></trkpt>
      <trkpt lat="44.879894" lon="6.674181"><ele>1421.5</ele></trkpt>
      <trkpt lat="44.879893" lon="6.673822"><ele>1421.2</ele></trkpt>
      <trkpt lat="44.879906" lon="6.673719"><ele>1421.0</ele></trkpt>
      <trkpt lat="44.880021" lon="6.673117"><ele>1422.8</ele></trkpt>
      <trkpt lat="44.880031" lon="6.672997"><ele>1423.5</ele></trkpt>
      <trkpt lat="44.880027" lon="6.672897"><ele>1424.0</ele></trkpt>
      <trkpt lat="44.879993" lon="6.672635"><ele>1423.2</ele></trkpt>
      <trkpt lat="44.879981" lon="6.672473"><ele>1423.2</ele></trkpt>
      <trkpt lat="44.879979" lon="6.672339"><ele>1422.5</ele></trkpt>
      <trkpt lat="44.880003" lon="6.672019"><ele>1422.8</ele></trkpt>
      <trkpt lat="44.879992" lon="6.671927"><ele>1421.0</ele></trkpt>
      <trkpt lat="44.879956" lon="6.671807"><ele>1416.8</ele></trkpt>
      <trkpt lat="44.879937" lon="6.671714"><ele>1414.8</ele></trkpt>
      <trkpt lat="44.879941" lon="6.671613"><ele>1414.5</ele></trkpt>
      <trkpt lat="44.879965" lon="6.671539"><ele>1416.0</ele></trkpt>
      <trkpt lat="44.880013" lon="6.671475"><ele>1418.8</ele></trkpt>
      <trkpt lat="44.880209" lon="6.671323"><ele>1426.2</ele></trkpt>
      <trkpt lat="44.880250" lon="6.671251"><ele>1426.8</ele></trkpt>
      <trkpt lat="44.880275" lon="6.671165"><ele>1426.5</ele></trkpt>
      <trkpt lat="44.880285" lon="6.671071"><ele>1426.2</ele></trkpt>
      <trkpt lat="44.880296" lon="6.670782"><ele>1427.0</ele></trkpt>
      <trkpt lat="44.880343" lon="6.670512"><ele>1429.5</ele></trkpt>
      <trkpt lat="44.880356" lon="6.670384"><ele>1430.0</ele></trkpt>
      <trkpt lat="44.880353" lon="6.670096"><ele>1428.8</ele></trkpt>
      <trkpt lat="44.880374" lon="6.669980"><ele>1428.5</ele></trkpt>
      <trkpt lat="44.880423" lon="6.669902"><ele>1428.0</ele></trkpt>
      <trkpt lat="44.880478" lon="6.669862"><ele>1428.5</ele></trkpt>
      <trkpt lat="44.880546" lon="6.669839"><ele>1429.5</ele></trkpt>
      <trkpt lat="44.880836" lon="6.669852"><ele>1436.0</ele></trkpt>
      <trkpt lat="44.880971" lon="6.669834"><ele>1437.0</ele></trkpt>
      <trkpt lat="44.881114" lon="6.669803"><ele>1437.0</ele></trkpt>
      <trkpt lat="44.881231" lon="6.669764"><ele>1438.5</ele></trkpt>
      <trkpt lat="44.881394" lon="6.669659"><ele>1439.2</ele></trkpt>
      <trkpt lat="44.881559" lon="6.669592"><ele>1438.5</ele></trkpt>
      <trkpt lat="44.881811" lon="6.669544"><ele>1441.8</ele></trkpt>
      <trkpt lat="44.881915" lon="6.669493"><ele>1442.2</ele></trkpt>
      <trkpt lat="44.881951" lon="6.669447"><ele>1441.2</ele></trkpt>
      <trkpt lat="44.881976" lon="6.669390"><ele>1441.0</ele></trkpt>
      <trkpt lat="44.881989" lon="6.669317"><ele>1440.2</ele></trkpt>
      <trkpt lat="44.881990" lon="6.669240"><ele>1438.8</ele></trkpt>
      <trkpt lat="44.881967" lon="6.669106"><ele>1437.0</ele></trkpt>
      <trkpt lat="44.881943" lon="6.669026"><ele>1436.8</ele></trkpt>
      <trkpt lat="44.881891" lon="6.668900"><ele>1436.0</ele></trkpt>
      <trkpt lat="44.881724" lon="6.668597"><ele>1433.2</ele></trkpt>
      <trkpt lat="44.881695" lon="6.668506"><ele>1433.5</ele></trkpt>
      <trkpt lat="44.881682" lon="6.668405"><ele>1434.5</ele></trkpt>
      <trkpt lat="44.881672" lon="6.668044"><ele>1439.2</ele></trkpt>
      <trkpt lat="44.881656" lon="6.667958"><ele>1440.5</ele></trkpt>
      <trkpt lat="44.881630" lon="6.667857"><ele>1441.2</ele></trkpt>
      <trkpt lat="44.881431" lon="6.667302"><ele>1439.8</ele></trkpt>
      <trkpt lat="44.881402" lon="6.667175"><ele>1440.0</ele></trkpt>
      <trkpt lat="44.881382" lon="6.667009"><ele>1440.8</ele></trkpt>
      <trkpt lat="44.881370" lon="6.666824"><ele>1440.8</ele></trkpt>
      <trkpt lat="44.881373" lon="6.666648"><ele>1441.0</ele></trkpt>
      <trkpt lat="44.881387" lon="6.666497"><ele>1440.5</ele></trkpt>
      <trkpt lat="44.881413" lon="6.666339"><ele>1440.5</ele></trkpt>
      <trkpt lat="44.881620" lon="6.665480"><ele>1438.0</ele></trkpt>
      <trkpt lat="44.881664" lon="6.665367"><ele>1437.8</ele></trkpt>
      <trkpt lat="44.881717" lon="6.665272"><ele>1438.0</ele></trkpt>
      <trkpt lat="44.881838" lon="6.665107"><ele>1439.0</ele></trkpt>
      <trkpt lat="44.881898" lon="6.664975"><ele>1439.0</ele></trkpt>
      <trkpt lat="44.881934" lon="6.664829"><ele>1437.0</ele></trkpt>
      <trkpt lat="44.881954" lon="6.664703"><ele>1434.8</ele></trkpt>
      <trkpt lat="44.881974" lon="6.664540"><ele>1431.8</ele></trkpt>
      <trkpt lat="44.882012" lon="6.664385"><ele>1430.2</ele></trkpt>
      <trkpt lat="44.882081" lon="6.664239"><ele>1431.2</ele></trkpt>
      <trkpt lat="44.882177" lon="6.664083"><ele>1433.5</ele></trkpt>
      <trkpt lat="44.882237" lon="6.663948"><ele>1433.8</ele></trkpt>
      <trkpt lat="44.882350" lon="6.663543"><ele>1433.2</ele></trkpt>
      <trkpt lat="44.882361" lon="6.663436"><ele>1433.0</ele></trkpt>
      <trkpt lat="44.882351" lon="6.663336"><ele>1432.0</ele></trkpt>
      <trkpt lat="44.882230" lon="6.662915"><ele>1428.2</ele></trkpt>
      <trkpt lat="44.882209" lon="6.662759"><ele>1428.0</ele></trkpt>
      <trkpt lat="44.882208" lon="6.662633"><ele>1428.5</ele></trkpt>
      <trkpt lat="44.882229" lon="6.662510"><ele>1430.0</ele></trkpt>
      <trkpt lat="44.882275" lon="6.662374"><ele>1429.8</ele></trkpt>
      <trkpt lat="44.882327" lon="6.662252"><ele>1429.8</ele></trkpt>
      <trkpt lat="44.882479" lon="6.661965"><ele>1431.2</ele></trkpt>
      <trkpt lat="44.882601" lon="6.661759"><ele>1431.2</ele></trkpt>
      <trkpt lat="44.882656" lon="6.661628"><ele>1430.8</ele></trkpt>
      <trkpt lat="44.882693" lon="6.661484"><ele>1429.8</ele></trkpt>
      <trkpt lat="44.882734" lon="6.661241"><ele>1428.2</ele></trkpt>
      <trkpt lat="44.882745" lon="6.661036"><ele>1426.5</ele></trkpt>
      <trkpt lat="44.882736" lon="6.660565"><ele>1423.2</ele></trkpt>
      <trkpt lat="44.882759" lon="6.660402"><ele>1423.5</ele></trkpt>
      <trkpt lat="44.882799" lon="6.660276"><ele>1424.5</ele></trkpt>
      <trkpt lat="44.882862" lon="6.660153"><ele>1424.0</ele></trkpt>
      <trkpt lat="44.882926" lon="6.660061"><ele>1424.5</ele></trkpt>
      <trkpt lat="44.883162" lon="6.659860"><ele>1426.2</ele></trkpt>
      <trkpt lat="44.883238" lon="6.659761"><ele>1425.2</ele></trkpt>
      <trkpt lat="44.883377" lon="6.659545"><ele>1421.0</ele></trkpt>
      <trkpt lat="44.883485" lon="6.659443"><ele>1419.0</ele></trkpt>
      <trkpt lat="44.883573" lon="6.659426"><ele>1419.0</ele></trkpt>
      <trkpt lat="44.883665" lon="6.659432"><ele>1419.8</ele></trkpt>
      <trkpt lat="44.883763" lon="6.659457"><ele>1420.8</ele></trkpt>
      <trkpt lat="44.883872" lon="6.659469"><ele>1421.5</ele></trkpt>
      <trkpt lat="44.883982" lon="6.659463"><ele>1422.2</ele></trkpt>
      <trkpt lat="44.884084" lon="6.659450"><ele>1423.0</ele></trkpt>
      <trkpt lat="44.884174" lon="6.659414"><ele>1423.5</ele></trkpt>
      <trkpt lat="44.884226" lon="6.659373"><ele>1424.5</ele></trkpt>
      <trkpt lat="44.884269" lon="6.659304"><ele>1425.0</ele></trkpt>
      <trkpt lat="44.884289" lon="6.659219"><ele>1424.8</ele></trkpt>
      <trkpt lat="44.884294" lon="6.659123"><ele>1424.2</ele></trkpt>
      <trkpt lat="44.884285" lon="6.659031"><ele>1424.0</ele></trkpt>
      <trkpt lat="44.884262" lon="6.658909"><ele>1422.8</ele></trkpt>
      <trkpt lat="44.884134" lon="6.658380"><ele>1418.0</ele></trkpt>
      <trkpt lat="44.884101" lon="6.658190"><ele>1417.2</ele></trkpt>
      <trkpt lat="44.884078" lon="6.657978"><ele>1417.2</ele></trkpt>
      <trkpt lat="44.884062" lon="6.657565"><ele>1415.8</ele></trkpt>
      <trkpt lat="44.884073" lon="6.657382"><ele>1414.5</ele></trkpt>
      <trkpt lat="44.884096" lon="6.657190"><ele>1413.0</ele></trkpt>
      <trkpt lat="44.884261" lon="6.656311"><ele>1410.0</ele></trkpt>
      <trkpt lat="44.884340" lon="6.655851"><ele>1408.2</ele></trkpt>
      <trkpt lat="44.884435" lon="6.655221"><ele>1406.2</ele></trkpt>
      <trkpt lat="44.884498" lon="6.654872"><ele>1405.0</ele></trkpt>
      <trkpt lat="44.884555" lon="6.654617"><ele>1403.8</ele></trkpt>
      <trkpt lat="44.884633" lon="6.654357"><ele>1402.2</ele></trkpt>
      <trkpt lat="44.884701" lon="6.654183"><ele>1401.8</ele></trkpt>
      <trkpt lat="44.884721" lon="6.654149"><ele>1401.5</ele></trkpt>
      <trkpt lat="44.884782" lon="6.654047"><ele>1400.5</ele></trkpt>
      <trkpt lat="44.884896" lon="6.653910"><ele>1399.8</ele></trkpt>
      <trkpt lat="44.885025" lon="6.653730"><ele>1398.5</ele></trkpt>
      <trkpt lat="44.885129" lon="6.653557"><ele>1398.0</ele></trkpt>
      <trkpt lat="44.885185" lon="6.653431"><ele>1397.8</ele></trkpt>
      <trkpt lat="44.885222" lon="6.653338"><ele>1397.5</ele></trkpt>
      <trkpt lat="44.885248" lon="6.653252"><ele>1397.5</ele></trkpt>
      <trkpt lat="44.885256" lon="6.653165"><ele>1397.2</ele></trkpt>
      <trkpt lat="44.885253" lon="6.653050"><ele>1397.2</ele></trkpt>
      <trkpt lat="44.885238" lon="6.652944"><ele>1397.2</ele></trkpt>
      <trkpt lat="44.885170" lon="6.652623"><ele>1396.8</ele></trkpt>
      <trkpt lat="44.885165" lon="6.652405"><ele>1396.5</ele></trkpt>
      <trkpt lat="44.885230" lon="6.651846"><ele>1393.8</ele></trkpt>
      <trkpt lat="44.885262" lon="6.651672"><ele>1392.5</ele></trkpt>
      <trkpt lat="44.885300" lon="6.651532"><ele>1391.8</ele></trkpt>
      <trkpt lat="44.885409" lon="6.651284"><ele>1391.0</ele></trkpt>
      <trkpt lat="44.885465" lon="6.651191"><ele>1390.2</ele></trkpt>
      <trkpt lat="44.885534" lon="6.651101"><ele>1389.2</ele></trkpt>
      <trkpt lat="44.885718" lon="6.650918"><ele>1390.5</ele></trkpt>
      <trkpt lat="44.885791" lon="6.650780"><ele>1389.0</ele></trkpt>
      <trkpt lat="44.885846" lon="6.650608"><ele>1387.0</ele></trkpt>
      <trkpt lat="44.885919" lon="6.650314"><ele>1386.0</ele></trkpt>
      <trkpt lat="44.885964" lon="6.650151"><ele>1384.5</ele></trkpt>
      <trkpt lat="44.886033" lon="6.649991"><ele>1383.5</ele></trkpt>
      <trkpt lat="44.886107" lon="6.649877"><ele>1383.2</ele></trkpt>
      <trkpt lat="44.886173" lon="6.649796"><ele>1382.5</ele></trkpt>
      <trkpt lat="44.886410" lon="6.649595"><ele>1381.0</ele></trkpt>
      <trkpt lat="44.886503" lon="6.649467"><ele>1380.2</ele></trkpt>
      <trkpt lat="44.886545" lon="6.649377"><ele>1380.0</ele></trkpt>
      <trkpt lat="44.886565" lon="6.649287"><ele>1379.2</ele></trkpt>
      <trkpt lat="44.886577" lon="6.649178"><ele>1377.8</ele></trkpt>
      <trkpt lat="44.886574" lon="6.649068"><ele>1376.8</ele></trkpt>
      <trkpt lat="44.886522" lon="6.648745"><ele>1372.5</ele></trkpt>
      <trkpt lat="44.886516" lon="6.648599"><ele>1370.5</ele></trkpt>
      <trkpt lat="44.886528" lon="6.648501"><ele>1369.5</ele></trkpt>
      <trkpt lat="44.886568" lon="6.648369"><ele>1368.5</ele></trkpt>
      <trkpt lat="44.886604" lon="6.648310"><ele>1368.2</ele></trkpt>
      <trkpt lat="44.886660" lon="6.648236"><ele>1368.0</ele></trkpt>
      <trkpt lat="44.886766" lon="6.648164"><ele>1367.2</ele></trkpt>
      <trkpt lat="44.887229" lon="6.647921"><ele>1364.5</ele></trkpt>
      <trkpt lat="44.887371" lon="6.647874"><ele>1363.5</ele></trkpt>
      <trkpt lat="44.887501" lon="6.647841"><ele>1362.8</ele></trkpt>
      <trkpt lat="44.887924" lon="6.647767"><ele>1359.0</ele></trkpt>
      <trkpt lat="44.888081" lon="6.647750"><ele>1358.0</ele></trkpt>
      <trkpt lat="44.888559" lon="6.647744"><ele>1355.5</ele></trkpt>
      <trkpt lat="44.888694" lon="6.647728"><ele>1354.2</ele></trkpt>
      <trkpt lat="44.888856" lon="6.647684"><ele>1352.2</ele></trkpt>
      <trkpt lat="44.889157" lon="6.647584"><ele>1348.0</ele></trkpt>
      <trkpt lat="44.889264" lon="6.647565"><ele>1346.8</ele></trkpt>
      <trkpt lat="44.889389" lon="6.647580"><ele>1346.2</ele></trkpt>
      <trkpt lat="44.889486" lon="6.647605"><ele>1346.2</ele></trkpt>
      <trkpt lat="44.889636" lon="6.647694"><ele>1347.0</ele></trkpt>
      <trkpt lat="44.889837" lon="6.647746"><ele>1347.0</ele></trkpt>
      <trkpt lat="44.889964" lon="6.647737"><ele>1346.5</ele></trkpt>
      <trkpt lat="44.890034" lon="6.647722"><ele>1346.0</ele></trkpt>
      <trkpt lat="44.890109" lon="6.647690"><ele>1345.5</ele></trkpt>
      <trkpt lat="44.890145" lon="6.647665"><ele>1345.2</ele></trkpt>
      <trkpt lat="44.890209" lon="6.647607"><ele>1344.5</ele></trkpt>
      <trkpt lat="44.890331" lon="6.647450"><ele>1343.2</ele></trkpt>
      <trkpt lat="44.890424" lon="6.647280"><ele>1341.5</ele></trkpt>
      <trkpt lat="44.890499" lon="6.647145"><ele>1340.2</ele></trkpt>
      <trkpt lat="44.890550" lon="6.647067"><ele>1339.8</ele></trkpt>
      <trkpt lat="44.890600" lon="6.647012"><ele>1339.0</ele></trkpt>
      <trkpt lat="44.890653" lon="6.646979"><ele>1338.5</ele></trkpt>
      <trkpt lat="44.890727" lon="6.646963"><ele>1337.8</ele></trkpt>
      <trkpt lat="44.890992" lon="6.646967"><ele>1336.5</ele></trkpt>
      <trkpt lat="44.891069" lon="6.646966"><ele>1336.2</ele></trkpt>
      <trkpt lat="44.891105" lon="6.646964"><ele>1336.2</ele></trkpt>
      <trkpt lat="44.891187" lon="6.646963"><ele>1336.5</ele></trkpt>
      <trkpt lat="44.891302" lon="6.646945"><ele>1336.5</ele></trkpt>
      <trkpt lat="44.891350" lon="6.646931"><ele>1336.5</ele></trkpt>
      <trkpt lat="44.891444" lon="6.646887"><ele>1336.5</ele></trkpt>
      <trkpt lat="44.891668" lon="6.646764"><ele>1335.8</ele></trkpt>
      <trkpt lat="44.891728" lon="6.646723"><ele>1335.5</ele></trkpt>
      <trkpt lat="44.891770" lon="6.646683"><ele>1335.2</ele></trkpt>
      <trkpt lat="44.891828" lon="6.646628"><ele>1335.0</ele></trkpt>
      <trkpt lat="44.891874" lon="6.646568"><ele>1334.5</ele></trkpt>
      <trkpt lat="44.891909" lon="6.646497"><ele>1333.5</ele></trkpt>
      <trkpt lat="44.891941" lon="6.646411"><ele>1332.2</ele></trkpt>
      <trkpt lat="44.891993" lon="6.646226"><ele>1329.2</ele></trkpt>
      <trkpt lat="44.892032" lon="6.646142"><ele>1328.0</ele></trkpt>
      <trkpt lat="44.892084" lon="6.646081"><ele>1327.5</ele></trkpt>
      <trkpt lat="44.892144" lon="6.646034"><ele>1327.0</ele></trkpt>
      <trkpt lat="44.892328" lon="6.645975"><ele>1327.0</ele></trkpt>
      <trkpt lat="44.892399" lon="6.645931"><ele>1326.8</ele></trkpt>
      <trkpt lat="44.892457" lon="6.645861"><ele>1326.0</ele></trkpt>
      <trkpt lat="44.892514" lon="6.645772"><ele>1325.2</ele></trkpt>
      <trkpt lat="44.892558" lon="6.645674"><ele>1324.2</ele></trkpt>
      <trkpt lat="44.892607" lon="6.645539"><ele>1323.2</ele></trkpt>
      <trkpt lat="44.892633" lon="6.645430"><ele>1322.5</ele></trkpt>
      <trkpt lat="44.892649" lon="6.645326"><ele>1321.5</ele></trkpt>
      <trkpt lat="44.892663" lon="6.645159"><ele>1320.2</ele></trkpt>
      <trkpt lat="44.892682" lon="6.645036"><ele>1319.8</ele></trkpt>
      <trkpt lat="44.892713" lon="6.644935"><ele>1319.5</ele></trkpt>
      <trkpt lat="44.892862" lon="6.644629"><ele>1319.5</ele></trkpt>
      <trkpt lat="44.892932" lon="6.644469"><ele>1319.2</ele></trkpt>
      <trkpt lat="44.892963" lon="6.644378"><ele>1319.2</ele></trkpt>
      <trkpt lat="44.892987" lon="6.644244"><ele>1319.0</ele></trkpt>
      <trkpt lat="44.892994" lon="6.644093"><ele>1318.2</ele></trkpt>
      <trkpt lat="44.892961" lon="6.643349"><ele>1314.2</ele></trkpt>
      <trkpt lat="44.892972" lon="6.642997"><ele>1311.8</ele></trkpt>
      <trkpt lat="44.892984" lon="6.642853"><ele>1310.5</ele></trkpt>
      <trkpt lat="44.893007" lon="6.642701"><ele>1309.2</ele></trkpt>
      <trkpt lat="44.893052" lon="6.642549"><ele>1308.2</ele></trkpt>
      <trkpt lat="44.893189" lon="6.642260"><ele>1308.5</ele></trkpt>
      <trkpt lat="44.893221" lon="6.642164"><ele>1308.5</ele></trkpt>
      <trkpt lat="44.893243" lon="6.642074"><ele>1308.5</ele></trkpt>
      <trkpt lat="44.893253" lon="6.641989"><ele>1308.2</ele></trkpt>
      <trkpt lat="44.893251" lon="6.641892"><ele>1308.0</ele></trkpt>
      <trkpt lat="44.893201" lon="6.641606"><ele>1306.0</ele></trkpt>
      <trkpt lat="44.893150" lon="6.641403"><ele>1304.5</ele></trkpt>
      <trkpt lat="44.893061" lon="6.641069"><ele>1301.8</ele></trkpt>
      <trkpt lat="44.893046" lon="6.640989"><ele>1301.2</ele></trkpt>
      <trkpt lat="44.893041" lon="6.640917"><ele>1301.0</ele></trkpt>
      <trkpt lat="44.893044" lon="6.640820"><ele>1300.8</ele></trkpt>
      <trkpt lat="44.893068" lon="6.640669"><ele>1300.5</ele></trkpt>
      <trkpt lat="44.893098" lon="6.640542"><ele>1300.0</ele></trkpt>
      <trkpt lat="44.893101" lon="6.640461"><ele>1299.5</ele></trkpt>
      <trkpt lat="44.893096" lon="6.640395"><ele>1299.0</ele></trkpt>
      <trkpt lat="44.893084" lon="6.640354"><ele>1298.5</ele></trkpt>
      <trkpt lat="44.893028" lon="6.640254"><ele>1297.2</ele></trkpt>
      <trkpt lat="44.892977" lon="6.640221"><ele>1296.2</ele></trkpt>
      <trkpt lat="44.892911" lon="6.640211"><ele>1295.5</ele></trkpt>
      <trkpt lat="44.892812" lon="6.640224"><ele>1294.8</ele></trkpt>
      <trkpt lat="44.892756" lon="6.640253"><ele>1294.2</ele></trkpt>
      <trkpt lat="44.892697" lon="6.640304"><ele>1294.2</ele></trkpt>
      <trkpt lat="44.892426" lon="6.640575"><ele>1293.0</ele></trkpt>
      <trkpt lat="44.892354" lon="6.640618"><ele>1292.5</ele></trkpt>
      <trkpt lat="44.892276" lon="6.640650"><ele>1291.8</ele></trkpt>
      <trkpt lat="44.892142" lon="6.640682"><ele>1291.0</ele></trkpt>
      <trkpt lat="44.891959" lon="6.640707"><ele>1290.5</ele></trkpt>
      <trkpt lat="44.891805" lon="6.640714"><ele>1289.5</ele></trkpt>
      <trkpt lat="44.891680" lon="6.640692"><ele>1288.5</ele></trkpt>
      <trkpt lat="44.891613" lon="6.640661"><ele>1288.0</ele></trkpt>
      <trkpt lat="44.891581" lon="6.640640"><ele>1287.8</ele></trkpt>
      <trkpt lat="44.891329" lon="6.640430"><ele>1284.5</ele></trkpt>
      <trkpt lat="44.891205" lon="6.640331"><ele>1283.5</ele></trkpt>
      <trkpt lat="44.891129" lon="6.640273"><ele>1282.8</ele></trkpt>
      <trkpt lat="44.891006" lon="6.640174"><ele>1281.5</ele></trkpt>
      <trkpt lat="44.890884" lon="6.640096"><ele>1280.2</ele></trkpt>
      <trkpt lat="44.890730" lon="6.640016"><ele>1278.8</ele></trkpt>
      <trkpt lat="44.890449" lon="6.639871"><ele>1274.8</ele></trkpt>
      <trkpt lat="44.890364" lon="6.639841"><ele>1273.8</ele></trkpt>
      <trkpt lat="44.890280" lon="6.639824"><ele>1273.0</ele></trkpt>
      <trkpt lat="44.890172" lon="6.639825"><ele>1272.5</ele></trkpt>
      <trkpt lat="44.890083" lon="6.639843"><ele>1272.2</ele></trkpt>
      <trkpt lat="44.889998" lon="6.639874"><ele>1272.0</ele></trkpt>
      <trkpt lat="44.889913" lon="6.639922"><ele>1271.5</ele></trkpt>
      <trkpt lat="44.889839" lon="6.639986"><ele>1271.5</ele></trkpt>
      <trkpt lat="44.889772" lon="6.640075"><ele>1271.2</ele></trkpt>
      <trkpt lat="44.889684" lon="6.640204"><ele>1271.0</ele></trkpt>
      <trkpt lat="44.889612" lon="6.640289"><ele>1270.8</ele></trkpt>
      <trkpt lat="44.889567" lon="6.640344"><ele>1270.2</ele></trkpt>
      <trkpt lat="44.889511" lon="6.640380"><ele>1269.8</ele></trkpt>
      <trkpt lat="44.889455" lon="6.640396"><ele>1269.0</ele></trkpt>
      <trkpt lat="44.889400" lon="6.640390"><ele>1268.5</ele></trkpt>
      <trkpt lat="44.889338" lon="6.640360"><ele>1267.8</ele></trkpt>
      <trkpt lat="44.889215" lon="6.640276"><ele>1266.5</ele></trkpt>
      <trkpt lat="44.889079" lon="6.640152"><ele>1264.8</ele></trkpt>
      <trkpt lat="44.889002" lon="6.640075"><ele>1264.0</ele></trkpt>
      <trkpt lat="44.888906" lon="6.639983"><ele>1263.0</ele></trkpt>
      <trkpt lat="44.888808" lon="6.639874"><ele>1262.5</ele></trkpt>
      <trkpt lat="44.888739" lon="6.639737"><ele>1262.0</ele></trkpt>
      <trkpt lat="44.888723" lon="6.639646"><ele>1261.2</ele></trkpt>
      <trkpt lat="44.888715" lon="6.639554"><ele>1260.8</ele></trkpt>
      <trkpt lat="44.888719" lon="6.639478"><ele>1260.0</ele></trkpt>
      <trkpt lat="44.888746" lon="6.639403"><ele>1259.2</ele></trkpt>
      <trkpt lat="44.888782" lon="6.639345"><ele>1258.5</ele></trkpt>
      <trkpt lat="44.888816" lon="6.639316"><ele>1258.2</ele></trkpt>
      <trkpt lat="44.888883" lon="6.639277"><ele>1258.0</ele></trkpt>
      <trkpt lat="44.888969" lon="6.639248"><ele>1257.8</ele></trkpt>
      <trkpt lat="44.889228" lon="6.639212"><ele>1257.5</ele></trkpt>
      <trkpt lat="44.889286" lon="6.639198"><ele>1257.2</ele></trkpt>
      <trkpt lat="44.889388" lon="6.639152"><ele>1256.5</ele></trkpt>
      <trkpt lat="44.889531" lon="6.639054"><ele>1254.8</ele></trkpt>
      <trkpt lat="44.889607" lon="6.639018"><ele>1254.0</ele></trkpt>
      <trkpt lat="44.889683" lon="6.639001"><ele>1253.8</ele></trkpt>
      <trkpt lat="44.889802" lon="6.638989"><ele>1253.2</ele></trkpt>
      <trkpt lat="44.890132" lon="6.638965"><ele>1252.0</ele></trkpt>
      <trkpt lat="44.890206" lon="6.638951"><ele>1251.8</ele></trkpt>
      <trkpt lat="44.890343" lon="6.638904"><ele>1250.2</ele></trkpt>
      <trkpt lat="44.890454" lon="6.638853"><ele>1249.0</ele></trkpt>
      <trkpt lat="44.890553" lon="6.638798"><ele>1248.0</ele></trkpt>
      <trkpt lat="44.890636" lon="6.638728"><ele>1246.8</ele></trkpt>
      <trkpt lat="44.890790" lon="6.638599"><ele>1245.2</ele></trkpt>
      <trkpt lat="44.891077" lon="6.638357"><ele>1241.2</ele></trkpt>
      <trkpt lat="44.891117" lon="6.638325"><ele>1240.8</ele></trkpt>
      <trkpt lat="44.891390" lon="6.638123"><ele>1238.5</ele></trkpt>
      <trkpt lat="44.891556" lon="6.638050"><ele>1238.0</ele></trkpt>
      <trkpt lat="44.891707" lon="6.638006"><ele>1237.8</ele></trkpt>
      <trkpt lat="44.891799" lon="6.637988"><ele>1237.2</ele></trkpt>
      <trkpt lat="44.892204" lon="6.637891"><ele>1233.5</ele></trkpt>
      <trkpt lat="44.892366" lon="6.637871"><ele>1231.5</ele></trkpt>
      <trkpt lat="44.892499" lon="6.637864"><ele>1230.0</ele></trkpt>
      <trkpt lat="44.892655" lon="6.637867"><ele>1228.8</ele></trkpt>
      <trkpt lat="44.893054" lon="6.637887"><ele>1227.5</ele></trkpt>
      <trkpt lat="44.893143" lon="6.637884"><ele>1227.2</ele></trkpt>
      <trkpt lat="44.893272" lon="6.637863"><ele>1226.5</ele></trkpt>
      <trkpt lat="44.893655" lon="6.637753"><ele>1224.2</ele></trkpt>
      <trkpt lat="44.894094" lon="6.637597"><ele>1221.0</ele></trkpt>
      <trkpt lat="44.894186" lon="6.637563"><ele>1220.2</ele></trkpt>
      <trkpt lat="44.894266" lon="6.637517"><ele>1219.0</ele></trkpt>
      <trkpt lat="44.894702" lon="6.637188"><ele>1211.0</ele></trkpt>
      <trkpt lat="44.894781" lon="6.637125"><ele>1210.2</ele></trkpt>
      <trkpt lat="44.894890" lon="6.637013"><ele>1209.5</ele></trkpt>
      <trkpt lat="44.894913" lon="6.636983"><ele>1209.2</ele></trkpt>
      <trkpt lat="44.894925" lon="6.636965"><ele>1209.2</ele></trkpt>
      <trkpt lat="44.894978" lon="6.636894"><ele>1208.8</ele></trkpt>
      <trkpt lat="44.895003" lon="6.636910"><ele>1208.8</ele></trkpt>
      <trkpt lat="44.895029" lon="6.636914"><ele>1208.8</ele></trkpt>
      <trkpt lat="44.895054" lon="6.636907"><ele>1208.8</ele></trkpt>
      <trkpt lat="44.895075" lon="6.636889"><ele>1208.8</ele></trkpt>
      <trkpt lat="44.895092" lon="6.636862"><ele>1208.5</ele></trkpt>
      <trkpt lat="44.895102" lon="6.636830"><ele>1208.5</ele></trkpt>
      <trkpt lat="44.895152" lon="6.636835"><ele>1208.5</ele></trkpt>
      <trkpt lat="44.895186" lon="6.636826"><ele>1208.5</ele></trkpt>
      <trkpt lat="44.895276" lon="6.636783"><ele>1208.2</ele></trkpt>
      <trkpt lat="44.895254" lon="6.636713"><ele>1208.0</ele></trkpt>
      <trkpt lat="44.895221" lon="6.636608"><ele>1207.8</ele></trkpt>
      <trkpt lat="44.894789" lon="6.635571"><ele>1205.2</ele></trkpt>
      <trkpt lat="44.894612" lon="6.635149"><ele>1204.8</ele></trkpt>
      <trkpt lat="44.894507" lon="6.634843"><ele>1204.0</ele></trkpt>
      <trkpt lat="44.894343" lon="6.634201"><ele>1204.0</ele></trkpt>
      <trkpt lat="44.894201" lon="6.633640"><ele>1203.0</ele></trkpt>
      <trkpt lat="44.894184" lon="6.633625"><ele>1203.0</ele></trkpt>
      <trkpt lat="44.894130" lon="6.633614"><ele>1203.0</ele></trkpt>
      <trkpt lat="44.894104" lon="6.633577"><ele>1202.8</ele></trkpt>
      <trkpt lat="44.894123" lon="6.633547"><ele>1202.8</ele></trkpt>
      <trkpt lat="44.894134" lon="6.633510"><ele>1202.8</ele></trkpt>
      <trkpt lat="44.894136" lon="6.633469"><ele>1202.8</ele></trkpt>
      <trkpt lat="44.894129" lon="6.633430"><ele>1202.8</ele></trkpt>
      <trkpt lat="44.894113" lon="6.633397"><ele>1202.8</ele></trkpt>
      <trkpt lat="44.894091" lon="6.633372"><ele>1202.8</ele></trkpt>
      <trkpt lat="44.894065" lon="6.633359"><ele>1202.5</ele></trkpt>
      <trkpt lat="44.894035" lon="6.633358"><ele>1202.5</ele></trkpt>
      <trkpt lat="44.894037" lon="6.633306"><ele>1202.5</ele></trkpt>
      <trkpt lat="44.894036" lon="6.633269"><ele>1202.5</ele></trkpt>
      <trkpt lat="44.894026" lon="6.633226"><ele>1202.5</ele></trkpt>
      <trkpt lat="44.894062" lon="6.633204"><ele>1202.8</ele></trkpt>
      <trkpt lat="44.894070" lon="6.633199"><ele>1202.8</ele></trkpt>
      <trkpt lat="44.893972" lon="6.632966"><ele>1203.0</ele></trkpt>
      <trkpt lat="44.893612" lon="6.632189"><ele>1201.8</ele></trkpt>
      <trkpt lat="44.893438" lon="6.631794"><ele>1200.8</ele></trkpt>
      <trkpt lat="44.892841" lon="6.630340"><ele>1198.0</ele></trkpt>
      <trkpt lat="44.892776" lon="6.630194"><ele>1197.5</ele></trkpt>
      <trkpt lat="44.892738" lon="6.630118"><ele>1197.2</ele></trkpt>
      <trkpt lat="44.892635" lon="6.629978"><ele>1197.0</ele></trkpt>
      <trkpt lat="44.892491" lon="6.629843"><ele>1196.8</ele></trkpt>
      <trkpt lat="44.892348" lon="6.629748"><ele>1196.5</ele></trkpt>
      <trkpt lat="44.891752" lon="6.629501"><ele>1196.0</ele></trkpt>
      <trkpt lat="44.891504" lon="6.629343"><ele>1195.8</ele></trkpt>
      <trkpt lat="44.891224" lon="6.629125"><ele>1195.0</ele></trkpt>
      <trkpt lat="44.891165" lon="6.629068"><ele>1195.0</ele></trkpt>
      <trkpt lat="44.891121" lon="6.628996"><ele>1195.0</ele></trkpt>
      <trkpt lat="44.890991" lon="6.628878"><ele>1194.5</ele></trkpt>
      <trkpt lat="44.890956" lon="6.628870"><ele>1194.2</ele></trkpt>
      <trkpt lat="44.890908" lon="6.628840"><ele>1194.2</ele></trkpt>
      <trkpt lat="44.890165" lon="6.628158"><ele>1193.2</ele></trkpt>
      <trkpt lat="44.889680" lon="6.627733"><ele>1192.0</ele></trkpt>
      <trkpt lat="44.889489" lon="6.627585"><ele>1192.0</ele></trkpt>
      <trkpt lat="44.889331" lon="6.627478"><ele>1191.5</ele></trkpt>
      <trkpt lat="44.888209" lon="6.626779"><ele>1190.5</ele></trkpt>
      <trkpt lat="44.887556" lon="6.626342"><ele>1189.0</ele></trkpt>
      <trkpt lat="44.887190" lon="6.626084"><ele>1187.8</ele></trkpt>
      <trkpt lat="44.887102" lon="6.626056"><ele>1187.8</ele></trkpt>
      <trkpt lat="44.886955" lon="6.625962"><ele>1187.2</ele></trkpt>
      <trkpt lat="44.886883" lon="6.625926"><ele>1187.5</ele></trkpt>
      <trkpt lat="44.886696" lon="6.625807"><ele>1187.8</ele></trkpt>
      <trkpt lat="44.886632" lon="6.625766"><ele>1187.8</ele></trkpt>
      <trkpt lat="44.886180" lon="6.625439"><ele>1187.8</ele></trkpt>
      <trkpt lat="44.885912" lon="6.625220"><ele>1188.0</ele></trkpt>
      <trkpt lat="44.885596" lon="6.624935"><ele>1187.2</ele></trkpt>
      <trkpt lat="44.885566" lon="6.624908"><ele>1187.2</ele></trkpt>
      <trkpt lat="44.884312" lon="6.623741"><ele>1186.0</ele></trkpt>
      <trkpt lat="44.884008" lon="6.623517"><ele>1186.2</ele></trkpt>
      <trkpt lat="44.883585" lon="6.623285"><ele>1186.5</ele></trkpt>
      <trkpt lat="44.883343" lon="6.623184"><ele>1186.2</ele></trkpt>
      <trkpt lat="44.883119" lon="6.623106"><ele>1186.0</ele></trkpt>
      <trkpt lat="44.882258" lon="6.622832"><ele>1185.0</ele></trkpt>
      <trkpt lat="44.882202" lon="6.622796"><ele>1184.8</ele></trkpt>
      <trkpt lat="44.882162" lon="6.622758"><ele>1184.5</ele></trkpt>
      <trkpt lat="44.882126" lon="6.622678"><ele>1183.8</ele></trkpt>
      <trkpt lat="44.882074" lon="6.622604"><ele>1183.2</ele></trkpt>
      <trkpt lat="44.882025" lon="6.622569"><ele>1183.0</ele></trkpt>
      <trkpt lat="44.881968" lon="6.622565"><ele>1183.0</ele></trkpt>
      <trkpt lat="44.881914" lon="6.622585"><ele>1183.2</ele></trkpt>
      <trkpt lat="44.881853" lon="6.622591"><ele>1183.2</ele></trkpt>
      <trkpt lat="44.881629" lon="6.622515"><ele>1183.0</ele></trkpt>
      <trkpt lat="44.881544" lon="6.622467"><ele>1182.8</ele></trkpt>
      <trkpt lat="44.881186" lon="6.622183"><ele>1182.2</ele></trkpt>
      <trkpt lat="44.881091" lon="6.622061"><ele>1181.8</ele></trkpt>
      <trkpt lat="44.881020" lon="6.621942"><ele>1181.5</ele></trkpt>
      <trkpt lat="44.880941" lon="6.621854"><ele>1182.0</ele></trkpt>
      <trkpt lat="44.880831" lon="6.621763"><ele>1182.2</ele></trkpt>
      <trkpt lat="44.880843" lon="6.621702"><ele>1182.0</ele></trkpt>
      <trkpt lat="44.880857" lon="6.621672"><ele>1182.0</ele></trkpt>
      <trkpt lat="44.880978" lon="6.621416"><ele>1182.2</ele></trkpt>
      <trkpt lat="44.881064" lon="6.621215"><ele>1182.8</ele></trkpt>
      <trkpt lat="44.881071" lon="6.621197"><ele>1182.8</ele></trkpt>
      <trkpt lat="44.881122" lon="6.621066"><ele>1184.0</ele></trkpt>
      <trkpt lat="44.881142" lon="6.621013"><ele>1184.2</ele></trkpt>
      <trkpt lat="44.881176" lon="6.621039"><ele>1184.2</ele></trkpt>
      <trkpt lat="44.881218" lon="6.621051"><ele>1184.5</ele></trkpt>
      <trkpt lat="44.881261" lon="6.621046"><ele>1184.8</ele></trkpt>
      <trkpt lat="44.881301" lon="6.621023"><ele>1185.0</ele></trkpt>
      <trkpt lat="44.881334" lon="6.620987"><ele>1185.0</ele></trkpt>
      <trkpt lat="44.881358" lon="6.620938"><ele>1185.5</ele></trkpt>
      <trkpt lat="44.881372" lon="6.620882"><ele>1185.8</ele></trkpt>
      <trkpt lat="44.881374" lon="6.620823"><ele>1185.8</ele></trkpt>
      <trkpt lat="44.881363" lon="6.620763"><ele>1185.8</ele></trkpt>
      <trkpt lat="44.881340" lon="6.620710"><ele>1185.8</ele></trkpt>
      <trkpt lat="44.881306" lon="6.620668"><ele>1185.5</ele></trkpt>
      <trkpt lat="44.881266" lon="6.620643"><ele>1185.5</ele></trkpt>
      <trkpt lat="44.881222" lon="6.620636"><ele>1185.2</ele></trkpt>
      <trkpt lat="44.881178" lon="6.620647"><ele>1185.0</ele></trkpt>
      <trkpt lat="44.881139" lon="6.620677"><ele>1185.0</ele></trkpt>
      <trkpt lat="44.881053" lon="6.620646"><ele>1184.5</ele></trkpt>
      <trkpt lat="44.880935" lon="6.620590"><ele>1183.5</ele></trkpt>
      <trkpt lat="44.879794" lon="6.619499"><ele>1179.8</ele></trkpt>
    </trkseg>
  </trk>
</gpx>
