<?xml version="1.0" encoding="UTF-8"?>
<gpx version="1.1" creator="coucou-cosyn" xmlns="http://www.topografix.com/GPX/1/1">
<trk><name>Moi dimanche - La Salle-les-Alpes / Lautaret / Galibier / retour</name><trkseg>
<trkpt lat="44.946050" lon="6.560160"><ele>1382.0</ele></trkpt>
<trkpt lat="44.946140" lon="6.560040"><ele>1382.0</ele></trkpt>
<trkpt lat="44.946320" lon="6.559790"><ele>1382.0</ele></trkpt>
<trkpt lat="44.946450" lon="6.559640"><ele>1382.0</ele></trkpt>
<trkpt lat="44.946520" lon="6.559560"><ele>1382.0</ele></trkpt>
<trkpt lat="44.946590" lon="6.559490"><ele>1382.0</ele></trkpt>
<trkpt lat="44.946600" lon="6.559480"><ele>1382.0</ele></trkpt>
<trkpt lat="44.946660" lon="6.559430"><ele>1382.0</ele></trkpt>
<trkpt lat="44.946730" lon="6.559370"><ele>1382.0</ele></trkpt>
<trkpt lat="44.946810" lon="6.559320"><ele>1383.0</ele></trkpt>
<trkpt lat="44.946870" lon="6.559300"><ele>1383.0</ele></trkpt>
<trkpt lat="44.946920" lon="6.559270"><ele>1383.0</ele></trkpt>
<trkpt lat="44.946940" lon="6.559260"><ele>1383.0</ele></trkpt>
<trkpt lat="44.947050" lon="6.559200"><ele>1383.0</ele></trkpt>
<trkpt lat="44.947090" lon="6.559190"><ele>1383.0</ele></trkpt>
<trkpt lat="44.947200" lon="6.559130"><ele>1383.0</ele></trkpt>
<trkpt lat="44.947280" lon="6.559120"><ele>1383.0</ele></trkpt>
<trkpt lat="44.947300" lon="6.559110"><ele>1383.0</ele></trkpt>
<trkpt lat="44.947520" lon="6.558970"><ele>1383.0</ele></trkpt>
<trkpt lat="44.947640" lon="6.558890"><ele>1383.0</ele></trkpt>
<trkpt lat="44.947870" lon="6.558730"><ele>1384.0</ele></trkpt>
<trkpt lat="44.948050" lon="6.558550"><ele>1384.0</ele></trkpt>
<trkpt lat="44.948130" lon="6.558460"><ele>1385.0</ele></trkpt>
<trkpt lat="44.948220" lon="6.558360"><ele>1385.0</ele></trkpt>
<trkpt lat="44.948340" lon="6.558220"><ele>1386.0</ele></trkpt>
<trkpt lat="44.948630" lon="6.557820"><ele>1386.0</ele></trkpt>
<trkpt lat="44.948990" lon="6.557320"><ele>1387.0</ele></trkpt>
<trkpt lat="44.949130" lon="6.557130"><ele>1388.0</ele></trkpt>
<trkpt lat="44.949450" lon="6.556680"><ele>1389.0</ele></trkpt>
<trkpt lat="44.949700" lon="6.556360"><ele>1389.0</ele></trkpt>
<trkpt lat="44.950000" lon="6.555930"><ele>1390.0</ele></trkpt>
<trkpt lat="44.950180" lon="6.555660"><ele>1390.0</ele></trkpt>
<trkpt lat="44.950250" lon="6.555560"><ele>1390.0</ele></trkpt>
<trkpt lat="44.950640" lon="6.555030"><ele>1391.0</ele></trkpt>
<trkpt lat="44.950770" lon="6.554850"><ele>1391.0</ele></trkpt>
<trkpt lat="44.950830" lon="6.554760"><ele>1391.0</ele></trkpt>
<trkpt lat="44.950850" lon="6.554740"><ele>1391.0</ele></trkpt>
<trkpt lat="44.950890" lon="6.554650"><ele>1392.0</ele></trkpt>
<trkpt lat="44.951070" lon="6.554400"><ele>1392.0</ele></trkpt>
<trkpt lat="44.951280" lon="6.554100"><ele>1392.0</ele></trkpt>
<trkpt lat="44.951550" lon="6.553730"><ele>1392.0</ele></trkpt>
<trkpt lat="44.951600" lon="6.553660"><ele>1393.0</ele></trkpt>
<trkpt lat="44.951690" lon="6.553530"><ele>1393.0</ele></trkpt>
<trkpt lat="44.951830" lon="6.553340"><ele>1393.0</ele></trkpt>
<trkpt lat="44.951940" lon="6.553180"><ele>1393.0</ele></trkpt>
<trkpt lat="44.952080" lon="6.552980"><ele>1393.0</ele></trkpt>
<trkpt lat="44.952120" lon="6.552920"><ele>1394.0</ele></trkpt>
<trkpt lat="44.952580" lon="6.552290"><ele>1394.0</ele></trkpt>
<trkpt lat="44.952940" lon="6.551780"><ele>1395.0</ele></trkpt>
<trkpt lat="44.953180" lon="6.551430"><ele>1396.0</ele></trkpt>
<trkpt lat="44.953250" lon="6.551320"><ele>1396.0</ele></trkpt>
<trkpt lat="44.953530" lon="6.550920"><ele>1397.0</ele></trkpt>
<trkpt lat="44.953640" lon="6.550750"><ele>1397.0</ele></trkpt>
<trkpt lat="44.953730" lon="6.550590"><ele>1398.0</ele></trkpt>
<trkpt lat="44.953810" lon="6.550460"><ele>1398.0</ele></trkpt>
<trkpt lat="44.953910" lon="6.550290"><ele>1398.0</ele></trkpt>
<trkpt lat="44.953980" lon="6.550150"><ele>1398.0</ele></trkpt>
<trkpt lat="44.954050" lon="6.550040"><ele>1398.0</ele></trkpt>
<trkpt lat="44.954110" lon="6.549950"><ele>1399.0</ele></trkpt>
<trkpt lat="44.954160" lon="6.549890"><ele>1399.0</ele></trkpt>
<trkpt lat="44.954200" lon="6.549840"><ele>1399.0</ele></trkpt>
<trkpt lat="44.954250" lon="6.549790"><ele>1399.0</ele></trkpt>
<trkpt lat="44.954350" lon="6.549700"><ele>1399.0</ele></trkpt>
<trkpt lat="44.954440" lon="6.549610"><ele>1399.0</ele></trkpt>
<trkpt lat="44.954690" lon="6.549400"><ele>1399.0</ele></trkpt>
<trkpt lat="44.954770" lon="6.549330"><ele>1399.0</ele></trkpt>
<trkpt lat="44.955170" lon="6.549000"><ele>1400.0</ele></trkpt>
<trkpt lat="44.955460" lon="6.548760"><ele>1400.0</ele></trkpt>
<trkpt lat="44.955580" lon="6.548650"><ele>1400.0</ele></trkpt>
<trkpt lat="44.955710" lon="6.548540"><ele>1400.0</ele></trkpt>
<trkpt lat="44.955770" lon="6.548480"><ele>1400.0</ele></trkpt>
<trkpt lat="44.955820" lon="6.548410"><ele>1401.0</ele></trkpt>
<trkpt lat="44.955870" lon="6.548350"><ele>1401.0</ele></trkpt>
<trkpt lat="44.955950" lon="6.548250"><ele>1401.0</ele></trkpt>
<trkpt lat="44.956040" lon="6.548100"><ele>1401.0</ele></trkpt>
<trkpt lat="44.956250" lon="6.547760"><ele>1401.0</ele></trkpt>
<trkpt lat="44.956400" lon="6.547520"><ele>1401.0</ele></trkpt>
<trkpt lat="44.956700" lon="6.547050"><ele>1402.0</ele></trkpt>
<trkpt lat="44.957030" lon="6.546520"><ele>1402.0</ele></trkpt>
<trkpt lat="44.957050" lon="6.546490"><ele>1403.0</ele></trkpt>
<trkpt lat="44.957220" lon="6.546210"><ele>1403.0</ele></trkpt>
<trkpt lat="44.957360" lon="6.545980"><ele>1403.0</ele></trkpt>
<trkpt lat="44.957430" lon="6.545860"><ele>1404.0</ele></trkpt>
<trkpt lat="44.957470" lon="6.545770"><ele>1404.0</ele></trkpt>
<trkpt lat="44.957510" lon="6.545660"><ele>1404.0</ele></trkpt>
<trkpt lat="44.957550" lon="6.545570"><ele>1404.0</ele></trkpt>
<trkpt lat="44.957580" lon="6.545470"><ele>1404.0</ele></trkpt>
<trkpt lat="44.957610" lon="6.545360"><ele>1404.0</ele></trkpt>
<trkpt lat="44.957640" lon="6.545230"><ele>1404.0</ele></trkpt>
<trkpt lat="44.957660" lon="6.545140"><ele>1404.0</ele></trkpt>
<trkpt lat="44.957730" lon="6.544790"><ele>1404.0</ele></trkpt>
<trkpt lat="44.957780" lon="6.544440"><ele>1404.0</ele></trkpt>
<trkpt lat="44.957900" lon="6.543720"><ele>1404.0</ele></trkpt>
<trkpt lat="44.958010" lon="6.543080"><ele>1404.0</ele></trkpt>
<trkpt lat="44.958050" lon="6.542840"><ele>1404.0</ele></trkpt>
<trkpt lat="44.958080" lon="6.542710"><ele>1404.0</ele></trkpt>
<trkpt lat="44.958100" lon="6.542610"><ele>1404.0</ele></trkpt>
<trkpt lat="44.958120" lon="6.542530"><ele>1404.0</ele></trkpt>
<trkpt lat="44.958140" lon="6.542450"><ele>1404.0</ele></trkpt>
<trkpt lat="44.958170" lon="6.542350"><ele>1405.0</ele></trkpt>
<trkpt lat="44.958200" lon="6.542260"><ele>1405.0</ele></trkpt>
<trkpt lat="44.958240" lon="6.542160"><ele>1405.0</ele></trkpt>
<trkpt lat="44.958260" lon="6.542120"><ele>1405.0</ele></trkpt>
<trkpt lat="44.958270" lon="6.542090"><ele>1405.0</ele></trkpt>
<trkpt lat="44.958310" lon="6.542010"><ele>1405.0</ele></trkpt>
<trkpt lat="44.958360" lon="6.541920"><ele>1406.0</ele></trkpt>
<trkpt lat="44.958360" lon="6.541910"><ele>1406.0</ele></trkpt>
<trkpt lat="44.958400" lon="6.541860"><ele>1406.0</ele></trkpt>
<trkpt lat="44.958470" lon="6.541750"><ele>1406.0</ele></trkpt>
<trkpt lat="44.958490" lon="6.541730"><ele>1406.0</ele></trkpt>
<trkpt lat="44.958640" lon="6.541540"><ele>1406.0</ele></trkpt>
<trkpt lat="44.958760" lon="6.541400"><ele>1407.0</ele></trkpt>
<trkpt lat="44.959420" lon="6.540640"><ele>1408.0</ele></trkpt>
<trkpt lat="44.959450" lon="6.540590"><ele>1408.0</ele></trkpt>
<trkpt lat="44.959590" lon="6.540430"><ele>1409.0</ele></trkpt>
<trkpt lat="44.960530" lon="6.539350"><ele>1410.0</ele></trkpt>
<trkpt lat="44.960570" lon="6.539310"><ele>1410.0</ele></trkpt>
<trkpt lat="44.960710" lon="6.539150"><ele>1410.0</ele></trkpt>
<trkpt lat="44.960850" lon="6.538990"><ele>1411.0</ele></trkpt>
<trkpt lat="44.960990" lon="6.538840"><ele>1411.0</ele></trkpt>
<trkpt lat="44.961280" lon="6.538520"><ele>1412.0</ele></trkpt>
<trkpt lat="44.961450" lon="6.538350"><ele>1412.0</ele></trkpt>
<trkpt lat="44.961650" lon="6.538170"><ele>1413.0</ele></trkpt>
<trkpt lat="44.962030" lon="6.537840"><ele>1413.0</ele></trkpt>
<trkpt lat="44.962280" lon="6.537620"><ele>1414.0</ele></trkpt>
<trkpt lat="44.962370" lon="6.537550"><ele>1414.0</ele></trkpt>
<trkpt lat="44.962420" lon="6.537500"><ele>1415.0</ele></trkpt>
<trkpt lat="44.962540" lon="6.537410"><ele>1415.0</ele></trkpt>
<trkpt lat="44.962610" lon="6.537350"><ele>1416.0</ele></trkpt>
<trkpt lat="44.962850" lon="6.537180"><ele>1416.0</ele></trkpt>
<trkpt lat="44.962960" lon="6.537100"><ele>1417.0</ele></trkpt>
<trkpt lat="44.963510" lon="6.536690"><ele>1418.0</ele></trkpt>
<trkpt lat="44.963730" lon="6.536530"><ele>1419.0</ele></trkpt>
<trkpt lat="44.963880" lon="6.536420"><ele>1419.0</ele></trkpt>
<trkpt lat="44.963890" lon="6.536420"><ele>1420.0</ele></trkpt>
<trkpt lat="44.964050" lon="6.536300"><ele>1420.0</ele></trkpt>
<trkpt lat="44.964130" lon="6.536230"><ele>1421.0</ele></trkpt>
<trkpt lat="44.964200" lon="6.536170"><ele>1421.0</ele></trkpt>
<trkpt lat="44.964230" lon="6.536140"><ele>1421.0</ele></trkpt>
<trkpt lat="44.964290" lon="6.536080"><ele>1421.0</ele></trkpt>
<trkpt lat="44.964360" lon="6.535990"><ele>1421.0</ele></trkpt>
<trkpt lat="44.964430" lon="6.535910"><ele>1422.0</ele></trkpt>
<trkpt lat="44.964540" lon="6.535740"><ele>1422.0</ele></trkpt>
<trkpt lat="44.964680" lon="6.535510"><ele>1422.0</ele></trkpt>
<trkpt lat="44.964710" lon="6.535450"><ele>1422.0</ele></trkpt>
<trkpt lat="44.964720" lon="6.535440"><ele>1422.0</ele></trkpt>
<trkpt lat="44.964760" lon="6.535360"><ele>1422.0</ele></trkpt>
<trkpt lat="44.964810" lon="6.535280"><ele>1422.0</ele></trkpt>
<trkpt lat="44.964870" lon="6.535160"><ele>1422.0</ele></trkpt>
<trkpt lat="44.965010" lon="6.534930"><ele>1422.0</ele></trkpt>
<trkpt lat="44.965100" lon="6.534770"><ele>1422.0</ele></trkpt>
<trkpt lat="44.965220" lon="6.534570"><ele>1422.0</ele></trkpt>
<trkpt lat="44.965300" lon="6.534420"><ele>1422.0</ele></trkpt>
<trkpt lat="44.965600" lon="6.533910"><ele>1423.0</ele></trkpt>
<trkpt lat="44.965900" lon="6.533420"><ele>1424.0</ele></trkpt>
<trkpt lat="44.966140" lon="6.533030"><ele>1425.0</ele></trkpt>
<trkpt lat="44.966260" lon="6.532830"><ele>1426.0</ele></trkpt>
<trkpt lat="44.966340" lon="6.532730"><ele>1427.0</ele></trkpt>
<trkpt lat="44.966510" lon="6.532490"><ele>1428.0</ele></trkpt>
<trkpt lat="44.966710" lon="6.532240"><ele>1429.0</ele></trkpt>
<trkpt lat="44.966800" lon="6.532130"><ele>1429.0</ele></trkpt>
<trkpt lat="44.966870" lon="6.532050"><ele>1430.0</ele></trkpt>
<trkpt lat="44.966930" lon="6.531980"><ele>1430.0</ele></trkpt>
<trkpt lat="44.967140" lon="6.531780"><ele>1430.0</ele></trkpt>
<trkpt lat="44.967160" lon="6.531750"><ele>1431.0</ele></trkpt>
<trkpt lat="44.967240" lon="6.531670"><ele>1431.0</ele></trkpt>
<trkpt lat="44.967300" lon="6.531600"><ele>1431.0</ele></trkpt>
<trkpt lat="44.967350" lon="6.531540"><ele>1431.0</ele></trkpt>
<trkpt lat="44.967440" lon="6.531420"><ele>1432.0</ele></trkpt>
<trkpt lat="44.967480" lon="6.531350"><ele>1432.0</ele></trkpt>
<trkpt lat="44.967520" lon="6.531280"><ele>1432.0</ele></trkpt>
<trkpt lat="44.967550" lon="6.531230"><ele>1432.0</ele></trkpt>
<trkpt lat="44.967600" lon="6.531120"><ele>1432.0</ele></trkpt>
<trkpt lat="44.967640" lon="6.531010"><ele>1433.0</ele></trkpt>
<trkpt lat="44.967680" lon="6.530920"><ele>1433.0</ele></trkpt>
<trkpt lat="44.967710" lon="6.530810"><ele>1433.0</ele></trkpt>
<trkpt lat="44.967740" lon="6.530710"><ele>1433.0</ele></trkpt>
<trkpt lat="44.967760" lon="6.530620"><ele>1433.0</ele></trkpt>
<trkpt lat="44.967780" lon="6.530520"><ele>1433.0</ele></trkpt>
<trkpt lat="44.967790" lon="6.530420"><ele>1433.0</ele></trkpt>
<trkpt lat="44.967800" lon="6.530330"><ele>1434.0</ele></trkpt>
<trkpt lat="44.967800" lon="6.530240"><ele>1434.0</ele></trkpt>
<trkpt lat="44.967810" lon="6.530110"><ele>1434.0</ele></trkpt>
<trkpt lat="44.967800" lon="6.529960"><ele>1434.0</ele></trkpt>
<trkpt lat="44.967800" lon="6.529830"><ele>1434.0</ele></trkpt>
<trkpt lat="44.967760" lon="6.529560"><ele>1434.0</ele></trkpt>
<trkpt lat="44.967750" lon="6.529450"><ele>1434.0</ele></trkpt>
<trkpt lat="44.967730" lon="6.529190"><ele>1435.0</ele></trkpt>
<trkpt lat="44.967720" lon="6.529010"><ele>1435.0</ele></trkpt>
<trkpt lat="44.967710" lon="6.528880"><ele>1435.0</ele></trkpt>
<trkpt lat="44.967710" lon="6.528770"><ele>1435.0</ele></trkpt>
<trkpt lat="44.967720" lon="6.528700"><ele>1435.0</ele></trkpt>
<trkpt lat="44.967720" lon="6.528600"><ele>1436.0</ele></trkpt>
<trkpt lat="44.967730" lon="6.528500"><ele>1436.0</ele></trkpt>
<trkpt lat="44.967750" lon="6.528360"><ele>1436.0</ele></trkpt>
<trkpt lat="44.967770" lon="6.528250"><ele>1436.0</ele></trkpt>
<trkpt lat="44.967780" lon="6.528200"><ele>1436.0</ele></trkpt>
<trkpt lat="44.967790" lon="6.528180"><ele>1436.0</ele></trkpt>
<trkpt lat="44.967800" lon="6.528120"><ele>1436.0</ele></trkpt>
<trkpt lat="44.967840" lon="6.527970"><ele>1436.0</ele></trkpt>
<trkpt lat="44.967880" lon="6.527830"><ele>1436.0</ele></trkpt>
<trkpt lat="44.967940" lon="6.527630"><ele>1437.0</ele></trkpt>
<trkpt lat="44.968060" lon="6.527230"><ele>1437.0</ele></trkpt>
<trkpt lat="44.968090" lon="6.527110"><ele>1437.0</ele></trkpt>
<trkpt lat="44.968190" lon="6.526780"><ele>1438.0</ele></trkpt>
<trkpt lat="44.968220" lon="6.526650"><ele>1438.0</ele></trkpt>
<trkpt lat="44.968240" lon="6.526530"><ele>1438.0</ele></trkpt>
<trkpt lat="44.968350" lon="6.525870"><ele>1439.0</ele></trkpt>
<trkpt lat="44.968400" lon="6.525590"><ele>1439.0</ele></trkpt>
<trkpt lat="44.968430" lon="6.525440"><ele>1440.0</ele></trkpt>
<trkpt lat="44.968490" lon="6.525230"><ele>1440.0</ele></trkpt>
<trkpt lat="44.968570" lon="6.524950"><ele>1440.0</ele></trkpt>
<trkpt lat="44.968630" lon="6.524740"><ele>1441.0</ele></trkpt>
<trkpt lat="44.968690" lon="6.524560"><ele>1441.0</ele></trkpt>
<trkpt lat="44.968730" lon="6.524440"><ele>1441.0</ele></trkpt>
<trkpt lat="44.968780" lon="6.524320"><ele>1441.0</ele></trkpt>
<trkpt lat="44.968820" lon="6.524230"><ele>1442.0</ele></trkpt>
<trkpt lat="44.968850" lon="6.524150"><ele>1442.0</ele></trkpt>
<trkpt lat="44.968900" lon="6.524060"><ele>1442.0</ele></trkpt>
<trkpt lat="44.968940" lon="6.524000"><ele>1442.0</ele></trkpt>
<trkpt lat="44.968970" lon="6.523960"><ele>1442.0</ele></trkpt>
<trkpt lat="44.968970" lon="6.523950"><ele>1442.0</ele></trkpt>
<trkpt lat="44.969020" lon="6.523880"><ele>1442.0</ele></trkpt>
<trkpt lat="44.969070" lon="6.523830"><ele>1443.0</ele></trkpt>
<trkpt lat="44.969100" lon="6.523790"><ele>1443.0</ele></trkpt>
<trkpt lat="44.969130" lon="6.523770"><ele>1443.0</ele></trkpt>
<trkpt lat="44.969190" lon="6.523710"><ele>1443.0</ele></trkpt>
<trkpt lat="44.969250" lon="6.523660"><ele>1443.0</ele></trkpt>
<trkpt lat="44.969340" lon="6.523600"><ele>1443.0</ele></trkpt>
<trkpt lat="44.969490" lon="6.523510"><ele>1443.0</ele></trkpt>
<trkpt lat="44.969670" lon="6.523420"><ele>1443.0</ele></trkpt>
<trkpt lat="44.969790" lon="6.523370"><ele>1444.0</ele></trkpt>
<trkpt lat="44.969930" lon="6.523300"><ele>1444.0</ele></trkpt>
<trkpt lat="44.970100" lon="6.523230"><ele>1444.0</ele></trkpt>
<trkpt lat="44.970250" lon="6.523160"><ele>1445.0</ele></trkpt>
<trkpt lat="44.970270" lon="6.523150"><ele>1445.0</ele></trkpt>
<trkpt lat="44.970400" lon="6.523090"><ele>1445.0</ele></trkpt>
<trkpt lat="44.970440" lon="6.523070"><ele>1446.0</ele></trkpt>
<trkpt lat="44.970510" lon="6.523040"><ele>1446.0</ele></trkpt>
<trkpt lat="44.970600" lon="6.522990"><ele>1446.0</ele></trkpt>
<trkpt lat="44.970610" lon="6.522980"><ele>1446.0</ele></trkpt>
<trkpt lat="44.970670" lon="6.522940"><ele>1447.0</ele></trkpt>
<trkpt lat="44.970730" lon="6.522900"><ele>1447.0</ele></trkpt>
<trkpt lat="44.970800" lon="6.522830"><ele>1447.0</ele></trkpt>
<trkpt lat="44.970860" lon="6.522780"><ele>1447.0</ele></trkpt>
<trkpt lat="44.970910" lon="6.522730"><ele>1447.0</ele></trkpt>
<trkpt lat="44.970960" lon="6.522670"><ele>1447.0</ele></trkpt>
<trkpt lat="44.971020" lon="6.522590"><ele>1448.0</ele></trkpt>
<trkpt lat="44.971050" lon="6.522550"><ele>1448.0</ele></trkpt>
<trkpt lat="44.971080" lon="6.522490"><ele>1448.0</ele></trkpt>
<trkpt lat="44.971140" lon="6.522390"><ele>1448.0</ele></trkpt>
<trkpt lat="44.971160" lon="6.522350"><ele>1448.0</ele></trkpt>
<trkpt lat="44.971200" lon="6.522260"><ele>1448.0</ele></trkpt>
<trkpt lat="44.971300" lon="6.521990"><ele>1448.0</ele></trkpt>
<trkpt lat="44.971570" lon="6.521260"><ele>1449.0</ele></trkpt>
<trkpt lat="44.971590" lon="6.521200"><ele>1449.0</ele></trkpt>
<trkpt lat="44.971670" lon="6.520980"><ele>1449.0</ele></trkpt>
<trkpt lat="44.971750" lon="6.520750"><ele>1449.0</ele></trkpt>
<trkpt lat="44.971840" lon="6.520520"><ele>1449.0</ele></trkpt>
<trkpt lat="44.971920" lon="6.520300"><ele>1449.0</ele></trkpt>
<trkpt lat="44.971960" lon="6.520180"><ele>1449.0</ele></trkpt>
<trkpt lat="44.972000" lon="6.520070"><ele>1449.0</ele></trkpt>
<trkpt lat="44.972080" lon="6.519880"><ele>1449.0</ele></trkpt>
<trkpt lat="44.972180" lon="6.519650"><ele>1450.0</ele></trkpt>
<trkpt lat="44.972190" lon="6.519640"><ele>1450.0</ele></trkpt>
<trkpt lat="44.972260" lon="6.519480"><ele>1450.0</ele></trkpt>
<trkpt lat="44.972290" lon="6.519430"><ele>1450.0</ele></trkpt>
<trkpt lat="44.972300" lon="6.519410"><ele>1450.0</ele></trkpt>
<trkpt lat="44.972330" lon="6.519360"><ele>1450.0</ele></trkpt>
<trkpt lat="44.972370" lon="6.519310"><ele>1450.0</ele></trkpt>
<trkpt lat="44.972420" lon="6.519240"><ele>1450.0</ele></trkpt>
<trkpt lat="44.972520" lon="6.519100"><ele>1451.0</ele></trkpt>
<trkpt lat="44.972550" lon="6.519070"><ele>1451.0</ele></trkpt>
<trkpt lat="44.972630" lon="6.518960"><ele>1451.0</ele></trkpt>
<trkpt lat="44.972680" lon="6.518900"><ele>1451.0</ele></trkpt>
<trkpt lat="44.972880" lon="6.518660"><ele>1451.0</ele></trkpt>
<trkpt lat="44.973020" lon="6.518490"><ele>1451.0</ele></trkpt>
<trkpt lat="44.973070" lon="6.518420"><ele>1452.0</ele></trkpt>
<trkpt lat="44.973280" lon="6.518150"><ele>1452.0</ele></trkpt>
<trkpt lat="44.973300" lon="6.518120"><ele>1452.0</ele></trkpt>
<trkpt lat="44.973430" lon="6.517930"><ele>1453.0</ele></trkpt>
<trkpt lat="44.973490" lon="6.517840"><ele>1453.0</ele></trkpt>
<trkpt lat="44.973550" lon="6.517750"><ele>1453.0</ele></trkpt>
<trkpt lat="44.973670" lon="6.517560"><ele>1454.0</ele></trkpt>
<trkpt lat="44.973780" lon="6.517430"><ele>1455.0</ele></trkpt>
<trkpt lat="44.973810" lon="6.517400"><ele>1455.0</ele></trkpt>
<trkpt lat="44.973830" lon="6.517370"><ele>1455.0</ele></trkpt>
<trkpt lat="44.973870" lon="6.517330"><ele>1456.0</ele></trkpt>
<trkpt lat="44.973900" lon="6.517300"><ele>1456.0</ele></trkpt>
<trkpt lat="44.973950" lon="6.517260"><ele>1456.0</ele></trkpt>
<trkpt lat="44.973980" lon="6.517240"><ele>1456.0</ele></trkpt>
<trkpt lat="44.974030" lon="6.517200"><ele>1457.0</ele></trkpt>
<trkpt lat="44.974100" lon="6.517160"><ele>1457.0</ele></trkpt>
<trkpt lat="44.974120" lon="6.517150"><ele>1457.0</ele></trkpt>
<trkpt lat="44.974190" lon="6.517120"><ele>1457.0</ele></trkpt>
<trkpt lat="44.974270" lon="6.517080"><ele>1458.0</ele></trkpt>
<trkpt lat="44.974290" lon="6.517070"><ele>1458.0</ele></trkpt>
<trkpt lat="44.974360" lon="6.517040"><ele>1458.0</ele></trkpt>
<trkpt lat="44.974450" lon="6.517010"><ele>1458.0</ele></trkpt>
<trkpt lat="44.974600" lon="6.516950"><ele>1459.0</ele></trkpt>
<trkpt lat="44.974780" lon="6.516880"><ele>1459.0</ele></trkpt>
<trkpt lat="44.974950" lon="6.516770"><ele>1460.0</ele></trkpt>
<trkpt lat="44.975110" lon="6.516640"><ele>1461.0</ele></trkpt>
<trkpt lat="44.975230" lon="6.516530"><ele>1462.0</ele></trkpt>
<trkpt lat="44.975340" lon="6.516380"><ele>1462.0</ele></trkpt>
<trkpt lat="44.975430" lon="6.516230"><ele>1463.0</ele></trkpt>
<trkpt lat="44.975440" lon="6.516210"><ele>1464.0</ele></trkpt>
<trkpt lat="44.975520" lon="6.516060"><ele>1464.0</ele></trkpt>
<trkpt lat="44.975600" lon="6.515890"><ele>1465.0</ele></trkpt>
<trkpt lat="44.975610" lon="6.515860"><ele>1465.0</ele></trkpt>
<trkpt lat="44.975700" lon="6.515620"><ele>1466.0</ele></trkpt>
<trkpt lat="44.975950" lon="6.514870"><ele>1468.0</ele></trkpt>
<trkpt lat="44.976030" lon="6.514640"><ele>1469.0</ele></trkpt>
<trkpt lat="44.976100" lon="6.514430"><ele>1470.0</ele></trkpt>
<trkpt lat="44.976160" lon="6.514210"><ele>1470.0</ele></trkpt>
<trkpt lat="44.976190" lon="6.514100"><ele>1471.0</ele></trkpt>
<trkpt lat="44.976210" lon="6.514020"><ele>1471.0</ele></trkpt>
<trkpt lat="44.976210" lon="6.513980"><ele>1472.0</ele></trkpt>
<trkpt lat="44.976220" lon="6.513920"><ele>1472.0</ele></trkpt>
<trkpt lat="44.976230" lon="6.513850"><ele>1472.0</ele></trkpt>
<trkpt lat="44.976240" lon="6.513750"><ele>1472.0</ele></trkpt>
<trkpt lat="44.976240" lon="6.513680"><ele>1472.0</ele></trkpt>
<trkpt lat="44.976240" lon="6.513570"><ele>1473.0</ele></trkpt>
<trkpt lat="44.976240" lon="6.513490"><ele>1473.0</ele></trkpt>
<trkpt lat="44.976220" lon="6.513390"><ele>1473.0</ele></trkpt>
<trkpt lat="44.976220" lon="6.513340"><ele>1473.0</ele></trkpt>
<trkpt lat="44.976210" lon="6.513310"><ele>1473.0</ele></trkpt>
<trkpt lat="44.976210" lon="6.513280"><ele>1473.0</ele></trkpt>
<trkpt lat="44.976200" lon="6.513230"><ele>1473.0</ele></trkpt>
<trkpt lat="44.976180" lon="6.513160"><ele>1474.0</ele></trkpt>
<trkpt lat="44.976150" lon="6.513090"><ele>1474.0</ele></trkpt>
<trkpt lat="44.976130" lon="6.513020"><ele>1474.0</ele></trkpt>
<trkpt lat="44.976090" lon="6.512900"><ele>1474.0</ele></trkpt>
<trkpt lat="44.976070" lon="6.512870"><ele>1474.0</ele></trkpt>
<trkpt lat="44.976050" lon="6.512810"><ele>1474.0</ele></trkpt>
<trkpt lat="44.975980" lon="6.512660"><ele>1474.0</ele></trkpt>
<trkpt lat="44.975950" lon="6.512590"><ele>1475.0</ele></trkpt>
<trkpt lat="44.975850" lon="6.512360"><ele>1475.0</ele></trkpt>
<trkpt lat="44.975820" lon="6.512280"><ele>1475.0</ele></trkpt>
<trkpt lat="44.975800" lon="6.512220"><ele>1475.0</ele></trkpt>
<trkpt lat="44.975790" lon="6.512170"><ele>1476.0</ele></trkpt>
<trkpt lat="44.975770" lon="6.512080"><ele>1476.0</ele></trkpt>
<trkpt lat="44.975760" lon="6.512010"><ele>1476.0</ele></trkpt>
<trkpt lat="44.975750" lon="6.511950"><ele>1476.0</ele></trkpt>
<trkpt lat="44.975750" lon="6.511820"><ele>1477.0</ele></trkpt>
<trkpt lat="44.975750" lon="6.511730"><ele>1477.0</ele></trkpt>
<trkpt lat="44.975750" lon="6.511670"><ele>1477.0</ele></trkpt>
<trkpt lat="44.975750" lon="6.511620"><ele>1477.0</ele></trkpt>
<trkpt lat="44.975750" lon="6.511500"><ele>1478.0</ele></trkpt>
<trkpt lat="44.975760" lon="6.511390"><ele>1478.0</ele></trkpt>
<trkpt lat="44.975760" lon="6.511300"><ele>1478.0</ele></trkpt>
<trkpt lat="44.975800" lon="6.511120"><ele>1479.0</ele></trkpt>
<trkpt lat="44.975810" lon="6.510940"><ele>1479.0</ele></trkpt>
<trkpt lat="44.975840" lon="6.510760"><ele>1480.0</ele></trkpt>
<trkpt lat="44.975870" lon="6.510590"><ele>1480.0</ele></trkpt>
<trkpt lat="44.975900" lon="6.510410"><ele>1481.0</ele></trkpt>
<trkpt lat="44.975920" lon="6.510280"><ele>1481.0</ele></trkpt>
<trkpt lat="44.975940" lon="6.510170"><ele>1482.0</ele></trkpt>
<trkpt lat="44.975950" lon="6.510090"><ele>1482.0</ele></trkpt>
<trkpt lat="44.975960" lon="6.509960"><ele>1482.0</ele></trkpt>
<trkpt lat="44.975980" lon="6.509810"><ele>1483.0</ele></trkpt>
<trkpt lat="44.975980" lon="6.509660"><ele>1483.0</ele></trkpt>
<trkpt lat="44.975980" lon="6.509630"><ele>1483.0</ele></trkpt>
<trkpt lat="44.975980" lon="6.509530"><ele>1483.0</ele></trkpt>
<trkpt lat="44.975970" lon="6.509480"><ele>1484.0</ele></trkpt>
<trkpt lat="44.975970" lon="6.509440"><ele>1484.0</ele></trkpt>
<trkpt lat="44.975940" lon="6.509210"><ele>1484.0</ele></trkpt>
<trkpt lat="44.975910" lon="6.508850"><ele>1484.0</ele></trkpt>
<trkpt lat="44.975900" lon="6.508720"><ele>1484.0</ele></trkpt>
<trkpt lat="44.975900" lon="6.508640"><ele>1484.0</ele></trkpt>
<trkpt lat="44.975900" lon="6.508470"><ele>1484.0</ele></trkpt>
<trkpt lat="44.975910" lon="6.508340"><ele>1484.0</ele></trkpt>
<trkpt lat="44.975940" lon="6.508180"><ele>1485.0</ele></trkpt>
<trkpt lat="44.975980" lon="6.507990"><ele>1485.0</ele></trkpt>
<trkpt lat="44.976030" lon="6.507880"><ele>1485.0</ele></trkpt>
<trkpt lat="44.976050" lon="6.507810"><ele>1485.0</ele></trkpt>
<trkpt lat="44.976090" lon="6.507720"><ele>1485.0</ele></trkpt>
<trkpt lat="44.976190" lon="6.507500"><ele>1485.0</ele></trkpt>
<trkpt lat="44.976260" lon="6.507340"><ele>1485.0</ele></trkpt>
<trkpt lat="44.976350" lon="6.507120"><ele>1486.0</ele></trkpt>
<trkpt lat="44.976370" lon="6.507080"><ele>1486.0</ele></trkpt>
<trkpt lat="44.976430" lon="6.506930"><ele>1486.0</ele></trkpt>
<trkpt lat="44.976450" lon="6.506890"><ele>1487.0</ele></trkpt>
<trkpt lat="44.976460" lon="6.506860"><ele>1487.0</ele></trkpt>
<trkpt lat="44.976640" lon="6.506480"><ele>1487.0</ele></trkpt>
<trkpt lat="44.976660" lon="6.506440"><ele>1488.0</ele></trkpt>
<trkpt lat="44.976840" lon="6.506060"><ele>1489.0</ele></trkpt>
<trkpt lat="44.976960" lon="6.505800"><ele>1490.0</ele></trkpt>
<trkpt lat="44.977060" lon="6.505590"><ele>1490.0</ele></trkpt>
<trkpt lat="44.977160" lon="6.505380"><ele>1491.0</ele></trkpt>
<trkpt lat="44.977360" lon="6.504950"><ele>1492.0</ele></trkpt>
<trkpt lat="44.977500" lon="6.504640"><ele>1493.0</ele></trkpt>
<trkpt lat="44.977680" lon="6.504280"><ele>1494.0</ele></trkpt>
<trkpt lat="44.977730" lon="6.504180"><ele>1495.0</ele></trkpt>
<trkpt lat="44.977760" lon="6.504110"><ele>1496.0</ele></trkpt>
<trkpt lat="44.977780" lon="6.504070"><ele>1496.0</ele></trkpt>
<trkpt lat="44.977830" lon="6.503960"><ele>1496.0</ele></trkpt>
<trkpt lat="44.977920" lon="6.503750"><ele>1497.0</ele></trkpt>
<trkpt lat="44.977960" lon="6.503650"><ele>1497.0</ele></trkpt>
<trkpt lat="44.978000" lon="6.503530"><ele>1498.0</ele></trkpt>
<trkpt lat="44.978070" lon="6.503340"><ele>1498.0</ele></trkpt>
<trkpt lat="44.978080" lon="6.503300"><ele>1498.0</ele></trkpt>
<trkpt lat="44.978110" lon="6.503190"><ele>1499.0</ele></trkpt>
<trkpt lat="44.978190" lon="6.502910"><ele>1499.0</ele></trkpt>
<trkpt lat="44.978280" lon="6.502590"><ele>1499.0</ele></trkpt>
<trkpt lat="44.978440" lon="6.502030"><ele>1500.0</ele></trkpt>
<trkpt lat="44.978450" lon="6.502000"><ele>1500.0</ele></trkpt>
<trkpt lat="44.978520" lon="6.501760"><ele>1501.0</ele></trkpt>
<trkpt lat="44.978660" lon="6.501290"><ele>1501.0</ele></trkpt>
<trkpt lat="44.978720" lon="6.501100"><ele>1501.0</ele></trkpt>
<trkpt lat="44.978810" lon="6.500810"><ele>1501.0</ele></trkpt>
<trkpt lat="44.978830" lon="6.500770"><ele>1502.0</ele></trkpt>
<trkpt lat="44.978890" lon="6.500610"><ele>1502.0</ele></trkpt>
<trkpt lat="44.978920" lon="6.500550"><ele>1502.0</ele></trkpt>
<trkpt lat="44.978980" lon="6.500440"><ele>1502.0</ele></trkpt>
<trkpt lat="44.979060" lon="6.500300"><ele>1502.0</ele></trkpt>
<trkpt lat="44.979150" lon="6.500160"><ele>1502.0</ele></trkpt>
<trkpt lat="44.979300" lon="6.499970"><ele>1503.0</ele></trkpt>
<trkpt lat="44.979570" lon="6.499640"><ele>1503.0</ele></trkpt>
<trkpt lat="44.979660" lon="6.499550"><ele>1504.0</ele></trkpt>
<trkpt lat="44.979700" lon="6.499500"><ele>1504.0</ele></trkpt>
<trkpt lat="44.979780" lon="6.499400"><ele>1504.0</ele></trkpt>
<trkpt lat="44.979850" lon="6.499340"><ele>1505.0</ele></trkpt>
<trkpt lat="44.979910" lon="6.499290"><ele>1505.0</ele></trkpt>
<trkpt lat="44.979950" lon="6.499250"><ele>1505.0</ele></trkpt>
<trkpt lat="44.979960" lon="6.499250"><ele>1505.0</ele></trkpt>
<trkpt lat="44.980030" lon="6.499200"><ele>1506.0</ele></trkpt>
<trkpt lat="44.980110" lon="6.499140"><ele>1506.0</ele></trkpt>
<trkpt lat="44.980240" lon="6.499130"><ele>1506.0</ele></trkpt>
<trkpt lat="44.980330" lon="6.499120"><ele>1506.0</ele></trkpt>
<trkpt lat="44.980460" lon="6.499120"><ele>1507.0</ele></trkpt>
<trkpt lat="44.980470" lon="6.499120"><ele>1507.0</ele></trkpt>
<trkpt lat="44.980610" lon="6.499150"><ele>1507.0</ele></trkpt>
<trkpt lat="44.980680" lon="6.499170"><ele>1507.0</ele></trkpt>
<trkpt lat="44.980780" lon="6.499210"><ele>1508.0</ele></trkpt>
<trkpt lat="44.980940" lon="6.499260"><ele>1508.0</ele></trkpt>
<trkpt lat="44.981100" lon="6.499320"><ele>1509.0</ele></trkpt>
<trkpt lat="44.981230" lon="6.499360"><ele>1510.0</ele></trkpt>
<trkpt lat="44.981400" lon="6.499410"><ele>1510.0</ele></trkpt>
<trkpt lat="44.981500" lon="6.499430"><ele>1511.0</ele></trkpt>
<trkpt lat="44.981560" lon="6.499430"><ele>1512.0</ele></trkpt>
<trkpt lat="44.981630" lon="6.499420"><ele>1512.0</ele></trkpt>
<trkpt lat="44.981680" lon="6.499420"><ele>1513.0</ele></trkpt>
<trkpt lat="44.981750" lon="6.499420"><ele>1513.0</ele></trkpt>
<trkpt lat="44.981850" lon="6.499410"><ele>1514.0</ele></trkpt>
<trkpt lat="44.981860" lon="6.499400"><ele>1514.0</ele></trkpt>
<trkpt lat="44.981930" lon="6.499390"><ele>1514.0</ele></trkpt>
<trkpt lat="44.982010" lon="6.499370"><ele>1515.0</ele></trkpt>
<trkpt lat="44.982040" lon="6.499360"><ele>1515.0</ele></trkpt>
<trkpt lat="44.982100" lon="6.499350"><ele>1515.0</ele></trkpt>
<trkpt lat="44.982190" lon="6.499310"><ele>1516.0</ele></trkpt>
<trkpt lat="44.982210" lon="6.499300"><ele>1516.0</ele></trkpt>
<trkpt lat="44.982270" lon="6.499270"><ele>1516.0</ele></trkpt>
<trkpt lat="44.982360" lon="6.499220"><ele>1517.0</ele></trkpt>
<trkpt lat="44.982380" lon="6.499210"><ele>1517.0</ele></trkpt>
<trkpt lat="44.982480" lon="6.499140"><ele>1517.0</ele></trkpt>
<trkpt lat="44.982540" lon="6.499100"><ele>1517.0</ele></trkpt>
<trkpt lat="44.982670" lon="6.499010"><ele>1518.0</ele></trkpt>
<trkpt lat="44.982860" lon="6.498850"><ele>1518.0</ele></trkpt>
<trkpt lat="44.983170" lon="6.498600"><ele>1519.0</ele></trkpt>
<trkpt lat="44.983330" lon="6.498450"><ele>1519.0</ele></trkpt>
<trkpt lat="44.983420" lon="6.498340"><ele>1520.0</ele></trkpt>
<trkpt lat="44.983500" lon="6.498230"><ele>1520.0</ele></trkpt>
<trkpt lat="44.983510" lon="6.498220"><ele>1521.0</ele></trkpt>
<trkpt lat="44.983550" lon="6.498160"><ele>1521.0</ele></trkpt>
<trkpt lat="44.983600" lon="6.498070"><ele>1521.0</ele></trkpt>
<trkpt lat="44.983670" lon="6.497970"><ele>1521.0</ele></trkpt>
<trkpt lat="44.983680" lon="6.497950"><ele>1521.0</ele></trkpt>
<trkpt lat="44.983760" lon="6.497800"><ele>1522.0</ele></trkpt>
<trkpt lat="44.983780" lon="6.497760"><ele>1522.0</ele></trkpt>
<trkpt lat="44.983830" lon="6.497660"><ele>1522.0</ele></trkpt>
<trkpt lat="44.983950" lon="6.497370"><ele>1522.0</ele></trkpt>
<trkpt lat="44.983970" lon="6.497330"><ele>1522.0</ele></trkpt>
<trkpt lat="44.984000" lon="6.497260"><ele>1522.0</ele></trkpt>
<trkpt lat="44.984080" lon="6.497120"><ele>1522.0</ele></trkpt>
<trkpt lat="44.984290" lon="6.496720"><ele>1522.0</ele></trkpt>
<trkpt lat="44.984370" lon="6.496590"><ele>1522.0</ele></trkpt>
<trkpt lat="44.984520" lon="6.496330"><ele>1522.0</ele></trkpt>
<trkpt lat="44.984590" lon="6.496200"><ele>1522.0</ele></trkpt>
<trkpt lat="44.984830" lon="6.495770"><ele>1522.0</ele></trkpt>
<trkpt lat="44.984880" lon="6.495690"><ele>1522.0</ele></trkpt>
<trkpt lat="44.984960" lon="6.495560"><ele>1522.0</ele></trkpt>
<trkpt lat="44.985100" lon="6.495360"><ele>1522.0</ele></trkpt>
<trkpt lat="44.985240" lon="6.495170"><ele>1523.0</ele></trkpt>
<trkpt lat="44.985320" lon="6.495080"><ele>1524.0</ele></trkpt>
<trkpt lat="44.985380" lon="6.495030"><ele>1525.0</ele></trkpt>
<trkpt lat="44.985450" lon="6.494970"><ele>1526.0</ele></trkpt>
<trkpt lat="44.985590" lon="6.494880"><ele>1527.0</ele></trkpt>
<trkpt lat="44.985690" lon="6.494810"><ele>1528.0</ele></trkpt>
<trkpt lat="44.985700" lon="6.494810"><ele>1529.0</ele></trkpt>
<trkpt lat="44.985730" lon="6.494790"><ele>1529.0</ele></trkpt>
<trkpt lat="44.985760" lon="6.494750"><ele>1530.0</ele></trkpt>
<trkpt lat="44.985800" lon="6.494720"><ele>1530.0</ele></trkpt>
<trkpt lat="44.985830" lon="6.494680"><ele>1531.0</ele></trkpt>
<trkpt lat="44.985840" lon="6.494660"><ele>1531.0</ele></trkpt>
<trkpt lat="44.985960" lon="6.494500"><ele>1532.0</ele></trkpt>
<trkpt lat="44.985970" lon="6.494480"><ele>1532.0</ele></trkpt>
<trkpt lat="44.986100" lon="6.494300"><ele>1533.0</ele></trkpt>
<trkpt lat="44.986280" lon="6.494040"><ele>1535.0</ele></trkpt>
<trkpt lat="44.986350" lon="6.493930"><ele>1536.0</ele></trkpt>
<trkpt lat="44.986440" lon="6.493800"><ele>1537.0</ele></trkpt>
<trkpt lat="44.986520" lon="6.493650"><ele>1537.0</ele></trkpt>
<trkpt lat="44.986590" lon="6.493530"><ele>1538.0</ele></trkpt>
<trkpt lat="44.986650" lon="6.493390"><ele>1538.0</ele></trkpt>
<trkpt lat="44.986700" lon="6.493250"><ele>1538.0</ele></trkpt>
<trkpt lat="44.986740" lon="6.493130"><ele>1539.0</ele></trkpt>
<trkpt lat="44.986780" lon="6.492990"><ele>1539.0</ele></trkpt>
<trkpt lat="44.986810" lon="6.492860"><ele>1539.0</ele></trkpt>
<trkpt lat="44.986830" lon="6.492800"><ele>1539.0</ele></trkpt>
<trkpt lat="44.986870" lon="6.492620"><ele>1539.0</ele></trkpt>
<trkpt lat="44.986880" lon="6.492580"><ele>1539.0</ele></trkpt>
<trkpt lat="44.986920" lon="6.492450"><ele>1539.0</ele></trkpt>
<trkpt lat="44.986940" lon="6.492360"><ele>1539.0</ele></trkpt>
<trkpt lat="44.986970" lon="6.492260"><ele>1539.0</ele></trkpt>
<trkpt lat="44.987000" lon="6.492200"><ele>1539.0</ele></trkpt>
<trkpt lat="44.987020" lon="6.492150"><ele>1539.0</ele></trkpt>
<trkpt lat="44.987070" lon="6.492050"><ele>1539.0</ele></trkpt>
<trkpt lat="44.987120" lon="6.491970"><ele>1539.0</ele></trkpt>
<trkpt lat="44.987160" lon="6.491910"><ele>1539.0</ele></trkpt>
<trkpt lat="44.987200" lon="6.491850"><ele>1539.0</ele></trkpt>
<trkpt lat="44.987260" lon="6.491770"><ele>1539.0</ele></trkpt>
<trkpt lat="44.987370" lon="6.491640"><ele>1540.0</ele></trkpt>
<trkpt lat="44.987390" lon="6.491610"><ele>1540.0</ele></trkpt>
<trkpt lat="44.987530" lon="6.491450"><ele>1540.0</ele></trkpt>
<trkpt lat="44.987540" lon="6.491440"><ele>1541.0</ele></trkpt>
<trkpt lat="44.987620" lon="6.491330"><ele>1541.0</ele></trkpt>
<trkpt lat="44.987670" lon="6.491260"><ele>1541.0</ele></trkpt>
<trkpt lat="44.987720" lon="6.491180"><ele>1542.0</ele></trkpt>
<trkpt lat="44.987780" lon="6.491070"><ele>1542.0</ele></trkpt>
<trkpt lat="44.987830" lon="6.491000"><ele>1542.0</ele></trkpt>
<trkpt lat="44.987870" lon="6.490950"><ele>1543.0</ele></trkpt>
<trkpt lat="44.987910" lon="6.490880"><ele>1543.0</ele></trkpt>
<trkpt lat="44.987980" lon="6.490810"><ele>1543.0</ele></trkpt>
<trkpt lat="44.988070" lon="6.490720"><ele>1544.0</ele></trkpt>
<trkpt lat="44.988170" lon="6.490620"><ele>1544.0</ele></trkpt>
<trkpt lat="44.988190" lon="6.490600"><ele>1544.0</ele></trkpt>
<trkpt lat="44.988280" lon="6.490510"><ele>1545.0</ele></trkpt>
<trkpt lat="44.988360" lon="6.490410"><ele>1545.0</ele></trkpt>
<trkpt lat="44.988420" lon="6.490340"><ele>1545.0</ele></trkpt>
<trkpt lat="44.988450" lon="6.490290"><ele>1546.0</ele></trkpt>
<trkpt lat="44.988490" lon="6.490230"><ele>1546.0</ele></trkpt>
<trkpt lat="44.988510" lon="6.490190"><ele>1546.0</ele></trkpt>
<trkpt lat="44.988530" lon="6.490140"><ele>1547.0</ele></trkpt>
<trkpt lat="44.988560" lon="6.490070"><ele>1547.0</ele></trkpt>
<trkpt lat="44.988570" lon="6.490060"><ele>1547.0</ele></trkpt>
<trkpt lat="44.988590" lon="6.490010"><ele>1547.0</ele></trkpt>
<trkpt lat="44.988620" lon="6.489890"><ele>1547.0</ele></trkpt>
<trkpt lat="44.988640" lon="6.489830"><ele>1547.0</ele></trkpt>
<trkpt lat="44.988680" lon="6.489660"><ele>1548.0</ele></trkpt>
<trkpt lat="44.988700" lon="6.489590"><ele>1548.0</ele></trkpt>
<trkpt lat="44.988760" lon="6.489350"><ele>1548.0</ele></trkpt>
<trkpt lat="44.988800" lon="6.489210"><ele>1548.0</ele></trkpt>
<trkpt lat="44.988820" lon="6.489130"><ele>1548.0</ele></trkpt>
<trkpt lat="44.988890" lon="6.488930"><ele>1549.0</ele></trkpt>
<trkpt lat="44.988960" lon="6.488770"><ele>1549.0</ele></trkpt>
<trkpt lat="44.989100" lon="6.488490"><ele>1549.0</ele></trkpt>
<trkpt lat="44.989280" lon="6.488150"><ele>1549.0</ele></trkpt>
<trkpt lat="44.989420" lon="6.487870"><ele>1550.0</ele></trkpt>
<trkpt lat="44.989770" lon="6.487200"><ele>1550.0</ele></trkpt>
<trkpt lat="44.990150" lon="6.486450"><ele>1551.0</ele></trkpt>
<trkpt lat="44.990270" lon="6.486230"><ele>1552.0</ele></trkpt>
<trkpt lat="44.990410" lon="6.485990"><ele>1552.0</ele></trkpt>
<trkpt lat="44.990450" lon="6.485930"><ele>1553.0</ele></trkpt>
<trkpt lat="44.990490" lon="6.485860"><ele>1553.0</ele></trkpt>
<trkpt lat="44.990500" lon="6.485840"><ele>1553.0</ele></trkpt>
<trkpt lat="44.990540" lon="6.485800"><ele>1553.0</ele></trkpt>
<trkpt lat="44.990590" lon="6.485740"><ele>1553.0</ele></trkpt>
<trkpt lat="44.990640" lon="6.485690"><ele>1553.0</ele></trkpt>
<trkpt lat="44.990730" lon="6.485600"><ele>1554.0</ele></trkpt>
<trkpt lat="44.990860" lon="6.485430"><ele>1554.0</ele></trkpt>
<trkpt lat="44.990920" lon="6.485320"><ele>1554.0</ele></trkpt>
<trkpt lat="44.991000" lon="6.485190"><ele>1554.0</ele></trkpt>
<trkpt lat="44.991170" lon="6.484920"><ele>1555.0</ele></trkpt>
<trkpt lat="44.991250" lon="6.484810"><ele>1555.0</ele></trkpt>
<trkpt lat="44.991340" lon="6.484690"><ele>1556.0</ele></trkpt>
<trkpt lat="44.991410" lon="6.484610"><ele>1556.0</ele></trkpt>
<trkpt lat="44.991440" lon="6.484570"><ele>1557.0</ele></trkpt>
<trkpt lat="44.991500" lon="6.484480"><ele>1557.0</ele></trkpt>
<trkpt lat="44.991530" lon="6.484430"><ele>1557.0</ele></trkpt>
<trkpt lat="44.991550" lon="6.484420"><ele>1558.0</ele></trkpt>
<trkpt lat="44.991600" lon="6.484310"><ele>1558.0</ele></trkpt>
<trkpt lat="44.991650" lon="6.484200"><ele>1558.0</ele></trkpt>
<trkpt lat="44.991710" lon="6.484040"><ele>1559.0</ele></trkpt>
<trkpt lat="44.991810" lon="6.483840"><ele>1559.0</ele></trkpt>
<trkpt lat="44.991850" lon="6.483750"><ele>1560.0</ele></trkpt>
<trkpt lat="44.991910" lon="6.483630"><ele>1561.0</ele></trkpt>
<trkpt lat="44.991980" lon="6.483520"><ele>1561.0</ele></trkpt>
<trkpt lat="44.992040" lon="6.483390"><ele>1562.0</ele></trkpt>
<trkpt lat="44.992050" lon="6.483380"><ele>1562.0</ele></trkpt>
<trkpt lat="44.992090" lon="6.483300"><ele>1562.0</ele></trkpt>
<trkpt lat="44.992140" lon="6.483170"><ele>1563.0</ele></trkpt>
<trkpt lat="44.992180" lon="6.483070"><ele>1563.0</ele></trkpt>
<trkpt lat="44.992220" lon="6.482940"><ele>1563.0</ele></trkpt>
<trkpt lat="44.992240" lon="6.482890"><ele>1563.0</ele></trkpt>
<trkpt lat="44.992300" lon="6.482690"><ele>1563.0</ele></trkpt>
<trkpt lat="44.992380" lon="6.482510"><ele>1563.0</ele></trkpt>
<trkpt lat="44.992430" lon="6.482380"><ele>1563.0</ele></trkpt>
<trkpt lat="44.992480" lon="6.482310"><ele>1562.0</ele></trkpt>
<trkpt lat="44.992490" lon="6.482290"><ele>1562.0</ele></trkpt>
<trkpt lat="44.992510" lon="6.482250"><ele>1562.0</ele></trkpt>
<trkpt lat="44.992550" lon="6.482200"><ele>1562.0</ele></trkpt>
<trkpt lat="44.992610" lon="6.482130"><ele>1562.0</ele></trkpt>
<trkpt lat="44.992620" lon="6.482110"><ele>1562.0</ele></trkpt>
<trkpt lat="44.992710" lon="6.482020"><ele>1562.0</ele></trkpt>
<trkpt lat="44.992800" lon="6.481930"><ele>1561.0</ele></trkpt>
<trkpt lat="44.992900" lon="6.481840"><ele>1561.0</ele></trkpt>
<trkpt lat="44.992970" lon="6.481770"><ele>1561.0</ele></trkpt>
<trkpt lat="44.993030" lon="6.481710"><ele>1561.0</ele></trkpt>
<trkpt lat="44.993080" lon="6.481650"><ele>1561.0</ele></trkpt>
<trkpt lat="44.993110" lon="6.481610"><ele>1560.0</ele></trkpt>
<trkpt lat="44.993160" lon="6.481510"><ele>1560.0</ele></trkpt>
<trkpt lat="44.993180" lon="6.481480"><ele>1560.0</ele></trkpt>
<trkpt lat="44.993210" lon="6.481430"><ele>1560.0</ele></trkpt>
<trkpt lat="44.993270" lon="6.481330"><ele>1560.0</ele></trkpt>
<trkpt lat="44.993320" lon="6.481270"><ele>1560.0</ele></trkpt>
<trkpt lat="44.993350" lon="6.481230"><ele>1560.0</ele></trkpt>
<trkpt lat="44.993390" lon="6.481200"><ele>1560.0</ele></trkpt>
<trkpt lat="44.993430" lon="6.481170"><ele>1560.0</ele></trkpt>
<trkpt lat="44.993470" lon="6.481140"><ele>1560.0</ele></trkpt>
<trkpt lat="44.993550" lon="6.481080"><ele>1560.0</ele></trkpt>
<trkpt lat="44.993610" lon="6.481040"><ele>1560.0</ele></trkpt>
<trkpt lat="44.993770" lon="6.480930"><ele>1560.0</ele></trkpt>
<trkpt lat="44.993780" lon="6.480930"><ele>1560.0</ele></trkpt>
<trkpt lat="44.993840" lon="6.480880"><ele>1560.0</ele></trkpt>
<trkpt lat="44.993920" lon="6.480820"><ele>1560.0</ele></trkpt>
<trkpt lat="44.994040" lon="6.480710"><ele>1560.0</ele></trkpt>
<trkpt lat="44.994230" lon="6.480540"><ele>1560.0</ele></trkpt>
<trkpt lat="44.994290" lon="6.480490"><ele>1560.0</ele></trkpt>
<trkpt lat="44.994390" lon="6.480410"><ele>1561.0</ele></trkpt>
<trkpt lat="44.994400" lon="6.480410"><ele>1561.0</ele></trkpt>
<trkpt lat="44.994470" lon="6.480360"><ele>1561.0</ele></trkpt>
<trkpt lat="44.994540" lon="6.480310"><ele>1561.0</ele></trkpt>
<trkpt lat="44.994550" lon="6.480300"><ele>1561.0</ele></trkpt>
<trkpt lat="44.994640" lon="6.480250"><ele>1561.0</ele></trkpt>
<trkpt lat="44.994750" lon="6.480190"><ele>1561.0</ele></trkpt>
<trkpt lat="44.994890" lon="6.480110"><ele>1561.0</ele></trkpt>
<trkpt lat="44.994920" lon="6.480100"><ele>1561.0</ele></trkpt>
<trkpt lat="44.995050" lon="6.480020"><ele>1561.0</ele></trkpt>
<trkpt lat="44.995120" lon="6.479980"><ele>1561.0</ele></trkpt>
<trkpt lat="44.995260" lon="6.479890"><ele>1561.0</ele></trkpt>
<trkpt lat="44.995340" lon="6.479840"><ele>1561.0</ele></trkpt>
<trkpt lat="44.995380" lon="6.479800"><ele>1561.0</ele></trkpt>
<trkpt lat="44.995430" lon="6.479770"><ele>1561.0</ele></trkpt>
<trkpt lat="44.995480" lon="6.479720"><ele>1561.0</ele></trkpt>
<trkpt lat="44.995530" lon="6.479670"><ele>1561.0</ele></trkpt>
<trkpt lat="44.995550" lon="6.479660"><ele>1561.0</ele></trkpt>
<trkpt lat="44.995650" lon="6.479540"><ele>1561.0</ele></trkpt>
<trkpt lat="44.995670" lon="6.479510"><ele>1561.0</ele></trkpt>
<trkpt lat="44.995700" lon="6.479470"><ele>1561.0</ele></trkpt>
<trkpt lat="44.995820" lon="6.479310"><ele>1561.0</ele></trkpt>
<trkpt lat="44.995830" lon="6.479290"><ele>1560.0</ele></trkpt>
<trkpt lat="44.995960" lon="6.479100"><ele>1560.0</ele></trkpt>
<trkpt lat="44.996100" lon="6.478900"><ele>1560.0</ele></trkpt>
<trkpt lat="44.996120" lon="6.478860"><ele>1560.0</ele></trkpt>
<trkpt lat="44.996150" lon="6.478820"><ele>1560.0</ele></trkpt>
<trkpt lat="44.996190" lon="6.478780"><ele>1560.0</ele></trkpt>
<trkpt lat="44.996210" lon="6.478760"><ele>1560.0</ele></trkpt>
<trkpt lat="44.996240" lon="6.478730"><ele>1560.0</ele></trkpt>
<trkpt lat="44.996270" lon="6.478710"><ele>1560.0</ele></trkpt>
<trkpt lat="44.996330" lon="6.478680"><ele>1560.0</ele></trkpt>
<trkpt lat="44.996370" lon="6.478660"><ele>1560.0</ele></trkpt>
<trkpt lat="44.996430" lon="6.478650"><ele>1560.0</ele></trkpt>
<trkpt lat="44.996470" lon="6.478640"><ele>1560.0</ele></trkpt>
<trkpt lat="44.996550" lon="6.478640"><ele>1560.0</ele></trkpt>
<trkpt lat="44.996690" lon="6.478620"><ele>1560.0</ele></trkpt>
<trkpt lat="44.996730" lon="6.478610"><ele>1560.0</ele></trkpt>
<trkpt lat="44.996860" lon="6.478590"><ele>1561.0</ele></trkpt>
<trkpt lat="44.997010" lon="6.478560"><ele>1561.0</ele></trkpt>
<trkpt lat="44.997050" lon="6.478540"><ele>1561.0</ele></trkpt>
<trkpt lat="44.997120" lon="6.478520"><ele>1562.0</ele></trkpt>
<trkpt lat="44.997180" lon="6.478500"><ele>1562.0</ele></trkpt>
<trkpt lat="44.997240" lon="6.478470"><ele>1562.0</ele></trkpt>
<trkpt lat="44.997280" lon="6.478440"><ele>1563.0</ele></trkpt>
<trkpt lat="44.997330" lon="6.478400"><ele>1563.0</ele></trkpt>
<trkpt lat="44.997380" lon="6.478360"><ele>1563.0</ele></trkpt>
<trkpt lat="44.997430" lon="6.478310"><ele>1563.0</ele></trkpt>
<trkpt lat="44.997520" lon="6.478210"><ele>1563.0</ele></trkpt>
<trkpt lat="44.997620" lon="6.478100"><ele>1564.0</ele></trkpt>
<trkpt lat="44.997680" lon="6.478030"><ele>1564.0</ele></trkpt>
<trkpt lat="44.997740" lon="6.477960"><ele>1565.0</ele></trkpt>
<trkpt lat="44.997780" lon="6.477930"><ele>1565.0</ele></trkpt>
<trkpt lat="44.997820" lon="6.477900"><ele>1565.0</ele></trkpt>
<trkpt lat="44.997850" lon="6.477870"><ele>1565.0</ele></trkpt>
<trkpt lat="44.997890" lon="6.477860"><ele>1565.0</ele></trkpt>
<trkpt lat="44.997940" lon="6.477840"><ele>1566.0</ele></trkpt>
<trkpt lat="44.998010" lon="6.477820"><ele>1566.0</ele></trkpt>
<trkpt lat="44.998080" lon="6.477810"><ele>1566.0</ele></trkpt>
<trkpt lat="44.998160" lon="6.477790"><ele>1566.0</ele></trkpt>
<trkpt lat="44.998230" lon="6.477780"><ele>1567.0</ele></trkpt>
<trkpt lat="44.998300" lon="6.477760"><ele>1567.0</ele></trkpt>
<trkpt lat="44.998350" lon="6.477750"><ele>1568.0</ele></trkpt>
<trkpt lat="44.998410" lon="6.477720"><ele>1568.0</ele></trkpt>
<trkpt lat="44.998460" lon="6.477700"><ele>1568.0</ele></trkpt>
<trkpt lat="44.998510" lon="6.477670"><ele>1569.0</ele></trkpt>
<trkpt lat="44.998520" lon="6.477660"><ele>1569.0</ele></trkpt>
<trkpt lat="44.998540" lon="6.477640"><ele>1569.0</ele></trkpt>
<trkpt lat="44.998590" lon="6.477610"><ele>1569.0</ele></trkpt>
<trkpt lat="44.998740" lon="6.477500"><ele>1570.0</ele></trkpt>
<trkpt lat="44.998760" lon="6.477480"><ele>1570.0</ele></trkpt>
<trkpt lat="44.998940" lon="6.477320"><ele>1571.0</ele></trkpt>
<trkpt lat="44.999050" lon="6.477240"><ele>1572.0</ele></trkpt>
<trkpt lat="44.999120" lon="6.477170"><ele>1573.0</ele></trkpt>
<trkpt lat="44.999210" lon="6.477120"><ele>1573.0</ele></trkpt>
<trkpt lat="44.999320" lon="6.477060"><ele>1574.0</ele></trkpt>
<trkpt lat="44.999460" lon="6.477000"><ele>1575.0</ele></trkpt>
<trkpt lat="44.999470" lon="6.476990"><ele>1575.0</ele></trkpt>
<trkpt lat="44.999590" lon="6.476950"><ele>1576.0</ele></trkpt>
<trkpt lat="44.999720" lon="6.476900"><ele>1577.0</ele></trkpt>
<trkpt lat="44.999780" lon="6.476880"><ele>1577.0</ele></trkpt>
<trkpt lat="44.999830" lon="6.476870"><ele>1578.0</ele></trkpt>
<trkpt lat="44.999890" lon="6.476860"><ele>1579.0</ele></trkpt>
<trkpt lat="44.999960" lon="6.476850"><ele>1580.0</ele></trkpt>
<trkpt lat="45.000090" lon="6.476840"><ele>1581.0</ele></trkpt>
<trkpt lat="45.000450" lon="6.476840"><ele>1584.0</ele></trkpt>
<trkpt lat="45.000510" lon="6.476840"><ele>1586.0</ele></trkpt>
<trkpt lat="45.000540" lon="6.476830"><ele>1587.0</ele></trkpt>
<trkpt lat="45.000580" lon="6.476830"><ele>1589.0</ele></trkpt>
<trkpt lat="45.000620" lon="6.476830"><ele>1590.0</ele></trkpt>
<trkpt lat="45.000720" lon="6.476820"><ele>1591.0</ele></trkpt>
<trkpt lat="45.000770" lon="6.476810"><ele>1592.0</ele></trkpt>
<trkpt lat="45.000810" lon="6.476800"><ele>1593.0</ele></trkpt>
<trkpt lat="45.000870" lon="6.476770"><ele>1594.0</ele></trkpt>
<trkpt lat="45.000920" lon="6.476750"><ele>1595.0</ele></trkpt>
<trkpt lat="45.000970" lon="6.476730"><ele>1596.0</ele></trkpt>
<trkpt lat="45.001010" lon="6.476700"><ele>1597.0</ele></trkpt>
<trkpt lat="45.001050" lon="6.476670"><ele>1597.0</ele></trkpt>
<trkpt lat="45.001060" lon="6.476660"><ele>1598.0</ele></trkpt>
<trkpt lat="45.001110" lon="6.476610"><ele>1599.0</ele></trkpt>
<trkpt lat="45.001160" lon="6.476560"><ele>1599.0</ele></trkpt>
<trkpt lat="45.001240" lon="6.476490"><ele>1600.0</ele></trkpt>
<trkpt lat="45.001350" lon="6.476370"><ele>1602.0</ele></trkpt>
<trkpt lat="45.001450" lon="6.476280"><ele>1603.0</ele></trkpt>
<trkpt lat="45.001550" lon="6.476180"><ele>1605.0</ele></trkpt>
<trkpt lat="45.001650" lon="6.476100"><ele>1606.0</ele></trkpt>
<trkpt lat="45.001730" lon="6.476040"><ele>1608.0</ele></trkpt>
<trkpt lat="45.001820" lon="6.475990"><ele>1608.0</ele></trkpt>
<trkpt lat="45.001840" lon="6.475970"><ele>1609.0</ele></trkpt>
<trkpt lat="45.001970" lon="6.475880"><ele>1610.0</ele></trkpt>
<trkpt lat="45.002150" lon="6.475780"><ele>1611.0</ele></trkpt>
<trkpt lat="45.002170" lon="6.475760"><ele>1611.0</ele></trkpt>
<trkpt lat="45.002400" lon="6.475620"><ele>1612.0</ele></trkpt>
<trkpt lat="45.002500" lon="6.475560"><ele>1613.0</ele></trkpt>
<trkpt lat="45.002600" lon="6.475490"><ele>1614.0</ele></trkpt>
<trkpt lat="45.002680" lon="6.475430"><ele>1615.0</ele></trkpt>
<trkpt lat="45.002740" lon="6.475380"><ele>1615.0</ele></trkpt>
<trkpt lat="45.002790" lon="6.475310"><ele>1616.0</ele></trkpt>
<trkpt lat="45.002850" lon="6.475240"><ele>1616.0</ele></trkpt>
<trkpt lat="45.002930" lon="6.475120"><ele>1617.0</ele></trkpt>
<trkpt lat="45.003030" lon="6.474970"><ele>1618.0</ele></trkpt>
<trkpt lat="45.003090" lon="6.474890"><ele>1618.0</ele></trkpt>
<trkpt lat="45.003150" lon="6.474820"><ele>1619.0</ele></trkpt>
<trkpt lat="45.003270" lon="6.474660"><ele>1619.0</ele></trkpt>
<trkpt lat="45.003380" lon="6.474550"><ele>1620.0</ele></trkpt>
<trkpt lat="45.003590" lon="6.474300"><ele>1621.0</ele></trkpt>
<trkpt lat="45.003620" lon="6.474270"><ele>1621.0</ele></trkpt>
<trkpt lat="45.003660" lon="6.474220"><ele>1622.0</ele></trkpt>
<trkpt lat="45.003760" lon="6.474110"><ele>1622.0</ele></trkpt>
<trkpt lat="45.003900" lon="6.473960"><ele>1622.0</ele></trkpt>
<trkpt lat="45.003970" lon="6.473890"><ele>1623.0</ele></trkpt>
<trkpt lat="45.004030" lon="6.473840"><ele>1623.0</ele></trkpt>
<trkpt lat="45.004060" lon="6.473810"><ele>1624.0</ele></trkpt>
<trkpt lat="45.004120" lon="6.473770"><ele>1624.0</ele></trkpt>
<trkpt lat="45.004190" lon="6.473730"><ele>1624.0</ele></trkpt>
<trkpt lat="45.004330" lon="6.473650"><ele>1625.0</ele></trkpt>
<trkpt lat="45.004360" lon="6.473640"><ele>1625.0</ele></trkpt>
<trkpt lat="45.004390" lon="6.473620"><ele>1625.0</ele></trkpt>
<trkpt lat="45.004470" lon="6.473560"><ele>1625.0</ele></trkpt>
<trkpt lat="45.004520" lon="6.473520"><ele>1626.0</ele></trkpt>
<trkpt lat="45.004540" lon="6.473500"><ele>1626.0</ele></trkpt>
<trkpt lat="45.004560" lon="6.473490"><ele>1626.0</ele></trkpt>
<trkpt lat="45.004600" lon="6.473450"><ele>1626.0</ele></trkpt>
<trkpt lat="45.004640" lon="6.473400"><ele>1626.0</ele></trkpt>
<trkpt lat="45.004670" lon="6.473370"><ele>1627.0</ele></trkpt>
<trkpt lat="45.004690" lon="6.473350"><ele>1627.0</ele></trkpt>
<trkpt lat="45.004710" lon="6.473320"><ele>1627.0</ele></trkpt>
<trkpt lat="45.004810" lon="6.473190"><ele>1627.0</ele></trkpt>
<trkpt lat="45.004820" lon="6.473180"><ele>1627.0</ele></trkpt>
<trkpt lat="45.004930" lon="6.473020"><ele>1628.0</ele></trkpt>
<trkpt lat="45.004940" lon="6.472990"><ele>1628.0</ele></trkpt>
<trkpt lat="45.005000" lon="6.472910"><ele>1628.0</ele></trkpt>
<trkpt lat="45.005070" lon="6.472810"><ele>1628.0</ele></trkpt>
<trkpt lat="45.005160" lon="6.472710"><ele>1629.0</ele></trkpt>
<trkpt lat="45.005190" lon="6.472680"><ele>1629.0</ele></trkpt>
<trkpt lat="45.005220" lon="6.472660"><ele>1629.0</ele></trkpt>
<trkpt lat="45.005260" lon="6.472630"><ele>1630.0</ele></trkpt>
<trkpt lat="45.005300" lon="6.472600"><ele>1630.0</ele></trkpt>
<trkpt lat="45.005350" lon="6.472590"><ele>1630.0</ele></trkpt>
<trkpt lat="45.005370" lon="6.472580"><ele>1630.0</ele></trkpt>
<trkpt lat="45.005390" lon="6.472580"><ele>1630.0</ele></trkpt>
<trkpt lat="45.005420" lon="6.472570"><ele>1630.0</ele></trkpt>
<trkpt lat="45.005450" lon="6.472570"><ele>1630.0</ele></trkpt>
<trkpt lat="45.005480" lon="6.472570"><ele>1631.0</ele></trkpt>
<trkpt lat="45.005530" lon="6.472580"><ele>1631.0</ele></trkpt>
<trkpt lat="45.005580" lon="6.472590"><ele>1631.0</ele></trkpt>
<trkpt lat="45.005710" lon="6.472610"><ele>1631.0</ele></trkpt>
<trkpt lat="45.005880" lon="6.472660"><ele>1632.0</ele></trkpt>
<trkpt lat="45.005950" lon="6.472670"><ele>1632.0</ele></trkpt>
<trkpt lat="45.006000" lon="6.472680"><ele>1632.0</ele></trkpt>
<trkpt lat="45.006060" lon="6.472690"><ele>1633.0</ele></trkpt>
<trkpt lat="45.006110" lon="6.472700"><ele>1633.0</ele></trkpt>
<trkpt lat="45.006160" lon="6.472710"><ele>1633.0</ele></trkpt>
<trkpt lat="45.006220" lon="6.472710"><ele>1633.0</ele></trkpt>
<trkpt lat="45.006300" lon="6.472710"><ele>1634.0</ele></trkpt>
<trkpt lat="45.006330" lon="6.472700"><ele>1634.0</ele></trkpt>
<trkpt lat="45.006390" lon="6.472700"><ele>1634.0</ele></trkpt>
<trkpt lat="45.006430" lon="6.472690"><ele>1635.0</ele></trkpt>
<trkpt lat="45.006890" lon="6.472530"><ele>1636.0</ele></trkpt>
<trkpt lat="45.007180" lon="6.472420"><ele>1637.0</ele></trkpt>
<trkpt lat="45.007290" lon="6.472350"><ele>1639.0</ele></trkpt>
<trkpt lat="45.007440" lon="6.472270"><ele>1640.0</ele></trkpt>
<trkpt lat="45.007530" lon="6.472230"><ele>1641.0</ele></trkpt>
<trkpt lat="45.007620" lon="6.472190"><ele>1642.0</ele></trkpt>
<trkpt lat="45.007680" lon="6.472180"><ele>1642.0</ele></trkpt>
<trkpt lat="45.007750" lon="6.472160"><ele>1643.0</ele></trkpt>
<trkpt lat="45.007820" lon="6.472150"><ele>1644.0</ele></trkpt>
<trkpt lat="45.007950" lon="6.472120"><ele>1644.0</ele></trkpt>
<trkpt lat="45.007990" lon="6.472100"><ele>1645.0</ele></trkpt>
<trkpt lat="45.008040" lon="6.472090"><ele>1645.0</ele></trkpt>
<trkpt lat="45.008090" lon="6.472060"><ele>1645.0</ele></trkpt>
<trkpt lat="45.008160" lon="6.472010"><ele>1646.0</ele></trkpt>
<trkpt lat="45.008220" lon="6.471960"><ele>1646.0</ele></trkpt>
<trkpt lat="45.008270" lon="6.471910"><ele>1646.0</ele></trkpt>
<trkpt lat="45.008330" lon="6.471840"><ele>1647.0</ele></trkpt>
<trkpt lat="45.008400" lon="6.471740"><ele>1647.0</ele></trkpt>
<trkpt lat="45.008490" lon="6.471610"><ele>1648.0</ele></trkpt>
<trkpt lat="45.008560" lon="6.471500"><ele>1648.0</ele></trkpt>
<trkpt lat="45.008590" lon="6.471440"><ele>1648.0</ele></trkpt>
<trkpt lat="45.008640" lon="6.471380"><ele>1649.0</ele></trkpt>
<trkpt lat="45.008720" lon="6.471280"><ele>1649.0</ele></trkpt>
<trkpt lat="45.008770" lon="6.471220"><ele>1649.0</ele></trkpt>
<trkpt lat="45.008820" lon="6.471190"><ele>1650.0</ele></trkpt>
<trkpt lat="45.008860" lon="6.471160"><ele>1650.0</ele></trkpt>
<trkpt lat="45.008980" lon="6.471090"><ele>1650.0</ele></trkpt>
<trkpt lat="45.009040" lon="6.471060"><ele>1651.0</ele></trkpt>
<trkpt lat="45.009160" lon="6.471000"><ele>1651.0</ele></trkpt>
<trkpt lat="45.009210" lon="6.470980"><ele>1651.0</ele></trkpt>
<trkpt lat="45.009300" lon="6.470930"><ele>1652.0</ele></trkpt>
<trkpt lat="45.009400" lon="6.470880"><ele>1652.0</ele></trkpt>
<trkpt lat="45.009510" lon="6.470800"><ele>1653.0</ele></trkpt>
<trkpt lat="45.009540" lon="6.470780"><ele>1653.0</ele></trkpt>
<trkpt lat="45.009670" lon="6.470690"><ele>1653.0</ele></trkpt>
<trkpt lat="45.009700" lon="6.470670"><ele>1654.0</ele></trkpt>
<trkpt lat="45.009750" lon="6.470640"><ele>1654.0</ele></trkpt>
<trkpt lat="45.009810" lon="6.470600"><ele>1655.0</ele></trkpt>
<trkpt lat="45.009990" lon="6.470510"><ele>1655.0</ele></trkpt>
<trkpt lat="45.010120" lon="6.470460"><ele>1656.0</ele></trkpt>
<trkpt lat="45.010210" lon="6.470420"><ele>1656.0</ele></trkpt>
<trkpt lat="45.010250" lon="6.470400"><ele>1657.0</ele></trkpt>
<trkpt lat="45.010380" lon="6.470340"><ele>1657.0</ele></trkpt>
<trkpt lat="45.010470" lon="6.470280"><ele>1658.0</ele></trkpt>
<trkpt lat="45.010590" lon="6.470200"><ele>1659.0</ele></trkpt>
<trkpt lat="45.010700" lon="6.470110"><ele>1659.0</ele></trkpt>
<trkpt lat="45.010840" lon="6.470000"><ele>1660.0</ele></trkpt>
<trkpt lat="45.011020" lon="6.469880"><ele>1661.0</ele></trkpt>
<trkpt lat="45.011120" lon="6.469800"><ele>1662.0</ele></trkpt>
<trkpt lat="45.011180" lon="6.469760"><ele>1662.0</ele></trkpt>
<trkpt lat="45.011220" lon="6.469730"><ele>1663.0</ele></trkpt>
<trkpt lat="45.011320" lon="6.469640"><ele>1663.0</ele></trkpt>
<trkpt lat="45.011440" lon="6.469520"><ele>1664.0</ele></trkpt>
<trkpt lat="45.011570" lon="6.469390"><ele>1665.0</ele></trkpt>
<trkpt lat="45.011800" lon="6.469160"><ele>1666.0</ele></trkpt>
<trkpt lat="45.012150" lon="6.468840"><ele>1667.0</ele></trkpt>
<trkpt lat="45.012220" lon="6.468760"><ele>1669.0</ele></trkpt>
<trkpt lat="45.012240" lon="6.468750"><ele>1669.0</ele></trkpt>
<trkpt lat="45.012310" lon="6.468670"><ele>1670.0</ele></trkpt>
<trkpt lat="45.012360" lon="6.468610"><ele>1671.0</ele></trkpt>
<trkpt lat="45.012380" lon="6.468590"><ele>1671.0</ele></trkpt>
<trkpt lat="45.012420" lon="6.468530"><ele>1672.0</ele></trkpt>
<trkpt lat="45.012460" lon="6.468470"><ele>1672.0</ele></trkpt>
<trkpt lat="45.012530" lon="6.468360"><ele>1673.0</ele></trkpt>
<trkpt lat="45.012620" lon="6.468190"><ele>1673.0</ele></trkpt>
<trkpt lat="45.012670" lon="6.468100"><ele>1674.0</ele></trkpt>
<trkpt lat="45.012730" lon="6.468020"><ele>1675.0</ele></trkpt>
<trkpt lat="45.012760" lon="6.467980"><ele>1675.0</ele></trkpt>
<trkpt lat="45.012820" lon="6.467910"><ele>1676.0</ele></trkpt>
<trkpt lat="45.012860" lon="6.467870"><ele>1676.0</ele></trkpt>
<trkpt lat="45.012870" lon="6.467860"><ele>1676.0</ele></trkpt>
<trkpt lat="45.012940" lon="6.467800"><ele>1677.0</ele></trkpt>
<trkpt lat="45.013020" lon="6.467730"><ele>1677.0</ele></trkpt>
<trkpt lat="45.013130" lon="6.467650"><ele>1678.0</ele></trkpt>
<trkpt lat="45.013170" lon="6.467630"><ele>1679.0</ele></trkpt>
<trkpt lat="45.013210" lon="6.467610"><ele>1679.0</ele></trkpt>
<trkpt lat="45.013290" lon="6.467560"><ele>1680.0</ele></trkpt>
<trkpt lat="45.013350" lon="6.467540"><ele>1680.0</ele></trkpt>
<trkpt lat="45.013410" lon="6.467520"><ele>1681.0</ele></trkpt>
<trkpt lat="45.013460" lon="6.467500"><ele>1681.0</ele></trkpt>
<trkpt lat="45.013510" lon="6.467480"><ele>1682.0</ele></trkpt>
<trkpt lat="45.013520" lon="6.467480"><ele>1682.0</ele></trkpt>
<trkpt lat="45.013590" lon="6.467460"><ele>1683.0</ele></trkpt>
<trkpt lat="45.013690" lon="6.467450"><ele>1683.0</ele></trkpt>
<trkpt lat="45.013850" lon="6.467420"><ele>1684.0</ele></trkpt>
<trkpt lat="45.013870" lon="6.467420"><ele>1684.0</ele></trkpt>
<trkpt lat="45.013920" lon="6.467410"><ele>1685.0</ele></trkpt>
<trkpt lat="45.014010" lon="6.467370"><ele>1686.0</ele></trkpt>
<trkpt lat="45.014170" lon="6.467290"><ele>1686.0</ele></trkpt>
<trkpt lat="45.014220" lon="6.467270"><ele>1687.0</ele></trkpt>
<trkpt lat="45.014330" lon="6.467190"><ele>1688.0</ele></trkpt>
<trkpt lat="45.014390" lon="6.467150"><ele>1689.0</ele></trkpt>
<trkpt lat="45.014460" lon="6.467100"><ele>1689.0</ele></trkpt>
<trkpt lat="45.014520" lon="6.467050"><ele>1689.0</ele></trkpt>
<trkpt lat="45.014580" lon="6.466990"><ele>1690.0</ele></trkpt>
<trkpt lat="45.014630" lon="6.466930"><ele>1690.0</ele></trkpt>
<trkpt lat="45.014670" lon="6.466900"><ele>1690.0</ele></trkpt>
<trkpt lat="45.014710" lon="6.466850"><ele>1690.0</ele></trkpt>
<trkpt lat="45.014770" lon="6.466780"><ele>1691.0</ele></trkpt>
<trkpt lat="45.014800" lon="6.466730"><ele>1691.0</ele></trkpt>
<trkpt lat="45.014940" lon="6.466510"><ele>1691.0</ele></trkpt>
<trkpt lat="45.015010" lon="6.466390"><ele>1691.0</ele></trkpt>
<trkpt lat="45.015040" lon="6.466350"><ele>1692.0</ele></trkpt>
<trkpt lat="45.015100" lon="6.466250"><ele>1692.0</ele></trkpt>
<trkpt lat="45.015160" lon="6.466160"><ele>1692.0</ele></trkpt>
<trkpt lat="45.015320" lon="6.465950"><ele>1692.0</ele></trkpt>
<trkpt lat="45.015470" lon="6.465760"><ele>1693.0</ele></trkpt>
<trkpt lat="45.015570" lon="6.465620"><ele>1693.0</ele></trkpt>
<trkpt lat="45.015610" lon="6.465580"><ele>1694.0</ele></trkpt>
<trkpt lat="45.015650" lon="6.465540"><ele>1694.0</ele></trkpt>
<trkpt lat="45.015680" lon="6.465500"><ele>1694.0</ele></trkpt>
<trkpt lat="45.015700" lon="6.465490"><ele>1694.0</ele></trkpt>
<trkpt lat="45.015720" lon="6.465480"><ele>1695.0</ele></trkpt>
<trkpt lat="45.015760" lon="6.465440"><ele>1695.0</ele></trkpt>
<trkpt lat="45.015820" lon="6.465410"><ele>1695.0</ele></trkpt>
<trkpt lat="45.015860" lon="6.465380"><ele>1696.0</ele></trkpt>
<trkpt lat="45.015910" lon="6.465360"><ele>1696.0</ele></trkpt>
<trkpt lat="45.016030" lon="6.465330"><ele>1697.0</ele></trkpt>
<trkpt lat="45.016130" lon="6.465310"><ele>1698.0</ele></trkpt>
<trkpt lat="45.016200" lon="6.465310"><ele>1699.0</ele></trkpt>
<trkpt lat="45.016290" lon="6.465310"><ele>1699.0</ele></trkpt>
<trkpt lat="45.016360" lon="6.465320"><ele>1700.0</ele></trkpt>
<trkpt lat="45.016440" lon="6.465340"><ele>1701.0</ele></trkpt>
<trkpt lat="45.016500" lon="6.465360"><ele>1702.0</ele></trkpt>
<trkpt lat="45.016540" lon="6.465380"><ele>1702.0</ele></trkpt>
<trkpt lat="45.016600" lon="6.465410"><ele>1703.0</ele></trkpt>
<trkpt lat="45.016670" lon="6.465440"><ele>1704.0</ele></trkpt>
<trkpt lat="45.016740" lon="6.465490"><ele>1705.0</ele></trkpt>
<trkpt lat="45.016800" lon="6.465520"><ele>1705.0</ele></trkpt>
<trkpt lat="45.016880" lon="6.465560"><ele>1706.0</ele></trkpt>
<trkpt lat="45.016910" lon="6.465570"><ele>1707.0</ele></trkpt>
<trkpt lat="45.016970" lon="6.465600"><ele>1707.0</ele></trkpt>
<trkpt lat="45.017080" lon="6.465630"><ele>1708.0</ele></trkpt>
<trkpt lat="45.017180" lon="6.465670"><ele>1709.0</ele></trkpt>
<trkpt lat="45.017230" lon="6.465690"><ele>1710.0</ele></trkpt>
<trkpt lat="45.017310" lon="6.465730"><ele>1711.0</ele></trkpt>
<trkpt lat="45.017420" lon="6.465790"><ele>1712.0</ele></trkpt>
<trkpt lat="45.017420" lon="6.465800"><ele>1712.0</ele></trkpt>
<trkpt lat="45.017540" lon="6.465880"><ele>1713.0</ele></trkpt>
<trkpt lat="45.017580" lon="6.465910"><ele>1713.0</ele></trkpt>
<trkpt lat="45.017650" lon="6.465950"><ele>1713.0</ele></trkpt>
<trkpt lat="45.017740" lon="6.466020"><ele>1713.0</ele></trkpt>
<trkpt lat="45.017820" lon="6.466070"><ele>1713.0</ele></trkpt>
<trkpt lat="45.017880" lon="6.466100"><ele>1713.0</ele></trkpt>
<trkpt lat="45.017910" lon="6.466100"><ele>1713.0</ele></trkpt>
<trkpt lat="45.017950" lon="6.466100"><ele>1713.0</ele></trkpt>
<trkpt lat="45.017970" lon="6.466100"><ele>1713.0</ele></trkpt>
<trkpt lat="45.018020" lon="6.466070"><ele>1713.0</ele></trkpt>
<trkpt lat="45.018060" lon="6.466040"><ele>1713.0</ele></trkpt>
<trkpt lat="45.018100" lon="6.466010"><ele>1713.0</ele></trkpt>
<trkpt lat="45.018110" lon="6.466000"><ele>1713.0</ele></trkpt>
<trkpt lat="45.018160" lon="6.465950"><ele>1713.0</ele></trkpt>
<trkpt lat="45.018250" lon="6.465870"><ele>1713.0</ele></trkpt>
<trkpt lat="45.018360" lon="6.465770"><ele>1713.0</ele></trkpt>
<trkpt lat="45.018440" lon="6.465690"><ele>1713.0</ele></trkpt>
<trkpt lat="45.018490" lon="6.465630"><ele>1713.0</ele></trkpt>
<trkpt lat="45.018520" lon="6.465580"><ele>1713.0</ele></trkpt>
<trkpt lat="45.018550" lon="6.465540"><ele>1713.0</ele></trkpt>
<trkpt lat="45.018570" lon="6.465510"><ele>1713.0</ele></trkpt>
<trkpt lat="45.018580" lon="6.465480"><ele>1713.0</ele></trkpt>
<trkpt lat="45.018590" lon="6.465430"><ele>1713.0</ele></trkpt>
<trkpt lat="45.018610" lon="6.465370"><ele>1713.0</ele></trkpt>
<trkpt lat="45.018620" lon="6.465320"><ele>1713.0</ele></trkpt>
<trkpt lat="45.018620" lon="6.465240"><ele>1713.0</ele></trkpt>
<trkpt lat="45.018620" lon="6.465170"><ele>1713.0</ele></trkpt>
<trkpt lat="45.018630" lon="6.464940"><ele>1713.0</ele></trkpt>
<trkpt lat="45.018670" lon="6.464650"><ele>1713.0</ele></trkpt>
<trkpt lat="45.018820" lon="6.464260"><ele>1714.0</ele></trkpt>
<trkpt lat="45.018980" lon="6.463980"><ele>1715.0</ele></trkpt>
<trkpt lat="45.019230" lon="6.463660"><ele>1717.0</ele></trkpt>
<trkpt lat="45.019480" lon="6.463450"><ele>1719.0</ele></trkpt>
<trkpt lat="45.019510" lon="6.463430"><ele>1721.0</ele></trkpt>
<trkpt lat="45.019630" lon="6.463300"><ele>1723.0</ele></trkpt>
<trkpt lat="45.019690" lon="6.463220"><ele>1724.0</ele></trkpt>
<trkpt lat="45.019730" lon="6.463170"><ele>1725.0</ele></trkpt>
<trkpt lat="45.019760" lon="6.463120"><ele>1726.0</ele></trkpt>
<trkpt lat="45.019770" lon="6.463100"><ele>1727.0</ele></trkpt>
<trkpt lat="45.019820" lon="6.463020"><ele>1727.0</ele></trkpt>
<trkpt lat="45.019890" lon="6.462900"><ele>1728.0</ele></trkpt>
<trkpt lat="45.019940" lon="6.462800"><ele>1729.0</ele></trkpt>
<trkpt lat="45.019990" lon="6.462670"><ele>1730.0</ele></trkpt>
<trkpt lat="45.020040" lon="6.462540"><ele>1730.0</ele></trkpt>
<trkpt lat="45.020060" lon="6.462500"><ele>1731.0</ele></trkpt>
<trkpt lat="45.020120" lon="6.462350"><ele>1731.0</ele></trkpt>
<trkpt lat="45.020240" lon="6.462060"><ele>1732.0</ele></trkpt>
<trkpt lat="45.020270" lon="6.461970"><ele>1732.0</ele></trkpt>
<trkpt lat="45.020300" lon="6.461890"><ele>1732.0</ele></trkpt>
<trkpt lat="45.020320" lon="6.461810"><ele>1733.0</ele></trkpt>
<trkpt lat="45.020350" lon="6.461660"><ele>1733.0</ele></trkpt>
<trkpt lat="45.020370" lon="6.461580"><ele>1733.0</ele></trkpt>
<trkpt lat="45.020400" lon="6.461460"><ele>1734.0</ele></trkpt>
<trkpt lat="45.020420" lon="6.461340"><ele>1734.0</ele></trkpt>
<trkpt lat="45.020430" lon="6.461310"><ele>1734.0</ele></trkpt>
<trkpt lat="45.020480" lon="6.461140"><ele>1734.0</ele></trkpt>
<trkpt lat="45.020490" lon="6.461100"><ele>1735.0</ele></trkpt>
<trkpt lat="45.020590" lon="6.460810"><ele>1735.0</ele></trkpt>
<trkpt lat="45.020640" lon="6.460640"><ele>1736.0</ele></trkpt>
<trkpt lat="45.020780" lon="6.460260"><ele>1736.0</ele></trkpt>
<trkpt lat="45.020920" lon="6.459870"><ele>1737.0</ele></trkpt>
<trkpt lat="45.020970" lon="6.459750"><ele>1738.0</ele></trkpt>
<trkpt lat="45.021020" lon="6.459620"><ele>1738.0</ele></trkpt>
<trkpt lat="45.021080" lon="6.459490"><ele>1739.0</ele></trkpt>
<trkpt lat="45.021150" lon="6.459350"><ele>1740.0</ele></trkpt>
<trkpt lat="45.021350" lon="6.459010"><ele>1740.0</ele></trkpt>
<trkpt lat="45.021490" lon="6.458740"><ele>1741.0</ele></trkpt>
<trkpt lat="45.021560" lon="6.458600"><ele>1742.0</ele></trkpt>
<trkpt lat="45.021650" lon="6.458420"><ele>1743.0</ele></trkpt>
<trkpt lat="45.021710" lon="6.458290"><ele>1744.0</ele></trkpt>
<trkpt lat="45.021780" lon="6.458110"><ele>1744.0</ele></trkpt>
<trkpt lat="45.021890" lon="6.457860"><ele>1745.0</ele></trkpt>
<trkpt lat="45.021970" lon="6.457690"><ele>1746.0</ele></trkpt>
<trkpt lat="45.022060" lon="6.457500"><ele>1747.0</ele></trkpt>
<trkpt lat="45.022130" lon="6.457360"><ele>1748.0</ele></trkpt>
<trkpt lat="45.022210" lon="6.457210"><ele>1748.0</ele></trkpt>
<trkpt lat="45.022320" lon="6.457050"><ele>1749.0</ele></trkpt>
<trkpt lat="45.022430" lon="6.456880"><ele>1750.0</ele></trkpt>
<trkpt lat="45.022510" lon="6.456790"><ele>1751.0</ele></trkpt>
<trkpt lat="45.022610" lon="6.456670"><ele>1752.0</ele></trkpt>
<trkpt lat="45.022720" lon="6.456550"><ele>1752.0</ele></trkpt>
<trkpt lat="45.022840" lon="6.456430"><ele>1753.0</ele></trkpt>
<trkpt lat="45.022970" lon="6.456310"><ele>1754.0</ele></trkpt>
<trkpt lat="45.023090" lon="6.456180"><ele>1755.0</ele></trkpt>
<trkpt lat="45.023160" lon="6.456090"><ele>1756.0</ele></trkpt>
<trkpt lat="45.023210" lon="6.456030"><ele>1756.0</ele></trkpt>
<trkpt lat="45.023320" lon="6.455830"><ele>1757.0</ele></trkpt>
<trkpt lat="45.023460" lon="6.455610"><ele>1757.0</ele></trkpt>
<trkpt lat="45.023600" lon="6.455410"><ele>1758.0</ele></trkpt>
<trkpt lat="45.023710" lon="6.455260"><ele>1759.0</ele></trkpt>
<trkpt lat="45.023730" lon="6.455230"><ele>1760.0</ele></trkpt>
<trkpt lat="45.023960" lon="6.454910"><ele>1760.0</ele></trkpt>
<trkpt lat="45.024110" lon="6.454690"><ele>1761.0</ele></trkpt>
<trkpt lat="45.024200" lon="6.454570"><ele>1762.0</ele></trkpt>
<trkpt lat="45.024200" lon="6.454560"><ele>1762.0</ele></trkpt>
<trkpt lat="45.024270" lon="6.454450"><ele>1763.0</ele></trkpt>
<trkpt lat="45.024320" lon="6.454360"><ele>1763.0</ele></trkpt>
<trkpt lat="45.024340" lon="6.454310"><ele>1764.0</ele></trkpt>
<trkpt lat="45.024410" lon="6.454160"><ele>1764.0</ele></trkpt>
<trkpt lat="45.024440" lon="6.454100"><ele>1764.0</ele></trkpt>
<trkpt lat="45.024530" lon="6.453880"><ele>1765.0</ele></trkpt>
<trkpt lat="45.024580" lon="6.453770"><ele>1765.0</ele></trkpt>
<trkpt lat="45.024690" lon="6.453530"><ele>1766.0</ele></trkpt>
<trkpt lat="45.024700" lon="6.453520"><ele>1766.0</ele></trkpt>
<trkpt lat="45.024790" lon="6.453320"><ele>1767.0</ele></trkpt>
<trkpt lat="45.024850" lon="6.453200"><ele>1767.0</ele></trkpt>
<trkpt lat="45.024900" lon="6.453080"><ele>1767.0</ele></trkpt>
<trkpt lat="45.024960" lon="6.452870"><ele>1768.0</ele></trkpt>
<trkpt lat="45.024970" lon="6.452860"><ele>1768.0</ele></trkpt>
<trkpt lat="45.025060" lon="6.452530"><ele>1769.0</ele></trkpt>
<trkpt lat="45.025120" lon="6.452300"><ele>1769.0</ele></trkpt>
<trkpt lat="45.025190" lon="6.452090"><ele>1770.0</ele></trkpt>
<trkpt lat="45.025280" lon="6.451870"><ele>1770.0</ele></trkpt>
<trkpt lat="45.025420" lon="6.451570"><ele>1771.0</ele></trkpt>
<trkpt lat="45.025480" lon="6.451450"><ele>1772.0</ele></trkpt>
<trkpt lat="45.025550" lon="6.451290"><ele>1773.0</ele></trkpt>
<trkpt lat="45.025660" lon="6.451070"><ele>1774.0</ele></trkpt>
<trkpt lat="45.025670" lon="6.451060"><ele>1775.0</ele></trkpt>
<trkpt lat="45.025770" lon="6.450870"><ele>1776.0</ele></trkpt>
<trkpt lat="45.025980" lon="6.450490"><ele>1777.0</ele></trkpt>
<trkpt lat="45.026140" lon="6.450230"><ele>1778.0</ele></trkpt>
<trkpt lat="45.026350" lon="6.449880"><ele>1780.0</ele></trkpt>
<trkpt lat="45.026370" lon="6.449850"><ele>1781.0</ele></trkpt>
<trkpt lat="45.026520" lon="6.449600"><ele>1783.0</ele></trkpt>
<trkpt lat="45.026760" lon="6.449250"><ele>1784.0</ele></trkpt>
<trkpt lat="45.026840" lon="6.449140"><ele>1786.0</ele></trkpt>
<trkpt lat="45.027150" lon="6.448710"><ele>1788.0</ele></trkpt>
<trkpt lat="45.027360" lon="6.448420"><ele>1790.0</ele></trkpt>
<trkpt lat="45.027430" lon="6.448320"><ele>1792.0</ele></trkpt>
<trkpt lat="45.027490" lon="6.448240"><ele>1793.0</ele></trkpt>
<trkpt lat="45.027630" lon="6.448060"><ele>1795.0</ele></trkpt>
<trkpt lat="45.027700" lon="6.447980"><ele>1796.0</ele></trkpt>
<trkpt lat="45.027750" lon="6.447930"><ele>1797.0</ele></trkpt>
<trkpt lat="45.027770" lon="6.447910"><ele>1798.0</ele></trkpt>
<trkpt lat="45.027830" lon="6.447850"><ele>1798.0</ele></trkpt>
<trkpt lat="45.027920" lon="6.447780"><ele>1799.0</ele></trkpt>
<trkpt lat="45.027940" lon="6.447760"><ele>1799.0</ele></trkpt>
<trkpt lat="45.028070" lon="6.447640"><ele>1800.0</ele></trkpt>
<trkpt lat="45.028120" lon="6.447600"><ele>1801.0</ele></trkpt>
<trkpt lat="45.028220" lon="6.447500"><ele>1801.0</ele></trkpt>
<trkpt lat="45.028320" lon="6.447410"><ele>1802.0</ele></trkpt>
<trkpt lat="45.028370" lon="6.447350"><ele>1803.0</ele></trkpt>
<trkpt lat="45.028410" lon="6.447310"><ele>1803.0</ele></trkpt>
<trkpt lat="45.028500" lon="6.447210"><ele>1804.0</ele></trkpt>
<trkpt lat="45.028510" lon="6.447190"><ele>1804.0</ele></trkpt>
<trkpt lat="45.028520" lon="6.447180"><ele>1804.0</ele></trkpt>
<trkpt lat="45.028600" lon="6.447090"><ele>1805.0</ele></trkpt>
<trkpt lat="45.028650" lon="6.447020"><ele>1805.0</ele></trkpt>
<trkpt lat="45.028660" lon="6.447010"><ele>1806.0</ele></trkpt>
<trkpt lat="45.028680" lon="6.446980"><ele>1806.0</ele></trkpt>
<trkpt lat="45.028750" lon="6.446860"><ele>1806.0</ele></trkpt>
<trkpt lat="45.028790" lon="6.446790"><ele>1807.0</ele></trkpt>
<trkpt lat="45.028830" lon="6.446710"><ele>1807.0</ele></trkpt>
<trkpt lat="45.028870" lon="6.446620"><ele>1808.0</ele></trkpt>
<trkpt lat="45.028910" lon="6.446520"><ele>1808.0</ele></trkpt>
<trkpt lat="45.028960" lon="6.446400"><ele>1809.0</ele></trkpt>
<trkpt lat="45.029010" lon="6.446280"><ele>1809.0</ele></trkpt>
<trkpt lat="45.029060" lon="6.446180"><ele>1810.0</ele></trkpt>
<trkpt lat="45.029060" lon="6.446170"><ele>1810.0</ele></trkpt>
<trkpt lat="45.029140" lon="6.446000"><ele>1811.0</ele></trkpt>
<trkpt lat="45.029210" lon="6.445830"><ele>1811.0</ele></trkpt>
<trkpt lat="45.029250" lon="6.445760"><ele>1811.0</ele></trkpt>
<trkpt lat="45.029280" lon="6.445710"><ele>1812.0</ele></trkpt>
<trkpt lat="45.029340" lon="6.445610"><ele>1812.0</ele></trkpt>
<trkpt lat="45.029380" lon="6.445550"><ele>1812.0</ele></trkpt>
<trkpt lat="45.029420" lon="6.445490"><ele>1813.0</ele></trkpt>
<trkpt lat="45.029660" lon="6.445160"><ele>1813.0</ele></trkpt>
<trkpt lat="45.029770" lon="6.445030"><ele>1814.0</ele></trkpt>
<trkpt lat="45.029780" lon="6.445000"><ele>1814.0</ele></trkpt>
<trkpt lat="45.029940" lon="6.444790"><ele>1815.0</ele></trkpt>
<trkpt lat="45.030080" lon="6.444590"><ele>1815.0</ele></trkpt>
<trkpt lat="45.030170" lon="6.444460"><ele>1816.0</ele></trkpt>
<trkpt lat="45.030180" lon="6.444460"><ele>1816.0</ele></trkpt>
<trkpt lat="45.030230" lon="6.444380"><ele>1817.0</ele></trkpt>
<trkpt lat="45.030270" lon="6.444300"><ele>1817.0</ele></trkpt>
<trkpt lat="45.030350" lon="6.444130"><ele>1818.0</ele></trkpt>
<trkpt lat="45.030560" lon="6.443590"><ele>1819.0</ele></trkpt>
<trkpt lat="45.030720" lon="6.443150"><ele>1821.0</ele></trkpt>
<trkpt lat="45.030830" lon="6.442860"><ele>1822.0</ele></trkpt>
<trkpt lat="45.030900" lon="6.442710"><ele>1824.0</ele></trkpt>
<trkpt lat="45.030950" lon="6.442580"><ele>1825.0</ele></trkpt>
<trkpt lat="45.031080" lon="6.442280"><ele>1826.0</ele></trkpt>
<trkpt lat="45.031210" lon="6.442010"><ele>1828.0</ele></trkpt>
<trkpt lat="45.031360" lon="6.441740"><ele>1829.0</ele></trkpt>
<trkpt lat="45.031500" lon="6.441470"><ele>1830.0</ele></trkpt>
<trkpt lat="45.031650" lon="6.441240"><ele>1831.0</ele></trkpt>
<trkpt lat="45.031880" lon="6.440930"><ele>1833.0</ele></trkpt>
<trkpt lat="45.032110" lon="6.440660"><ele>1834.0</ele></trkpt>
<trkpt lat="45.032340" lon="6.440390"><ele>1835.0</ele></trkpt>
<trkpt lat="45.032590" lon="6.440120"><ele>1837.0</ele></trkpt>
<trkpt lat="45.032650" lon="6.440050"><ele>1838.0</ele></trkpt>
<trkpt lat="45.032730" lon="6.439960"><ele>1839.0</ele></trkpt>
<trkpt lat="45.033110" lon="6.439540"><ele>1840.0</ele></trkpt>
<trkpt lat="45.033480" lon="6.439120"><ele>1842.0</ele></trkpt>
<trkpt lat="45.033850" lon="6.438720"><ele>1844.0</ele></trkpt>
<trkpt lat="45.034020" lon="6.438560"><ele>1845.0</ele></trkpt>
<trkpt lat="45.034140" lon="6.438440"><ele>1847.0</ele></trkpt>
<trkpt lat="45.034160" lon="6.438420"><ele>1848.0</ele></trkpt>
<trkpt lat="45.034430" lon="6.438170"><ele>1849.0</ele></trkpt>
<trkpt lat="45.035020" lon="6.437620"><ele>1852.0</ele></trkpt>
<trkpt lat="45.035220" lon="6.437440"><ele>1854.0</ele></trkpt>
<trkpt lat="45.035370" lon="6.437300"><ele>1856.0</ele></trkpt>
<trkpt lat="45.035410" lon="6.437270"><ele>1857.0</ele></trkpt>
<trkpt lat="45.035510" lon="6.437170"><ele>1858.0</ele></trkpt>
<trkpt lat="45.035620" lon="6.437060"><ele>1859.0</ele></trkpt>
<trkpt lat="45.035690" lon="6.436970"><ele>1860.0</ele></trkpt>
<trkpt lat="45.035800" lon="6.436830"><ele>1861.0</ele></trkpt>
<trkpt lat="45.035870" lon="6.436720"><ele>1862.0</ele></trkpt>
<trkpt lat="45.035920" lon="6.436650"><ele>1862.0</ele></trkpt>
<trkpt lat="45.035950" lon="6.436610"><ele>1862.0</ele></trkpt>
<trkpt lat="45.036030" lon="6.436460"><ele>1863.0</ele></trkpt>
<trkpt lat="45.036060" lon="6.436410"><ele>1863.0</ele></trkpt>
<trkpt lat="45.036200" lon="6.436140"><ele>1864.0</ele></trkpt>
<trkpt lat="45.036250" lon="6.436050"><ele>1864.0</ele></trkpt>
<trkpt lat="45.036370" lon="6.435820"><ele>1865.0</ele></trkpt>
<trkpt lat="45.036520" lon="6.435560"><ele>1865.0</ele></trkpt>
<trkpt lat="45.036680" lon="6.435310"><ele>1866.0</ele></trkpt>
<trkpt lat="45.036710" lon="6.435270"><ele>1867.0</ele></trkpt>
<trkpt lat="45.036850" lon="6.435070"><ele>1867.0</ele></trkpt>
<trkpt lat="45.036970" lon="6.434910"><ele>1868.0</ele></trkpt>
<trkpt lat="45.037020" lon="6.434840"><ele>1869.0</ele></trkpt>
<trkpt lat="45.037100" lon="6.434740"><ele>1869.0</ele></trkpt>
<trkpt lat="45.037200" lon="6.434630"><ele>1870.0</ele></trkpt>
<trkpt lat="45.037390" lon="6.434440"><ele>1871.0</ele></trkpt>
<trkpt lat="45.037540" lon="6.434290"><ele>1872.0</ele></trkpt>
<trkpt lat="45.037600" lon="6.434240"><ele>1872.0</ele></trkpt>
<trkpt lat="45.037670" lon="6.434150"><ele>1873.0</ele></trkpt>
<trkpt lat="45.037700" lon="6.434120"><ele>1873.0</ele></trkpt>
<trkpt lat="45.037730" lon="6.434090"><ele>1874.0</ele></trkpt>
<trkpt lat="45.037770" lon="6.434030"><ele>1874.0</ele></trkpt>
<trkpt lat="45.037830" lon="6.433940"><ele>1875.0</ele></trkpt>
<trkpt lat="45.037920" lon="6.433810"><ele>1875.0</ele></trkpt>
<trkpt lat="45.037960" lon="6.433760"><ele>1876.0</ele></trkpt>
<trkpt lat="45.038010" lon="6.433690"><ele>1876.0</ele></trkpt>
<trkpt lat="45.038090" lon="6.433590"><ele>1877.0</ele></trkpt>
<trkpt lat="45.038110" lon="6.433570"><ele>1877.0</ele></trkpt>
<trkpt lat="45.038240" lon="6.433440"><ele>1877.0</ele></trkpt>
<trkpt lat="45.038300" lon="6.433370"><ele>1878.0</ele></trkpt>
<trkpt lat="45.038530" lon="6.433140"><ele>1879.0</ele></trkpt>
<trkpt lat="45.038760" lon="6.432890"><ele>1880.0</ele></trkpt>
<trkpt lat="45.038820" lon="6.432830"><ele>1881.0</ele></trkpt>
<trkpt lat="45.039040" lon="6.432590"><ele>1882.0</ele></trkpt>
<trkpt lat="45.039100" lon="6.432510"><ele>1883.0</ele></trkpt>
<trkpt lat="45.039140" lon="6.432460"><ele>1884.0</ele></trkpt>
<trkpt lat="45.039210" lon="6.432350"><ele>1885.0</ele></trkpt>
<trkpt lat="45.039290" lon="6.432210"><ele>1886.0</ele></trkpt>
<trkpt lat="45.039350" lon="6.432070"><ele>1887.0</ele></trkpt>
<trkpt lat="45.039410" lon="6.431930"><ele>1887.0</ele></trkpt>
<trkpt lat="45.039420" lon="6.431910"><ele>1888.0</ele></trkpt>
<trkpt lat="45.039470" lon="6.431780"><ele>1889.0</ele></trkpt>
<trkpt lat="45.039530" lon="6.431630"><ele>1889.0</ele></trkpt>
<trkpt lat="45.039570" lon="6.431490"><ele>1890.0</ele></trkpt>
<trkpt lat="45.039620" lon="6.431330"><ele>1890.0</ele></trkpt>
<trkpt lat="45.039670" lon="6.431180"><ele>1890.0</ele></trkpt>
<trkpt lat="45.039690" lon="6.431070"><ele>1891.0</ele></trkpt>
<trkpt lat="45.039710" lon="6.430980"><ele>1891.0</ele></trkpt>
<trkpt lat="45.039800" lon="6.430560"><ele>1891.0</ele></trkpt>
<trkpt lat="45.039880" lon="6.430110"><ele>1892.0</ele></trkpt>
<trkpt lat="45.039950" lon="6.429810"><ele>1892.0</ele></trkpt>
<trkpt lat="45.039960" lon="6.429770"><ele>1893.0</ele></trkpt>
<trkpt lat="45.040020" lon="6.429570"><ele>1893.0</ele></trkpt>
<trkpt lat="45.040040" lon="6.429480"><ele>1893.0</ele></trkpt>
<trkpt lat="45.040110" lon="6.429250"><ele>1894.0</ele></trkpt>
<trkpt lat="45.040170" lon="6.429110"><ele>1894.0</ele></trkpt>
<trkpt lat="45.040200" lon="6.429010"><ele>1894.0</ele></trkpt>
<trkpt lat="45.040260" lon="6.428890"><ele>1895.0</ele></trkpt>
<trkpt lat="45.040320" lon="6.428750"><ele>1896.0</ele></trkpt>
<trkpt lat="45.040360" lon="6.428670"><ele>1896.0</ele></trkpt>
<trkpt lat="45.040450" lon="6.428490"><ele>1897.0</ele></trkpt>
<trkpt lat="45.040460" lon="6.428470"><ele>1898.0</ele></trkpt>
<trkpt lat="45.040560" lon="6.428280"><ele>1899.0</ele></trkpt>
<trkpt lat="45.040650" lon="6.428120"><ele>1900.0</ele></trkpt>
<trkpt lat="45.040790" lon="6.427950"><ele>1901.0</ele></trkpt>
<trkpt lat="45.040830" lon="6.427910"><ele>1902.0</ele></trkpt>
<trkpt lat="45.040910" lon="6.427810"><ele>1903.0</ele></trkpt>
<trkpt lat="45.040970" lon="6.427760"><ele>1903.0</ele></trkpt>
<trkpt lat="45.041080" lon="6.427630"><ele>1904.0</ele></trkpt>
<trkpt lat="45.041150" lon="6.427560"><ele>1905.0</ele></trkpt>
<trkpt lat="45.041220" lon="6.427500"><ele>1906.0</ele></trkpt>
<trkpt lat="45.041310" lon="6.427430"><ele>1907.0</ele></trkpt>
<trkpt lat="45.041430" lon="6.427360"><ele>1908.0</ele></trkpt>
<trkpt lat="45.041540" lon="6.427300"><ele>1909.0</ele></trkpt>
<trkpt lat="45.041570" lon="6.427280"><ele>1909.0</ele></trkpt>
<trkpt lat="45.041640" lon="6.427250"><ele>1910.0</ele></trkpt>
<trkpt lat="45.041690" lon="6.427220"><ele>1910.0</ele></trkpt>
<trkpt lat="45.041700" lon="6.427210"><ele>1910.0</ele></trkpt>
<trkpt lat="45.041740" lon="6.427180"><ele>1911.0</ele></trkpt>
<trkpt lat="45.041790" lon="6.427140"><ele>1911.0</ele></trkpt>
<trkpt lat="45.041830" lon="6.427110"><ele>1911.0</ele></trkpt>
<trkpt lat="45.041860" lon="6.427080"><ele>1912.0</ele></trkpt>
<trkpt lat="45.041870" lon="6.427070"><ele>1912.0</ele></trkpt>
<trkpt lat="45.041930" lon="6.427010"><ele>1912.0</ele></trkpt>
<trkpt lat="45.042010" lon="6.426940"><ele>1912.0</ele></trkpt>
<trkpt lat="45.042200" lon="6.426770"><ele>1913.0</ele></trkpt>
<trkpt lat="45.042250" lon="6.426720"><ele>1914.0</ele></trkpt>
<trkpt lat="45.042300" lon="6.426680"><ele>1914.0</ele></trkpt>
<trkpt lat="45.042370" lon="6.426610"><ele>1914.0</ele></trkpt>
<trkpt lat="45.042440" lon="6.426540"><ele>1915.0</ele></trkpt>
<trkpt lat="45.042490" lon="6.426470"><ele>1915.0</ele></trkpt>
<trkpt lat="45.042520" lon="6.426430"><ele>1916.0</ele></trkpt>
<trkpt lat="45.042550" lon="6.426390"><ele>1916.0</ele></trkpt>
<trkpt lat="45.042580" lon="6.426350"><ele>1916.0</ele></trkpt>
<trkpt lat="45.042600" lon="6.426310"><ele>1917.0</ele></trkpt>
<trkpt lat="45.042640" lon="6.426240"><ele>1917.0</ele></trkpt>
<trkpt lat="45.042650" lon="6.426220"><ele>1917.0</ele></trkpt>
<trkpt lat="45.042660" lon="6.426200"><ele>1917.0</ele></trkpt>
<trkpt lat="45.042670" lon="6.426150"><ele>1918.0</ele></trkpt>
<trkpt lat="45.042690" lon="6.426110"><ele>1918.0</ele></trkpt>
<trkpt lat="45.042700" lon="6.426070"><ele>1918.0</ele></trkpt>
<trkpt lat="45.042720" lon="6.425990"><ele>1918.0</ele></trkpt>
<trkpt lat="45.042770" lon="6.425760"><ele>1919.0</ele></trkpt>
<trkpt lat="45.042800" lon="6.425610"><ele>1919.0</ele></trkpt>
<trkpt lat="45.042830" lon="6.425500"><ele>1920.0</ele></trkpt>
<trkpt lat="45.042830" lon="6.425480"><ele>1920.0</ele></trkpt>
<trkpt lat="45.042850" lon="6.425390"><ele>1921.0</ele></trkpt>
<trkpt lat="45.042870" lon="6.425290"><ele>1921.0</ele></trkpt>
<trkpt lat="45.042890" lon="6.425190"><ele>1922.0</ele></trkpt>
<trkpt lat="45.042900" lon="6.425120"><ele>1922.0</ele></trkpt>
<trkpt lat="45.042920" lon="6.425010"><ele>1923.0</ele></trkpt>
<trkpt lat="45.042930" lon="6.424830"><ele>1923.0</ele></trkpt>
<trkpt lat="45.042950" lon="6.424680"><ele>1924.0</ele></trkpt>
<trkpt lat="45.042980" lon="6.424520"><ele>1925.0</ele></trkpt>
<trkpt lat="45.043010" lon="6.424360"><ele>1926.0</ele></trkpt>
<trkpt lat="45.043040" lon="6.424210"><ele>1926.0</ele></trkpt>
<trkpt lat="45.043050" lon="6.424160"><ele>1927.0</ele></trkpt>
<trkpt lat="45.043060" lon="6.424120"><ele>1927.0</ele></trkpt>
<trkpt lat="45.043070" lon="6.424040"><ele>1928.0</ele></trkpt>
<trkpt lat="45.043080" lon="6.423950"><ele>1928.0</ele></trkpt>
<trkpt lat="45.043090" lon="6.423860"><ele>1929.0</ele></trkpt>
<trkpt lat="45.043090" lon="6.423700"><ele>1930.0</ele></trkpt>
<trkpt lat="45.043100" lon="6.423510"><ele>1930.0</ele></trkpt>
<trkpt lat="45.043090" lon="6.423180"><ele>1931.0</ele></trkpt>
<trkpt lat="45.043090" lon="6.422720"><ele>1933.0</ele></trkpt>
<trkpt lat="45.043090" lon="6.422640"><ele>1934.0</ele></trkpt>
<trkpt lat="45.043100" lon="6.422380"><ele>1936.0</ele></trkpt>
<trkpt lat="45.043100" lon="6.422310"><ele>1937.0</ele></trkpt>
<trkpt lat="45.043100" lon="6.422150"><ele>1938.0</ele></trkpt>
<trkpt lat="45.043100" lon="6.422120"><ele>1938.0</ele></trkpt>
<trkpt lat="45.043090" lon="6.422020"><ele>1939.0</ele></trkpt>
<trkpt lat="45.043080" lon="6.421910"><ele>1940.0</ele></trkpt>
<trkpt lat="45.043070" lon="6.421880"><ele>1940.0</ele></trkpt>
<trkpt lat="45.043060" lon="6.421840"><ele>1941.0</ele></trkpt>
<trkpt lat="45.043040" lon="6.421770"><ele>1941.0</ele></trkpt>
<trkpt lat="45.043010" lon="6.421710"><ele>1941.0</ele></trkpt>
<trkpt lat="45.042990" lon="6.421680"><ele>1942.0</ele></trkpt>
<trkpt lat="45.042980" lon="6.421660"><ele>1942.0</ele></trkpt>
<trkpt lat="45.042970" lon="6.421650"><ele>1942.0</ele></trkpt>
<trkpt lat="45.042950" lon="6.421620"><ele>1943.0</ele></trkpt>
<trkpt lat="45.042920" lon="6.421600"><ele>1943.0</ele></trkpt>
<trkpt lat="45.042900" lon="6.421570"><ele>1943.0</ele></trkpt>
<trkpt lat="45.042870" lon="6.421550"><ele>1943.0</ele></trkpt>
<trkpt lat="45.042850" lon="6.421540"><ele>1944.0</ele></trkpt>
<trkpt lat="45.042830" lon="6.421530"><ele>1944.0</ele></trkpt>
<trkpt lat="45.042820" lon="6.421520"><ele>1944.0</ele></trkpt>
<trkpt lat="45.042800" lon="6.421520"><ele>1944.0</ele></trkpt>
<trkpt lat="45.042770" lon="6.421510"><ele>1944.0</ele></trkpt>
<trkpt lat="45.042720" lon="6.421500"><ele>1945.0</ele></trkpt>
<trkpt lat="45.042680" lon="6.421510"><ele>1945.0</ele></trkpt>
<trkpt lat="45.042650" lon="6.421510"><ele>1945.0</ele></trkpt>
<trkpt lat="45.042620" lon="6.421530"><ele>1945.0</ele></trkpt>
<trkpt lat="45.042600" lon="6.421540"><ele>1946.0</ele></trkpt>
<trkpt lat="45.042580" lon="6.421550"><ele>1946.0</ele></trkpt>
<trkpt lat="45.042530" lon="6.421610"><ele>1946.0</ele></trkpt>
<trkpt lat="45.042500" lon="6.421650"><ele>1947.0</ele></trkpt>
<trkpt lat="45.042470" lon="6.421690"><ele>1947.0</ele></trkpt>
<trkpt lat="45.042390" lon="6.421800"><ele>1947.0</ele></trkpt>
<trkpt lat="45.042370" lon="6.421830"><ele>1948.0</ele></trkpt>
<trkpt lat="45.042290" lon="6.421940"><ele>1948.0</ele></trkpt>
<trkpt lat="45.042240" lon="6.422000"><ele>1949.0</ele></trkpt>
<trkpt lat="45.042230" lon="6.422010"><ele>1949.0</ele></trkpt>
<trkpt lat="45.042190" lon="6.422060"><ele>1949.0</ele></trkpt>
<trkpt lat="45.042160" lon="6.422080"><ele>1949.0</ele></trkpt>
<trkpt lat="45.042130" lon="6.422100"><ele>1949.0</ele></trkpt>
<trkpt lat="45.042100" lon="6.422120"><ele>1950.0</ele></trkpt>
<trkpt lat="45.042080" lon="6.422120"><ele>1950.0</ele></trkpt>
<trkpt lat="45.042050" lon="6.422130"><ele>1950.0</ele></trkpt>
<trkpt lat="45.042000" lon="6.422130"><ele>1950.0</ele></trkpt>
<trkpt lat="45.041980" lon="6.422120"><ele>1950.0</ele></trkpt>
<trkpt lat="45.041950" lon="6.422110"><ele>1950.0</ele></trkpt>
<trkpt lat="45.041920" lon="6.422100"><ele>1950.0</ele></trkpt>
<trkpt lat="45.041910" lon="6.422090"><ele>1950.0</ele></trkpt>
<trkpt lat="45.041900" lon="6.422080"><ele>1951.0</ele></trkpt>
<trkpt lat="45.041870" lon="6.422050"><ele>1951.0</ele></trkpt>
<trkpt lat="45.041840" lon="6.422020"><ele>1951.0</ele></trkpt>
<trkpt lat="45.041810" lon="6.421970"><ele>1951.0</ele></trkpt>
<trkpt lat="45.041780" lon="6.421910"><ele>1951.0</ele></trkpt>
<trkpt lat="45.041740" lon="6.421800"><ele>1951.0</ele></trkpt>
<trkpt lat="45.041710" lon="6.421680"><ele>1952.0</ele></trkpt>
<trkpt lat="45.041640" lon="6.421430"><ele>1952.0</ele></trkpt>
<trkpt lat="45.041580" lon="6.421210"><ele>1952.0</ele></trkpt>
<trkpt lat="45.041540" lon="6.420980"><ele>1953.0</ele></trkpt>
<trkpt lat="45.041520" lon="6.420790"><ele>1953.0</ele></trkpt>
<trkpt lat="45.041500" lon="6.420590"><ele>1954.0</ele></trkpt>
<trkpt lat="45.041500" lon="6.420420"><ele>1954.0</ele></trkpt>
<trkpt lat="45.041500" lon="6.420260"><ele>1955.0</ele></trkpt>
<trkpt lat="45.041500" lon="6.420060"><ele>1955.0</ele></trkpt>
<trkpt lat="45.041510" lon="6.419880"><ele>1956.0</ele></trkpt>
<trkpt lat="45.041520" lon="6.419650"><ele>1956.0</ele></trkpt>
<trkpt lat="45.041530" lon="6.419470"><ele>1957.0</ele></trkpt>
<trkpt lat="45.041540" lon="6.419400"><ele>1957.0</ele></trkpt>
<trkpt lat="45.041540" lon="6.419380"><ele>1957.0</ele></trkpt>
<trkpt lat="45.041550" lon="6.419280"><ele>1958.0</ele></trkpt>
<trkpt lat="45.041570" lon="6.419150"><ele>1958.0</ele></trkpt>
<trkpt lat="45.041580" lon="6.419130"><ele>1958.0</ele></trkpt>
<trkpt lat="45.041600" lon="6.419030"><ele>1958.0</ele></trkpt>
<trkpt lat="45.041610" lon="6.418940"><ele>1959.0</ele></trkpt>
<trkpt lat="45.041620" lon="6.418910"><ele>1959.0</ele></trkpt>
<trkpt lat="45.041630" lon="6.418870"><ele>1959.0</ele></trkpt>
<trkpt lat="45.041650" lon="6.418790"><ele>1959.0</ele></trkpt>
<trkpt lat="45.041700" lon="6.418670"><ele>1959.0</ele></trkpt>
<trkpt lat="45.041770" lon="6.418500"><ele>1960.0</ele></trkpt>
<trkpt lat="45.041830" lon="6.418350"><ele>1960.0</ele></trkpt>
<trkpt lat="45.041890" lon="6.418240"><ele>1960.0</ele></trkpt>
<trkpt lat="45.041950" lon="6.418150"><ele>1961.0</ele></trkpt>
<trkpt lat="45.042000" lon="6.418070"><ele>1961.0</ele></trkpt>
<trkpt lat="45.042010" lon="6.418060"><ele>1961.0</ele></trkpt>
<trkpt lat="45.042160" lon="6.417910"><ele>1961.0</ele></trkpt>
<trkpt lat="45.042310" lon="6.417770"><ele>1961.0</ele></trkpt>
<trkpt lat="45.042400" lon="6.417670"><ele>1962.0</ele></trkpt>
<trkpt lat="45.042530" lon="6.417520"><ele>1962.0</ele></trkpt>
<trkpt lat="45.042620" lon="6.417420"><ele>1962.0</ele></trkpt>
<trkpt lat="45.042690" lon="6.417320"><ele>1962.0</ele></trkpt>
<trkpt lat="45.042740" lon="6.417240"><ele>1962.0</ele></trkpt>
<trkpt lat="45.042760" lon="6.417210"><ele>1962.0</ele></trkpt>
<trkpt lat="45.042780" lon="6.417170"><ele>1962.0</ele></trkpt>
<trkpt lat="45.042800" lon="6.417130"><ele>1962.0</ele></trkpt>
<trkpt lat="45.042810" lon="6.417090"><ele>1962.0</ele></trkpt>
<trkpt lat="45.042820" lon="6.417050"><ele>1962.0</ele></trkpt>
<trkpt lat="45.042830" lon="6.417010"><ele>1962.0</ele></trkpt>
<trkpt lat="45.042840" lon="6.416960"><ele>1962.0</ele></trkpt>
<trkpt lat="45.042840" lon="6.416920"><ele>1962.0</ele></trkpt>
<trkpt lat="45.042840" lon="6.416870"><ele>1962.0</ele></trkpt>
<trkpt lat="45.042840" lon="6.416830"><ele>1962.0</ele></trkpt>
<trkpt lat="45.042840" lon="6.416780"><ele>1962.0</ele></trkpt>
<trkpt lat="45.042830" lon="6.416720"><ele>1962.0</ele></trkpt>
<trkpt lat="45.042820" lon="6.416660"><ele>1962.0</ele></trkpt>
<trkpt lat="45.042800" lon="6.416590"><ele>1962.0</ele></trkpt>
<trkpt lat="45.042790" lon="6.416540"><ele>1962.0</ele></trkpt>
<trkpt lat="45.042720" lon="6.416370"><ele>1962.0</ele></trkpt>
<trkpt lat="45.042560" lon="6.415990"><ele>1962.0</ele></trkpt>
<trkpt lat="45.042460" lon="6.415770"><ele>1963.0</ele></trkpt>
<trkpt lat="45.042420" lon="6.415680"><ele>1964.0</ele></trkpt>
<trkpt lat="45.042330" lon="6.415480"><ele>1965.0</ele></trkpt>
<trkpt lat="45.042250" lon="6.415340"><ele>1967.0</ele></trkpt>
<trkpt lat="45.042230" lon="6.415310"><ele>1968.0</ele></trkpt>
<trkpt lat="45.042110" lon="6.415120"><ele>1969.0</ele></trkpt>
<trkpt lat="45.042020" lon="6.414980"><ele>1971.0</ele></trkpt>
<trkpt lat="45.042010" lon="6.414960"><ele>1972.0</ele></trkpt>
<trkpt lat="45.042000" lon="6.414950"><ele>1972.0</ele></trkpt>
<trkpt lat="45.041930" lon="6.414840"><ele>1973.0</ele></trkpt>
<trkpt lat="45.041890" lon="6.414800"><ele>1974.0</ele></trkpt>
<trkpt lat="45.041860" lon="6.414760"><ele>1975.0</ele></trkpt>
<trkpt lat="45.041760" lon="6.414650"><ele>1976.0</ele></trkpt>
<trkpt lat="45.041590" lon="6.414480"><ele>1977.0</ele></trkpt>
<trkpt lat="45.041460" lon="6.414350"><ele>1979.0</ele></trkpt>
<trkpt lat="45.041450" lon="6.414330"><ele>1980.0</ele></trkpt>
<trkpt lat="45.041440" lon="6.414320"><ele>1981.0</ele></trkpt>
<trkpt lat="45.041380" lon="6.414260"><ele>1982.0</ele></trkpt>
<trkpt lat="45.041310" lon="6.414210"><ele>1983.0</ele></trkpt>
<trkpt lat="45.041260" lon="6.414170"><ele>1983.0</ele></trkpt>
<trkpt lat="45.041180" lon="6.414120"><ele>1984.0</ele></trkpt>
<trkpt lat="45.041150" lon="6.414100"><ele>1984.0</ele></trkpt>
<trkpt lat="45.041130" lon="6.414090"><ele>1985.0</ele></trkpt>
<trkpt lat="45.041010" lon="6.414020"><ele>1985.0</ele></trkpt>
<trkpt lat="45.040970" lon="6.413990"><ele>1985.0</ele></trkpt>
<trkpt lat="45.040870" lon="6.413930"><ele>1986.0</ele></trkpt>
<trkpt lat="45.040770" lon="6.413860"><ele>1986.0</ele></trkpt>
<trkpt lat="45.040670" lon="6.413790"><ele>1986.0</ele></trkpt>
<trkpt lat="45.040660" lon="6.413780"><ele>1986.0</ele></trkpt>
<trkpt lat="45.040640" lon="6.413770"><ele>1987.0</ele></trkpt>
<trkpt lat="45.040580" lon="6.413720"><ele>1987.0</ele></trkpt>
<trkpt lat="45.040480" lon="6.413650"><ele>1987.0</ele></trkpt>
<trkpt lat="45.040470" lon="6.413630"><ele>1987.0</ele></trkpt>
<trkpt lat="45.040400" lon="6.413570"><ele>1987.0</ele></trkpt>
<trkpt lat="45.040350" lon="6.413520"><ele>1988.0</ele></trkpt>
<trkpt lat="45.040330" lon="6.413500"><ele>1988.0</ele></trkpt>
<trkpt lat="45.040260" lon="6.413430"><ele>1988.0</ele></trkpt>
<trkpt lat="45.040180" lon="6.413340"><ele>1988.0</ele></trkpt>
<trkpt lat="45.040090" lon="6.413220"><ele>1989.0</ele></trkpt>
<trkpt lat="45.040070" lon="6.413200"><ele>1989.0</ele></trkpt>
<trkpt lat="45.040060" lon="6.413180"><ele>1989.0</ele></trkpt>
<trkpt lat="45.039960" lon="6.413040"><ele>1989.0</ele></trkpt>
<trkpt lat="45.039950" lon="6.413020"><ele>1989.0</ele></trkpt>
<trkpt lat="45.039820" lon="6.412840"><ele>1990.0</ele></trkpt>
<trkpt lat="45.039570" lon="6.412470"><ele>1990.0</ele></trkpt>
<trkpt lat="45.039570" lon="6.412460"><ele>1991.0</ele></trkpt>
<trkpt lat="45.039450" lon="6.412280"><ele>1991.0</ele></trkpt>
<trkpt lat="45.039440" lon="6.412260"><ele>1992.0</ele></trkpt>
<trkpt lat="45.039430" lon="6.412250"><ele>1992.0</ele></trkpt>
<trkpt lat="45.039330" lon="6.412090"><ele>1992.0</ele></trkpt>
<trkpt lat="45.039280" lon="6.412010"><ele>1992.0</ele></trkpt>
<trkpt lat="45.039150" lon="6.411790"><ele>1993.0</ele></trkpt>
<trkpt lat="45.039100" lon="6.411680"><ele>1993.0</ele></trkpt>
<trkpt lat="45.039090" lon="6.411670"><ele>1993.0</ele></trkpt>
<trkpt lat="45.039040" lon="6.411570"><ele>1994.0</ele></trkpt>
<trkpt lat="45.038970" lon="6.411430"><ele>1994.0</ele></trkpt>
<trkpt lat="45.038900" lon="6.411260"><ele>1994.0</ele></trkpt>
<trkpt lat="45.038850" lon="6.411140"><ele>1995.0</ele></trkpt>
<trkpt lat="45.038820" lon="6.411080"><ele>1995.0</ele></trkpt>
<trkpt lat="45.038760" lon="6.410910"><ele>1995.0</ele></trkpt>
<trkpt lat="45.038750" lon="6.410900"><ele>1996.0</ele></trkpt>
<trkpt lat="45.038680" lon="6.410690"><ele>1996.0</ele></trkpt>
<trkpt lat="45.038640" lon="6.410530"><ele>1996.0</ele></trkpt>
<trkpt lat="45.038590" lon="6.410360"><ele>1997.0</ele></trkpt>
<trkpt lat="45.038560" lon="6.410230"><ele>1998.0</ele></trkpt>
<trkpt lat="45.038540" lon="6.410090"><ele>1999.0</ele></trkpt>
<trkpt lat="45.038530" lon="6.409980"><ele>2000.0</ele></trkpt>
<trkpt lat="45.038520" lon="6.409960"><ele>2001.0</ele></trkpt>
<trkpt lat="45.038520" lon="6.409850"><ele>2001.0</ele></trkpt>
<trkpt lat="45.038510" lon="6.409730"><ele>2002.0</ele></trkpt>
<trkpt lat="45.038520" lon="6.409610"><ele>2003.0</ele></trkpt>
<trkpt lat="45.038530" lon="6.409450"><ele>2004.0</ele></trkpt>
<trkpt lat="45.038540" lon="6.409330"><ele>2005.0</ele></trkpt>
<trkpt lat="45.038560" lon="6.409220"><ele>2006.0</ele></trkpt>
<trkpt lat="45.038590" lon="6.409090"><ele>2007.0</ele></trkpt>
<trkpt lat="45.038640" lon="6.408940"><ele>2008.0</ele></trkpt>
<trkpt lat="45.038670" lon="6.408840"><ele>2008.0</ele></trkpt>
<trkpt lat="45.038710" lon="6.408730"><ele>2009.0</ele></trkpt>
<trkpt lat="45.038780" lon="6.408530"><ele>2011.0</ele></trkpt>
<trkpt lat="45.038870" lon="6.408300"><ele>2012.0</ele></trkpt>
<trkpt lat="45.038910" lon="6.408200"><ele>2013.0</ele></trkpt>
<trkpt lat="45.039050" lon="6.407860"><ele>2014.0</ele></trkpt>
<trkpt lat="45.039110" lon="6.407720"><ele>2015.0</ele></trkpt>
<trkpt lat="45.039140" lon="6.407640"><ele>2016.0</ele></trkpt>
<trkpt lat="45.039320" lon="6.407200"><ele>2018.0</ele></trkpt>
<trkpt lat="45.039430" lon="6.406930"><ele>2019.0</ele></trkpt>
<trkpt lat="45.039500" lon="6.406730"><ele>2020.0</ele></trkpt>
<trkpt lat="45.039530" lon="6.406640"><ele>2021.0</ele></trkpt>
<trkpt lat="45.039550" lon="6.406550"><ele>2021.0</ele></trkpt>
<trkpt lat="45.039570" lon="6.406490"><ele>2022.0</ele></trkpt>
<trkpt lat="45.039580" lon="6.406420"><ele>2022.0</ele></trkpt>
<trkpt lat="45.039590" lon="6.406350"><ele>2023.0</ele></trkpt>
<trkpt lat="45.039610" lon="6.406270"><ele>2023.0</ele></trkpt>
<trkpt lat="45.039610" lon="6.406200"><ele>2023.0</ele></trkpt>
<trkpt lat="45.039610" lon="6.406110"><ele>2024.0</ele></trkpt>
<trkpt lat="45.039610" lon="6.406020"><ele>2024.0</ele></trkpt>
<trkpt lat="45.039600" lon="6.405910"><ele>2025.0</ele></trkpt>
<trkpt lat="45.039600" lon="6.405850"><ele>2025.0</ele></trkpt>
<trkpt lat="45.039590" lon="6.405780"><ele>2025.0</ele></trkpt>
<trkpt lat="45.039570" lon="6.405700"><ele>2026.0</ele></trkpt>
<trkpt lat="45.039540" lon="6.405590"><ele>2026.0</ele></trkpt>
<trkpt lat="45.039520" lon="6.405500"><ele>2026.0</ele></trkpt>
<trkpt lat="45.039490" lon="6.405440"><ele>2027.0</ele></trkpt>
<trkpt lat="45.039450" lon="6.405360"><ele>2027.0</ele></trkpt>
<trkpt lat="45.039420" lon="6.405290"><ele>2028.0</ele></trkpt>
<trkpt lat="45.039380" lon="6.405230"><ele>2028.0</ele></trkpt>
<trkpt lat="45.039320" lon="6.405160"><ele>2028.0</ele></trkpt>
<trkpt lat="45.039270" lon="6.405100"><ele>2029.0</ele></trkpt>
<trkpt lat="45.039180" lon="6.405020"><ele>2029.0</ele></trkpt>
<trkpt lat="45.038990" lon="6.404850"><ele>2030.0</ele></trkpt>
<trkpt lat="45.038870" lon="6.404750"><ele>2031.0</ele></trkpt>
<trkpt lat="45.038650" lon="6.404570"><ele>2032.0</ele></trkpt>
<trkpt lat="45.038560" lon="6.404500"><ele>2033.0</ele></trkpt>
<trkpt lat="45.038450" lon="6.404420"><ele>2034.0</ele></trkpt>
<trkpt lat="45.038400" lon="6.404390"><ele>2035.0</ele></trkpt>
<trkpt lat="45.038340" lon="6.404350"><ele>2036.0</ele></trkpt>
<trkpt lat="45.038290" lon="6.404340"><ele>2036.0</ele></trkpt>
<trkpt lat="45.038240" lon="6.404320"><ele>2037.0</ele></trkpt>
<trkpt lat="45.038200" lon="6.404300"><ele>2037.0</ele></trkpt>
<trkpt lat="45.038150" lon="6.404290"><ele>2037.0</ele></trkpt>
<trkpt lat="45.038110" lon="6.404280"><ele>2037.0</ele></trkpt>
<trkpt lat="45.038070" lon="6.404280"><ele>2038.0</ele></trkpt>
<trkpt lat="45.038020" lon="6.404280"><ele>2038.0</ele></trkpt>
<trkpt lat="45.037990" lon="6.404280"><ele>2038.0</ele></trkpt>
<trkpt lat="45.037930" lon="6.404280"><ele>2038.0</ele></trkpt>
<trkpt lat="45.037870" lon="6.404300"><ele>2038.0</ele></trkpt>
<trkpt lat="45.037790" lon="6.404330"><ele>2039.0</ele></trkpt>
<trkpt lat="45.037700" lon="6.404380"><ele>2039.0</ele></trkpt>
<trkpt lat="45.037610" lon="6.404440"><ele>2039.0</ele></trkpt>
<trkpt lat="45.037550" lon="6.404490"><ele>2039.0</ele></trkpt>
<trkpt lat="45.037470" lon="6.404560"><ele>2040.0</ele></trkpt>
<trkpt lat="45.037420" lon="6.404630"><ele>2040.0</ele></trkpt>
<trkpt lat="45.037400" lon="6.404660"><ele>2040.0</ele></trkpt>
<trkpt lat="45.037370" lon="6.404700"><ele>2040.0</ele></trkpt>
<trkpt lat="45.037320" lon="6.404800"><ele>2041.0</ele></trkpt>
<trkpt lat="45.037300" lon="6.404870"><ele>2041.0</ele></trkpt>
<trkpt lat="45.037260" lon="6.404970"><ele>2041.0</ele></trkpt>
<trkpt lat="45.037220" lon="6.405100"><ele>2041.0</ele></trkpt>
<trkpt lat="45.037190" lon="6.405180"><ele>2041.0</ele></trkpt>
<trkpt lat="45.037110" lon="6.405470"><ele>2042.0</ele></trkpt>
<trkpt lat="45.037070" lon="6.405590"><ele>2042.0</ele></trkpt>
<trkpt lat="45.037020" lon="6.405690"><ele>2043.0</ele></trkpt>
<trkpt lat="45.036980" lon="6.405760"><ele>2043.0</ele></trkpt>
<trkpt lat="45.036930" lon="6.405840"><ele>2043.0</ele></trkpt>
<trkpt lat="45.036870" lon="6.405900"><ele>2044.0</ele></trkpt>
<trkpt lat="45.036800" lon="6.405970"><ele>2044.0</ele></trkpt>
<trkpt lat="45.036740" lon="6.406020"><ele>2045.0</ele></trkpt>
<trkpt lat="45.036680" lon="6.406050"><ele>2045.0</ele></trkpt>
<trkpt lat="45.036630" lon="6.406070"><ele>2046.0</ele></trkpt>
<trkpt lat="45.036560" lon="6.406080"><ele>2046.0</ele></trkpt>
<trkpt lat="45.036490" lon="6.406080"><ele>2047.0</ele></trkpt>
<trkpt lat="45.036410" lon="6.406080"><ele>2047.0</ele></trkpt>
<trkpt lat="45.036340" lon="6.406070"><ele>2048.0</ele></trkpt>
<trkpt lat="45.036290" lon="6.406060"><ele>2048.0</ele></trkpt>
<trkpt lat="45.036230" lon="6.406040"><ele>2048.0</ele></trkpt>
<trkpt lat="45.036170" lon="6.406010"><ele>2049.0</ele></trkpt>
<trkpt lat="45.036120" lon="6.405970"><ele>2049.0</ele></trkpt>
<trkpt lat="45.036070" lon="6.405930"><ele>2050.0</ele></trkpt>
<trkpt lat="45.036030" lon="6.405890"><ele>2050.0</ele></trkpt>
<trkpt lat="45.035980" lon="6.405840"><ele>2051.0</ele></trkpt>
<trkpt lat="45.035940" lon="6.405800"><ele>2051.0</ele></trkpt>
<trkpt lat="45.035790" lon="6.405570"><ele>2052.0</ele></trkpt>
<trkpt lat="45.035730" lon="6.405480"><ele>2052.0</ele></trkpt>
<trkpt lat="45.035680" lon="6.405420"><ele>2053.0</ele></trkpt>
<trkpt lat="45.035650" lon="6.405380"><ele>2054.0</ele></trkpt>
<trkpt lat="45.035610" lon="6.405340"><ele>2054.0</ele></trkpt>
<trkpt lat="45.035580" lon="6.405310"><ele>2054.0</ele></trkpt>
<trkpt lat="45.035550" lon="6.405280"><ele>2055.0</ele></trkpt>
<trkpt lat="45.035500" lon="6.405250"><ele>2055.0</ele></trkpt>
<trkpt lat="45.035420" lon="6.405190"><ele>2056.0</ele></trkpt>
<trkpt lat="45.035420" lon="6.405190"><ele>2056.0</ele></trkpt>
<trkpt lat="45.035560" lon="6.404990"><ele>2056.0</ele></trkpt>
<trkpt lat="45.035690" lon="6.404880"><ele>2057.0</ele></trkpt>
<trkpt lat="45.036100" lon="6.404600"><ele>2058.0</ele></trkpt>
<trkpt lat="45.036280" lon="6.404460"><ele>2058.0</ele></trkpt>
<trkpt lat="45.036320" lon="6.404440"><ele>2059.0</ele></trkpt>
<trkpt lat="45.036440" lon="6.404340"><ele>2059.0</ele></trkpt>
<trkpt lat="45.036650" lon="6.404190"><ele>2060.0</ele></trkpt>
<trkpt lat="45.036680" lon="6.404160"><ele>2060.0</ele></trkpt>
<trkpt lat="45.036740" lon="6.404090"><ele>2061.0</ele></trkpt>
<trkpt lat="45.036810" lon="6.403990"><ele>2061.0</ele></trkpt>
<trkpt lat="45.036860" lon="6.403910"><ele>2061.0</ele></trkpt>
<trkpt lat="45.036930" lon="6.403790"><ele>2062.0</ele></trkpt>
<trkpt lat="45.037000" lon="6.403660"><ele>2062.0</ele></trkpt>
<trkpt lat="45.037110" lon="6.403430"><ele>2063.0</ele></trkpt>
<trkpt lat="45.037170" lon="6.403230"><ele>2064.0</ele></trkpt>
<trkpt lat="45.037200" lon="6.403140"><ele>2065.0</ele></trkpt>
<trkpt lat="45.037250" lon="6.403020"><ele>2065.0</ele></trkpt>
<trkpt lat="45.037300" lon="6.402930"><ele>2066.0</ele></trkpt>
<trkpt lat="45.037310" lon="6.402920"><ele>2067.0</ele></trkpt>
<trkpt lat="45.037380" lon="6.402860"><ele>2067.0</ele></trkpt>
<trkpt lat="45.037440" lon="6.402810"><ele>2067.0</ele></trkpt>
<trkpt lat="45.037450" lon="6.402800"><ele>2068.0</ele></trkpt>
<trkpt lat="45.037520" lon="6.402780"><ele>2068.0</ele></trkpt>
<trkpt lat="45.037580" lon="6.402770"><ele>2069.0</ele></trkpt>
<trkpt lat="45.037630" lon="6.402780"><ele>2069.0</ele></trkpt>
<trkpt lat="45.037660" lon="6.402780"><ele>2069.0</ele></trkpt>
<trkpt lat="45.037780" lon="6.402810"><ele>2070.0</ele></trkpt>
<trkpt lat="45.037930" lon="6.402850"><ele>2071.0</ele></trkpt>
<trkpt lat="45.037990" lon="6.402850"><ele>2071.0</ele></trkpt>
<trkpt lat="45.038020" lon="6.402850"><ele>2072.0</ele></trkpt>
<trkpt lat="45.038080" lon="6.402830"><ele>2072.0</ele></trkpt>
<trkpt lat="45.038120" lon="6.402790"><ele>2072.0</ele></trkpt>
<trkpt lat="45.038140" lon="6.402750"><ele>2073.0</ele></trkpt>
<trkpt lat="45.038160" lon="6.402710"><ele>2073.0</ele></trkpt>
<trkpt lat="45.038190" lon="6.402630"><ele>2073.0</ele></trkpt>
<trkpt lat="45.038220" lon="6.402520"><ele>2074.0</ele></trkpt>
<trkpt lat="45.038260" lon="6.402360"><ele>2074.0</ele></trkpt>
<trkpt lat="45.038280" lon="6.402280"><ele>2075.0</ele></trkpt>
<trkpt lat="45.038350" lon="6.402050"><ele>2076.0</ele></trkpt>
<trkpt lat="45.038380" lon="6.401920"><ele>2077.0</ele></trkpt>
<trkpt lat="45.038480" lon="6.401570"><ele>2078.0</ele></trkpt>
<trkpt lat="45.038500" lon="6.401470"><ele>2079.0</ele></trkpt>
<trkpt lat="45.038600" lon="6.401140"><ele>2081.0</ele></trkpt>
<trkpt lat="45.038610" lon="6.401100"><ele>2082.0</ele></trkpt>
<trkpt lat="45.038690" lon="6.400920"><ele>2083.0</ele></trkpt>
<trkpt lat="45.038720" lon="6.400900"><ele>2084.0</ele></trkpt>
<trkpt lat="45.038820" lon="6.400790"><ele>2085.0</ele></trkpt>
<trkpt lat="45.038860" lon="6.400750"><ele>2086.0</ele></trkpt>
<trkpt lat="45.038920" lon="6.400710"><ele>2087.0</ele></trkpt>
<trkpt lat="45.039030" lon="6.400680"><ele>2088.0</ele></trkpt>
<trkpt lat="45.039120" lon="6.400680"><ele>2089.0</ele></trkpt>
<trkpt lat="45.039210" lon="6.400690"><ele>2089.0</ele></trkpt>
<trkpt lat="45.039360" lon="6.400740"><ele>2090.0</ele></trkpt>
<trkpt lat="45.039750" lon="6.400940"><ele>2092.0</ele></trkpt>
<trkpt lat="45.040210" lon="6.401230"><ele>2095.0</ele></trkpt>
<trkpt lat="45.040220" lon="6.401230"><ele>2097.0</ele></trkpt>
<trkpt lat="45.040350" lon="6.401350"><ele>2099.0</ele></trkpt>
<trkpt lat="45.040460" lon="6.401470"><ele>2100.0</ele></trkpt>
<trkpt lat="45.040560" lon="6.401590"><ele>2102.0</ele></trkpt>
<trkpt lat="45.040580" lon="6.401600"><ele>2103.0</ele></trkpt>
<trkpt lat="45.040650" lon="6.401660"><ele>2103.0</ele></trkpt>
<trkpt lat="45.040670" lon="6.401660"><ele>2104.0</ele></trkpt>
<trkpt lat="45.040720" lon="6.401680"><ele>2105.0</ele></trkpt>
<trkpt lat="45.040730" lon="6.401680"><ele>2105.0</ele></trkpt>
<trkpt lat="45.040790" lon="6.401640"><ele>2106.0</ele></trkpt>
<trkpt lat="45.040830" lon="6.401600"><ele>2106.0</ele></trkpt>
<trkpt lat="45.040860" lon="6.401520"><ele>2107.0</ele></trkpt>
<trkpt lat="45.040870" lon="6.401440"><ele>2107.0</ele></trkpt>
<trkpt lat="45.040860" lon="6.401380"><ele>2108.0</ele></trkpt>
<trkpt lat="45.040850" lon="6.401330"><ele>2108.0</ele></trkpt>
<trkpt lat="45.040820" lon="6.401280"><ele>2108.0</ele></trkpt>
<trkpt lat="45.040800" lon="6.401240"><ele>2108.0</ele></trkpt>
<trkpt lat="45.040770" lon="6.401200"><ele>2109.0</ele></trkpt>
<trkpt lat="45.040680" lon="6.401150"><ele>2109.0</ele></trkpt>
<trkpt lat="45.040510" lon="6.401060"><ele>2109.0</ele></trkpt>
<trkpt lat="45.040450" lon="6.401030"><ele>2110.0</ele></trkpt>
<trkpt lat="45.040440" lon="6.401020"><ele>2110.0</ele></trkpt>
<trkpt lat="45.040360" lon="6.400960"><ele>2110.0</ele></trkpt>
<trkpt lat="45.040300" lon="6.400900"><ele>2110.0</ele></trkpt>
<trkpt lat="45.040180" lon="6.400760"><ele>2111.0</ele></trkpt>
<trkpt lat="45.040160" lon="6.400740"><ele>2111.0</ele></trkpt>
<trkpt lat="45.039880" lon="6.400380"><ele>2111.0</ele></trkpt>
<trkpt lat="45.039760" lon="6.400220"><ele>2112.0</ele></trkpt>
<trkpt lat="45.039540" lon="6.399930"><ele>2113.0</ele></trkpt>
<trkpt lat="45.039230" lon="6.399530"><ele>2114.0</ele></trkpt>
<trkpt lat="45.039160" lon="6.399430"><ele>2114.0</ele></trkpt>
<trkpt lat="45.039100" lon="6.399360"><ele>2115.0</ele></trkpt>
<trkpt lat="45.038970" lon="6.399190"><ele>2116.0</ele></trkpt>
<trkpt lat="45.038840" lon="6.399010"><ele>2117.0</ele></trkpt>
<trkpt lat="45.038790" lon="6.398960"><ele>2118.0</ele></trkpt>
<trkpt lat="45.038700" lon="6.398840"><ele>2119.0</ele></trkpt>
<trkpt lat="45.038590" lon="6.398690"><ele>2120.0</ele></trkpt>
<trkpt lat="45.038570" lon="6.398670"><ele>2120.0</ele></trkpt>
<trkpt lat="45.038430" lon="6.398510"><ele>2121.0</ele></trkpt>
<trkpt lat="45.038410" lon="6.398480"><ele>2122.0</ele></trkpt>
<trkpt lat="45.038320" lon="6.398420"><ele>2122.0</ele></trkpt>
<trkpt lat="45.038270" lon="6.398390"><ele>2123.0</ele></trkpt>
<trkpt lat="45.038230" lon="6.398360"><ele>2123.0</ele></trkpt>
<trkpt lat="45.038130" lon="6.398340"><ele>2124.0</ele></trkpt>
<trkpt lat="45.038100" lon="6.398340"><ele>2124.0</ele></trkpt>
<trkpt lat="45.037980" lon="6.398340"><ele>2125.0</ele></trkpt>
<trkpt lat="45.037920" lon="6.398350"><ele>2125.0</ele></trkpt>
<trkpt lat="45.037770" lon="6.398370"><ele>2126.0</ele></trkpt>
<trkpt lat="45.037740" lon="6.398360"><ele>2126.0</ele></trkpt>
<trkpt lat="45.037670" lon="6.398350"><ele>2127.0</ele></trkpt>
<trkpt lat="45.037580" lon="6.398320"><ele>2127.0</ele></trkpt>
<trkpt lat="45.037520" lon="6.398280"><ele>2127.0</ele></trkpt>
<trkpt lat="45.037470" lon="6.398240"><ele>2128.0</ele></trkpt>
<trkpt lat="45.037450" lon="6.398210"><ele>2128.0</ele></trkpt>
<trkpt lat="45.037420" lon="6.398160"><ele>2128.0</ele></trkpt>
<trkpt lat="45.037390" lon="6.398120"><ele>2128.0</ele></trkpt>
<trkpt lat="45.037340" lon="6.398000"><ele>2128.0</ele></trkpt>
<trkpt lat="45.037320" lon="6.397950"><ele>2128.0</ele></trkpt>
<trkpt lat="45.037300" lon="6.397860"><ele>2128.0</ele></trkpt>
<trkpt lat="45.037290" lon="6.397750"><ele>2128.0</ele></trkpt>
<trkpt lat="45.037290" lon="6.397700"><ele>2129.0</ele></trkpt>
<trkpt lat="45.037280" lon="6.397480"><ele>2129.0</ele></trkpt>
<trkpt lat="45.037300" lon="6.397060"><ele>2129.0</ele></trkpt>
<trkpt lat="45.037310" lon="6.396940"><ele>2129.0</ele></trkpt>
<trkpt lat="45.037320" lon="6.396740"><ele>2129.0</ele></trkpt>
<trkpt lat="45.037380" lon="6.396330"><ele>2130.0</ele></trkpt>
<trkpt lat="45.037420" lon="6.396200"><ele>2130.0</ele></trkpt>
<trkpt lat="45.037460" lon="6.396000"><ele>2131.0</ele></trkpt>
<trkpt lat="45.037540" lon="6.395770"><ele>2132.0</ele></trkpt>
<trkpt lat="45.037640" lon="6.395510"><ele>2134.0</ele></trkpt>
<trkpt lat="45.037850" lon="6.395040"><ele>2136.0</ele></trkpt>
<trkpt lat="45.037920" lon="6.394850"><ele>2138.0</ele></trkpt>
<trkpt lat="45.037950" lon="6.394780"><ele>2140.0</ele></trkpt>
<trkpt lat="45.037980" lon="6.394610"><ele>2142.0</ele></trkpt>
<trkpt lat="45.037980" lon="6.394590"><ele>2143.0</ele></trkpt>
<trkpt lat="45.038000" lon="6.394470"><ele>2144.0</ele></trkpt>
<trkpt lat="45.038010" lon="6.394360"><ele>2145.0</ele></trkpt>
<trkpt lat="45.038040" lon="6.394110"><ele>2147.0</ele></trkpt>
<trkpt lat="45.038050" lon="6.393940"><ele>2148.0</ele></trkpt>
<trkpt lat="45.038060" lon="6.393860"><ele>2149.0</ele></trkpt>
<trkpt lat="45.038070" lon="6.393630"><ele>2150.0</ele></trkpt>
<trkpt lat="45.038070" lon="6.393600"><ele>2151.0</ele></trkpt>
<trkpt lat="45.038070" lon="6.393520"><ele>2152.0</ele></trkpt>
<trkpt lat="45.038050" lon="6.393400"><ele>2153.0</ele></trkpt>
<trkpt lat="45.038040" lon="6.393350"><ele>2153.0</ele></trkpt>
<trkpt lat="45.038010" lon="6.393200"><ele>2154.0</ele></trkpt>
<trkpt lat="45.038020" lon="6.393100"><ele>2154.0</ele></trkpt>
<trkpt lat="45.038020" lon="6.393050"><ele>2155.0</ele></trkpt>
<trkpt lat="45.038040" lon="6.392970"><ele>2155.0</ele></trkpt>
<trkpt lat="45.038070" lon="6.392910"><ele>2156.0</ele></trkpt>
<trkpt lat="45.038090" lon="6.392890"><ele>2156.0</ele></trkpt>
<trkpt lat="45.038120" lon="6.392870"><ele>2156.0</ele></trkpt>
<trkpt lat="45.038160" lon="6.392850"><ele>2157.0</ele></trkpt>
<trkpt lat="45.038200" lon="6.392850"><ele>2157.0</ele></trkpt>
<trkpt lat="45.038240" lon="6.392880"><ele>2157.0</ele></trkpt>
<trkpt lat="45.038260" lon="6.392900"><ele>2157.0</ele></trkpt>
<trkpt lat="45.038270" lon="6.392920"><ele>2158.0</ele></trkpt>
<trkpt lat="45.038300" lon="6.392980"><ele>2158.0</ele></trkpt>
<trkpt lat="45.038310" lon="6.393060"><ele>2158.0</ele></trkpt>
<trkpt lat="45.038300" lon="6.393140"><ele>2159.0</ele></trkpt>
<trkpt lat="45.038300" lon="6.393210"><ele>2159.0</ele></trkpt>
<trkpt lat="45.038280" lon="6.393390"><ele>2160.0</ele></trkpt>
<trkpt lat="45.038270" lon="6.393480"><ele>2160.0</ele></trkpt>
<trkpt lat="45.038260" lon="6.393640"><ele>2161.0</ele></trkpt>
<trkpt lat="45.038280" lon="6.393840"><ele>2161.0</ele></trkpt>
<trkpt lat="45.038280" lon="6.393890"><ele>2162.0</ele></trkpt>
<trkpt lat="45.038310" lon="6.394150"><ele>2163.0</ele></trkpt>
<trkpt lat="45.038320" lon="6.394280"><ele>2164.0</ele></trkpt>
<trkpt lat="45.038330" lon="6.394400"><ele>2164.0</ele></trkpt>
<trkpt lat="45.038360" lon="6.394650"><ele>2165.0</ele></trkpt>
<trkpt lat="45.038370" lon="6.394790"><ele>2166.0</ele></trkpt>
<trkpt lat="45.038390" lon="6.394900"><ele>2167.0</ele></trkpt>
<trkpt lat="45.038410" lon="6.395030"><ele>2168.0</ele></trkpt>
<trkpt lat="45.038450" lon="6.395130"><ele>2169.0</ele></trkpt>
<trkpt lat="45.038450" lon="6.395140"><ele>2169.0</ele></trkpt>
<trkpt lat="45.038470" lon="6.395210"><ele>2170.0</ele></trkpt>
<trkpt lat="45.038540" lon="6.395360"><ele>2171.0</ele></trkpt>
<trkpt lat="45.038680" lon="6.395610"><ele>2172.0</ele></trkpt>
<trkpt lat="45.038900" lon="6.395930"><ele>2173.0</ele></trkpt>
<trkpt lat="45.038960" lon="6.396030"><ele>2175.0</ele></trkpt>
<trkpt lat="45.039010" lon="6.396120"><ele>2176.0</ele></trkpt>
<trkpt lat="45.039080" lon="6.396240"><ele>2177.0</ele></trkpt>
<trkpt lat="45.039130" lon="6.396320"><ele>2178.0</ele></trkpt>
<trkpt lat="45.039240" lon="6.396510"><ele>2179.0</ele></trkpt>
<trkpt lat="45.039260" lon="6.396540"><ele>2180.0</ele></trkpt>
<trkpt lat="45.039500" lon="6.396920"><ele>2181.0</ele></trkpt>
<trkpt lat="45.039740" lon="6.397300"><ele>2183.0</ele></trkpt>
<trkpt lat="45.039860" lon="6.397440"><ele>2185.0</ele></trkpt>
<trkpt lat="45.039860" lon="6.397450"><ele>2186.0</ele></trkpt>
<trkpt lat="45.039960" lon="6.397550"><ele>2188.0</ele></trkpt>
<trkpt lat="45.040010" lon="6.397590"><ele>2188.0</ele></trkpt>
<trkpt lat="45.040160" lon="6.397730"><ele>2190.0</ele></trkpt>
<trkpt lat="45.040370" lon="6.397920"><ele>2191.0</ele></trkpt>
<trkpt lat="45.040610" lon="6.398140"><ele>2193.0</ele></trkpt>
<trkpt lat="45.040780" lon="6.398290"><ele>2195.0</ele></trkpt>
<trkpt lat="45.040910" lon="6.398410"><ele>2197.0</ele></trkpt>
<trkpt lat="45.041070" lon="6.398550"><ele>2199.0</ele></trkpt>
<trkpt lat="45.041090" lon="6.398570"><ele>2200.0</ele></trkpt>
<trkpt lat="45.041280" lon="6.398730"><ele>2202.0</ele></trkpt>
<trkpt lat="45.041380" lon="6.398800"><ele>2204.0</ele></trkpt>
<trkpt lat="45.041410" lon="6.398820"><ele>2205.0</ele></trkpt>
<trkpt lat="45.041570" lon="6.398900"><ele>2206.0</ele></trkpt>
<trkpt lat="45.041740" lon="6.398990"><ele>2208.0</ele></trkpt>
<trkpt lat="45.041870" lon="6.399070"><ele>2210.0</ele></trkpt>
<trkpt lat="45.041880" lon="6.399080"><ele>2211.0</ele></trkpt>
<trkpt lat="45.041980" lon="6.399170"><ele>2212.0</ele></trkpt>
<trkpt lat="45.042020" lon="6.399230"><ele>2213.0</ele></trkpt>
<trkpt lat="45.042160" lon="6.399400"><ele>2215.0</ele></trkpt>
<trkpt lat="45.042180" lon="6.399420"><ele>2216.0</ele></trkpt>
<trkpt lat="45.042290" lon="6.399580"><ele>2216.0</ele></trkpt>
<trkpt lat="45.042420" lon="6.399750"><ele>2217.0</ele></trkpt>
<trkpt lat="45.042430" lon="6.399770"><ele>2217.0</ele></trkpt>
<trkpt lat="45.042540" lon="6.399940"><ele>2217.0</ele></trkpt>
<trkpt lat="45.042660" lon="6.400130"><ele>2217.0</ele></trkpt>
<trkpt lat="45.042690" lon="6.400180"><ele>2218.0</ele></trkpt>
<trkpt lat="45.042780" lon="6.400320"><ele>2218.0</ele></trkpt>
<trkpt lat="45.042890" lon="6.400520"><ele>2218.0</ele></trkpt>
<trkpt lat="45.042900" lon="6.400540"><ele>2218.0</ele></trkpt>
<trkpt lat="45.042990" lon="6.400730"><ele>2218.0</ele></trkpt>
<trkpt lat="45.043010" lon="6.400760"><ele>2218.0</ele></trkpt>
<trkpt lat="45.043090" lon="6.400950"><ele>2218.0</ele></trkpt>
<trkpt lat="45.043180" lon="6.401160"><ele>2218.0</ele></trkpt>
<trkpt lat="45.043210" lon="6.401230"><ele>2218.0</ele></trkpt>
<trkpt lat="45.043270" lon="6.401380"><ele>2218.0</ele></trkpt>
<trkpt lat="45.043370" lon="6.401590"><ele>2218.0</ele></trkpt>
<trkpt lat="45.043450" lon="6.401740"><ele>2219.0</ele></trkpt>
<trkpt lat="45.043490" lon="6.401780"><ele>2220.0</ele></trkpt>
<trkpt lat="45.043510" lon="6.401800"><ele>2221.0</ele></trkpt>
<trkpt lat="45.043570" lon="6.401840"><ele>2222.0</ele></trkpt>
<trkpt lat="45.043630" lon="6.401860"><ele>2223.0</ele></trkpt>
<trkpt lat="45.043660" lon="6.401860"><ele>2224.0</ele></trkpt>
<trkpt lat="45.043700" lon="6.401860"><ele>2224.0</ele></trkpt>
<trkpt lat="45.043770" lon="6.401850"><ele>2225.0</ele></trkpt>
<trkpt lat="45.043830" lon="6.401810"><ele>2226.0</ele></trkpt>
<trkpt lat="45.043890" lon="6.401770"><ele>2228.0</ele></trkpt>
<trkpt lat="45.043940" lon="6.401700"><ele>2229.0</ele></trkpt>
<trkpt lat="45.044000" lon="6.401590"><ele>2230.0</ele></trkpt>
<trkpt lat="45.044120" lon="6.401320"><ele>2232.0</ele></trkpt>
<trkpt lat="45.044160" lon="6.401220"><ele>2234.0</ele></trkpt>
<trkpt lat="45.044220" lon="6.401120"><ele>2236.0</ele></trkpt>
<trkpt lat="45.044270" lon="6.401050"><ele>2238.0</ele></trkpt>
<trkpt lat="45.044350" lon="6.400950"><ele>2240.0</ele></trkpt>
<trkpt lat="45.044360" lon="6.400950"><ele>2241.0</ele></trkpt>
<trkpt lat="45.044450" lon="6.400900"><ele>2243.0</ele></trkpt>
<trkpt lat="45.044530" lon="6.400880"><ele>2244.0</ele></trkpt>
<trkpt lat="45.044560" lon="6.400880"><ele>2245.0</ele></trkpt>
<trkpt lat="45.044770" lon="6.400860"><ele>2247.0</ele></trkpt>
<trkpt lat="45.044880" lon="6.400850"><ele>2249.0</ele></trkpt>
<trkpt lat="45.044890" lon="6.400850"><ele>2251.0</ele></trkpt>
<trkpt lat="45.044950" lon="6.400820"><ele>2252.0</ele></trkpt>
<trkpt lat="45.045000" lon="6.400780"><ele>2253.0</ele></trkpt>
<trkpt lat="45.045050" lon="6.400730"><ele>2253.0</ele></trkpt>
<trkpt lat="45.045090" lon="6.400700"><ele>2254.0</ele></trkpt>
<trkpt lat="45.045200" lon="6.400590"><ele>2255.0</ele></trkpt>
<trkpt lat="45.045340" lon="6.400440"><ele>2256.0</ele></trkpt>
<trkpt lat="45.045480" lon="6.400290"><ele>2257.0</ele></trkpt>
<trkpt lat="45.045630" lon="6.400140"><ele>2258.0</ele></trkpt>
<trkpt lat="45.045780" lon="6.400000"><ele>2259.0</ele></trkpt>
<trkpt lat="45.045820" lon="6.399960"><ele>2260.0</ele></trkpt>
<trkpt lat="45.045840" lon="6.399930"><ele>2260.0</ele></trkpt>
<trkpt lat="45.045920" lon="6.399840"><ele>2261.0</ele></trkpt>
<trkpt lat="45.046070" lon="6.399680"><ele>2262.0</ele></trkpt>
<trkpt lat="45.046070" lon="6.399670"><ele>2263.0</ele></trkpt>
<trkpt lat="45.046210" lon="6.399530"><ele>2263.0</ele></trkpt>
<trkpt lat="45.046240" lon="6.399500"><ele>2264.0</ele></trkpt>
<trkpt lat="45.046380" lon="6.399340"><ele>2265.0</ele></trkpt>
<trkpt lat="45.046510" lon="6.399200"><ele>2266.0</ele></trkpt>
<trkpt lat="45.046610" lon="6.399070"><ele>2267.0</ele></trkpt>
<trkpt lat="45.046630" lon="6.399050"><ele>2268.0</ele></trkpt>
<trkpt lat="45.046810" lon="6.398810"><ele>2270.0</ele></trkpt>
<trkpt lat="45.046960" lon="6.398590"><ele>2272.0</ele></trkpt>
<trkpt lat="45.047010" lon="6.398520"><ele>2274.0</ele></trkpt>
<trkpt lat="45.047120" lon="6.398350"><ele>2275.0</ele></trkpt>
<trkpt lat="45.047140" lon="6.398330"><ele>2276.0</ele></trkpt>
<trkpt lat="45.047340" lon="6.398000"><ele>2279.0</ele></trkpt>
<trkpt lat="45.047490" lon="6.397760"><ele>2281.0</ele></trkpt>
<trkpt lat="45.047610" lon="6.397560"><ele>2283.0</ele></trkpt>
<trkpt lat="45.047660" lon="6.397470"><ele>2285.0</ele></trkpt>
<trkpt lat="45.047730" lon="6.397370"><ele>2286.0</ele></trkpt>
<trkpt lat="45.047860" lon="6.397190"><ele>2288.0</ele></trkpt>
<trkpt lat="45.047910" lon="6.397120"><ele>2289.0</ele></trkpt>
<trkpt lat="45.047990" lon="6.397020"><ele>2290.0</ele></trkpt>
<trkpt lat="45.048120" lon="6.396840"><ele>2291.0</ele></trkpt>
<trkpt lat="45.048240" lon="6.396690"><ele>2293.0</ele></trkpt>
<trkpt lat="45.048250" lon="6.396670"><ele>2294.0</ele></trkpt>
<trkpt lat="45.048370" lon="6.396480"><ele>2295.0</ele></trkpt>
<trkpt lat="45.048430" lon="6.396390"><ele>2296.0</ele></trkpt>
<trkpt lat="45.048520" lon="6.396220"><ele>2297.0</ele></trkpt>
<trkpt lat="45.048570" lon="6.396060"><ele>2298.0</ele></trkpt>
<trkpt lat="45.048580" lon="6.396010"><ele>2299.0</ele></trkpt>
<trkpt lat="45.048630" lon="6.395830"><ele>2300.0</ele></trkpt>
<trkpt lat="45.048650" lon="6.395590"><ele>2301.0</ele></trkpt>
<trkpt lat="45.048670" lon="6.395320"><ele>2302.0</ele></trkpt>
<trkpt lat="45.048680" lon="6.395270"><ele>2303.0</ele></trkpt>
<trkpt lat="45.048690" lon="6.395130"><ele>2304.0</ele></trkpt>
<trkpt lat="45.048700" lon="6.395070"><ele>2304.0</ele></trkpt>
<trkpt lat="45.048700" lon="6.394980"><ele>2304.0</ele></trkpt>
<trkpt lat="45.048730" lon="6.394820"><ele>2305.0</ele></trkpt>
<trkpt lat="45.048780" lon="6.394690"><ele>2305.0</ele></trkpt>
<trkpt lat="45.048840" lon="6.394540"><ele>2306.0</ele></trkpt>
<trkpt lat="45.048930" lon="6.394400"><ele>2306.0</ele></trkpt>
<trkpt lat="45.049030" lon="6.394220"><ele>2306.0</ele></trkpt>
<trkpt lat="45.049050" lon="6.394200"><ele>2307.0</ele></trkpt>
<trkpt lat="45.049150" lon="6.394050"><ele>2307.0</ele></trkpt>
<trkpt lat="45.049240" lon="6.393960"><ele>2307.0</ele></trkpt>
<trkpt lat="45.049320" lon="6.393880"><ele>2308.0</ele></trkpt>
<trkpt lat="45.049430" lon="6.393810"><ele>2308.0</ele></trkpt>
<trkpt lat="45.049640" lon="6.393720"><ele>2309.0</ele></trkpt>
<trkpt lat="45.049660" lon="6.393710"><ele>2309.0</ele></trkpt>
<trkpt lat="45.049720" lon="6.393690"><ele>2309.0</ele></trkpt>
<trkpt lat="45.049930" lon="6.393570"><ele>2310.0</ele></trkpt>
<trkpt lat="45.049980" lon="6.393520"><ele>2310.0</ele></trkpt>
<trkpt lat="45.049990" lon="6.393510"><ele>2311.0</ele></trkpt>
<trkpt lat="45.050030" lon="6.393460"><ele>2311.0</ele></trkpt>
<trkpt lat="45.050070" lon="6.393380"><ele>2312.0</ele></trkpt>
<trkpt lat="45.050090" lon="6.393310"><ele>2312.0</ele></trkpt>
<trkpt lat="45.050110" lon="6.393230"><ele>2313.0</ele></trkpt>
<trkpt lat="45.050110" lon="6.393120"><ele>2314.0</ele></trkpt>
<trkpt lat="45.050100" lon="6.392970"><ele>2315.0</ele></trkpt>
<trkpt lat="45.050080" lon="6.392760"><ele>2316.0</ele></trkpt>
<trkpt lat="45.050050" lon="6.392520"><ele>2318.0</ele></trkpt>
<trkpt lat="45.050050" lon="6.392400"><ele>2319.0</ele></trkpt>
<trkpt lat="45.050060" lon="6.392290"><ele>2320.0</ele></trkpt>
<trkpt lat="45.050090" lon="6.392150"><ele>2321.0</ele></trkpt>
<trkpt lat="45.050130" lon="6.392060"><ele>2323.0</ele></trkpt>
<trkpt lat="45.050150" lon="6.392020"><ele>2323.0</ele></trkpt>
<trkpt lat="45.050250" lon="6.391880"><ele>2325.0</ele></trkpt>
<trkpt lat="45.050250" lon="6.391870"><ele>2326.0</ele></trkpt>
<trkpt lat="45.050660" lon="6.391440"><ele>2328.0</ele></trkpt>
<trkpt lat="45.050900" lon="6.391180"><ele>2331.0</ele></trkpt>
<trkpt lat="45.050970" lon="6.391100"><ele>2333.0</ele></trkpt>
<trkpt lat="45.051050" lon="6.390990"><ele>2335.0</ele></trkpt>
<trkpt lat="45.051150" lon="6.390820"><ele>2337.0</ele></trkpt>
<trkpt lat="45.051200" lon="6.390720"><ele>2339.0</ele></trkpt>
<trkpt lat="45.051300" lon="6.390530"><ele>2340.0</ele></trkpt>
<trkpt lat="45.051530" lon="6.390090"><ele>2343.0</ele></trkpt>
<trkpt lat="45.051630" lon="6.389890"><ele>2345.0</ele></trkpt>
<trkpt lat="45.051720" lon="6.389720"><ele>2347.0</ele></trkpt>
<trkpt lat="45.051730" lon="6.389690"><ele>2349.0</ele></trkpt>
<trkpt lat="45.051790" lon="6.389600"><ele>2350.0</ele></trkpt>
<trkpt lat="45.051840" lon="6.389530"><ele>2351.0</ele></trkpt>
<trkpt lat="45.051900" lon="6.389480"><ele>2352.0</ele></trkpt>
<trkpt lat="45.051960" lon="6.389470"><ele>2352.0</ele></trkpt>
<trkpt lat="45.052010" lon="6.389480"><ele>2352.0</ele></trkpt>
<trkpt lat="45.052060" lon="6.389490"><ele>2353.0</ele></trkpt>
<trkpt lat="45.052160" lon="6.389550"><ele>2353.0</ele></trkpt>
<trkpt lat="45.052260" lon="6.389630"><ele>2352.0</ele></trkpt>
<trkpt lat="45.052290" lon="6.389680"><ele>2352.0</ele></trkpt>
<trkpt lat="45.052340" lon="6.389750"><ele>2352.0</ele></trkpt>
<trkpt lat="45.052380" lon="6.389850"><ele>2352.0</ele></trkpt>
<trkpt lat="45.052410" lon="6.389950"><ele>2352.0</ele></trkpt>
<trkpt lat="45.052420" lon="6.389960"><ele>2351.0</ele></trkpt>
<trkpt lat="45.052430" lon="6.390050"><ele>2351.0</ele></trkpt>
<trkpt lat="45.052410" lon="6.390150"><ele>2351.0</ele></trkpt>
<trkpt lat="45.052390" lon="6.390200"><ele>2351.0</ele></trkpt>
<trkpt lat="45.052380" lon="6.390230"><ele>2351.0</ele></trkpt>
<trkpt lat="45.052320" lon="6.390330"><ele>2350.0</ele></trkpt>
<trkpt lat="45.052280" lon="6.390400"><ele>2350.0</ele></trkpt>
<trkpt lat="45.052260" lon="6.390420"><ele>2350.0</ele></trkpt>
<trkpt lat="45.052140" lon="6.390570"><ele>2350.0</ele></trkpt>
<trkpt lat="45.052120" lon="6.390600"><ele>2350.0</ele></trkpt>
<trkpt lat="45.052030" lon="6.390770"><ele>2349.0</ele></trkpt>
<trkpt lat="45.051970" lon="6.390930"><ele>2349.0</ele></trkpt>
<trkpt lat="45.051950" lon="6.391000"><ele>2349.0</ele></trkpt>
<trkpt lat="45.051920" lon="6.391080"><ele>2348.0</ele></trkpt>
<trkpt lat="45.051880" lon="6.391230"><ele>2348.0</ele></trkpt>
<trkpt lat="45.051820" lon="6.391460"><ele>2348.0</ele></trkpt>
<trkpt lat="45.051820" lon="6.391470"><ele>2348.0</ele></trkpt>
<trkpt lat="45.051750" lon="6.391710"><ele>2349.0</ele></trkpt>
<trkpt lat="45.051690" lon="6.391920"><ele>2350.0</ele></trkpt>
<trkpt lat="45.051690" lon="6.391940"><ele>2350.0</ele></trkpt>
<trkpt lat="45.051650" lon="6.392160"><ele>2351.0</ele></trkpt>
<trkpt lat="45.051640" lon="6.392190"><ele>2352.0</ele></trkpt>
<trkpt lat="45.051630" lon="6.392290"><ele>2352.0</ele></trkpt>
<trkpt lat="45.051640" lon="6.392400"><ele>2353.0</ele></trkpt>
<trkpt lat="45.051650" lon="6.392440"><ele>2353.0</ele></trkpt>
<trkpt lat="45.051670" lon="6.392490"><ele>2354.0</ele></trkpt>
<trkpt lat="45.051710" lon="6.392550"><ele>2354.0</ele></trkpt>
<trkpt lat="45.051750" lon="6.392610"><ele>2354.0</ele></trkpt>
<trkpt lat="45.051770" lon="6.392630"><ele>2355.0</ele></trkpt>
<trkpt lat="45.051800" lon="6.392660"><ele>2355.0</ele></trkpt>
<trkpt lat="45.051920" lon="6.392760"><ele>2356.0</ele></trkpt>
<trkpt lat="45.051930" lon="6.392770"><ele>2356.0</ele></trkpt>
<trkpt lat="45.052050" lon="6.392860"><ele>2356.0</ele></trkpt>
<trkpt lat="45.052080" lon="6.392890"><ele>2357.0</ele></trkpt>
<trkpt lat="45.052120" lon="6.392930"><ele>2357.0</ele></trkpt>
<trkpt lat="45.052180" lon="6.393010"><ele>2358.0</ele></trkpt>
<trkpt lat="45.052210" lon="6.393060"><ele>2358.0</ele></trkpt>
<trkpt lat="45.052240" lon="6.393120"><ele>2359.0</ele></trkpt>
<trkpt lat="45.052270" lon="6.393230"><ele>2359.0</ele></trkpt>
<trkpt lat="45.052280" lon="6.393290"><ele>2360.0</ele></trkpt>
<trkpt lat="45.052310" lon="6.393510"><ele>2360.0</ele></trkpt>
<trkpt lat="45.052320" lon="6.393540"><ele>2361.0</ele></trkpt>
<trkpt lat="45.052370" lon="6.393780"><ele>2362.0</ele></trkpt>
<trkpt lat="45.052430" lon="6.393920"><ele>2362.0</ele></trkpt>
<trkpt lat="45.052480" lon="6.393990"><ele>2363.0</ele></trkpt>
<trkpt lat="45.052510" lon="6.394040"><ele>2364.0</ele></trkpt>
<trkpt lat="45.052590" lon="6.394100"><ele>2364.0</ele></trkpt>
<trkpt lat="45.052620" lon="6.394130"><ele>2365.0</ele></trkpt>
<trkpt lat="45.052710" lon="6.394200"><ele>2365.0</ele></trkpt>
<trkpt lat="45.052780" lon="6.394260"><ele>2366.0</ele></trkpt>
<trkpt lat="45.052840" lon="6.394310"><ele>2367.0</ele></trkpt>
<trkpt lat="45.052900" lon="6.394380"><ele>2367.0</ele></trkpt>
<trkpt lat="45.052940" lon="6.394440"><ele>2368.0</ele></trkpt>
<trkpt lat="45.052970" lon="6.394540"><ele>2368.0</ele></trkpt>
<trkpt lat="45.052990" lon="6.394570"><ele>2369.0</ele></trkpt>
<trkpt lat="45.053040" lon="6.394780"><ele>2369.0</ele></trkpt>
<trkpt lat="45.053070" lon="6.394900"><ele>2370.0</ele></trkpt>
<trkpt lat="45.053100" lon="6.395020"><ele>2371.0</ele></trkpt>
<trkpt lat="45.053170" lon="6.395260"><ele>2371.0</ele></trkpt>
<trkpt lat="45.053230" lon="6.395490"><ele>2372.0</ele></trkpt>
<trkpt lat="45.053260" lon="6.395610"><ele>2373.0</ele></trkpt>
<trkpt lat="45.053280" lon="6.395740"><ele>2374.0</ele></trkpt>
<trkpt lat="45.053290" lon="6.395810"><ele>2375.0</ele></trkpt>
<trkpt lat="45.053320" lon="6.396000"><ele>2375.0</ele></trkpt>
<trkpt lat="45.053330" lon="6.396480"><ele>2377.0</ele></trkpt>
<trkpt lat="45.053330" lon="6.396500"><ele>2377.0</ele></trkpt>
<trkpt lat="45.053340" lon="6.396750"><ele>2378.0</ele></trkpt>
<trkpt lat="45.053340" lon="6.396760"><ele>2379.0</ele></trkpt>
<trkpt lat="45.053340" lon="6.397000"><ele>2380.0</ele></trkpt>
<trkpt lat="45.053340" lon="6.397060"><ele>2380.0</ele></trkpt>
<trkpt lat="45.053330" lon="6.397260"><ele>2381.0</ele></trkpt>
<trkpt lat="45.053330" lon="6.397510"><ele>2382.0</ele></trkpt>
<trkpt lat="45.053330" lon="6.397540"><ele>2382.0</ele></trkpt>
<trkpt lat="45.053310" lon="6.397770"><ele>2383.0</ele></trkpt>
<trkpt lat="45.053310" lon="6.397840"><ele>2384.0</ele></trkpt>
<trkpt lat="45.053300" lon="6.398020"><ele>2384.0</ele></trkpt>
<trkpt lat="45.053290" lon="6.398280"><ele>2385.0</ele></trkpt>
<trkpt lat="45.053280" lon="6.398310"><ele>2385.0</ele></trkpt>
<trkpt lat="45.053270" lon="6.398570"><ele>2385.0</ele></trkpt>
<trkpt lat="45.053240" lon="6.398780"><ele>2385.0</ele></trkpt>
<trkpt lat="45.053240" lon="6.398860"><ele>2385.0</ele></trkpt>
<trkpt lat="45.053210" lon="6.399030"><ele>2385.0</ele></trkpt>
<trkpt lat="45.053180" lon="6.399170"><ele>2385.0</ele></trkpt>
<trkpt lat="45.053110" lon="6.399460"><ele>2385.0</ele></trkpt>
<trkpt lat="45.053090" lon="6.399510"><ele>2385.0</ele></trkpt>
<trkpt lat="45.053020" lon="6.399740"><ele>2384.0</ele></trkpt>
<trkpt lat="45.053000" lon="6.399800"><ele>2384.0</ele></trkpt>
<trkpt lat="45.052960" lon="6.399940"><ele>2384.0</ele></trkpt>
<trkpt lat="45.052950" lon="6.399980"><ele>2384.0</ele></trkpt>
<trkpt lat="45.052920" lon="6.400200"><ele>2384.0</ele></trkpt>
<trkpt lat="45.052870" lon="6.400430"><ele>2384.0</ele></trkpt>
<trkpt lat="45.052870" lon="6.400470"><ele>2384.0</ele></trkpt>
<trkpt lat="45.052870" lon="6.400540"><ele>2384.0</ele></trkpt>
<trkpt lat="45.052880" lon="6.400640"><ele>2384.0</ele></trkpt>
<trkpt lat="45.052890" lon="6.400720"><ele>2385.0</ele></trkpt>
<trkpt lat="45.052940" lon="6.400920"><ele>2386.0</ele></trkpt>
<trkpt lat="45.052950" lon="6.400960"><ele>2387.0</ele></trkpt>
<trkpt lat="45.053050" lon="6.401440"><ele>2390.0</ele></trkpt>
<trkpt lat="45.053090" lon="6.401650"><ele>2392.0</ele></trkpt>
<trkpt lat="45.053100" lon="6.401700"><ele>2394.0</ele></trkpt>
<trkpt lat="45.053100" lon="6.401770"><ele>2396.0</ele></trkpt>
<trkpt lat="45.053100" lon="6.401950"><ele>2397.0</ele></trkpt>
<trkpt lat="45.053090" lon="6.402140"><ele>2399.0</ele></trkpt>
<trkpt lat="45.053090" lon="6.402210"><ele>2401.0</ele></trkpt>
<trkpt lat="45.053090" lon="6.402270"><ele>2402.0</ele></trkpt>
<trkpt lat="45.053130" lon="6.402430"><ele>2404.0</ele></trkpt>
<trkpt lat="45.053140" lon="6.402450"><ele>2405.0</ele></trkpt>
<trkpt lat="45.053190" lon="6.402530"><ele>2406.0</ele></trkpt>
<trkpt lat="45.053240" lon="6.402600"><ele>2407.0</ele></trkpt>
<trkpt lat="45.053270" lon="6.402610"><ele>2408.0</ele></trkpt>
<trkpt lat="45.053320" lon="6.402630"><ele>2409.0</ele></trkpt>
<trkpt lat="45.053450" lon="6.402610"><ele>2410.0</ele></trkpt>
<trkpt lat="45.053470" lon="6.402600"><ele>2411.0</ele></trkpt>
<trkpt lat="45.053580" lon="6.402560"><ele>2412.0</ele></trkpt>
<trkpt lat="45.053630" lon="6.402550"><ele>2413.0</ele></trkpt>
<trkpt lat="45.053680" lon="6.402540"><ele>2414.0</ele></trkpt>
<trkpt lat="45.053740" lon="6.402560"><ele>2414.0</ele></trkpt>
<trkpt lat="45.053800" lon="6.402590"><ele>2415.0</ele></trkpt>
<trkpt lat="45.053800" lon="6.402600"><ele>2416.0</ele></trkpt>
<trkpt lat="45.053850" lon="6.402670"><ele>2416.0</ele></trkpt>
<trkpt lat="45.053890" lon="6.402760"><ele>2417.0</ele></trkpt>
<trkpt lat="45.053900" lon="6.402800"><ele>2418.0</ele></trkpt>
<trkpt lat="45.053930" lon="6.402900"><ele>2418.0</ele></trkpt>
<trkpt lat="45.053930" lon="6.403050"><ele>2419.0</ele></trkpt>
<trkpt lat="45.053930" lon="6.403060"><ele>2420.0</ele></trkpt>
<trkpt lat="45.053930" lon="6.403200"><ele>2421.0</ele></trkpt>
<trkpt lat="45.053910" lon="6.403300"><ele>2421.0</ele></trkpt>
<trkpt lat="45.053860" lon="6.403530"><ele>2423.0</ele></trkpt>
<trkpt lat="45.053850" lon="6.403540"><ele>2423.0</ele></trkpt>
<trkpt lat="45.053810" lon="6.403770"><ele>2425.0</ele></trkpt>
<trkpt lat="45.053810" lon="6.403790"><ele>2426.0</ele></trkpt>
<trkpt lat="45.053790" lon="6.403960"><ele>2427.0</ele></trkpt>
<trkpt lat="45.053800" lon="6.404040"><ele>2427.0</ele></trkpt>
<trkpt lat="45.053820" lon="6.404210"><ele>2429.0</ele></trkpt>
<trkpt lat="45.053850" lon="6.404280"><ele>2430.0</ele></trkpt>
<trkpt lat="45.053930" lon="6.404510"><ele>2431.0</ele></trkpt>
<trkpt lat="45.053930" lon="6.404530"><ele>2432.0</ele></trkpt>
<trkpt lat="45.054010" lon="6.404740"><ele>2432.0</ele></trkpt>
<trkpt lat="45.054080" lon="6.404920"><ele>2433.0</ele></trkpt>
<trkpt lat="45.054100" lon="6.404960"><ele>2433.0</ele></trkpt>
<trkpt lat="45.054180" lon="6.405190"><ele>2433.0</ele></trkpt>
<trkpt lat="45.054260" lon="6.405390"><ele>2433.0</ele></trkpt>
<trkpt lat="45.054350" lon="6.405630"><ele>2433.0</ele></trkpt>
<trkpt lat="45.054400" lon="6.405750"><ele>2433.0</ele></trkpt>
<trkpt lat="45.054460" lon="6.405840"><ele>2433.0</ele></trkpt>
<trkpt lat="45.054560" lon="6.406020"><ele>2433.0</ele></trkpt>
<trkpt lat="45.054680" lon="6.406240"><ele>2433.0</ele></trkpt>
<trkpt lat="45.054820" lon="6.406490"><ele>2433.0</ele></trkpt>
<trkpt lat="45.054890" lon="6.406650"><ele>2433.0</ele></trkpt>
<trkpt lat="45.055080" lon="6.407100"><ele>2434.0</ele></trkpt>
<trkpt lat="45.055150" lon="6.407320"><ele>2435.0</ele></trkpt>
<trkpt lat="45.055210" lon="6.407480"><ele>2436.0</ele></trkpt>
<trkpt lat="45.055280" lon="6.407720"><ele>2437.0</ele></trkpt>
<trkpt lat="45.055290" lon="6.407780"><ele>2438.0</ele></trkpt>
<trkpt lat="45.055330" lon="6.407920"><ele>2438.0</ele></trkpt>
<trkpt lat="45.055360" lon="6.408060"><ele>2439.0</ele></trkpt>
<trkpt lat="45.055400" lon="6.408180"><ele>2440.0</ele></trkpt>
<trkpt lat="45.055430" lon="6.408250"><ele>2440.0</ele></trkpt>
<trkpt lat="45.055470" lon="6.408350"><ele>2441.0</ele></trkpt>
<trkpt lat="45.055540" lon="6.408460"><ele>2441.0</ele></trkpt>
<trkpt lat="45.055590" lon="6.408540"><ele>2442.0</ele></trkpt>
<trkpt lat="45.055660" lon="6.408600"><ele>2442.0</ele></trkpt>
<trkpt lat="45.055680" lon="6.408610"><ele>2443.0</ele></trkpt>
<trkpt lat="45.055740" lon="6.408640"><ele>2443.0</ele></trkpt>
<trkpt lat="45.055860" lon="6.408640"><ele>2443.0</ele></trkpt>
<trkpt lat="45.056000" lon="6.408640"><ele>2445.0</ele></trkpt>
<trkpt lat="45.056210" lon="6.408620"><ele>2446.0</ele></trkpt>
<trkpt lat="45.056220" lon="6.408620"><ele>2447.0</ele></trkpt>
<trkpt lat="45.056390" lon="6.408640"><ele>2449.0</ele></trkpt>
<trkpt lat="45.056420" lon="6.408640"><ele>2450.0</ele></trkpt>
<trkpt lat="45.056570" lon="6.408660"><ele>2452.0</ele></trkpt>
<trkpt lat="45.056580" lon="6.408670"><ele>2453.0</ele></trkpt>
<trkpt lat="45.056700" lon="6.408680"><ele>2454.0</ele></trkpt>
<trkpt lat="45.056750" lon="6.408670"><ele>2456.0</ele></trkpt>
<trkpt lat="45.056780" lon="6.408670"><ele>2456.0</ele></trkpt>
<trkpt lat="45.056830" lon="6.408640"><ele>2457.0</ele></trkpt>
<trkpt lat="45.056910" lon="6.408570"><ele>2458.0</ele></trkpt>
<trkpt lat="45.056930" lon="6.408560"><ele>2459.0</ele></trkpt>
<trkpt lat="45.056970" lon="6.408490"><ele>2460.0</ele></trkpt>
<trkpt lat="45.057030" lon="6.408370"><ele>2461.0</ele></trkpt>
<trkpt lat="45.057030" lon="6.408360"><ele>2462.0</ele></trkpt>
<trkpt lat="45.057080" lon="6.408250"><ele>2463.0</ele></trkpt>
<trkpt lat="45.057130" lon="6.408150"><ele>2464.0</ele></trkpt>
<trkpt lat="45.057190" lon="6.408080"><ele>2465.0</ele></trkpt>
<trkpt lat="45.057220" lon="6.408050"><ele>2466.0</ele></trkpt>
<trkpt lat="45.057260" lon="6.408010"><ele>2467.0</ele></trkpt>
<trkpt lat="45.057270" lon="6.408000"><ele>2467.0</ele></trkpt>
<trkpt lat="45.057340" lon="6.407960"><ele>2468.0</ele></trkpt>
<trkpt lat="45.057410" lon="6.407920"><ele>2469.0</ele></trkpt>
<trkpt lat="45.057430" lon="6.407910"><ele>2470.0</ele></trkpt>
<trkpt lat="45.057580" lon="6.407850"><ele>2471.0</ele></trkpt>
<trkpt lat="45.057610" lon="6.407840"><ele>2472.0</ele></trkpt>
<trkpt lat="45.057780" lon="6.407770"><ele>2473.0</ele></trkpt>
<trkpt lat="45.057790" lon="6.407770"><ele>2474.0</ele></trkpt>
<trkpt lat="45.057950" lon="6.407700"><ele>2475.0</ele></trkpt>
<trkpt lat="45.058080" lon="6.407640"><ele>2476.0</ele></trkpt>
<trkpt lat="45.058120" lon="6.407610"><ele>2477.0</ele></trkpt>
<trkpt lat="45.058210" lon="6.407560"><ele>2477.0</ele></trkpt>
<trkpt lat="45.058330" lon="6.407490"><ele>2478.0</ele></trkpt>
<trkpt lat="45.058460" lon="6.407440"><ele>2479.0</ele></trkpt>
<trkpt lat="45.058530" lon="6.407420"><ele>2480.0</ele></trkpt>
<trkpt lat="45.058630" lon="6.407380"><ele>2481.0</ele></trkpt>
<trkpt lat="45.058690" lon="6.407360"><ele>2482.0</ele></trkpt>
<trkpt lat="45.058810" lon="6.407330"><ele>2482.0</ele></trkpt>
<trkpt lat="45.058860" lon="6.407310"><ele>2483.0</ele></trkpt>
<trkpt lat="45.059000" lon="6.407260"><ele>2484.0</ele></trkpt>
<trkpt lat="45.059110" lon="6.407210"><ele>2485.0</ele></trkpt>
<trkpt lat="45.059290" lon="6.407120"><ele>2486.0</ele></trkpt>
<trkpt lat="45.059320" lon="6.407100"><ele>2487.0</ele></trkpt>
<trkpt lat="45.059420" lon="6.407060"><ele>2487.0</ele></trkpt>
<trkpt lat="45.059540" lon="6.407030"><ele>2488.0</ele></trkpt>
<trkpt lat="45.059720" lon="6.406990"><ele>2489.0</ele></trkpt>
<trkpt lat="45.059890" lon="6.406950"><ele>2489.0</ele></trkpt>
<trkpt lat="45.059970" lon="6.406950"><ele>2490.0</ele></trkpt>
<trkpt lat="45.060070" lon="6.406940"><ele>2490.0</ele></trkpt>
<trkpt lat="45.060190" lon="6.406970"><ele>2491.0</ele></trkpt>
<trkpt lat="45.060310" lon="6.407020"><ele>2491.0</ele></trkpt>
<trkpt lat="45.060460" lon="6.407070"><ele>2491.0</ele></trkpt>
<trkpt lat="45.060600" lon="6.407120"><ele>2492.0</ele></trkpt>
<trkpt lat="45.060710" lon="6.407170"><ele>2492.0</ele></trkpt>
<trkpt lat="45.060730" lon="6.407190"><ele>2493.0</ele></trkpt>
<trkpt lat="45.060780" lon="6.407230"><ele>2493.0</ele></trkpt>
<trkpt lat="45.060840" lon="6.407290"><ele>2493.0</ele></trkpt>
<trkpt lat="45.060900" lon="6.407380"><ele>2493.0</ele></trkpt>
<trkpt lat="45.060970" lon="6.407500"><ele>2494.0</ele></trkpt>
<trkpt lat="45.061010" lon="6.407590"><ele>2494.0</ele></trkpt>
<trkpt lat="45.061030" lon="6.407680"><ele>2494.0</ele></trkpt>
<trkpt lat="45.061040" lon="6.407770"><ele>2495.0</ele></trkpt>
<trkpt lat="45.061040" lon="6.407880"><ele>2495.0</ele></trkpt>
<trkpt lat="45.061030" lon="6.407990"><ele>2496.0</ele></trkpt>
<trkpt lat="45.061010" lon="6.408160"><ele>2496.0</ele></trkpt>
<trkpt lat="45.060990" lon="6.408310"><ele>2497.0</ele></trkpt>
<trkpt lat="45.060970" lon="6.408490"><ele>2498.0</ele></trkpt>
<trkpt lat="45.060950" lon="6.408620"><ele>2498.0</ele></trkpt>
<trkpt lat="45.060950" lon="6.408780"><ele>2499.0</ele></trkpt>
<trkpt lat="45.060940" lon="6.408980"><ele>2500.0</ele></trkpt>
<trkpt lat="45.060950" lon="6.409040"><ele>2501.0</ele></trkpt>
<trkpt lat="45.060940" lon="6.409280"><ele>2501.0</ele></trkpt>
<trkpt lat="45.060940" lon="6.409510"><ele>2502.0</ele></trkpt>
<trkpt lat="45.060940" lon="6.409680"><ele>2503.0</ele></trkpt>
<trkpt lat="45.060940" lon="6.409860"><ele>2504.0</ele></trkpt>
<trkpt lat="45.060910" lon="6.410010"><ele>2505.0</ele></trkpt>
<trkpt lat="45.060880" lon="6.410140"><ele>2506.0</ele></trkpt>
<trkpt lat="45.060870" lon="6.410170"><ele>2506.0</ele></trkpt>
<trkpt lat="45.060830" lon="6.410260"><ele>2507.0</ele></trkpt>
<trkpt lat="45.060770" lon="6.410390"><ele>2507.0</ele></trkpt>
<trkpt lat="45.060690" lon="6.410570"><ele>2508.0</ele></trkpt>
<trkpt lat="45.060670" lon="6.410600"><ele>2508.0</ele></trkpt>
<trkpt lat="45.060570" lon="6.410800"><ele>2509.0</ele></trkpt>
<trkpt lat="45.060460" lon="6.411010"><ele>2509.0</ele></trkpt>
<trkpt lat="45.060410" lon="6.411130"><ele>2510.0</ele></trkpt>
<trkpt lat="45.060360" lon="6.411220"><ele>2510.0</ele></trkpt>
<trkpt lat="45.060330" lon="6.411280"><ele>2511.0</ele></trkpt>
<trkpt lat="45.060290" lon="6.411400"><ele>2511.0</ele></trkpt>
<trkpt lat="45.060290" lon="6.411450"><ele>2511.0</ele></trkpt>
<trkpt lat="45.060280" lon="6.411510"><ele>2511.0</ele></trkpt>
<trkpt lat="45.060280" lon="6.411520"><ele>2512.0</ele></trkpt>
<trkpt lat="45.060300" lon="6.411590"><ele>2512.0</ele></trkpt>
<trkpt lat="45.060350" lon="6.411660"><ele>2512.0</ele></trkpt>
<trkpt lat="45.060360" lon="6.411660"><ele>2512.0</ele></trkpt>
<trkpt lat="45.060420" lon="6.411680"><ele>2512.0</ele></trkpt>
<trkpt lat="45.060480" lon="6.411680"><ele>2513.0</ele></trkpt>
<trkpt lat="45.060530" lon="6.411640"><ele>2513.0</ele></trkpt>
<trkpt lat="45.060540" lon="6.411640"><ele>2513.0</ele></trkpt>
<trkpt lat="45.060580" lon="6.411590"><ele>2513.0</ele></trkpt>
<trkpt lat="45.060620" lon="6.411490"><ele>2513.0</ele></trkpt>
<trkpt lat="45.060630" lon="6.411440"><ele>2513.0</ele></trkpt>
<trkpt lat="45.060650" lon="6.411350"><ele>2514.0</ele></trkpt>
<trkpt lat="45.060670" lon="6.411200"><ele>2514.0</ele></trkpt>
<trkpt lat="45.060670" lon="6.411190"><ele>2514.0</ele></trkpt>
<trkpt lat="45.060700" lon="6.411100"><ele>2514.0</ele></trkpt>
<trkpt lat="45.060740" lon="6.410950"><ele>2514.0</ele></trkpt>
<trkpt lat="45.060810" lon="6.410750"><ele>2515.0</ele></trkpt>
<trkpt lat="45.060820" lon="6.410730"><ele>2515.0</ele></trkpt>
<trkpt lat="45.060870" lon="6.410640"><ele>2515.0</ele></trkpt>
<trkpt lat="45.060930" lon="6.410530"><ele>2515.0</ele></trkpt>
<trkpt lat="45.060960" lon="6.410470"><ele>2515.0</ele></trkpt>
<trkpt lat="45.061040" lon="6.410330"><ele>2515.0</ele></trkpt>
<trkpt lat="45.061050" lon="6.410320"><ele>2515.0</ele></trkpt>
<trkpt lat="45.061240" lon="6.410000"><ele>2516.0</ele></trkpt>
<trkpt lat="45.061360" lon="6.409810"><ele>2516.0</ele></trkpt>
<trkpt lat="45.061390" lon="6.409740"><ele>2516.0</ele></trkpt>
<trkpt lat="45.061430" lon="6.409670"><ele>2516.0</ele></trkpt>
<trkpt lat="45.061460" lon="6.409590"><ele>2517.0</ele></trkpt>
<trkpt lat="45.061480" lon="6.409530"><ele>2517.0</ele></trkpt>
<trkpt lat="45.061490" lon="6.409510"><ele>2517.0</ele></trkpt>
<trkpt lat="45.061500" lon="6.409410"><ele>2517.0</ele></trkpt>
<trkpt lat="45.061500" lon="6.409290"><ele>2517.0</ele></trkpt>
<trkpt lat="45.061500" lon="6.409270"><ele>2517.0</ele></trkpt>
<trkpt lat="45.061490" lon="6.409150"><ele>2517.0</ele></trkpt>
<trkpt lat="45.061480" lon="6.409020"><ele>2517.0</ele></trkpt>
<trkpt lat="45.061480" lon="6.408910"><ele>2518.0</ele></trkpt>
<trkpt lat="45.061490" lon="6.408790"><ele>2518.0</ele></trkpt>
<trkpt lat="45.061490" lon="6.408770"><ele>2518.0</ele></trkpt>
<trkpt lat="45.061520" lon="6.408670"><ele>2519.0</ele></trkpt>
<trkpt lat="45.061570" lon="6.408550"><ele>2519.0</ele></trkpt>
<trkpt lat="45.061570" lon="6.408540"><ele>2519.0</ele></trkpt>
<trkpt lat="45.061640" lon="6.408420"><ele>2520.0</ele></trkpt>
<trkpt lat="45.061690" lon="6.408350"><ele>2520.0</ele></trkpt>
<trkpt lat="45.061720" lon="6.408320"><ele>2521.0</ele></trkpt>
<trkpt lat="45.061840" lon="6.408230"><ele>2521.0</ele></trkpt>
<trkpt lat="45.061850" lon="6.408230"><ele>2522.0</ele></trkpt>
<trkpt lat="45.062010" lon="6.408130"><ele>2522.0</ele></trkpt>
<trkpt lat="45.062180" lon="6.408040"><ele>2523.0</ele></trkpt>
<trkpt lat="45.062320" lon="6.407950"><ele>2524.0</ele></trkpt>
<trkpt lat="45.062340" lon="6.407920"><ele>2525.0</ele></trkpt>
<trkpt lat="45.062410" lon="6.407840"><ele>2526.0</ele></trkpt>
<trkpt lat="45.062460" lon="6.407740"><ele>2526.0</ele></trkpt>
<trkpt lat="45.062480" lon="6.407700"><ele>2527.0</ele></trkpt>
<trkpt lat="45.062510" lon="6.407540"><ele>2527.0</ele></trkpt>
<trkpt lat="45.062500" lon="6.407380"><ele>2528.0</ele></trkpt>
<trkpt lat="45.062460" lon="6.407280"><ele>2529.0</ele></trkpt>
<trkpt lat="45.062450" lon="6.407270"><ele>2529.0</ele></trkpt>
<trkpt lat="45.062390" lon="6.407190"><ele>2530.0</ele></trkpt>
<trkpt lat="45.062280" lon="6.407100"><ele>2530.0</ele></trkpt>
<trkpt lat="45.062160" lon="6.407020"><ele>2531.0</ele></trkpt>
<trkpt lat="45.061970" lon="6.406910"><ele>2531.0</ele></trkpt>
<trkpt lat="45.061870" lon="6.406820"><ele>2532.0</ele></trkpt>
<trkpt lat="45.061770" lon="6.406710"><ele>2533.0</ele></trkpt>
<trkpt lat="45.061670" lon="6.406590"><ele>2534.0</ele></trkpt>
<trkpt lat="45.061560" lon="6.406440"><ele>2534.0</ele></trkpt>
<trkpt lat="45.061540" lon="6.406400"><ele>2535.0</ele></trkpt>
<trkpt lat="45.061480" lon="6.406290"><ele>2535.0</ele></trkpt>
<trkpt lat="45.061450" lon="6.406180"><ele>2536.0</ele></trkpt>
<trkpt lat="45.061440" lon="6.406060"><ele>2536.0</ele></trkpt>
<trkpt lat="45.061460" lon="6.405970"><ele>2537.0</ele></trkpt>
<trkpt lat="45.061500" lon="6.405870"><ele>2537.0</ele></trkpt>
<trkpt lat="45.061540" lon="6.405810"><ele>2538.0</ele></trkpt>
<trkpt lat="45.061570" lon="6.405780"><ele>2538.0</ele></trkpt>
<trkpt lat="45.061600" lon="6.405750"><ele>2538.0</ele></trkpt>
<trkpt lat="45.061670" lon="6.405730"><ele>2539.0</ele></trkpt>
<trkpt lat="45.061730" lon="6.405740"><ele>2539.0</ele></trkpt>
<trkpt lat="45.061800" lon="6.405750"><ele>2539.0</ele></trkpt>
<trkpt lat="45.061870" lon="6.405810"><ele>2540.0</ele></trkpt>
<trkpt lat="45.061900" lon="6.405850"><ele>2540.0</ele></trkpt>
<trkpt lat="45.061960" lon="6.405950"><ele>2541.0</ele></trkpt>
<trkpt lat="45.062010" lon="6.406050"><ele>2541.0</ele></trkpt>
<trkpt lat="45.062080" lon="6.406190"><ele>2542.0</ele></trkpt>
<trkpt lat="45.062120" lon="6.406250"><ele>2543.0</ele></trkpt>
<trkpt lat="45.062190" lon="6.406390"><ele>2544.0</ele></trkpt>
<trkpt lat="45.062230" lon="6.406450"><ele>2544.0</ele></trkpt>
<trkpt lat="45.062270" lon="6.406510"><ele>2545.0</ele></trkpt>
<trkpt lat="45.062310" lon="6.406560"><ele>2546.0</ele></trkpt>
<trkpt lat="45.062370" lon="6.406600"><ele>2546.0</ele></trkpt>
<trkpt lat="45.062420" lon="6.406630"><ele>2547.0</ele></trkpt>
<trkpt lat="45.062530" lon="6.406710"><ele>2548.0</ele></trkpt>
<trkpt lat="45.062530" lon="6.406710"><ele>2548.0</ele></trkpt>
<trkpt lat="45.062580" lon="6.406770"><ele>2549.0</ele></trkpt>
<trkpt lat="45.062620" lon="6.406820"><ele>2549.0</ele></trkpt>
<trkpt lat="45.062680" lon="6.406870"><ele>2550.0</ele></trkpt>
<trkpt lat="45.062770" lon="6.406970"><ele>2550.0</ele></trkpt>
<trkpt lat="45.062810" lon="6.407030"><ele>2551.0</ele></trkpt>
<trkpt lat="45.062820" lon="6.407050"><ele>2552.0</ele></trkpt>
<trkpt lat="45.062870" lon="6.407130"><ele>2552.0</ele></trkpt>
<trkpt lat="45.062920" lon="6.407320"><ele>2553.0</ele></trkpt>
<trkpt lat="45.062940" lon="6.407420"><ele>2554.0</ele></trkpt>
<trkpt lat="45.062940" lon="6.407510"><ele>2554.0</ele></trkpt>
<trkpt lat="45.062940" lon="6.407520"><ele>2555.0</ele></trkpt>
<trkpt lat="45.062930" lon="6.407670"><ele>2556.0</ele></trkpt>
<trkpt lat="45.062930" lon="6.407760"><ele>2556.0</ele></trkpt>
<trkpt lat="45.062940" lon="6.407800"><ele>2557.0</ele></trkpt>
<trkpt lat="45.062950" lon="6.407960"><ele>2557.0</ele></trkpt>
<trkpt lat="45.062960" lon="6.408020"><ele>2558.0</ele></trkpt>
<trkpt lat="45.062960" lon="6.408090"><ele>2558.0</ele></trkpt>
<trkpt lat="45.062950" lon="6.408250"><ele>2558.0</ele></trkpt>
<trkpt lat="45.062950" lon="6.408270"><ele>2559.0</ele></trkpt>
<trkpt lat="45.062940" lon="6.408390"><ele>2559.0</ele></trkpt>
<trkpt lat="45.062920" lon="6.408480"><ele>2559.0</ele></trkpt>
<trkpt lat="45.062900" lon="6.408550"><ele>2560.0</ele></trkpt>
<trkpt lat="45.062870" lon="6.408600"><ele>2560.0</ele></trkpt>
<trkpt lat="45.062820" lon="6.408660"><ele>2560.0</ele></trkpt>
<trkpt lat="45.062790" lon="6.408700"><ele>2561.0</ele></trkpt>
<trkpt lat="45.062750" lon="6.408730"><ele>2561.0</ele></trkpt>
<trkpt lat="45.062660" lon="6.408850"><ele>2561.0</ele></trkpt>
<trkpt lat="45.062650" lon="6.408870"><ele>2561.0</ele></trkpt>
<trkpt lat="45.062590" lon="6.408960"><ele>2562.0</ele></trkpt>
<trkpt lat="45.062510" lon="6.409120"><ele>2562.0</ele></trkpt>
<trkpt lat="45.062440" lon="6.409280"><ele>2563.0</ele></trkpt>
<trkpt lat="45.062360" lon="6.409490"><ele>2563.0</ele></trkpt>
<trkpt lat="45.062350" lon="6.409500"><ele>2564.0</ele></trkpt>
<trkpt lat="45.062280" lon="6.409700"><ele>2564.0</ele></trkpt>
<trkpt lat="45.062270" lon="6.409730"><ele>2565.0</ele></trkpt>
<trkpt lat="45.062240" lon="6.409820"><ele>2565.0</ele></trkpt>
<trkpt lat="45.062230" lon="6.409890"><ele>2566.0</ele></trkpt>
<trkpt lat="45.062230" lon="6.409970"><ele>2566.0</ele></trkpt>
<trkpt lat="45.062220" lon="6.409980"><ele>2566.0</ele></trkpt>
<trkpt lat="45.062230" lon="6.410120"><ele>2567.0</ele></trkpt>
<trkpt lat="45.062230" lon="6.410220"><ele>2568.0</ele></trkpt>
<trkpt lat="45.062230" lon="6.410230"><ele>2568.0</ele></trkpt>
<trkpt lat="45.062230" lon="6.410330"><ele>2569.0</ele></trkpt>
<trkpt lat="45.062230" lon="6.410440"><ele>2570.0</ele></trkpt>
<trkpt lat="45.062230" lon="6.410480"><ele>2571.0</ele></trkpt>
<trkpt lat="45.062230" lon="6.410530"><ele>2571.0</ele></trkpt>
<trkpt lat="45.062240" lon="6.410660"><ele>2572.0</ele></trkpt>
<trkpt lat="45.062250" lon="6.410730"><ele>2573.0</ele></trkpt>
<trkpt lat="45.062250" lon="6.410800"><ele>2574.0</ele></trkpt>
<trkpt lat="45.062270" lon="6.410930"><ele>2575.0</ele></trkpt>
<trkpt lat="45.062280" lon="6.410980"><ele>2576.0</ele></trkpt>
<trkpt lat="45.062280" lon="6.411010"><ele>2576.0</ele></trkpt>
<trkpt lat="45.062290" lon="6.411060"><ele>2577.0</ele></trkpt>
<trkpt lat="45.062290" lon="6.411110"><ele>2577.0</ele></trkpt>
<trkpt lat="45.062300" lon="6.411190"><ele>2578.0</ele></trkpt>
<trkpt lat="45.062290" lon="6.411290"><ele>2579.0</ele></trkpt>
<trkpt lat="45.062270" lon="6.411350"><ele>2580.0</ele></trkpt>
<trkpt lat="45.062230" lon="6.411510"><ele>2581.0</ele></trkpt>
<trkpt lat="45.062230" lon="6.411520"><ele>2582.0</ele></trkpt>
<trkpt lat="45.062240" lon="6.411570"><ele>2582.0</ele></trkpt>
<trkpt lat="45.062240" lon="6.411580"><ele>2583.0</ele></trkpt>
<trkpt lat="45.062250" lon="6.411580"><ele>2583.0</ele></trkpt>
<trkpt lat="45.062250" lon="6.411590"><ele>2583.0</ele></trkpt>
<trkpt lat="45.062270" lon="6.411600"><ele>2584.0</ele></trkpt>
<trkpt lat="45.062310" lon="6.411590"><ele>2584.0</ele></trkpt>
<trkpt lat="45.062320" lon="6.411590"><ele>2585.0</ele></trkpt>
<trkpt lat="45.062340" lon="6.411540"><ele>2585.0</ele></trkpt>
<trkpt lat="45.062380" lon="6.411470"><ele>2586.0</ele></trkpt>
<trkpt lat="45.062410" lon="6.411350"><ele>2586.0</ele></trkpt>
<trkpt lat="45.062450" lon="6.411230"><ele>2587.0</ele></trkpt>
<trkpt lat="45.062450" lon="6.411220"><ele>2588.0</ele></trkpt>
<trkpt lat="45.062450" lon="6.411090"><ele>2589.0</ele></trkpt>
<trkpt lat="45.062450" lon="6.411000"><ele>2590.0</ele></trkpt>
<trkpt lat="45.062460" lon="6.410970"><ele>2591.0</ele></trkpt>
<trkpt lat="45.062460" lon="6.410950"><ele>2591.0</ele></trkpt>
<trkpt lat="45.062460" lon="6.410940"><ele>2592.0</ele></trkpt>
<trkpt lat="45.062480" lon="6.410910"><ele>2592.0</ele></trkpt>
<trkpt lat="45.062480" lon="6.410900"><ele>2592.0</ele></trkpt>
<trkpt lat="45.062490" lon="6.410900"><ele>2593.0</ele></trkpt>
<trkpt lat="45.062510" lon="6.410890"><ele>2593.0</ele></trkpt>
<trkpt lat="45.062520" lon="6.410890"><ele>2593.0</ele></trkpt>
<trkpt lat="45.062540" lon="6.410910"><ele>2593.0</ele></trkpt>
<trkpt lat="45.062550" lon="6.410910"><ele>2594.0</ele></trkpt>
<trkpt lat="45.062560" lon="6.410940"><ele>2594.0</ele></trkpt>
<trkpt lat="45.062570" lon="6.410990"><ele>2594.0</ele></trkpt>
<trkpt lat="45.062580" lon="6.411000"><ele>2594.0</ele></trkpt>
<trkpt lat="45.062590" lon="6.411060"><ele>2594.0</ele></trkpt>
<trkpt lat="45.062580" lon="6.411220"><ele>2595.0</ele></trkpt>
<trkpt lat="45.062570" lon="6.411240"><ele>2595.0</ele></trkpt>
<trkpt lat="45.062540" lon="6.411390"><ele>2596.0</ele></trkpt>
<trkpt lat="45.062520" lon="6.411480"><ele>2596.0</ele></trkpt>
<trkpt lat="45.062510" lon="6.411530"><ele>2597.0</ele></trkpt>
<trkpt lat="45.062490" lon="6.411600"><ele>2597.0</ele></trkpt>
<trkpt lat="45.062500" lon="6.411610"><ele>2597.0</ele></trkpt>
<trkpt lat="45.062520" lon="6.411660"><ele>2598.0</ele></trkpt>
<trkpt lat="45.062540" lon="6.411680"><ele>2598.0</ele></trkpt>
<trkpt lat="45.062550" lon="6.411690"><ele>2598.0</ele></trkpt>
<trkpt lat="45.062580" lon="6.411690"><ele>2598.0</ele></trkpt>
<trkpt lat="45.062620" lon="6.411640"><ele>2599.0</ele></trkpt>
<trkpt lat="45.062660" lon="6.411560"><ele>2599.0</ele></trkpt>
<trkpt lat="45.062710" lon="6.411410"><ele>2600.0</ele></trkpt>
<trkpt lat="45.062740" lon="6.411290"><ele>2600.0</ele></trkpt>
<trkpt lat="45.062740" lon="6.411280"><ele>2601.0</ele></trkpt>
<trkpt lat="45.062780" lon="6.411130"><ele>2601.0</ele></trkpt>
<trkpt lat="45.062790" lon="6.411040"><ele>2602.0</ele></trkpt>
<trkpt lat="45.062830" lon="6.410810"><ele>2603.0</ele></trkpt>
<trkpt lat="45.062830" lon="6.410790"><ele>2603.0</ele></trkpt>
<trkpt lat="45.062850" lon="6.410640"><ele>2604.0</ele></trkpt>
<trkpt lat="45.062870" lon="6.410550"><ele>2605.0</ele></trkpt>
<trkpt lat="45.062890" lon="6.410470"><ele>2605.0</ele></trkpt>
<trkpt lat="45.062950" lon="6.410320"><ele>2606.0</ele></trkpt>
<trkpt lat="45.062970" lon="6.410290"><ele>2606.0</ele></trkpt>
<trkpt lat="45.063060" lon="6.410190"><ele>2607.0</ele></trkpt>
<trkpt lat="45.063090" lon="6.410150"><ele>2608.0</ele></trkpt>
<trkpt lat="45.063190" lon="6.410050"><ele>2608.0</ele></trkpt>
<trkpt lat="45.063220" lon="6.409980"><ele>2609.0</ele></trkpt>
<trkpt lat="45.063250" lon="6.409920"><ele>2609.0</ele></trkpt>
<trkpt lat="45.063270" lon="6.409880"><ele>2609.0</ele></trkpt>
<trkpt lat="45.063300" lon="6.409780"><ele>2610.0</ele></trkpt>
<trkpt lat="45.063300" lon="6.409760"><ele>2610.0</ele></trkpt>
<trkpt lat="45.063330" lon="6.409620"><ele>2610.0</ele></trkpt>
<trkpt lat="45.063350" lon="6.409520"><ele>2611.0</ele></trkpt>
<trkpt lat="45.063360" lon="6.409490"><ele>2611.0</ele></trkpt>
<trkpt lat="45.063390" lon="6.409380"><ele>2611.0</ele></trkpt>
<trkpt lat="45.063430" lon="6.409290"><ele>2612.0</ele></trkpt>
<trkpt lat="45.063430" lon="6.409270"><ele>2612.0</ele></trkpt>
<trkpt lat="45.063490" lon="6.409190"><ele>2612.0</ele></trkpt>
<trkpt lat="45.063550" lon="6.409120"><ele>2612.0</ele></trkpt>
<trkpt lat="45.063560" lon="6.409110"><ele>2613.0</ele></trkpt>
<trkpt lat="45.063660" lon="6.408990"><ele>2613.0</ele></trkpt>
<trkpt lat="45.063700" lon="6.408950"><ele>2613.0</ele></trkpt>
<trkpt lat="45.063710" lon="6.408930"><ele>2614.0</ele></trkpt>
<trkpt lat="45.063740" lon="6.408870"><ele>2614.0</ele></trkpt>
<trkpt lat="45.063780" lon="6.408770"><ele>2614.0</ele></trkpt>
<trkpt lat="45.063790" lon="6.408740"><ele>2614.0</ele></trkpt>
<trkpt lat="45.063850" lon="6.408500"><ele>2615.0</ele></trkpt>
<trkpt lat="45.063880" lon="6.408380"><ele>2615.0</ele></trkpt>
<trkpt lat="45.063950" lon="6.408110"><ele>2616.0</ele></trkpt>
<trkpt lat="45.063970" lon="6.408020"><ele>2616.0</ele></trkpt>
<trkpt lat="45.063990" lon="6.407950"><ele>2617.0</ele></trkpt>
<trkpt lat="45.064040" lon="6.407840"><ele>2618.0</ele></trkpt>
<trkpt lat="45.064050" lon="6.407840"><ele>2618.0</ele></trkpt>
<trkpt lat="45.064080" lon="6.407830"><ele>2619.0</ele></trkpt>
<trkpt lat="45.064090" lon="6.407820"><ele>2619.0</ele></trkpt>
<trkpt lat="45.064120" lon="6.407840"><ele>2619.0</ele></trkpt>
<trkpt lat="45.064150" lon="6.407860"><ele>2620.0</ele></trkpt>
<trkpt lat="45.064170" lon="6.407900"><ele>2620.0</ele></trkpt>
<trkpt lat="45.064200" lon="6.407980"><ele>2621.0</ele></trkpt>
<trkpt lat="45.064200" lon="6.408080"><ele>2621.0</ele></trkpt>
<trkpt lat="45.064200" lon="6.408180"><ele>2622.0</ele></trkpt>
<trkpt lat="45.064190" lon="6.408350"><ele>2623.0</ele></trkpt>
<trkpt lat="45.064200" lon="6.408450"><ele>2624.0</ele></trkpt>
<trkpt lat="45.064230" lon="6.408560"><ele>2625.0</ele></trkpt>
<trkpt lat="45.064270" lon="6.408730"><ele>2626.0</ele></trkpt>
<trkpt lat="45.064310" lon="6.408830"><ele>2627.0</ele></trkpt>
<trkpt lat="45.064350" lon="6.408960"><ele>2628.0</ele></trkpt>
<trkpt lat="45.064360" lon="6.409020"><ele>2629.0</ele></trkpt>
<trkpt lat="45.064430" lon="6.409170"><ele>2630.0</ele></trkpt>
<trkpt lat="45.064430" lon="6.409180"><ele>2631.0</ele></trkpt>
<trkpt lat="45.064480" lon="6.409270"><ele>2632.0</ele></trkpt>
<trkpt lat="45.064490" lon="6.409280"><ele>2632.0</ele></trkpt>
<trkpt lat="45.064560" lon="6.409370"><ele>2633.0</ele></trkpt>
<trkpt lat="45.064580" lon="6.409390"><ele>2633.0</ele></trkpt>
<trkpt lat="45.064560" lon="6.409370"><ele>2633.0</ele></trkpt>
<trkpt lat="45.064490" lon="6.409280"><ele>2632.0</ele></trkpt>
<trkpt lat="45.064480" lon="6.409270"><ele>2632.0</ele></trkpt>
<trkpt lat="45.064430" lon="6.409180"><ele>2631.0</ele></trkpt>
<trkpt lat="45.064430" lon="6.409170"><ele>2630.0</ele></trkpt>
<trkpt lat="45.064360" lon="6.409020"><ele>2629.0</ele></trkpt>
<trkpt lat="45.064350" lon="6.408960"><ele>2628.0</ele></trkpt>
<trkpt lat="45.064310" lon="6.408830"><ele>2627.0</ele></trkpt>
<trkpt lat="45.064270" lon="6.408730"><ele>2626.0</ele></trkpt>
<trkpt lat="45.064230" lon="6.408560"><ele>2625.0</ele></trkpt>
<trkpt lat="45.064200" lon="6.408450"><ele>2624.0</ele></trkpt>
<trkpt lat="45.064190" lon="6.408350"><ele>2623.0</ele></trkpt>
<trkpt lat="45.064200" lon="6.408180"><ele>2622.0</ele></trkpt>
<trkpt lat="45.064200" lon="6.408080"><ele>2621.0</ele></trkpt>
<trkpt lat="45.064200" lon="6.407980"><ele>2621.0</ele></trkpt>
<trkpt lat="45.064170" lon="6.407900"><ele>2620.0</ele></trkpt>
<trkpt lat="45.064150" lon="6.407860"><ele>2620.0</ele></trkpt>
<trkpt lat="45.064120" lon="6.407840"><ele>2619.0</ele></trkpt>
<trkpt lat="45.064090" lon="6.407820"><ele>2619.0</ele></trkpt>
<trkpt lat="45.064080" lon="6.407830"><ele>2619.0</ele></trkpt>
<trkpt lat="45.064050" lon="6.407840"><ele>2618.0</ele></trkpt>
<trkpt lat="45.064040" lon="6.407840"><ele>2618.0</ele></trkpt>
<trkpt lat="45.063990" lon="6.407950"><ele>2617.0</ele></trkpt>
<trkpt lat="45.063970" lon="6.408020"><ele>2616.0</ele></trkpt>
<trkpt lat="45.063950" lon="6.408110"><ele>2616.0</ele></trkpt>
<trkpt lat="45.063880" lon="6.408380"><ele>2615.0</ele></trkpt>
<trkpt lat="45.063850" lon="6.408500"><ele>2615.0</ele></trkpt>
<trkpt lat="45.063790" lon="6.408740"><ele>2614.0</ele></trkpt>
<trkpt lat="45.063780" lon="6.408770"><ele>2614.0</ele></trkpt>
<trkpt lat="45.063740" lon="6.408870"><ele>2614.0</ele></trkpt>
<trkpt lat="45.063710" lon="6.408930"><ele>2614.0</ele></trkpt>
<trkpt lat="45.063700" lon="6.408950"><ele>2613.0</ele></trkpt>
<trkpt lat="45.063660" lon="6.408990"><ele>2613.0</ele></trkpt>
<trkpt lat="45.063560" lon="6.409110"><ele>2613.0</ele></trkpt>
<trkpt lat="45.063550" lon="6.409120"><ele>2612.0</ele></trkpt>
<trkpt lat="45.063490" lon="6.409190"><ele>2612.0</ele></trkpt>
<trkpt lat="45.063430" lon="6.409270"><ele>2612.0</ele></trkpt>
<trkpt lat="45.063430" lon="6.409290"><ele>2612.0</ele></trkpt>
<trkpt lat="45.063390" lon="6.409380"><ele>2611.0</ele></trkpt>
<trkpt lat="45.063360" lon="6.409490"><ele>2611.0</ele></trkpt>
<trkpt lat="45.063350" lon="6.409520"><ele>2611.0</ele></trkpt>
<trkpt lat="45.063330" lon="6.409620"><ele>2610.0</ele></trkpt>
<trkpt lat="45.063300" lon="6.409760"><ele>2610.0</ele></trkpt>
<trkpt lat="45.063300" lon="6.409780"><ele>2610.0</ele></trkpt>
<trkpt lat="45.063270" lon="6.409880"><ele>2609.0</ele></trkpt>
<trkpt lat="45.063250" lon="6.409920"><ele>2609.0</ele></trkpt>
<trkpt lat="45.063220" lon="6.409980"><ele>2609.0</ele></trkpt>
<trkpt lat="45.063190" lon="6.410050"><ele>2608.0</ele></trkpt>
<trkpt lat="45.063090" lon="6.410150"><ele>2608.0</ele></trkpt>
<trkpt lat="45.063060" lon="6.410190"><ele>2607.0</ele></trkpt>
<trkpt lat="45.062970" lon="6.410290"><ele>2606.0</ele></trkpt>
<trkpt lat="45.062950" lon="6.410320"><ele>2606.0</ele></trkpt>
<trkpt lat="45.062890" lon="6.410470"><ele>2605.0</ele></trkpt>
<trkpt lat="45.062870" lon="6.410550"><ele>2605.0</ele></trkpt>
<trkpt lat="45.062850" lon="6.410640"><ele>2604.0</ele></trkpt>
<trkpt lat="45.062830" lon="6.410790"><ele>2603.0</ele></trkpt>
<trkpt lat="45.062830" lon="6.410810"><ele>2603.0</ele></trkpt>
<trkpt lat="45.062790" lon="6.411040"><ele>2602.0</ele></trkpt>
<trkpt lat="45.062780" lon="6.411130"><ele>2601.0</ele></trkpt>
<trkpt lat="45.062740" lon="6.411280"><ele>2601.0</ele></trkpt>
<trkpt lat="45.062740" lon="6.411290"><ele>2600.0</ele></trkpt>
<trkpt lat="45.062710" lon="6.411410"><ele>2600.0</ele></trkpt>
<trkpt lat="45.062660" lon="6.411560"><ele>2599.0</ele></trkpt>
<trkpt lat="45.062620" lon="6.411640"><ele>2599.0</ele></trkpt>
<trkpt lat="45.062580" lon="6.411690"><ele>2598.0</ele></trkpt>
<trkpt lat="45.062550" lon="6.411690"><ele>2598.0</ele></trkpt>
<trkpt lat="45.062540" lon="6.411680"><ele>2598.0</ele></trkpt>
<trkpt lat="45.062520" lon="6.411660"><ele>2598.0</ele></trkpt>
<trkpt lat="45.062500" lon="6.411610"><ele>2597.0</ele></trkpt>
<trkpt lat="45.062490" lon="6.411600"><ele>2597.0</ele></trkpt>
<trkpt lat="45.062510" lon="6.411530"><ele>2597.0</ele></trkpt>
<trkpt lat="45.062520" lon="6.411480"><ele>2596.0</ele></trkpt>
<trkpt lat="45.062540" lon="6.411390"><ele>2596.0</ele></trkpt>
<trkpt lat="45.062570" lon="6.411240"><ele>2595.0</ele></trkpt>
<trkpt lat="45.062580" lon="6.411220"><ele>2595.0</ele></trkpt>
<trkpt lat="45.062590" lon="6.411060"><ele>2594.0</ele></trkpt>
<trkpt lat="45.062580" lon="6.411000"><ele>2594.0</ele></trkpt>
<trkpt lat="45.062570" lon="6.410990"><ele>2594.0</ele></trkpt>
<trkpt lat="45.062560" lon="6.410940"><ele>2594.0</ele></trkpt>
<trkpt lat="45.062550" lon="6.410910"><ele>2594.0</ele></trkpt>
<trkpt lat="45.062540" lon="6.410910"><ele>2593.0</ele></trkpt>
<trkpt lat="45.062520" lon="6.410890"><ele>2593.0</ele></trkpt>
<trkpt lat="45.062510" lon="6.410890"><ele>2593.0</ele></trkpt>
<trkpt lat="45.062490" lon="6.410900"><ele>2593.0</ele></trkpt>
<trkpt lat="45.062480" lon="6.410900"><ele>2592.0</ele></trkpt>
<trkpt lat="45.062480" lon="6.410910"><ele>2592.0</ele></trkpt>
<trkpt lat="45.062460" lon="6.410940"><ele>2592.0</ele></trkpt>
<trkpt lat="45.062460" lon="6.410950"><ele>2591.0</ele></trkpt>
<trkpt lat="45.062460" lon="6.410970"><ele>2591.0</ele></trkpt>
<trkpt lat="45.062450" lon="6.411000"><ele>2590.0</ele></trkpt>
<trkpt lat="45.062450" lon="6.411090"><ele>2589.0</ele></trkpt>
<trkpt lat="45.062450" lon="6.411220"><ele>2588.0</ele></trkpt>
<trkpt lat="45.062450" lon="6.411230"><ele>2587.0</ele></trkpt>
<trkpt lat="45.062410" lon="6.411350"><ele>2586.0</ele></trkpt>
<trkpt lat="45.062380" lon="6.411470"><ele>2586.0</ele></trkpt>
<trkpt lat="45.062340" lon="6.411540"><ele>2585.0</ele></trkpt>
<trkpt lat="45.062320" lon="6.411590"><ele>2585.0</ele></trkpt>
<trkpt lat="45.062310" lon="6.411590"><ele>2584.0</ele></trkpt>
<trkpt lat="45.062270" lon="6.411600"><ele>2584.0</ele></trkpt>
<trkpt lat="45.062250" lon="6.411590"><ele>2583.0</ele></trkpt>
<trkpt lat="45.062250" lon="6.411580"><ele>2583.0</ele></trkpt>
<trkpt lat="45.062240" lon="6.411580"><ele>2583.0</ele></trkpt>
<trkpt lat="45.062240" lon="6.411570"><ele>2582.0</ele></trkpt>
<trkpt lat="45.062230" lon="6.411520"><ele>2582.0</ele></trkpt>
<trkpt lat="45.062230" lon="6.411510"><ele>2581.0</ele></trkpt>
<trkpt lat="45.062270" lon="6.411350"><ele>2580.0</ele></trkpt>
<trkpt lat="45.062290" lon="6.411290"><ele>2579.0</ele></trkpt>
<trkpt lat="45.062300" lon="6.411190"><ele>2578.0</ele></trkpt>
<trkpt lat="45.062290" lon="6.411110"><ele>2577.0</ele></trkpt>
<trkpt lat="45.062290" lon="6.411060"><ele>2577.0</ele></trkpt>
<trkpt lat="45.062280" lon="6.411010"><ele>2576.0</ele></trkpt>
<trkpt lat="45.062280" lon="6.410980"><ele>2576.0</ele></trkpt>
<trkpt lat="45.062270" lon="6.410930"><ele>2575.0</ele></trkpt>
<trkpt lat="45.062250" lon="6.410800"><ele>2574.0</ele></trkpt>
<trkpt lat="45.062250" lon="6.410730"><ele>2573.0</ele></trkpt>
<trkpt lat="45.062240" lon="6.410660"><ele>2572.0</ele></trkpt>
<trkpt lat="45.062230" lon="6.410530"><ele>2571.0</ele></trkpt>
<trkpt lat="45.062230" lon="6.410480"><ele>2571.0</ele></trkpt>
<trkpt lat="45.062230" lon="6.410440"><ele>2570.0</ele></trkpt>
<trkpt lat="45.062230" lon="6.410330"><ele>2569.0</ele></trkpt>
<trkpt lat="45.062230" lon="6.410230"><ele>2568.0</ele></trkpt>
<trkpt lat="45.062230" lon="6.410220"><ele>2568.0</ele></trkpt>
<trkpt lat="45.062230" lon="6.410120"><ele>2567.0</ele></trkpt>
<trkpt lat="45.062220" lon="6.409980"><ele>2566.0</ele></trkpt>
<trkpt lat="45.062230" lon="6.409970"><ele>2566.0</ele></trkpt>
<trkpt lat="45.062230" lon="6.409890"><ele>2566.0</ele></trkpt>
<trkpt lat="45.062240" lon="6.409820"><ele>2565.0</ele></trkpt>
<trkpt lat="45.062270" lon="6.409730"><ele>2565.0</ele></trkpt>
<trkpt lat="45.062280" lon="6.409700"><ele>2564.0</ele></trkpt>
<trkpt lat="45.062350" lon="6.409500"><ele>2564.0</ele></trkpt>
<trkpt lat="45.062360" lon="6.409490"><ele>2563.0</ele></trkpt>
<trkpt lat="45.062440" lon="6.409280"><ele>2563.0</ele></trkpt>
<trkpt lat="45.062510" lon="6.409120"><ele>2562.0</ele></trkpt>
<trkpt lat="45.062590" lon="6.408960"><ele>2562.0</ele></trkpt>
<trkpt lat="45.062650" lon="6.408870"><ele>2561.0</ele></trkpt>
<trkpt lat="45.062660" lon="6.408850"><ele>2561.0</ele></trkpt>
<trkpt lat="45.062750" lon="6.408730"><ele>2561.0</ele></trkpt>
<trkpt lat="45.062790" lon="6.408700"><ele>2561.0</ele></trkpt>
<trkpt lat="45.062820" lon="6.408660"><ele>2560.0</ele></trkpt>
<trkpt lat="45.062870" lon="6.408600"><ele>2560.0</ele></trkpt>
<trkpt lat="45.062900" lon="6.408550"><ele>2560.0</ele></trkpt>
<trkpt lat="45.062920" lon="6.408480"><ele>2559.0</ele></trkpt>
<trkpt lat="45.062940" lon="6.408390"><ele>2559.0</ele></trkpt>
<trkpt lat="45.062950" lon="6.408270"><ele>2559.0</ele></trkpt>
<trkpt lat="45.062950" lon="6.408250"><ele>2558.0</ele></trkpt>
<trkpt lat="45.062960" lon="6.408090"><ele>2558.0</ele></trkpt>
<trkpt lat="45.062960" lon="6.408020"><ele>2558.0</ele></trkpt>
<trkpt lat="45.062950" lon="6.407960"><ele>2557.0</ele></trkpt>
<trkpt lat="45.062940" lon="6.407800"><ele>2557.0</ele></trkpt>
<trkpt lat="45.062930" lon="6.407760"><ele>2556.0</ele></trkpt>
<trkpt lat="45.062930" lon="6.407670"><ele>2556.0</ele></trkpt>
<trkpt lat="45.062940" lon="6.407520"><ele>2555.0</ele></trkpt>
<trkpt lat="45.062940" lon="6.407510"><ele>2554.0</ele></trkpt>
<trkpt lat="45.062940" lon="6.407420"><ele>2554.0</ele></trkpt>
<trkpt lat="45.062920" lon="6.407320"><ele>2553.0</ele></trkpt>
<trkpt lat="45.062870" lon="6.407130"><ele>2552.0</ele></trkpt>
<trkpt lat="45.062820" lon="6.407050"><ele>2552.0</ele></trkpt>
<trkpt lat="45.062810" lon="6.407030"><ele>2551.0</ele></trkpt>
<trkpt lat="45.062770" lon="6.406970"><ele>2550.0</ele></trkpt>
<trkpt lat="45.062680" lon="6.406870"><ele>2550.0</ele></trkpt>
<trkpt lat="45.062620" lon="6.406820"><ele>2549.0</ele></trkpt>
<trkpt lat="45.062580" lon="6.406770"><ele>2549.0</ele></trkpt>
<trkpt lat="45.062530" lon="6.406710"><ele>2548.0</ele></trkpt>
<trkpt lat="45.062530" lon="6.406710"><ele>2548.0</ele></trkpt>
<trkpt lat="45.062420" lon="6.406630"><ele>2547.0</ele></trkpt>
<trkpt lat="45.062370" lon="6.406600"><ele>2546.0</ele></trkpt>
<trkpt lat="45.062310" lon="6.406560"><ele>2546.0</ele></trkpt>
<trkpt lat="45.062270" lon="6.406510"><ele>2545.0</ele></trkpt>
<trkpt lat="45.062230" lon="6.406450"><ele>2544.0</ele></trkpt>
<trkpt lat="45.062190" lon="6.406390"><ele>2544.0</ele></trkpt>
<trkpt lat="45.062120" lon="6.406250"><ele>2543.0</ele></trkpt>
<trkpt lat="45.062080" lon="6.406190"><ele>2542.0</ele></trkpt>
<trkpt lat="45.062010" lon="6.406050"><ele>2541.0</ele></trkpt>
<trkpt lat="45.061960" lon="6.405950"><ele>2541.0</ele></trkpt>
<trkpt lat="45.061900" lon="6.405850"><ele>2540.0</ele></trkpt>
<trkpt lat="45.061870" lon="6.405810"><ele>2540.0</ele></trkpt>
<trkpt lat="45.061800" lon="6.405750"><ele>2539.0</ele></trkpt>
<trkpt lat="45.061730" lon="6.405740"><ele>2539.0</ele></trkpt>
<trkpt lat="45.061670" lon="6.405730"><ele>2539.0</ele></trkpt>
<trkpt lat="45.061600" lon="6.405750"><ele>2538.0</ele></trkpt>
<trkpt lat="45.061570" lon="6.405780"><ele>2538.0</ele></trkpt>
<trkpt lat="45.061540" lon="6.405810"><ele>2538.0</ele></trkpt>
<trkpt lat="45.061500" lon="6.405870"><ele>2537.0</ele></trkpt>
<trkpt lat="45.061460" lon="6.405970"><ele>2537.0</ele></trkpt>
<trkpt lat="45.061440" lon="6.406060"><ele>2536.0</ele></trkpt>
<trkpt lat="45.061450" lon="6.406180"><ele>2536.0</ele></trkpt>
<trkpt lat="45.061480" lon="6.406290"><ele>2535.0</ele></trkpt>
<trkpt lat="45.061540" lon="6.406400"><ele>2535.0</ele></trkpt>
<trkpt lat="45.061560" lon="6.406440"><ele>2534.0</ele></trkpt>
<trkpt lat="45.061670" lon="6.406590"><ele>2534.0</ele></trkpt>
<trkpt lat="45.061770" lon="6.406710"><ele>2533.0</ele></trkpt>
<trkpt lat="45.061870" lon="6.406820"><ele>2532.0</ele></trkpt>
<trkpt lat="45.061970" lon="6.406910"><ele>2531.0</ele></trkpt>
<trkpt lat="45.062160" lon="6.407020"><ele>2531.0</ele></trkpt>
<trkpt lat="45.062280" lon="6.407100"><ele>2530.0</ele></trkpt>
<trkpt lat="45.062390" lon="6.407190"><ele>2530.0</ele></trkpt>
<trkpt lat="45.062450" lon="6.407270"><ele>2529.0</ele></trkpt>
<trkpt lat="45.062460" lon="6.407280"><ele>2529.0</ele></trkpt>
<trkpt lat="45.062500" lon="6.407380"><ele>2528.0</ele></trkpt>
<trkpt lat="45.062510" lon="6.407540"><ele>2527.0</ele></trkpt>
<trkpt lat="45.062480" lon="6.407700"><ele>2527.0</ele></trkpt>
<trkpt lat="45.062460" lon="6.407740"><ele>2526.0</ele></trkpt>
<trkpt lat="45.062410" lon="6.407840"><ele>2526.0</ele></trkpt>
<trkpt lat="45.062340" lon="6.407920"><ele>2525.0</ele></trkpt>
<trkpt lat="45.062320" lon="6.407950"><ele>2524.0</ele></trkpt>
<trkpt lat="45.062180" lon="6.408040"><ele>2523.0</ele></trkpt>
<trkpt lat="45.062010" lon="6.408130"><ele>2522.0</ele></trkpt>
<trkpt lat="45.061850" lon="6.408230"><ele>2522.0</ele></trkpt>
<trkpt lat="45.061840" lon="6.408230"><ele>2521.0</ele></trkpt>
<trkpt lat="45.061720" lon="6.408320"><ele>2521.0</ele></trkpt>
<trkpt lat="45.061690" lon="6.408350"><ele>2520.0</ele></trkpt>
<trkpt lat="45.061640" lon="6.408420"><ele>2520.0</ele></trkpt>
<trkpt lat="45.061570" lon="6.408540"><ele>2519.0</ele></trkpt>
<trkpt lat="45.061570" lon="6.408550"><ele>2519.0</ele></trkpt>
<trkpt lat="45.061520" lon="6.408670"><ele>2519.0</ele></trkpt>
<trkpt lat="45.061490" lon="6.408770"><ele>2518.0</ele></trkpt>
<trkpt lat="45.061490" lon="6.408790"><ele>2518.0</ele></trkpt>
<trkpt lat="45.061480" lon="6.408910"><ele>2518.0</ele></trkpt>
<trkpt lat="45.061480" lon="6.409020"><ele>2517.0</ele></trkpt>
<trkpt lat="45.061490" lon="6.409150"><ele>2517.0</ele></trkpt>
<trkpt lat="45.061500" lon="6.409270"><ele>2517.0</ele></trkpt>
<trkpt lat="45.061500" lon="6.409290"><ele>2517.0</ele></trkpt>
<trkpt lat="45.061500" lon="6.409410"><ele>2517.0</ele></trkpt>
<trkpt lat="45.061490" lon="6.409510"><ele>2517.0</ele></trkpt>
<trkpt lat="45.061480" lon="6.409530"><ele>2517.0</ele></trkpt>
<trkpt lat="45.061460" lon="6.409590"><ele>2517.0</ele></trkpt>
<trkpt lat="45.061430" lon="6.409670"><ele>2516.0</ele></trkpt>
<trkpt lat="45.061390" lon="6.409740"><ele>2516.0</ele></trkpt>
<trkpt lat="45.061360" lon="6.409810"><ele>2516.0</ele></trkpt>
<trkpt lat="45.061240" lon="6.410000"><ele>2516.0</ele></trkpt>
<trkpt lat="45.061050" lon="6.410320"><ele>2515.0</ele></trkpt>
<trkpt lat="45.061040" lon="6.410330"><ele>2515.0</ele></trkpt>
<trkpt lat="45.060960" lon="6.410470"><ele>2515.0</ele></trkpt>
<trkpt lat="45.060930" lon="6.410530"><ele>2515.0</ele></trkpt>
<trkpt lat="45.060870" lon="6.410640"><ele>2515.0</ele></trkpt>
<trkpt lat="45.060820" lon="6.410730"><ele>2515.0</ele></trkpt>
<trkpt lat="45.060810" lon="6.410750"><ele>2515.0</ele></trkpt>
<trkpt lat="45.060740" lon="6.410950"><ele>2514.0</ele></trkpt>
<trkpt lat="45.060700" lon="6.411100"><ele>2514.0</ele></trkpt>
<trkpt lat="45.060670" lon="6.411190"><ele>2514.0</ele></trkpt>
<trkpt lat="45.060670" lon="6.411200"><ele>2514.0</ele></trkpt>
<trkpt lat="45.060650" lon="6.411350"><ele>2514.0</ele></trkpt>
<trkpt lat="45.060630" lon="6.411440"><ele>2513.0</ele></trkpt>
<trkpt lat="45.060620" lon="6.411490"><ele>2513.0</ele></trkpt>
<trkpt lat="45.060580" lon="6.411590"><ele>2513.0</ele></trkpt>
<trkpt lat="45.060540" lon="6.411640"><ele>2513.0</ele></trkpt>
<trkpt lat="45.060530" lon="6.411640"><ele>2513.0</ele></trkpt>
<trkpt lat="45.060480" lon="6.411680"><ele>2513.0</ele></trkpt>
<trkpt lat="45.060420" lon="6.411680"><ele>2512.0</ele></trkpt>
<trkpt lat="45.060360" lon="6.411660"><ele>2512.0</ele></trkpt>
<trkpt lat="45.060350" lon="6.411660"><ele>2512.0</ele></trkpt>
<trkpt lat="45.060300" lon="6.411590"><ele>2512.0</ele></trkpt>
<trkpt lat="45.060280" lon="6.411520"><ele>2512.0</ele></trkpt>
<trkpt lat="45.060280" lon="6.411510"><ele>2511.0</ele></trkpt>
<trkpt lat="45.060290" lon="6.411450"><ele>2511.0</ele></trkpt>
<trkpt lat="45.060290" lon="6.411400"><ele>2511.0</ele></trkpt>
<trkpt lat="45.060330" lon="6.411280"><ele>2511.0</ele></trkpt>
<trkpt lat="45.060360" lon="6.411220"><ele>2510.0</ele></trkpt>
<trkpt lat="45.060410" lon="6.411130"><ele>2510.0</ele></trkpt>
<trkpt lat="45.060460" lon="6.411010"><ele>2509.0</ele></trkpt>
<trkpt lat="45.060570" lon="6.410800"><ele>2509.0</ele></trkpt>
<trkpt lat="45.060670" lon="6.410600"><ele>2508.0</ele></trkpt>
<trkpt lat="45.060690" lon="6.410570"><ele>2508.0</ele></trkpt>
<trkpt lat="45.060770" lon="6.410390"><ele>2507.0</ele></trkpt>
<trkpt lat="45.060830" lon="6.410260"><ele>2507.0</ele></trkpt>
<trkpt lat="45.060870" lon="6.410170"><ele>2506.0</ele></trkpt>
<trkpt lat="45.060880" lon="6.410140"><ele>2506.0</ele></trkpt>
<trkpt lat="45.060910" lon="6.410010"><ele>2505.0</ele></trkpt>
<trkpt lat="45.060940" lon="6.409860"><ele>2504.0</ele></trkpt>
<trkpt lat="45.060940" lon="6.409680"><ele>2503.0</ele></trkpt>
<trkpt lat="45.060940" lon="6.409510"><ele>2502.0</ele></trkpt>
<trkpt lat="45.060940" lon="6.409280"><ele>2501.0</ele></trkpt>
<trkpt lat="45.060950" lon="6.409040"><ele>2501.0</ele></trkpt>
<trkpt lat="45.060940" lon="6.408980"><ele>2500.0</ele></trkpt>
<trkpt lat="45.060950" lon="6.408780"><ele>2499.0</ele></trkpt>
<trkpt lat="45.060950" lon="6.408620"><ele>2498.0</ele></trkpt>
<trkpt lat="45.060970" lon="6.408490"><ele>2498.0</ele></trkpt>
<trkpt lat="45.060990" lon="6.408310"><ele>2497.0</ele></trkpt>
<trkpt lat="45.061010" lon="6.408160"><ele>2496.0</ele></trkpt>
<trkpt lat="45.061030" lon="6.407990"><ele>2496.0</ele></trkpt>
<trkpt lat="45.061040" lon="6.407880"><ele>2495.0</ele></trkpt>
<trkpt lat="45.061040" lon="6.407770"><ele>2495.0</ele></trkpt>
<trkpt lat="45.061030" lon="6.407680"><ele>2494.0</ele></trkpt>
<trkpt lat="45.061010" lon="6.407590"><ele>2494.0</ele></trkpt>
<trkpt lat="45.060970" lon="6.407500"><ele>2494.0</ele></trkpt>
<trkpt lat="45.060900" lon="6.407380"><ele>2493.0</ele></trkpt>
<trkpt lat="45.060840" lon="6.407290"><ele>2493.0</ele></trkpt>
<trkpt lat="45.060780" lon="6.407230"><ele>2493.0</ele></trkpt>
<trkpt lat="45.060730" lon="6.407190"><ele>2493.0</ele></trkpt>
<trkpt lat="45.060710" lon="6.407170"><ele>2492.0</ele></trkpt>
<trkpt lat="45.060600" lon="6.407120"><ele>2492.0</ele></trkpt>
<trkpt lat="45.060460" lon="6.407070"><ele>2491.0</ele></trkpt>
<trkpt lat="45.060310" lon="6.407020"><ele>2491.0</ele></trkpt>
<trkpt lat="45.060190" lon="6.406970"><ele>2491.0</ele></trkpt>
<trkpt lat="45.060070" lon="6.406940"><ele>2490.0</ele></trkpt>
<trkpt lat="45.059970" lon="6.406950"><ele>2490.0</ele></trkpt>
<trkpt lat="45.059890" lon="6.406950"><ele>2489.0</ele></trkpt>
<trkpt lat="45.059720" lon="6.406990"><ele>2489.0</ele></trkpt>
<trkpt lat="45.059540" lon="6.407030"><ele>2488.0</ele></trkpt>
<trkpt lat="45.059420" lon="6.407060"><ele>2487.0</ele></trkpt>
<trkpt lat="45.059320" lon="6.407100"><ele>2487.0</ele></trkpt>
<trkpt lat="45.059290" lon="6.407120"><ele>2486.0</ele></trkpt>
<trkpt lat="45.059110" lon="6.407210"><ele>2485.0</ele></trkpt>
<trkpt lat="45.059000" lon="6.407260"><ele>2484.0</ele></trkpt>
<trkpt lat="45.058860" lon="6.407310"><ele>2483.0</ele></trkpt>
<trkpt lat="45.058810" lon="6.407330"><ele>2482.0</ele></trkpt>
<trkpt lat="45.058690" lon="6.407360"><ele>2482.0</ele></trkpt>
<trkpt lat="45.058630" lon="6.407380"><ele>2481.0</ele></trkpt>
<trkpt lat="45.058530" lon="6.407420"><ele>2480.0</ele></trkpt>
<trkpt lat="45.058460" lon="6.407440"><ele>2479.0</ele></trkpt>
<trkpt lat="45.058330" lon="6.407490"><ele>2478.0</ele></trkpt>
<trkpt lat="45.058210" lon="6.407560"><ele>2477.0</ele></trkpt>
<trkpt lat="45.058120" lon="6.407610"><ele>2477.0</ele></trkpt>
<trkpt lat="45.058080" lon="6.407640"><ele>2476.0</ele></trkpt>
<trkpt lat="45.057950" lon="6.407700"><ele>2475.0</ele></trkpt>
<trkpt lat="45.057790" lon="6.407770"><ele>2474.0</ele></trkpt>
<trkpt lat="45.057780" lon="6.407770"><ele>2473.0</ele></trkpt>
<trkpt lat="45.057610" lon="6.407840"><ele>2472.0</ele></trkpt>
<trkpt lat="45.057580" lon="6.407850"><ele>2471.0</ele></trkpt>
<trkpt lat="45.057430" lon="6.407910"><ele>2470.0</ele></trkpt>
<trkpt lat="45.057410" lon="6.407920"><ele>2469.0</ele></trkpt>
<trkpt lat="45.057340" lon="6.407960"><ele>2468.0</ele></trkpt>
<trkpt lat="45.057270" lon="6.408000"><ele>2467.0</ele></trkpt>
<trkpt lat="45.057260" lon="6.408010"><ele>2467.0</ele></trkpt>
<trkpt lat="45.057220" lon="6.408050"><ele>2466.0</ele></trkpt>
<trkpt lat="45.057190" lon="6.408080"><ele>2465.0</ele></trkpt>
<trkpt lat="45.057130" lon="6.408150"><ele>2464.0</ele></trkpt>
<trkpt lat="45.057080" lon="6.408250"><ele>2463.0</ele></trkpt>
<trkpt lat="45.057030" lon="6.408360"><ele>2462.0</ele></trkpt>
<trkpt lat="45.057030" lon="6.408370"><ele>2461.0</ele></trkpt>
<trkpt lat="45.056970" lon="6.408490"><ele>2460.0</ele></trkpt>
<trkpt lat="45.056930" lon="6.408560"><ele>2459.0</ele></trkpt>
<trkpt lat="45.056910" lon="6.408570"><ele>2458.0</ele></trkpt>
<trkpt lat="45.056830" lon="6.408640"><ele>2457.0</ele></trkpt>
<trkpt lat="45.056780" lon="6.408670"><ele>2456.0</ele></trkpt>
<trkpt lat="45.056750" lon="6.408670"><ele>2456.0</ele></trkpt>
<trkpt lat="45.056700" lon="6.408680"><ele>2454.0</ele></trkpt>
<trkpt lat="45.056580" lon="6.408670"><ele>2453.0</ele></trkpt>
<trkpt lat="45.056570" lon="6.408660"><ele>2452.0</ele></trkpt>
<trkpt lat="45.056420" lon="6.408640"><ele>2450.0</ele></trkpt>
<trkpt lat="45.056390" lon="6.408640"><ele>2449.0</ele></trkpt>
<trkpt lat="45.056220" lon="6.408620"><ele>2447.0</ele></trkpt>
<trkpt lat="45.056210" lon="6.408620"><ele>2446.0</ele></trkpt>
<trkpt lat="45.056000" lon="6.408640"><ele>2445.0</ele></trkpt>
<trkpt lat="45.055860" lon="6.408640"><ele>2443.0</ele></trkpt>
<trkpt lat="45.055740" lon="6.408640"><ele>2443.0</ele></trkpt>
<trkpt lat="45.055680" lon="6.408610"><ele>2443.0</ele></trkpt>
<trkpt lat="45.055660" lon="6.408600"><ele>2442.0</ele></trkpt>
<trkpt lat="45.055590" lon="6.408540"><ele>2442.0</ele></trkpt>
<trkpt lat="45.055540" lon="6.408460"><ele>2441.0</ele></trkpt>
<trkpt lat="45.055470" lon="6.408350"><ele>2441.0</ele></trkpt>
<trkpt lat="45.055430" lon="6.408250"><ele>2440.0</ele></trkpt>
<trkpt lat="45.055400" lon="6.408180"><ele>2440.0</ele></trkpt>
<trkpt lat="45.055360" lon="6.408060"><ele>2439.0</ele></trkpt>
<trkpt lat="45.055330" lon="6.407920"><ele>2438.0</ele></trkpt>
<trkpt lat="45.055290" lon="6.407780"><ele>2438.0</ele></trkpt>
<trkpt lat="45.055280" lon="6.407720"><ele>2437.0</ele></trkpt>
<trkpt lat="45.055210" lon="6.407480"><ele>2436.0</ele></trkpt>
<trkpt lat="45.055150" lon="6.407320"><ele>2435.0</ele></trkpt>
<trkpt lat="45.055080" lon="6.407100"><ele>2434.0</ele></trkpt>
<trkpt lat="45.054890" lon="6.406650"><ele>2433.0</ele></trkpt>
<trkpt lat="45.054820" lon="6.406490"><ele>2433.0</ele></trkpt>
<trkpt lat="45.054680" lon="6.406240"><ele>2433.0</ele></trkpt>
<trkpt lat="45.054560" lon="6.406020"><ele>2433.0</ele></trkpt>
<trkpt lat="45.054460" lon="6.405840"><ele>2433.0</ele></trkpt>
<trkpt lat="45.054400" lon="6.405750"><ele>2433.0</ele></trkpt>
<trkpt lat="45.054350" lon="6.405630"><ele>2433.0</ele></trkpt>
<trkpt lat="45.054260" lon="6.405390"><ele>2433.0</ele></trkpt>
<trkpt lat="45.054180" lon="6.405190"><ele>2433.0</ele></trkpt>
<trkpt lat="45.054100" lon="6.404960"><ele>2433.0</ele></trkpt>
<trkpt lat="45.054080" lon="6.404920"><ele>2433.0</ele></trkpt>
<trkpt lat="45.054010" lon="6.404740"><ele>2432.0</ele></trkpt>
<trkpt lat="45.053930" lon="6.404530"><ele>2432.0</ele></trkpt>
<trkpt lat="45.053930" lon="6.404510"><ele>2431.0</ele></trkpt>
<trkpt lat="45.053850" lon="6.404280"><ele>2430.0</ele></trkpt>
<trkpt lat="45.053820" lon="6.404210"><ele>2429.0</ele></trkpt>
<trkpt lat="45.053800" lon="6.404040"><ele>2427.0</ele></trkpt>
<trkpt lat="45.053790" lon="6.403960"><ele>2427.0</ele></trkpt>
<trkpt lat="45.053810" lon="6.403790"><ele>2426.0</ele></trkpt>
<trkpt lat="45.053810" lon="6.403770"><ele>2425.0</ele></trkpt>
<trkpt lat="45.053850" lon="6.403540"><ele>2423.0</ele></trkpt>
<trkpt lat="45.053860" lon="6.403530"><ele>2423.0</ele></trkpt>
<trkpt lat="45.053910" lon="6.403300"><ele>2421.0</ele></trkpt>
<trkpt lat="45.053930" lon="6.403200"><ele>2421.0</ele></trkpt>
<trkpt lat="45.053930" lon="6.403060"><ele>2420.0</ele></trkpt>
<trkpt lat="45.053930" lon="6.403050"><ele>2419.0</ele></trkpt>
<trkpt lat="45.053930" lon="6.402900"><ele>2418.0</ele></trkpt>
<trkpt lat="45.053900" lon="6.402800"><ele>2418.0</ele></trkpt>
<trkpt lat="45.053890" lon="6.402760"><ele>2417.0</ele></trkpt>
<trkpt lat="45.053850" lon="6.402670"><ele>2416.0</ele></trkpt>
<trkpt lat="45.053800" lon="6.402600"><ele>2416.0</ele></trkpt>
<trkpt lat="45.053800" lon="6.402590"><ele>2415.0</ele></trkpt>
<trkpt lat="45.053740" lon="6.402560"><ele>2414.0</ele></trkpt>
<trkpt lat="45.053680" lon="6.402540"><ele>2414.0</ele></trkpt>
<trkpt lat="45.053630" lon="6.402550"><ele>2413.0</ele></trkpt>
<trkpt lat="45.053580" lon="6.402560"><ele>2412.0</ele></trkpt>
<trkpt lat="45.053470" lon="6.402600"><ele>2411.0</ele></trkpt>
<trkpt lat="45.053450" lon="6.402610"><ele>2410.0</ele></trkpt>
<trkpt lat="45.053320" lon="6.402630"><ele>2409.0</ele></trkpt>
<trkpt lat="45.053270" lon="6.402610"><ele>2408.0</ele></trkpt>
<trkpt lat="45.053240" lon="6.402600"><ele>2407.0</ele></trkpt>
<trkpt lat="45.053190" lon="6.402530"><ele>2406.0</ele></trkpt>
<trkpt lat="45.053140" lon="6.402450"><ele>2405.0</ele></trkpt>
<trkpt lat="45.053130" lon="6.402430"><ele>2404.0</ele></trkpt>
<trkpt lat="45.053090" lon="6.402270"><ele>2402.0</ele></trkpt>
<trkpt lat="45.053090" lon="6.402210"><ele>2401.0</ele></trkpt>
<trkpt lat="45.053090" lon="6.402140"><ele>2399.0</ele></trkpt>
<trkpt lat="45.053100" lon="6.401950"><ele>2397.0</ele></trkpt>
<trkpt lat="45.053100" lon="6.401770"><ele>2396.0</ele></trkpt>
<trkpt lat="45.053100" lon="6.401700"><ele>2394.0</ele></trkpt>
<trkpt lat="45.053090" lon="6.401650"><ele>2392.0</ele></trkpt>
<trkpt lat="45.053050" lon="6.401440"><ele>2390.0</ele></trkpt>
<trkpt lat="45.052950" lon="6.400960"><ele>2387.0</ele></trkpt>
<trkpt lat="45.052940" lon="6.400920"><ele>2386.0</ele></trkpt>
<trkpt lat="45.052890" lon="6.400720"><ele>2385.0</ele></trkpt>
<trkpt lat="45.052880" lon="6.400640"><ele>2384.0</ele></trkpt>
<trkpt lat="45.052870" lon="6.400540"><ele>2384.0</ele></trkpt>
<trkpt lat="45.052870" lon="6.400470"><ele>2384.0</ele></trkpt>
<trkpt lat="45.052870" lon="6.400430"><ele>2384.0</ele></trkpt>
<trkpt lat="45.052920" lon="6.400200"><ele>2384.0</ele></trkpt>
<trkpt lat="45.052950" lon="6.399980"><ele>2384.0</ele></trkpt>
<trkpt lat="45.052960" lon="6.399940"><ele>2384.0</ele></trkpt>
<trkpt lat="45.053000" lon="6.399800"><ele>2384.0</ele></trkpt>
<trkpt lat="45.053020" lon="6.399740"><ele>2384.0</ele></trkpt>
<trkpt lat="45.053090" lon="6.399510"><ele>2385.0</ele></trkpt>
<trkpt lat="45.053110" lon="6.399460"><ele>2385.0</ele></trkpt>
<trkpt lat="45.053180" lon="6.399170"><ele>2385.0</ele></trkpt>
<trkpt lat="45.053210" lon="6.399030"><ele>2385.0</ele></trkpt>
<trkpt lat="45.053240" lon="6.398860"><ele>2385.0</ele></trkpt>
<trkpt lat="45.053240" lon="6.398780"><ele>2385.0</ele></trkpt>
<trkpt lat="45.053270" lon="6.398570"><ele>2385.0</ele></trkpt>
<trkpt lat="45.053280" lon="6.398310"><ele>2385.0</ele></trkpt>
<trkpt lat="45.053290" lon="6.398280"><ele>2385.0</ele></trkpt>
<trkpt lat="45.053300" lon="6.398020"><ele>2384.0</ele></trkpt>
<trkpt lat="45.053310" lon="6.397840"><ele>2384.0</ele></trkpt>
<trkpt lat="45.053310" lon="6.397770"><ele>2383.0</ele></trkpt>
<trkpt lat="45.053330" lon="6.397540"><ele>2382.0</ele></trkpt>
<trkpt lat="45.053330" lon="6.397510"><ele>2382.0</ele></trkpt>
<trkpt lat="45.053330" lon="6.397260"><ele>2381.0</ele></trkpt>
<trkpt lat="45.053340" lon="6.397060"><ele>2380.0</ele></trkpt>
<trkpt lat="45.053340" lon="6.397000"><ele>2380.0</ele></trkpt>
<trkpt lat="45.053340" lon="6.396760"><ele>2379.0</ele></trkpt>
<trkpt lat="45.053340" lon="6.396750"><ele>2378.0</ele></trkpt>
<trkpt lat="45.053330" lon="6.396500"><ele>2377.0</ele></trkpt>
<trkpt lat="45.053330" lon="6.396480"><ele>2377.0</ele></trkpt>
<trkpt lat="45.053320" lon="6.396000"><ele>2375.0</ele></trkpt>
<trkpt lat="45.053290" lon="6.395810"><ele>2375.0</ele></trkpt>
<trkpt lat="45.053280" lon="6.395740"><ele>2374.0</ele></trkpt>
<trkpt lat="45.053260" lon="6.395610"><ele>2373.0</ele></trkpt>
<trkpt lat="45.053230" lon="6.395490"><ele>2372.0</ele></trkpt>
<trkpt lat="45.053170" lon="6.395260"><ele>2371.0</ele></trkpt>
<trkpt lat="45.053100" lon="6.395020"><ele>2371.0</ele></trkpt>
<trkpt lat="45.053070" lon="6.394900"><ele>2370.0</ele></trkpt>
<trkpt lat="45.053040" lon="6.394780"><ele>2369.0</ele></trkpt>
<trkpt lat="45.052990" lon="6.394570"><ele>2369.0</ele></trkpt>
<trkpt lat="45.052970" lon="6.394540"><ele>2368.0</ele></trkpt>
<trkpt lat="45.052940" lon="6.394440"><ele>2368.0</ele></trkpt>
<trkpt lat="45.052900" lon="6.394380"><ele>2367.0</ele></trkpt>
<trkpt lat="45.052840" lon="6.394310"><ele>2367.0</ele></trkpt>
<trkpt lat="45.052780" lon="6.394260"><ele>2366.0</ele></trkpt>
<trkpt lat="45.052710" lon="6.394200"><ele>2365.0</ele></trkpt>
<trkpt lat="45.052620" lon="6.394130"><ele>2365.0</ele></trkpt>
<trkpt lat="45.052590" lon="6.394100"><ele>2364.0</ele></trkpt>
<trkpt lat="45.052510" lon="6.394040"><ele>2364.0</ele></trkpt>
<trkpt lat="45.052480" lon="6.393990"><ele>2363.0</ele></trkpt>
<trkpt lat="45.052430" lon="6.393920"><ele>2362.0</ele></trkpt>
<trkpt lat="45.052370" lon="6.393780"><ele>2362.0</ele></trkpt>
<trkpt lat="45.052320" lon="6.393540"><ele>2361.0</ele></trkpt>
<trkpt lat="45.052310" lon="6.393510"><ele>2360.0</ele></trkpt>
<trkpt lat="45.052280" lon="6.393290"><ele>2360.0</ele></trkpt>
<trkpt lat="45.052270" lon="6.393230"><ele>2359.0</ele></trkpt>
<trkpt lat="45.052240" lon="6.393120"><ele>2359.0</ele></trkpt>
<trkpt lat="45.052210" lon="6.393060"><ele>2358.0</ele></trkpt>
<trkpt lat="45.052180" lon="6.393010"><ele>2358.0</ele></trkpt>
<trkpt lat="45.052120" lon="6.392930"><ele>2357.0</ele></trkpt>
<trkpt lat="45.052080" lon="6.392890"><ele>2357.0</ele></trkpt>
<trkpt lat="45.052050" lon="6.392860"><ele>2356.0</ele></trkpt>
<trkpt lat="45.051930" lon="6.392770"><ele>2356.0</ele></trkpt>
<trkpt lat="45.051920" lon="6.392760"><ele>2356.0</ele></trkpt>
<trkpt lat="45.051800" lon="6.392660"><ele>2355.0</ele></trkpt>
<trkpt lat="45.051770" lon="6.392630"><ele>2355.0</ele></trkpt>
<trkpt lat="45.051750" lon="6.392610"><ele>2354.0</ele></trkpt>
<trkpt lat="45.051710" lon="6.392550"><ele>2354.0</ele></trkpt>
<trkpt lat="45.051670" lon="6.392490"><ele>2354.0</ele></trkpt>
<trkpt lat="45.051650" lon="6.392440"><ele>2353.0</ele></trkpt>
<trkpt lat="45.051640" lon="6.392400"><ele>2353.0</ele></trkpt>
<trkpt lat="45.051630" lon="6.392290"><ele>2352.0</ele></trkpt>
<trkpt lat="45.051640" lon="6.392190"><ele>2352.0</ele></trkpt>
<trkpt lat="45.051650" lon="6.392160"><ele>2351.0</ele></trkpt>
<trkpt lat="45.051690" lon="6.391940"><ele>2350.0</ele></trkpt>
<trkpt lat="45.051690" lon="6.391920"><ele>2350.0</ele></trkpt>
<trkpt lat="45.051750" lon="6.391710"><ele>2349.0</ele></trkpt>
<trkpt lat="45.051820" lon="6.391470"><ele>2348.0</ele></trkpt>
<trkpt lat="45.051820" lon="6.391460"><ele>2348.0</ele></trkpt>
<trkpt lat="45.051880" lon="6.391230"><ele>2348.0</ele></trkpt>
<trkpt lat="45.051920" lon="6.391080"><ele>2348.0</ele></trkpt>
<trkpt lat="45.051950" lon="6.391000"><ele>2349.0</ele></trkpt>
<trkpt lat="45.051970" lon="6.390930"><ele>2349.0</ele></trkpt>
<trkpt lat="45.052030" lon="6.390770"><ele>2349.0</ele></trkpt>
<trkpt lat="45.052120" lon="6.390600"><ele>2350.0</ele></trkpt>
<trkpt lat="45.052140" lon="6.390570"><ele>2350.0</ele></trkpt>
<trkpt lat="45.052260" lon="6.390420"><ele>2350.0</ele></trkpt>
<trkpt lat="45.052280" lon="6.390400"><ele>2350.0</ele></trkpt>
<trkpt lat="45.052320" lon="6.390330"><ele>2350.0</ele></trkpt>
<trkpt lat="45.052380" lon="6.390230"><ele>2351.0</ele></trkpt>
<trkpt lat="45.052390" lon="6.390200"><ele>2351.0</ele></trkpt>
<trkpt lat="45.052410" lon="6.390150"><ele>2351.0</ele></trkpt>
<trkpt lat="45.052430" lon="6.390050"><ele>2351.0</ele></trkpt>
<trkpt lat="45.052420" lon="6.389960"><ele>2351.0</ele></trkpt>
<trkpt lat="45.052410" lon="6.389950"><ele>2352.0</ele></trkpt>
<trkpt lat="45.052380" lon="6.389850"><ele>2352.0</ele></trkpt>
<trkpt lat="45.052340" lon="6.389750"><ele>2352.0</ele></trkpt>
<trkpt lat="45.052290" lon="6.389680"><ele>2352.0</ele></trkpt>
<trkpt lat="45.052260" lon="6.389630"><ele>2352.0</ele></trkpt>
<trkpt lat="45.052160" lon="6.389550"><ele>2353.0</ele></trkpt>
<trkpt lat="45.052060" lon="6.389490"><ele>2353.0</ele></trkpt>
<trkpt lat="45.052010" lon="6.389480"><ele>2352.0</ele></trkpt>
<trkpt lat="45.051960" lon="6.389470"><ele>2352.0</ele></trkpt>
<trkpt lat="45.051900" lon="6.389480"><ele>2352.0</ele></trkpt>
<trkpt lat="45.051840" lon="6.389530"><ele>2351.0</ele></trkpt>
<trkpt lat="45.051790" lon="6.389600"><ele>2350.0</ele></trkpt>
<trkpt lat="45.051730" lon="6.389690"><ele>2349.0</ele></trkpt>
<trkpt lat="45.051720" lon="6.389720"><ele>2347.0</ele></trkpt>
<trkpt lat="45.051630" lon="6.389890"><ele>2345.0</ele></trkpt>
<trkpt lat="45.051530" lon="6.390090"><ele>2343.0</ele></trkpt>
<trkpt lat="45.051300" lon="6.390530"><ele>2340.0</ele></trkpt>
<trkpt lat="45.051200" lon="6.390720"><ele>2339.0</ele></trkpt>
<trkpt lat="45.051150" lon="6.390820"><ele>2337.0</ele></trkpt>
<trkpt lat="45.051050" lon="6.390990"><ele>2335.0</ele></trkpt>
<trkpt lat="45.050970" lon="6.391100"><ele>2333.0</ele></trkpt>
<trkpt lat="45.050900" lon="6.391180"><ele>2331.0</ele></trkpt>
<trkpt lat="45.050660" lon="6.391440"><ele>2328.0</ele></trkpt>
<trkpt lat="45.050250" lon="6.391870"><ele>2326.0</ele></trkpt>
<trkpt lat="45.050250" lon="6.391880"><ele>2325.0</ele></trkpt>
<trkpt lat="45.050150" lon="6.392020"><ele>2323.0</ele></trkpt>
<trkpt lat="45.050130" lon="6.392060"><ele>2323.0</ele></trkpt>
<trkpt lat="45.050090" lon="6.392150"><ele>2321.0</ele></trkpt>
<trkpt lat="45.050060" lon="6.392290"><ele>2320.0</ele></trkpt>
<trkpt lat="45.050050" lon="6.392400"><ele>2319.0</ele></trkpt>
<trkpt lat="45.050050" lon="6.392520"><ele>2318.0</ele></trkpt>
<trkpt lat="45.050080" lon="6.392760"><ele>2316.0</ele></trkpt>
<trkpt lat="45.050100" lon="6.392970"><ele>2315.0</ele></trkpt>
<trkpt lat="45.050110" lon="6.393120"><ele>2314.0</ele></trkpt>
<trkpt lat="45.050110" lon="6.393230"><ele>2313.0</ele></trkpt>
<trkpt lat="45.050090" lon="6.393310"><ele>2312.0</ele></trkpt>
<trkpt lat="45.050070" lon="6.393380"><ele>2312.0</ele></trkpt>
<trkpt lat="45.050030" lon="6.393460"><ele>2311.0</ele></trkpt>
<trkpt lat="45.049990" lon="6.393510"><ele>2311.0</ele></trkpt>
<trkpt lat="45.049980" lon="6.393520"><ele>2310.0</ele></trkpt>
<trkpt lat="45.049930" lon="6.393570"><ele>2310.0</ele></trkpt>
<trkpt lat="45.049720" lon="6.393690"><ele>2309.0</ele></trkpt>
<trkpt lat="45.049660" lon="6.393710"><ele>2309.0</ele></trkpt>
<trkpt lat="45.049640" lon="6.393720"><ele>2309.0</ele></trkpt>
<trkpt lat="45.049430" lon="6.393810"><ele>2308.0</ele></trkpt>
<trkpt lat="45.049320" lon="6.393880"><ele>2308.0</ele></trkpt>
<trkpt lat="45.049240" lon="6.393960"><ele>2307.0</ele></trkpt>
<trkpt lat="45.049150" lon="6.394050"><ele>2307.0</ele></trkpt>
<trkpt lat="45.049050" lon="6.394200"><ele>2307.0</ele></trkpt>
<trkpt lat="45.049030" lon="6.394220"><ele>2306.0</ele></trkpt>
<trkpt lat="45.048930" lon="6.394400"><ele>2306.0</ele></trkpt>
<trkpt lat="45.048840" lon="6.394540"><ele>2306.0</ele></trkpt>
<trkpt lat="45.048780" lon="6.394690"><ele>2305.0</ele></trkpt>
<trkpt lat="45.048730" lon="6.394820"><ele>2305.0</ele></trkpt>
<trkpt lat="45.048700" lon="6.394980"><ele>2304.0</ele></trkpt>
<trkpt lat="45.048700" lon="6.395070"><ele>2304.0</ele></trkpt>
<trkpt lat="45.048690" lon="6.395130"><ele>2304.0</ele></trkpt>
<trkpt lat="45.048680" lon="6.395270"><ele>2303.0</ele></trkpt>
<trkpt lat="45.048670" lon="6.395320"><ele>2302.0</ele></trkpt>
<trkpt lat="45.048650" lon="6.395590"><ele>2301.0</ele></trkpt>
<trkpt lat="45.048630" lon="6.395830"><ele>2300.0</ele></trkpt>
<trkpt lat="45.048580" lon="6.396010"><ele>2299.0</ele></trkpt>
<trkpt lat="45.048570" lon="6.396060"><ele>2298.0</ele></trkpt>
<trkpt lat="45.048520" lon="6.396220"><ele>2297.0</ele></trkpt>
<trkpt lat="45.048430" lon="6.396390"><ele>2296.0</ele></trkpt>
<trkpt lat="45.048370" lon="6.396480"><ele>2295.0</ele></trkpt>
<trkpt lat="45.048250" lon="6.396670"><ele>2294.0</ele></trkpt>
<trkpt lat="45.048240" lon="6.396690"><ele>2293.0</ele></trkpt>
<trkpt lat="45.048120" lon="6.396840"><ele>2291.0</ele></trkpt>
<trkpt lat="45.047990" lon="6.397020"><ele>2290.0</ele></trkpt>
<trkpt lat="45.047910" lon="6.397120"><ele>2289.0</ele></trkpt>
<trkpt lat="45.047860" lon="6.397190"><ele>2288.0</ele></trkpt>
<trkpt lat="45.047730" lon="6.397370"><ele>2286.0</ele></trkpt>
<trkpt lat="45.047660" lon="6.397470"><ele>2285.0</ele></trkpt>
<trkpt lat="45.047610" lon="6.397560"><ele>2283.0</ele></trkpt>
<trkpt lat="45.047490" lon="6.397760"><ele>2281.0</ele></trkpt>
<trkpt lat="45.047340" lon="6.398000"><ele>2279.0</ele></trkpt>
<trkpt lat="45.047140" lon="6.398330"><ele>2276.0</ele></trkpt>
<trkpt lat="45.047120" lon="6.398350"><ele>2275.0</ele></trkpt>
<trkpt lat="45.047010" lon="6.398520"><ele>2274.0</ele></trkpt>
<trkpt lat="45.046960" lon="6.398590"><ele>2272.0</ele></trkpt>
<trkpt lat="45.046810" lon="6.398810"><ele>2270.0</ele></trkpt>
<trkpt lat="45.046630" lon="6.399050"><ele>2268.0</ele></trkpt>
<trkpt lat="45.046610" lon="6.399070"><ele>2267.0</ele></trkpt>
<trkpt lat="45.046510" lon="6.399200"><ele>2266.0</ele></trkpt>
<trkpt lat="45.046380" lon="6.399340"><ele>2265.0</ele></trkpt>
<trkpt lat="45.046240" lon="6.399500"><ele>2264.0</ele></trkpt>
<trkpt lat="45.046210" lon="6.399530"><ele>2263.0</ele></trkpt>
<trkpt lat="45.046070" lon="6.399670"><ele>2263.0</ele></trkpt>
<trkpt lat="45.046070" lon="6.399680"><ele>2262.0</ele></trkpt>
<trkpt lat="45.045920" lon="6.399840"><ele>2261.0</ele></trkpt>
<trkpt lat="45.045840" lon="6.399930"><ele>2260.0</ele></trkpt>
<trkpt lat="45.045820" lon="6.399960"><ele>2260.0</ele></trkpt>
<trkpt lat="45.045780" lon="6.400000"><ele>2259.0</ele></trkpt>
<trkpt lat="45.045630" lon="6.400140"><ele>2258.0</ele></trkpt>
<trkpt lat="45.045480" lon="6.400290"><ele>2257.0</ele></trkpt>
<trkpt lat="45.045340" lon="6.400440"><ele>2256.0</ele></trkpt>
<trkpt lat="45.045200" lon="6.400590"><ele>2255.0</ele></trkpt>
<trkpt lat="45.045090" lon="6.400700"><ele>2254.0</ele></trkpt>
<trkpt lat="45.045050" lon="6.400730"><ele>2253.0</ele></trkpt>
<trkpt lat="45.045000" lon="6.400780"><ele>2253.0</ele></trkpt>
<trkpt lat="45.044950" lon="6.400820"><ele>2252.0</ele></trkpt>
<trkpt lat="45.044890" lon="6.400850"><ele>2251.0</ele></trkpt>
<trkpt lat="45.044880" lon="6.400850"><ele>2249.0</ele></trkpt>
<trkpt lat="45.044770" lon="6.400860"><ele>2247.0</ele></trkpt>
<trkpt lat="45.044560" lon="6.400880"><ele>2245.0</ele></trkpt>
<trkpt lat="45.044530" lon="6.400880"><ele>2244.0</ele></trkpt>
<trkpt lat="45.044450" lon="6.400900"><ele>2243.0</ele></trkpt>
<trkpt lat="45.044360" lon="6.400950"><ele>2241.0</ele></trkpt>
<trkpt lat="45.044350" lon="6.400950"><ele>2240.0</ele></trkpt>
<trkpt lat="45.044270" lon="6.401050"><ele>2238.0</ele></trkpt>
<trkpt lat="45.044220" lon="6.401120"><ele>2236.0</ele></trkpt>
<trkpt lat="45.044160" lon="6.401220"><ele>2234.0</ele></trkpt>
<trkpt lat="45.044120" lon="6.401320"><ele>2232.0</ele></trkpt>
<trkpt lat="45.044000" lon="6.401590"><ele>2230.0</ele></trkpt>
<trkpt lat="45.043940" lon="6.401700"><ele>2229.0</ele></trkpt>
<trkpt lat="45.043890" lon="6.401770"><ele>2228.0</ele></trkpt>
<trkpt lat="45.043830" lon="6.401810"><ele>2226.0</ele></trkpt>
<trkpt lat="45.043770" lon="6.401850"><ele>2225.0</ele></trkpt>
<trkpt lat="45.043700" lon="6.401860"><ele>2224.0</ele></trkpt>
<trkpt lat="45.043660" lon="6.401860"><ele>2224.0</ele></trkpt>
<trkpt lat="45.043630" lon="6.401860"><ele>2223.0</ele></trkpt>
<trkpt lat="45.043570" lon="6.401840"><ele>2222.0</ele></trkpt>
<trkpt lat="45.043510" lon="6.401800"><ele>2221.0</ele></trkpt>
<trkpt lat="45.043490" lon="6.401780"><ele>2220.0</ele></trkpt>
<trkpt lat="45.043450" lon="6.401740"><ele>2219.0</ele></trkpt>
<trkpt lat="45.043370" lon="6.401590"><ele>2218.0</ele></trkpt>
<trkpt lat="45.043270" lon="6.401380"><ele>2218.0</ele></trkpt>
<trkpt lat="45.043210" lon="6.401230"><ele>2218.0</ele></trkpt>
<trkpt lat="45.043180" lon="6.401160"><ele>2218.0</ele></trkpt>
<trkpt lat="45.043090" lon="6.400950"><ele>2218.0</ele></trkpt>
<trkpt lat="45.043010" lon="6.400760"><ele>2218.0</ele></trkpt>
<trkpt lat="45.042990" lon="6.400730"><ele>2218.0</ele></trkpt>
<trkpt lat="45.042900" lon="6.400540"><ele>2218.0</ele></trkpt>
<trkpt lat="45.042890" lon="6.400520"><ele>2218.0</ele></trkpt>
<trkpt lat="45.042780" lon="6.400320"><ele>2218.0</ele></trkpt>
<trkpt lat="45.042690" lon="6.400180"><ele>2218.0</ele></trkpt>
<trkpt lat="45.042660" lon="6.400130"><ele>2217.0</ele></trkpt>
<trkpt lat="45.042540" lon="6.399940"><ele>2217.0</ele></trkpt>
<trkpt lat="45.042430" lon="6.399770"><ele>2217.0</ele></trkpt>
<trkpt lat="45.042420" lon="6.399750"><ele>2217.0</ele></trkpt>
<trkpt lat="45.042290" lon="6.399580"><ele>2216.0</ele></trkpt>
<trkpt lat="45.042180" lon="6.399420"><ele>2216.0</ele></trkpt>
<trkpt lat="45.042160" lon="6.399400"><ele>2215.0</ele></trkpt>
<trkpt lat="45.042020" lon="6.399230"><ele>2213.0</ele></trkpt>
<trkpt lat="45.041980" lon="6.399170"><ele>2212.0</ele></trkpt>
<trkpt lat="45.041880" lon="6.399080"><ele>2211.0</ele></trkpt>
<trkpt lat="45.041870" lon="6.399070"><ele>2210.0</ele></trkpt>
<trkpt lat="45.041740" lon="6.398990"><ele>2208.0</ele></trkpt>
<trkpt lat="45.041570" lon="6.398900"><ele>2206.0</ele></trkpt>
<trkpt lat="45.041410" lon="6.398820"><ele>2205.0</ele></trkpt>
<trkpt lat="45.041380" lon="6.398800"><ele>2204.0</ele></trkpt>
<trkpt lat="45.041280" lon="6.398730"><ele>2202.0</ele></trkpt>
<trkpt lat="45.041090" lon="6.398570"><ele>2200.0</ele></trkpt>
<trkpt lat="45.041070" lon="6.398550"><ele>2199.0</ele></trkpt>
<trkpt lat="45.040910" lon="6.398410"><ele>2197.0</ele></trkpt>
<trkpt lat="45.040780" lon="6.398290"><ele>2195.0</ele></trkpt>
<trkpt lat="45.040610" lon="6.398140"><ele>2193.0</ele></trkpt>
<trkpt lat="45.040370" lon="6.397920"><ele>2191.0</ele></trkpt>
<trkpt lat="45.040160" lon="6.397730"><ele>2190.0</ele></trkpt>
<trkpt lat="45.040010" lon="6.397590"><ele>2188.0</ele></trkpt>
<trkpt lat="45.039960" lon="6.397550"><ele>2188.0</ele></trkpt>
<trkpt lat="45.039860" lon="6.397450"><ele>2186.0</ele></trkpt>
<trkpt lat="45.039860" lon="6.397440"><ele>2185.0</ele></trkpt>
<trkpt lat="45.039740" lon="6.397300"><ele>2183.0</ele></trkpt>
<trkpt lat="45.039500" lon="6.396920"><ele>2181.0</ele></trkpt>
<trkpt lat="45.039260" lon="6.396540"><ele>2180.0</ele></trkpt>
<trkpt lat="45.039240" lon="6.396510"><ele>2179.0</ele></trkpt>
<trkpt lat="45.039130" lon="6.396320"><ele>2178.0</ele></trkpt>
<trkpt lat="45.039080" lon="6.396240"><ele>2177.0</ele></trkpt>
<trkpt lat="45.039010" lon="6.396120"><ele>2176.0</ele></trkpt>
<trkpt lat="45.038960" lon="6.396030"><ele>2175.0</ele></trkpt>
<trkpt lat="45.038900" lon="6.395930"><ele>2173.0</ele></trkpt>
<trkpt lat="45.038680" lon="6.395610"><ele>2172.0</ele></trkpt>
<trkpt lat="45.038540" lon="6.395360"><ele>2171.0</ele></trkpt>
<trkpt lat="45.038470" lon="6.395210"><ele>2170.0</ele></trkpt>
<trkpt lat="45.038450" lon="6.395140"><ele>2169.0</ele></trkpt>
<trkpt lat="45.038450" lon="6.395130"><ele>2169.0</ele></trkpt>
<trkpt lat="45.038410" lon="6.395030"><ele>2168.0</ele></trkpt>
<trkpt lat="45.038390" lon="6.394900"><ele>2167.0</ele></trkpt>
<trkpt lat="45.038370" lon="6.394790"><ele>2166.0</ele></trkpt>
<trkpt lat="45.038360" lon="6.394650"><ele>2165.0</ele></trkpt>
<trkpt lat="45.038330" lon="6.394400"><ele>2164.0</ele></trkpt>
<trkpt lat="45.038320" lon="6.394280"><ele>2164.0</ele></trkpt>
<trkpt lat="45.038310" lon="6.394150"><ele>2163.0</ele></trkpt>
<trkpt lat="45.038280" lon="6.393890"><ele>2162.0</ele></trkpt>
<trkpt lat="45.038280" lon="6.393840"><ele>2161.0</ele></trkpt>
<trkpt lat="45.038260" lon="6.393640"><ele>2161.0</ele></trkpt>
<trkpt lat="45.038270" lon="6.393480"><ele>2160.0</ele></trkpt>
<trkpt lat="45.038280" lon="6.393390"><ele>2160.0</ele></trkpt>
<trkpt lat="45.038300" lon="6.393210"><ele>2159.0</ele></trkpt>
<trkpt lat="45.038300" lon="6.393140"><ele>2159.0</ele></trkpt>
<trkpt lat="45.038310" lon="6.393060"><ele>2158.0</ele></trkpt>
<trkpt lat="45.038300" lon="6.392980"><ele>2158.0</ele></trkpt>
<trkpt lat="45.038270" lon="6.392920"><ele>2158.0</ele></trkpt>
<trkpt lat="45.038260" lon="6.392900"><ele>2157.0</ele></trkpt>
<trkpt lat="45.038240" lon="6.392880"><ele>2157.0</ele></trkpt>
<trkpt lat="45.038200" lon="6.392850"><ele>2157.0</ele></trkpt>
<trkpt lat="45.038160" lon="6.392850"><ele>2157.0</ele></trkpt>
<trkpt lat="45.038120" lon="6.392870"><ele>2156.0</ele></trkpt>
<trkpt lat="45.038090" lon="6.392890"><ele>2156.0</ele></trkpt>
<trkpt lat="45.038070" lon="6.392910"><ele>2156.0</ele></trkpt>
<trkpt lat="45.038040" lon="6.392970"><ele>2155.0</ele></trkpt>
<trkpt lat="45.038020" lon="6.393050"><ele>2155.0</ele></trkpt>
<trkpt lat="45.038020" lon="6.393100"><ele>2154.0</ele></trkpt>
<trkpt lat="45.038010" lon="6.393200"><ele>2154.0</ele></trkpt>
<trkpt lat="45.038040" lon="6.393350"><ele>2153.0</ele></trkpt>
<trkpt lat="45.038050" lon="6.393400"><ele>2153.0</ele></trkpt>
<trkpt lat="45.038070" lon="6.393520"><ele>2152.0</ele></trkpt>
<trkpt lat="45.038070" lon="6.393600"><ele>2151.0</ele></trkpt>
<trkpt lat="45.038070" lon="6.393630"><ele>2150.0</ele></trkpt>
<trkpt lat="45.038060" lon="6.393860"><ele>2149.0</ele></trkpt>
<trkpt lat="45.038050" lon="6.393940"><ele>2148.0</ele></trkpt>
<trkpt lat="45.038040" lon="6.394110"><ele>2147.0</ele></trkpt>
<trkpt lat="45.038010" lon="6.394360"><ele>2145.0</ele></trkpt>
<trkpt lat="45.038000" lon="6.394470"><ele>2144.0</ele></trkpt>
<trkpt lat="45.037980" lon="6.394590"><ele>2143.0</ele></trkpt>
<trkpt lat="45.037980" lon="6.394610"><ele>2142.0</ele></trkpt>
<trkpt lat="45.037950" lon="6.394780"><ele>2140.0</ele></trkpt>
<trkpt lat="45.037920" lon="6.394850"><ele>2138.0</ele></trkpt>
<trkpt lat="45.037850" lon="6.395040"><ele>2136.0</ele></trkpt>
<trkpt lat="45.037640" lon="6.395510"><ele>2134.0</ele></trkpt>
<trkpt lat="45.037540" lon="6.395770"><ele>2132.0</ele></trkpt>
<trkpt lat="45.037460" lon="6.396000"><ele>2131.0</ele></trkpt>
<trkpt lat="45.037420" lon="6.396200"><ele>2130.0</ele></trkpt>
<trkpt lat="45.037380" lon="6.396330"><ele>2130.0</ele></trkpt>
<trkpt lat="45.037320" lon="6.396740"><ele>2129.0</ele></trkpt>
<trkpt lat="45.037310" lon="6.396940"><ele>2129.0</ele></trkpt>
<trkpt lat="45.037300" lon="6.397060"><ele>2129.0</ele></trkpt>
<trkpt lat="45.037280" lon="6.397480"><ele>2129.0</ele></trkpt>
<trkpt lat="45.037290" lon="6.397700"><ele>2129.0</ele></trkpt>
<trkpt lat="45.037290" lon="6.397750"><ele>2128.0</ele></trkpt>
<trkpt lat="45.037300" lon="6.397860"><ele>2128.0</ele></trkpt>
<trkpt lat="45.037320" lon="6.397950"><ele>2128.0</ele></trkpt>
<trkpt lat="45.037340" lon="6.398000"><ele>2128.0</ele></trkpt>
<trkpt lat="45.037390" lon="6.398120"><ele>2128.0</ele></trkpt>
<trkpt lat="45.037420" lon="6.398160"><ele>2128.0</ele></trkpt>
<trkpt lat="45.037450" lon="6.398210"><ele>2128.0</ele></trkpt>
<trkpt lat="45.037470" lon="6.398240"><ele>2128.0</ele></trkpt>
<trkpt lat="45.037520" lon="6.398280"><ele>2127.0</ele></trkpt>
<trkpt lat="45.037580" lon="6.398320"><ele>2127.0</ele></trkpt>
<trkpt lat="45.037670" lon="6.398350"><ele>2127.0</ele></trkpt>
<trkpt lat="45.037740" lon="6.398360"><ele>2126.0</ele></trkpt>
<trkpt lat="45.037770" lon="6.398370"><ele>2126.0</ele></trkpt>
<trkpt lat="45.037920" lon="6.398350"><ele>2125.0</ele></trkpt>
<trkpt lat="45.037980" lon="6.398340"><ele>2125.0</ele></trkpt>
<trkpt lat="45.038100" lon="6.398340"><ele>2124.0</ele></trkpt>
<trkpt lat="45.038130" lon="6.398340"><ele>2124.0</ele></trkpt>
<trkpt lat="45.038230" lon="6.398360"><ele>2123.0</ele></trkpt>
<trkpt lat="45.038270" lon="6.398390"><ele>2123.0</ele></trkpt>
<trkpt lat="45.038320" lon="6.398420"><ele>2122.0</ele></trkpt>
<trkpt lat="45.038410" lon="6.398480"><ele>2122.0</ele></trkpt>
<trkpt lat="45.038430" lon="6.398510"><ele>2121.0</ele></trkpt>
<trkpt lat="45.038570" lon="6.398670"><ele>2120.0</ele></trkpt>
<trkpt lat="45.038590" lon="6.398690"><ele>2120.0</ele></trkpt>
<trkpt lat="45.038700" lon="6.398840"><ele>2119.0</ele></trkpt>
<trkpt lat="45.038790" lon="6.398960"><ele>2118.0</ele></trkpt>
<trkpt lat="45.038840" lon="6.399010"><ele>2117.0</ele></trkpt>
<trkpt lat="45.038970" lon="6.399190"><ele>2116.0</ele></trkpt>
<trkpt lat="45.039100" lon="6.399360"><ele>2115.0</ele></trkpt>
<trkpt lat="45.039160" lon="6.399430"><ele>2114.0</ele></trkpt>
<trkpt lat="45.039230" lon="6.399530"><ele>2114.0</ele></trkpt>
<trkpt lat="45.039540" lon="6.399930"><ele>2113.0</ele></trkpt>
<trkpt lat="45.039760" lon="6.400220"><ele>2112.0</ele></trkpt>
<trkpt lat="45.039880" lon="6.400380"><ele>2111.0</ele></trkpt>
<trkpt lat="45.040160" lon="6.400740"><ele>2111.0</ele></trkpt>
<trkpt lat="45.040180" lon="6.400760"><ele>2111.0</ele></trkpt>
<trkpt lat="45.040300" lon="6.400900"><ele>2110.0</ele></trkpt>
<trkpt lat="45.040360" lon="6.400960"><ele>2110.0</ele></trkpt>
<trkpt lat="45.040440" lon="6.401020"><ele>2110.0</ele></trkpt>
<trkpt lat="45.040450" lon="6.401030"><ele>2110.0</ele></trkpt>
<trkpt lat="45.040510" lon="6.401060"><ele>2109.0</ele></trkpt>
<trkpt lat="45.040680" lon="6.401150"><ele>2109.0</ele></trkpt>
<trkpt lat="45.040770" lon="6.401200"><ele>2109.0</ele></trkpt>
<trkpt lat="45.040800" lon="6.401240"><ele>2108.0</ele></trkpt>
<trkpt lat="45.040820" lon="6.401280"><ele>2108.0</ele></trkpt>
<trkpt lat="45.040850" lon="6.401330"><ele>2108.0</ele></trkpt>
<trkpt lat="45.040860" lon="6.401380"><ele>2108.0</ele></trkpt>
<trkpt lat="45.040870" lon="6.401440"><ele>2107.0</ele></trkpt>
<trkpt lat="45.040860" lon="6.401520"><ele>2107.0</ele></trkpt>
<trkpt lat="45.040830" lon="6.401600"><ele>2106.0</ele></trkpt>
<trkpt lat="45.040790" lon="6.401640"><ele>2106.0</ele></trkpt>
<trkpt lat="45.040730" lon="6.401680"><ele>2105.0</ele></trkpt>
<trkpt lat="45.040720" lon="6.401680"><ele>2105.0</ele></trkpt>
<trkpt lat="45.040670" lon="6.401660"><ele>2104.0</ele></trkpt>
<trkpt lat="45.040650" lon="6.401660"><ele>2103.0</ele></trkpt>
<trkpt lat="45.040580" lon="6.401600"><ele>2103.0</ele></trkpt>
<trkpt lat="45.040560" lon="6.401590"><ele>2102.0</ele></trkpt>
<trkpt lat="45.040460" lon="6.401470"><ele>2100.0</ele></trkpt>
<trkpt lat="45.040350" lon="6.401350"><ele>2099.0</ele></trkpt>
<trkpt lat="45.040220" lon="6.401230"><ele>2097.0</ele></trkpt>
<trkpt lat="45.040210" lon="6.401230"><ele>2095.0</ele></trkpt>
<trkpt lat="45.039750" lon="6.400940"><ele>2092.0</ele></trkpt>
<trkpt lat="45.039360" lon="6.400740"><ele>2090.0</ele></trkpt>
<trkpt lat="45.039210" lon="6.400690"><ele>2089.0</ele></trkpt>
<trkpt lat="45.039120" lon="6.400680"><ele>2089.0</ele></trkpt>
<trkpt lat="45.039030" lon="6.400680"><ele>2088.0</ele></trkpt>
<trkpt lat="45.038920" lon="6.400710"><ele>2087.0</ele></trkpt>
<trkpt lat="45.038860" lon="6.400750"><ele>2086.0</ele></trkpt>
<trkpt lat="45.038820" lon="6.400790"><ele>2085.0</ele></trkpt>
<trkpt lat="45.038720" lon="6.400900"><ele>2084.0</ele></trkpt>
<trkpt lat="45.038690" lon="6.400920"><ele>2083.0</ele></trkpt>
<trkpt lat="45.038610" lon="6.401100"><ele>2082.0</ele></trkpt>
<trkpt lat="45.038600" lon="6.401140"><ele>2081.0</ele></trkpt>
<trkpt lat="45.038500" lon="6.401470"><ele>2079.0</ele></trkpt>
<trkpt lat="45.038480" lon="6.401570"><ele>2078.0</ele></trkpt>
<trkpt lat="45.038380" lon="6.401920"><ele>2077.0</ele></trkpt>
<trkpt lat="45.038350" lon="6.402050"><ele>2076.0</ele></trkpt>
<trkpt lat="45.038280" lon="6.402280"><ele>2075.0</ele></trkpt>
<trkpt lat="45.038260" lon="6.402360"><ele>2074.0</ele></trkpt>
<trkpt lat="45.038220" lon="6.402520"><ele>2074.0</ele></trkpt>
<trkpt lat="45.038190" lon="6.402630"><ele>2073.0</ele></trkpt>
<trkpt lat="45.038160" lon="6.402710"><ele>2073.0</ele></trkpt>
<trkpt lat="45.038140" lon="6.402750"><ele>2073.0</ele></trkpt>
<trkpt lat="45.038120" lon="6.402790"><ele>2072.0</ele></trkpt>
<trkpt lat="45.038080" lon="6.402830"><ele>2072.0</ele></trkpt>
<trkpt lat="45.038020" lon="6.402850"><ele>2072.0</ele></trkpt>
<trkpt lat="45.037990" lon="6.402850"><ele>2071.0</ele></trkpt>
<trkpt lat="45.037930" lon="6.402850"><ele>2071.0</ele></trkpt>
<trkpt lat="45.037780" lon="6.402810"><ele>2070.0</ele></trkpt>
<trkpt lat="45.037660" lon="6.402780"><ele>2069.0</ele></trkpt>
<trkpt lat="45.037630" lon="6.402780"><ele>2069.0</ele></trkpt>
<trkpt lat="45.037580" lon="6.402770"><ele>2069.0</ele></trkpt>
<trkpt lat="45.037520" lon="6.402780"><ele>2068.0</ele></trkpt>
<trkpt lat="45.037450" lon="6.402800"><ele>2068.0</ele></trkpt>
<trkpt lat="45.037440" lon="6.402810"><ele>2067.0</ele></trkpt>
<trkpt lat="45.037380" lon="6.402860"><ele>2067.0</ele></trkpt>
<trkpt lat="45.037310" lon="6.402920"><ele>2067.0</ele></trkpt>
<trkpt lat="45.037300" lon="6.402930"><ele>2066.0</ele></trkpt>
<trkpt lat="45.037250" lon="6.403020"><ele>2065.0</ele></trkpt>
<trkpt lat="45.037200" lon="6.403140"><ele>2065.0</ele></trkpt>
<trkpt lat="45.037170" lon="6.403230"><ele>2064.0</ele></trkpt>
<trkpt lat="45.037110" lon="6.403430"><ele>2063.0</ele></trkpt>
<trkpt lat="45.037000" lon="6.403660"><ele>2062.0</ele></trkpt>
<trkpt lat="45.036930" lon="6.403790"><ele>2062.0</ele></trkpt>
<trkpt lat="45.036860" lon="6.403910"><ele>2061.0</ele></trkpt>
<trkpt lat="45.036810" lon="6.403990"><ele>2061.0</ele></trkpt>
<trkpt lat="45.036740" lon="6.404090"><ele>2061.0</ele></trkpt>
<trkpt lat="45.036680" lon="6.404160"><ele>2060.0</ele></trkpt>
<trkpt lat="45.036650" lon="6.404190"><ele>2060.0</ele></trkpt>
<trkpt lat="45.036440" lon="6.404340"><ele>2059.0</ele></trkpt>
<trkpt lat="45.036320" lon="6.404440"><ele>2059.0</ele></trkpt>
<trkpt lat="45.036280" lon="6.404460"><ele>2058.0</ele></trkpt>
<trkpt lat="45.036100" lon="6.404600"><ele>2058.0</ele></trkpt>
<trkpt lat="45.035690" lon="6.404880"><ele>2057.0</ele></trkpt>
<trkpt lat="45.035560" lon="6.404990"><ele>2056.0</ele></trkpt>
<trkpt lat="45.035420" lon="6.405190"><ele>2056.0</ele></trkpt>
<trkpt lat="45.035420" lon="6.405190"><ele>2056.0</ele></trkpt>
<trkpt lat="45.035500" lon="6.405250"><ele>2055.0</ele></trkpt>
<trkpt lat="45.035550" lon="6.405280"><ele>2055.0</ele></trkpt>
<trkpt lat="45.035580" lon="6.405310"><ele>2054.0</ele></trkpt>
<trkpt lat="45.035610" lon="6.405340"><ele>2054.0</ele></trkpt>
<trkpt lat="45.035650" lon="6.405380"><ele>2054.0</ele></trkpt>
<trkpt lat="45.035680" lon="6.405420"><ele>2053.0</ele></trkpt>
<trkpt lat="45.035730" lon="6.405480"><ele>2052.0</ele></trkpt>
<trkpt lat="45.035790" lon="6.405570"><ele>2052.0</ele></trkpt>
<trkpt lat="45.035940" lon="6.405800"><ele>2051.0</ele></trkpt>
<trkpt lat="45.035980" lon="6.405840"><ele>2051.0</ele></trkpt>
<trkpt lat="45.036030" lon="6.405890"><ele>2050.0</ele></trkpt>
<trkpt lat="45.036070" lon="6.405930"><ele>2050.0</ele></trkpt>
<trkpt lat="45.036120" lon="6.405970"><ele>2049.0</ele></trkpt>
<trkpt lat="45.036170" lon="6.406010"><ele>2049.0</ele></trkpt>
<trkpt lat="45.036230" lon="6.406040"><ele>2048.0</ele></trkpt>
<trkpt lat="45.036290" lon="6.406060"><ele>2048.0</ele></trkpt>
<trkpt lat="45.036340" lon="6.406070"><ele>2048.0</ele></trkpt>
<trkpt lat="45.036410" lon="6.406080"><ele>2047.0</ele></trkpt>
<trkpt lat="45.036490" lon="6.406080"><ele>2047.0</ele></trkpt>
<trkpt lat="45.036560" lon="6.406080"><ele>2046.0</ele></trkpt>
<trkpt lat="45.036630" lon="6.406070"><ele>2046.0</ele></trkpt>
<trkpt lat="45.036680" lon="6.406050"><ele>2045.0</ele></trkpt>
<trkpt lat="45.036740" lon="6.406020"><ele>2045.0</ele></trkpt>
<trkpt lat="45.036800" lon="6.405970"><ele>2044.0</ele></trkpt>
<trkpt lat="45.036870" lon="6.405900"><ele>2044.0</ele></trkpt>
<trkpt lat="45.036930" lon="6.405840"><ele>2043.0</ele></trkpt>
<trkpt lat="45.036980" lon="6.405760"><ele>2043.0</ele></trkpt>
<trkpt lat="45.037020" lon="6.405690"><ele>2043.0</ele></trkpt>
<trkpt lat="45.037070" lon="6.405590"><ele>2042.0</ele></trkpt>
<trkpt lat="45.037110" lon="6.405470"><ele>2042.0</ele></trkpt>
<trkpt lat="45.037190" lon="6.405180"><ele>2041.0</ele></trkpt>
<trkpt lat="45.037220" lon="6.405100"><ele>2041.0</ele></trkpt>
<trkpt lat="45.037260" lon="6.404970"><ele>2041.0</ele></trkpt>
<trkpt lat="45.037300" lon="6.404870"><ele>2041.0</ele></trkpt>
<trkpt lat="45.037320" lon="6.404800"><ele>2041.0</ele></trkpt>
<trkpt lat="45.037370" lon="6.404700"><ele>2040.0</ele></trkpt>
<trkpt lat="45.037400" lon="6.404660"><ele>2040.0</ele></trkpt>
<trkpt lat="45.037420" lon="6.404630"><ele>2040.0</ele></trkpt>
<trkpt lat="45.037470" lon="6.404560"><ele>2040.0</ele></trkpt>
<trkpt lat="45.037550" lon="6.404490"><ele>2039.0</ele></trkpt>
<trkpt lat="45.037610" lon="6.404440"><ele>2039.0</ele></trkpt>
<trkpt lat="45.037700" lon="6.404380"><ele>2039.0</ele></trkpt>
<trkpt lat="45.037790" lon="6.404330"><ele>2039.0</ele></trkpt>
<trkpt lat="45.037870" lon="6.404300"><ele>2038.0</ele></trkpt>
<trkpt lat="45.037930" lon="6.404280"><ele>2038.0</ele></trkpt>
<trkpt lat="45.037990" lon="6.404280"><ele>2038.0</ele></trkpt>
<trkpt lat="45.038020" lon="6.404280"><ele>2038.0</ele></trkpt>
<trkpt lat="45.038070" lon="6.404280"><ele>2038.0</ele></trkpt>
<trkpt lat="45.038110" lon="6.404280"><ele>2037.0</ele></trkpt>
<trkpt lat="45.038150" lon="6.404290"><ele>2037.0</ele></trkpt>
<trkpt lat="45.038200" lon="6.404300"><ele>2037.0</ele></trkpt>
<trkpt lat="45.038240" lon="6.404320"><ele>2037.0</ele></trkpt>
<trkpt lat="45.038290" lon="6.404340"><ele>2036.0</ele></trkpt>
<trkpt lat="45.038340" lon="6.404350"><ele>2036.0</ele></trkpt>
<trkpt lat="45.038400" lon="6.404390"><ele>2035.0</ele></trkpt>
<trkpt lat="45.038450" lon="6.404420"><ele>2034.0</ele></trkpt>
<trkpt lat="45.038560" lon="6.404500"><ele>2033.0</ele></trkpt>
<trkpt lat="45.038650" lon="6.404570"><ele>2032.0</ele></trkpt>
<trkpt lat="45.038870" lon="6.404750"><ele>2031.0</ele></trkpt>
<trkpt lat="45.038990" lon="6.404850"><ele>2030.0</ele></trkpt>
<trkpt lat="45.039180" lon="6.405020"><ele>2029.0</ele></trkpt>
<trkpt lat="45.039270" lon="6.405100"><ele>2029.0</ele></trkpt>
<trkpt lat="45.039320" lon="6.405160"><ele>2028.0</ele></trkpt>
<trkpt lat="45.039380" lon="6.405230"><ele>2028.0</ele></trkpt>
<trkpt lat="45.039420" lon="6.405290"><ele>2028.0</ele></trkpt>
<trkpt lat="45.039450" lon="6.405360"><ele>2027.0</ele></trkpt>
<trkpt lat="45.039490" lon="6.405440"><ele>2027.0</ele></trkpt>
<trkpt lat="45.039520" lon="6.405500"><ele>2026.0</ele></trkpt>
<trkpt lat="45.039540" lon="6.405590"><ele>2026.0</ele></trkpt>
<trkpt lat="45.039570" lon="6.405700"><ele>2026.0</ele></trkpt>
<trkpt lat="45.039590" lon="6.405780"><ele>2025.0</ele></trkpt>
<trkpt lat="45.039600" lon="6.405850"><ele>2025.0</ele></trkpt>
<trkpt lat="45.039600" lon="6.405910"><ele>2025.0</ele></trkpt>
<trkpt lat="45.039610" lon="6.406020"><ele>2024.0</ele></trkpt>
<trkpt lat="45.039610" lon="6.406110"><ele>2024.0</ele></trkpt>
<trkpt lat="45.039610" lon="6.406200"><ele>2023.0</ele></trkpt>
<trkpt lat="45.039610" lon="6.406270"><ele>2023.0</ele></trkpt>
<trkpt lat="45.039590" lon="6.406350"><ele>2023.0</ele></trkpt>
<trkpt lat="45.039580" lon="6.406420"><ele>2022.0</ele></trkpt>
<trkpt lat="45.039570" lon="6.406490"><ele>2022.0</ele></trkpt>
<trkpt lat="45.039550" lon="6.406550"><ele>2021.0</ele></trkpt>
<trkpt lat="45.039530" lon="6.406640"><ele>2021.0</ele></trkpt>
<trkpt lat="45.039500" lon="6.406730"><ele>2020.0</ele></trkpt>
<trkpt lat="45.039430" lon="6.406930"><ele>2019.0</ele></trkpt>
<trkpt lat="45.039320" lon="6.407200"><ele>2018.0</ele></trkpt>
<trkpt lat="45.039140" lon="6.407640"><ele>2016.0</ele></trkpt>
<trkpt lat="45.039110" lon="6.407720"><ele>2015.0</ele></trkpt>
<trkpt lat="45.039050" lon="6.407860"><ele>2014.0</ele></trkpt>
<trkpt lat="45.038910" lon="6.408200"><ele>2013.0</ele></trkpt>
<trkpt lat="45.038870" lon="6.408300"><ele>2012.0</ele></trkpt>
<trkpt lat="45.038780" lon="6.408530"><ele>2011.0</ele></trkpt>
<trkpt lat="45.038710" lon="6.408730"><ele>2009.0</ele></trkpt>
<trkpt lat="45.038670" lon="6.408840"><ele>2008.0</ele></trkpt>
<trkpt lat="45.038640" lon="6.408940"><ele>2008.0</ele></trkpt>
<trkpt lat="45.038590" lon="6.409090"><ele>2007.0</ele></trkpt>
<trkpt lat="45.038560" lon="6.409220"><ele>2006.0</ele></trkpt>
<trkpt lat="45.038540" lon="6.409330"><ele>2005.0</ele></trkpt>
<trkpt lat="45.038530" lon="6.409450"><ele>2004.0</ele></trkpt>
<trkpt lat="45.038520" lon="6.409610"><ele>2003.0</ele></trkpt>
<trkpt lat="45.038510" lon="6.409730"><ele>2002.0</ele></trkpt>
<trkpt lat="45.038520" lon="6.409850"><ele>2001.0</ele></trkpt>
<trkpt lat="45.038520" lon="6.409960"><ele>2001.0</ele></trkpt>
<trkpt lat="45.038530" lon="6.409980"><ele>2000.0</ele></trkpt>
<trkpt lat="45.038540" lon="6.410090"><ele>1999.0</ele></trkpt>
<trkpt lat="45.038560" lon="6.410230"><ele>1998.0</ele></trkpt>
<trkpt lat="45.038590" lon="6.410360"><ele>1997.0</ele></trkpt>
<trkpt lat="45.038640" lon="6.410530"><ele>1996.0</ele></trkpt>
<trkpt lat="45.038680" lon="6.410690"><ele>1996.0</ele></trkpt>
<trkpt lat="45.038750" lon="6.410900"><ele>1996.0</ele></trkpt>
<trkpt lat="45.038760" lon="6.410910"><ele>1995.0</ele></trkpt>
<trkpt lat="45.038820" lon="6.411080"><ele>1995.0</ele></trkpt>
<trkpt lat="45.038850" lon="6.411140"><ele>1995.0</ele></trkpt>
<trkpt lat="45.038900" lon="6.411260"><ele>1994.0</ele></trkpt>
<trkpt lat="45.038970" lon="6.411430"><ele>1994.0</ele></trkpt>
<trkpt lat="45.039040" lon="6.411570"><ele>1994.0</ele></trkpt>
<trkpt lat="45.039090" lon="6.411670"><ele>1993.0</ele></trkpt>
<trkpt lat="45.039100" lon="6.411680"><ele>1993.0</ele></trkpt>
<trkpt lat="45.039150" lon="6.411790"><ele>1993.0</ele></trkpt>
<trkpt lat="45.039280" lon="6.412010"><ele>1992.0</ele></trkpt>
<trkpt lat="45.039330" lon="6.412090"><ele>1992.0</ele></trkpt>
<trkpt lat="45.039430" lon="6.412250"><ele>1992.0</ele></trkpt>
<trkpt lat="45.039440" lon="6.412260"><ele>1992.0</ele></trkpt>
<trkpt lat="45.039450" lon="6.412280"><ele>1991.0</ele></trkpt>
<trkpt lat="45.039570" lon="6.412460"><ele>1991.0</ele></trkpt>
<trkpt lat="45.039570" lon="6.412470"><ele>1990.0</ele></trkpt>
<trkpt lat="45.039820" lon="6.412840"><ele>1990.0</ele></trkpt>
<trkpt lat="45.039950" lon="6.413020"><ele>1989.0</ele></trkpt>
<trkpt lat="45.039960" lon="6.413040"><ele>1989.0</ele></trkpt>
<trkpt lat="45.040060" lon="6.413180"><ele>1989.0</ele></trkpt>
<trkpt lat="45.040070" lon="6.413200"><ele>1989.0</ele></trkpt>
<trkpt lat="45.040090" lon="6.413220"><ele>1989.0</ele></trkpt>
<trkpt lat="45.040180" lon="6.413340"><ele>1988.0</ele></trkpt>
<trkpt lat="45.040260" lon="6.413430"><ele>1988.0</ele></trkpt>
<trkpt lat="45.040330" lon="6.413500"><ele>1988.0</ele></trkpt>
<trkpt lat="45.040350" lon="6.413520"><ele>1988.0</ele></trkpt>
<trkpt lat="45.040400" lon="6.413570"><ele>1987.0</ele></trkpt>
<trkpt lat="45.040470" lon="6.413630"><ele>1987.0</ele></trkpt>
<trkpt lat="45.040480" lon="6.413650"><ele>1987.0</ele></trkpt>
<trkpt lat="45.040580" lon="6.413720"><ele>1987.0</ele></trkpt>
<trkpt lat="45.040640" lon="6.413770"><ele>1987.0</ele></trkpt>
<trkpt lat="45.040660" lon="6.413780"><ele>1986.0</ele></trkpt>
<trkpt lat="45.040670" lon="6.413790"><ele>1986.0</ele></trkpt>
<trkpt lat="45.040770" lon="6.413860"><ele>1986.0</ele></trkpt>
<trkpt lat="45.040870" lon="6.413930"><ele>1986.0</ele></trkpt>
<trkpt lat="45.040970" lon="6.413990"><ele>1985.0</ele></trkpt>
<trkpt lat="45.041010" lon="6.414020"><ele>1985.0</ele></trkpt>
<trkpt lat="45.041130" lon="6.414090"><ele>1985.0</ele></trkpt>
<trkpt lat="45.041150" lon="6.414100"><ele>1984.0</ele></trkpt>
<trkpt lat="45.041180" lon="6.414120"><ele>1984.0</ele></trkpt>
<trkpt lat="45.041260" lon="6.414170"><ele>1983.0</ele></trkpt>
<trkpt lat="45.041310" lon="6.414210"><ele>1983.0</ele></trkpt>
<trkpt lat="45.041380" lon="6.414260"><ele>1982.0</ele></trkpt>
<trkpt lat="45.041440" lon="6.414320"><ele>1981.0</ele></trkpt>
<trkpt lat="45.041450" lon="6.414330"><ele>1980.0</ele></trkpt>
<trkpt lat="45.041460" lon="6.414350"><ele>1979.0</ele></trkpt>
<trkpt lat="45.041590" lon="6.414480"><ele>1977.0</ele></trkpt>
<trkpt lat="45.041760" lon="6.414650"><ele>1976.0</ele></trkpt>
<trkpt lat="45.041860" lon="6.414760"><ele>1975.0</ele></trkpt>
<trkpt lat="45.041890" lon="6.414800"><ele>1974.0</ele></trkpt>
<trkpt lat="45.041930" lon="6.414840"><ele>1973.0</ele></trkpt>
<trkpt lat="45.042000" lon="6.414950"><ele>1972.0</ele></trkpt>
<trkpt lat="45.042010" lon="6.414960"><ele>1972.0</ele></trkpt>
<trkpt lat="45.042020" lon="6.414980"><ele>1971.0</ele></trkpt>
<trkpt lat="45.042110" lon="6.415120"><ele>1969.0</ele></trkpt>
<trkpt lat="45.042230" lon="6.415310"><ele>1968.0</ele></trkpt>
<trkpt lat="45.042250" lon="6.415340"><ele>1967.0</ele></trkpt>
<trkpt lat="45.042330" lon="6.415480"><ele>1965.0</ele></trkpt>
<trkpt lat="45.042420" lon="6.415680"><ele>1964.0</ele></trkpt>
<trkpt lat="45.042460" lon="6.415770"><ele>1963.0</ele></trkpt>
<trkpt lat="45.042560" lon="6.415990"><ele>1962.0</ele></trkpt>
<trkpt lat="45.042720" lon="6.416370"><ele>1962.0</ele></trkpt>
<trkpt lat="45.042790" lon="6.416540"><ele>1962.0</ele></trkpt>
<trkpt lat="45.042800" lon="6.416590"><ele>1962.0</ele></trkpt>
<trkpt lat="45.042820" lon="6.416660"><ele>1962.0</ele></trkpt>
<trkpt lat="45.042830" lon="6.416720"><ele>1962.0</ele></trkpt>
<trkpt lat="45.042840" lon="6.416780"><ele>1962.0</ele></trkpt>
<trkpt lat="45.042840" lon="6.416830"><ele>1962.0</ele></trkpt>
<trkpt lat="45.042840" lon="6.416870"><ele>1962.0</ele></trkpt>
<trkpt lat="45.042840" lon="6.416920"><ele>1962.0</ele></trkpt>
<trkpt lat="45.042840" lon="6.416960"><ele>1962.0</ele></trkpt>
<trkpt lat="45.042830" lon="6.417010"><ele>1962.0</ele></trkpt>
<trkpt lat="45.042820" lon="6.417050"><ele>1962.0</ele></trkpt>
<trkpt lat="45.042810" lon="6.417090"><ele>1962.0</ele></trkpt>
<trkpt lat="45.042800" lon="6.417130"><ele>1962.0</ele></trkpt>
<trkpt lat="45.042780" lon="6.417170"><ele>1962.0</ele></trkpt>
<trkpt lat="45.042760" lon="6.417210"><ele>1962.0</ele></trkpt>
<trkpt lat="45.042740" lon="6.417240"><ele>1962.0</ele></trkpt>
<trkpt lat="45.042690" lon="6.417320"><ele>1962.0</ele></trkpt>
<trkpt lat="45.042620" lon="6.417420"><ele>1962.0</ele></trkpt>
<trkpt lat="45.042530" lon="6.417520"><ele>1962.0</ele></trkpt>
<trkpt lat="45.042400" lon="6.417670"><ele>1962.0</ele></trkpt>
<trkpt lat="45.042310" lon="6.417770"><ele>1961.0</ele></trkpt>
<trkpt lat="45.042160" lon="6.417910"><ele>1961.0</ele></trkpt>
<trkpt lat="45.042010" lon="6.418060"><ele>1961.0</ele></trkpt>
<trkpt lat="45.042000" lon="6.418070"><ele>1961.0</ele></trkpt>
<trkpt lat="45.041950" lon="6.418150"><ele>1961.0</ele></trkpt>
<trkpt lat="45.041890" lon="6.418240"><ele>1960.0</ele></trkpt>
<trkpt lat="45.041830" lon="6.418350"><ele>1960.0</ele></trkpt>
<trkpt lat="45.041770" lon="6.418500"><ele>1960.0</ele></trkpt>
<trkpt lat="45.041700" lon="6.418670"><ele>1959.0</ele></trkpt>
<trkpt lat="45.041650" lon="6.418790"><ele>1959.0</ele></trkpt>
<trkpt lat="45.041630" lon="6.418870"><ele>1959.0</ele></trkpt>
<trkpt lat="45.041620" lon="6.418910"><ele>1959.0</ele></trkpt>
<trkpt lat="45.041610" lon="6.418940"><ele>1959.0</ele></trkpt>
<trkpt lat="45.041600" lon="6.419030"><ele>1958.0</ele></trkpt>
<trkpt lat="45.041580" lon="6.419130"><ele>1958.0</ele></trkpt>
<trkpt lat="45.041570" lon="6.419150"><ele>1958.0</ele></trkpt>
<trkpt lat="45.041550" lon="6.419280"><ele>1958.0</ele></trkpt>
<trkpt lat="45.041540" lon="6.419380"><ele>1957.0</ele></trkpt>
<trkpt lat="45.041540" lon="6.419400"><ele>1957.0</ele></trkpt>
<trkpt lat="45.041530" lon="6.419470"><ele>1957.0</ele></trkpt>
<trkpt lat="45.041520" lon="6.419650"><ele>1956.0</ele></trkpt>
<trkpt lat="45.041510" lon="6.419880"><ele>1956.0</ele></trkpt>
<trkpt lat="45.041500" lon="6.420060"><ele>1955.0</ele></trkpt>
<trkpt lat="45.041500" lon="6.420260"><ele>1955.0</ele></trkpt>
<trkpt lat="45.041500" lon="6.420420"><ele>1954.0</ele></trkpt>
<trkpt lat="45.041500" lon="6.420590"><ele>1954.0</ele></trkpt>
<trkpt lat="45.041520" lon="6.420790"><ele>1953.0</ele></trkpt>
<trkpt lat="45.041540" lon="6.420980"><ele>1953.0</ele></trkpt>
<trkpt lat="45.041580" lon="6.421210"><ele>1952.0</ele></trkpt>
<trkpt lat="45.041640" lon="6.421430"><ele>1952.0</ele></trkpt>
<trkpt lat="45.041710" lon="6.421680"><ele>1952.0</ele></trkpt>
<trkpt lat="45.041740" lon="6.421800"><ele>1951.0</ele></trkpt>
<trkpt lat="45.041780" lon="6.421910"><ele>1951.0</ele></trkpt>
<trkpt lat="45.041810" lon="6.421970"><ele>1951.0</ele></trkpt>
<trkpt lat="45.041840" lon="6.422020"><ele>1951.0</ele></trkpt>
<trkpt lat="45.041870" lon="6.422050"><ele>1951.0</ele></trkpt>
<trkpt lat="45.041900" lon="6.422080"><ele>1951.0</ele></trkpt>
<trkpt lat="45.041910" lon="6.422090"><ele>1950.0</ele></trkpt>
<trkpt lat="45.041920" lon="6.422100"><ele>1950.0</ele></trkpt>
<trkpt lat="45.041950" lon="6.422110"><ele>1950.0</ele></trkpt>
<trkpt lat="45.041980" lon="6.422120"><ele>1950.0</ele></trkpt>
<trkpt lat="45.042000" lon="6.422130"><ele>1950.0</ele></trkpt>
<trkpt lat="45.042050" lon="6.422130"><ele>1950.0</ele></trkpt>
<trkpt lat="45.042080" lon="6.422120"><ele>1950.0</ele></trkpt>
<trkpt lat="45.042100" lon="6.422120"><ele>1950.0</ele></trkpt>
<trkpt lat="45.042130" lon="6.422100"><ele>1949.0</ele></trkpt>
<trkpt lat="45.042160" lon="6.422080"><ele>1949.0</ele></trkpt>
<trkpt lat="45.042190" lon="6.422060"><ele>1949.0</ele></trkpt>
<trkpt lat="45.042230" lon="6.422010"><ele>1949.0</ele></trkpt>
<trkpt lat="45.042240" lon="6.422000"><ele>1949.0</ele></trkpt>
<trkpt lat="45.042290" lon="6.421940"><ele>1948.0</ele></trkpt>
<trkpt lat="45.042370" lon="6.421830"><ele>1948.0</ele></trkpt>
<trkpt lat="45.042390" lon="6.421800"><ele>1947.0</ele></trkpt>
<trkpt lat="45.042470" lon="6.421690"><ele>1947.0</ele></trkpt>
<trkpt lat="45.042500" lon="6.421650"><ele>1947.0</ele></trkpt>
<trkpt lat="45.042530" lon="6.421610"><ele>1946.0</ele></trkpt>
<trkpt lat="45.042580" lon="6.421550"><ele>1946.0</ele></trkpt>
<trkpt lat="45.042600" lon="6.421540"><ele>1946.0</ele></trkpt>
<trkpt lat="45.042620" lon="6.421530"><ele>1945.0</ele></trkpt>
<trkpt lat="45.042650" lon="6.421510"><ele>1945.0</ele></trkpt>
<trkpt lat="45.042680" lon="6.421510"><ele>1945.0</ele></trkpt>
<trkpt lat="45.042720" lon="6.421500"><ele>1945.0</ele></trkpt>
<trkpt lat="45.042770" lon="6.421510"><ele>1944.0</ele></trkpt>
<trkpt lat="45.042800" lon="6.421520"><ele>1944.0</ele></trkpt>
<trkpt lat="45.042820" lon="6.421520"><ele>1944.0</ele></trkpt>
<trkpt lat="45.042830" lon="6.421530"><ele>1944.0</ele></trkpt>
<trkpt lat="45.042850" lon="6.421540"><ele>1944.0</ele></trkpt>
<trkpt lat="45.042870" lon="6.421550"><ele>1943.0</ele></trkpt>
<trkpt lat="45.042900" lon="6.421570"><ele>1943.0</ele></trkpt>
<trkpt lat="45.042920" lon="6.421600"><ele>1943.0</ele></trkpt>
<trkpt lat="45.042950" lon="6.421620"><ele>1943.0</ele></trkpt>
<trkpt lat="45.042970" lon="6.421650"><ele>1942.0</ele></trkpt>
<trkpt lat="45.042980" lon="6.421660"><ele>1942.0</ele></trkpt>
<trkpt lat="45.042990" lon="6.421680"><ele>1942.0</ele></trkpt>
<trkpt lat="45.043010" lon="6.421710"><ele>1941.0</ele></trkpt>
<trkpt lat="45.043040" lon="6.421770"><ele>1941.0</ele></trkpt>
<trkpt lat="45.043060" lon="6.421840"><ele>1941.0</ele></trkpt>
<trkpt lat="45.043070" lon="6.421880"><ele>1940.0</ele></trkpt>
<trkpt lat="45.043080" lon="6.421910"><ele>1940.0</ele></trkpt>
<trkpt lat="45.043090" lon="6.422020"><ele>1939.0</ele></trkpt>
<trkpt lat="45.043100" lon="6.422120"><ele>1938.0</ele></trkpt>
<trkpt lat="45.043100" lon="6.422150"><ele>1938.0</ele></trkpt>
<trkpt lat="45.043100" lon="6.422310"><ele>1937.0</ele></trkpt>
<trkpt lat="45.043100" lon="6.422380"><ele>1936.0</ele></trkpt>
<trkpt lat="45.043090" lon="6.422640"><ele>1934.0</ele></trkpt>
<trkpt lat="45.043090" lon="6.422720"><ele>1933.0</ele></trkpt>
<trkpt lat="45.043090" lon="6.423180"><ele>1931.0</ele></trkpt>
<trkpt lat="45.043100" lon="6.423510"><ele>1930.0</ele></trkpt>
<trkpt lat="45.043090" lon="6.423700"><ele>1930.0</ele></trkpt>
<trkpt lat="45.043090" lon="6.423860"><ele>1929.0</ele></trkpt>
<trkpt lat="45.043080" lon="6.423950"><ele>1928.0</ele></trkpt>
<trkpt lat="45.043070" lon="6.424040"><ele>1928.0</ele></trkpt>
<trkpt lat="45.043060" lon="6.424120"><ele>1927.0</ele></trkpt>
<trkpt lat="45.043050" lon="6.424160"><ele>1927.0</ele></trkpt>
<trkpt lat="45.043040" lon="6.424210"><ele>1926.0</ele></trkpt>
<trkpt lat="45.043010" lon="6.424360"><ele>1926.0</ele></trkpt>
<trkpt lat="45.042980" lon="6.424520"><ele>1925.0</ele></trkpt>
<trkpt lat="45.042950" lon="6.424680"><ele>1924.0</ele></trkpt>
<trkpt lat="45.042930" lon="6.424830"><ele>1923.0</ele></trkpt>
<trkpt lat="45.042920" lon="6.425010"><ele>1923.0</ele></trkpt>
<trkpt lat="45.042900" lon="6.425120"><ele>1922.0</ele></trkpt>
<trkpt lat="45.042890" lon="6.425190"><ele>1922.0</ele></trkpt>
<trkpt lat="45.042870" lon="6.425290"><ele>1921.0</ele></trkpt>
<trkpt lat="45.042850" lon="6.425390"><ele>1921.0</ele></trkpt>
<trkpt lat="45.042830" lon="6.425480"><ele>1920.0</ele></trkpt>
<trkpt lat="45.042830" lon="6.425500"><ele>1920.0</ele></trkpt>
<trkpt lat="45.042800" lon="6.425610"><ele>1919.0</ele></trkpt>
<trkpt lat="45.042770" lon="6.425760"><ele>1919.0</ele></trkpt>
<trkpt lat="45.042720" lon="6.425990"><ele>1918.0</ele></trkpt>
<trkpt lat="45.042700" lon="6.426070"><ele>1918.0</ele></trkpt>
<trkpt lat="45.042690" lon="6.426110"><ele>1918.0</ele></trkpt>
<trkpt lat="45.042670" lon="6.426150"><ele>1918.0</ele></trkpt>
<trkpt lat="45.042660" lon="6.426200"><ele>1917.0</ele></trkpt>
<trkpt lat="45.042650" lon="6.426220"><ele>1917.0</ele></trkpt>
<trkpt lat="45.042640" lon="6.426240"><ele>1917.0</ele></trkpt>
<trkpt lat="45.042600" lon="6.426310"><ele>1917.0</ele></trkpt>
<trkpt lat="45.042580" lon="6.426350"><ele>1916.0</ele></trkpt>
<trkpt lat="45.042550" lon="6.426390"><ele>1916.0</ele></trkpt>
<trkpt lat="45.042520" lon="6.426430"><ele>1916.0</ele></trkpt>
<trkpt lat="45.042490" lon="6.426470"><ele>1915.0</ele></trkpt>
<trkpt lat="45.042440" lon="6.426540"><ele>1915.0</ele></trkpt>
<trkpt lat="45.042370" lon="6.426610"><ele>1914.0</ele></trkpt>
<trkpt lat="45.042300" lon="6.426680"><ele>1914.0</ele></trkpt>
<trkpt lat="45.042250" lon="6.426720"><ele>1914.0</ele></trkpt>
<trkpt lat="45.042200" lon="6.426770"><ele>1913.0</ele></trkpt>
<trkpt lat="45.042010" lon="6.426940"><ele>1912.0</ele></trkpt>
<trkpt lat="45.041930" lon="6.427010"><ele>1912.0</ele></trkpt>
<trkpt lat="45.041870" lon="6.427070"><ele>1912.0</ele></trkpt>
<trkpt lat="45.041860" lon="6.427080"><ele>1912.0</ele></trkpt>
<trkpt lat="45.041830" lon="6.427110"><ele>1911.0</ele></trkpt>
<trkpt lat="45.041790" lon="6.427140"><ele>1911.0</ele></trkpt>
<trkpt lat="45.041740" lon="6.427180"><ele>1911.0</ele></trkpt>
<trkpt lat="45.041700" lon="6.427210"><ele>1910.0</ele></trkpt>
<trkpt lat="45.041690" lon="6.427220"><ele>1910.0</ele></trkpt>
<trkpt lat="45.041640" lon="6.427250"><ele>1910.0</ele></trkpt>
<trkpt lat="45.041570" lon="6.427280"><ele>1909.0</ele></trkpt>
<trkpt lat="45.041540" lon="6.427300"><ele>1909.0</ele></trkpt>
<trkpt lat="45.041430" lon="6.427360"><ele>1908.0</ele></trkpt>
<trkpt lat="45.041310" lon="6.427430"><ele>1907.0</ele></trkpt>
<trkpt lat="45.041220" lon="6.427500"><ele>1906.0</ele></trkpt>
<trkpt lat="45.041150" lon="6.427560"><ele>1905.0</ele></trkpt>
<trkpt lat="45.041080" lon="6.427630"><ele>1904.0</ele></trkpt>
<trkpt lat="45.040970" lon="6.427760"><ele>1903.0</ele></trkpt>
<trkpt lat="45.040910" lon="6.427810"><ele>1903.0</ele></trkpt>
<trkpt lat="45.040830" lon="6.427910"><ele>1902.0</ele></trkpt>
<trkpt lat="45.040790" lon="6.427950"><ele>1901.0</ele></trkpt>
<trkpt lat="45.040650" lon="6.428120"><ele>1900.0</ele></trkpt>
<trkpt lat="45.040560" lon="6.428280"><ele>1899.0</ele></trkpt>
<trkpt lat="45.040460" lon="6.428470"><ele>1898.0</ele></trkpt>
<trkpt lat="45.040450" lon="6.428490"><ele>1897.0</ele></trkpt>
<trkpt lat="45.040360" lon="6.428670"><ele>1896.0</ele></trkpt>
<trkpt lat="45.040320" lon="6.428750"><ele>1896.0</ele></trkpt>
<trkpt lat="45.040260" lon="6.428890"><ele>1895.0</ele></trkpt>
<trkpt lat="45.040200" lon="6.429010"><ele>1894.0</ele></trkpt>
<trkpt lat="45.040170" lon="6.429110"><ele>1894.0</ele></trkpt>
<trkpt lat="45.040110" lon="6.429250"><ele>1894.0</ele></trkpt>
<trkpt lat="45.040040" lon="6.429480"><ele>1893.0</ele></trkpt>
<trkpt lat="45.040020" lon="6.429570"><ele>1893.0</ele></trkpt>
<trkpt lat="45.039960" lon="6.429770"><ele>1893.0</ele></trkpt>
<trkpt lat="45.039950" lon="6.429810"><ele>1892.0</ele></trkpt>
<trkpt lat="45.039880" lon="6.430110"><ele>1892.0</ele></trkpt>
<trkpt lat="45.039800" lon="6.430560"><ele>1891.0</ele></trkpt>
<trkpt lat="45.039710" lon="6.430980"><ele>1891.0</ele></trkpt>
<trkpt lat="45.039690" lon="6.431070"><ele>1891.0</ele></trkpt>
<trkpt lat="45.039670" lon="6.431180"><ele>1890.0</ele></trkpt>
<trkpt lat="45.039620" lon="6.431330"><ele>1890.0</ele></trkpt>
<trkpt lat="45.039570" lon="6.431490"><ele>1890.0</ele></trkpt>
<trkpt lat="45.039530" lon="6.431630"><ele>1889.0</ele></trkpt>
<trkpt lat="45.039470" lon="6.431780"><ele>1889.0</ele></trkpt>
<trkpt lat="45.039420" lon="6.431910"><ele>1888.0</ele></trkpt>
<trkpt lat="45.039410" lon="6.431930"><ele>1887.0</ele></trkpt>
<trkpt lat="45.039350" lon="6.432070"><ele>1887.0</ele></trkpt>
<trkpt lat="45.039290" lon="6.432210"><ele>1886.0</ele></trkpt>
<trkpt lat="45.039210" lon="6.432350"><ele>1885.0</ele></trkpt>
<trkpt lat="45.039140" lon="6.432460"><ele>1884.0</ele></trkpt>
<trkpt lat="45.039100" lon="6.432510"><ele>1883.0</ele></trkpt>
<trkpt lat="45.039040" lon="6.432590"><ele>1882.0</ele></trkpt>
<trkpt lat="45.038820" lon="6.432830"><ele>1881.0</ele></trkpt>
<trkpt lat="45.038760" lon="6.432890"><ele>1880.0</ele></trkpt>
<trkpt lat="45.038530" lon="6.433140"><ele>1879.0</ele></trkpt>
<trkpt lat="45.038300" lon="6.433370"><ele>1878.0</ele></trkpt>
<trkpt lat="45.038240" lon="6.433440"><ele>1877.0</ele></trkpt>
<trkpt lat="45.038110" lon="6.433570"><ele>1877.0</ele></trkpt>
<trkpt lat="45.038090" lon="6.433590"><ele>1877.0</ele></trkpt>
<trkpt lat="45.038010" lon="6.433690"><ele>1876.0</ele></trkpt>
<trkpt lat="45.037960" lon="6.433760"><ele>1876.0</ele></trkpt>
<trkpt lat="45.037920" lon="6.433810"><ele>1875.0</ele></trkpt>
<trkpt lat="45.037830" lon="6.433940"><ele>1875.0</ele></trkpt>
<trkpt lat="45.037770" lon="6.434030"><ele>1874.0</ele></trkpt>
<trkpt lat="45.037730" lon="6.434090"><ele>1874.0</ele></trkpt>
<trkpt lat="45.037700" lon="6.434120"><ele>1873.0</ele></trkpt>
<trkpt lat="45.037670" lon="6.434150"><ele>1873.0</ele></trkpt>
<trkpt lat="45.037600" lon="6.434240"><ele>1872.0</ele></trkpt>
<trkpt lat="45.037540" lon="6.434290"><ele>1872.0</ele></trkpt>
<trkpt lat="45.037390" lon="6.434440"><ele>1871.0</ele></trkpt>
<trkpt lat="45.037200" lon="6.434630"><ele>1870.0</ele></trkpt>
<trkpt lat="45.037100" lon="6.434740"><ele>1869.0</ele></trkpt>
<trkpt lat="45.037020" lon="6.434840"><ele>1869.0</ele></trkpt>
<trkpt lat="45.036970" lon="6.434910"><ele>1868.0</ele></trkpt>
<trkpt lat="45.036850" lon="6.435070"><ele>1867.0</ele></trkpt>
<trkpt lat="45.036710" lon="6.435270"><ele>1867.0</ele></trkpt>
<trkpt lat="45.036680" lon="6.435310"><ele>1866.0</ele></trkpt>
<trkpt lat="45.036520" lon="6.435560"><ele>1865.0</ele></trkpt>
<trkpt lat="45.036370" lon="6.435820"><ele>1865.0</ele></trkpt>
<trkpt lat="45.036250" lon="6.436050"><ele>1864.0</ele></trkpt>
<trkpt lat="45.036200" lon="6.436140"><ele>1864.0</ele></trkpt>
<trkpt lat="45.036060" lon="6.436410"><ele>1863.0</ele></trkpt>
<trkpt lat="45.036030" lon="6.436460"><ele>1863.0</ele></trkpt>
<trkpt lat="45.035950" lon="6.436610"><ele>1862.0</ele></trkpt>
<trkpt lat="45.035920" lon="6.436650"><ele>1862.0</ele></trkpt>
<trkpt lat="45.035870" lon="6.436720"><ele>1862.0</ele></trkpt>
<trkpt lat="45.035800" lon="6.436830"><ele>1861.0</ele></trkpt>
<trkpt lat="45.035690" lon="6.436970"><ele>1860.0</ele></trkpt>
<trkpt lat="45.035620" lon="6.437060"><ele>1859.0</ele></trkpt>
<trkpt lat="45.035510" lon="6.437170"><ele>1858.0</ele></trkpt>
<trkpt lat="45.035410" lon="6.437270"><ele>1857.0</ele></trkpt>
<trkpt lat="45.035370" lon="6.437300"><ele>1856.0</ele></trkpt>
<trkpt lat="45.035220" lon="6.437440"><ele>1854.0</ele></trkpt>
<trkpt lat="45.035020" lon="6.437620"><ele>1852.0</ele></trkpt>
<trkpt lat="45.034430" lon="6.438170"><ele>1849.0</ele></trkpt>
<trkpt lat="45.034160" lon="6.438420"><ele>1848.0</ele></trkpt>
<trkpt lat="45.034140" lon="6.438440"><ele>1847.0</ele></trkpt>
<trkpt lat="45.034020" lon="6.438560"><ele>1845.0</ele></trkpt>
<trkpt lat="45.033850" lon="6.438720"><ele>1844.0</ele></trkpt>
<trkpt lat="45.033480" lon="6.439120"><ele>1842.0</ele></trkpt>
<trkpt lat="45.033110" lon="6.439540"><ele>1840.0</ele></trkpt>
<trkpt lat="45.032730" lon="6.439960"><ele>1839.0</ele></trkpt>
<trkpt lat="45.032650" lon="6.440050"><ele>1838.0</ele></trkpt>
<trkpt lat="45.032590" lon="6.440120"><ele>1837.0</ele></trkpt>
<trkpt lat="45.032340" lon="6.440390"><ele>1835.0</ele></trkpt>
<trkpt lat="45.032110" lon="6.440660"><ele>1834.0</ele></trkpt>
<trkpt lat="45.031880" lon="6.440930"><ele>1833.0</ele></trkpt>
<trkpt lat="45.031650" lon="6.441240"><ele>1831.0</ele></trkpt>
<trkpt lat="45.031500" lon="6.441470"><ele>1830.0</ele></trkpt>
<trkpt lat="45.031360" lon="6.441740"><ele>1829.0</ele></trkpt>
<trkpt lat="45.031210" lon="6.442010"><ele>1828.0</ele></trkpt>
<trkpt lat="45.031080" lon="6.442280"><ele>1826.0</ele></trkpt>
<trkpt lat="45.030950" lon="6.442580"><ele>1825.0</ele></trkpt>
<trkpt lat="45.030900" lon="6.442710"><ele>1824.0</ele></trkpt>
<trkpt lat="45.030830" lon="6.442860"><ele>1822.0</ele></trkpt>
<trkpt lat="45.030720" lon="6.443150"><ele>1821.0</ele></trkpt>
<trkpt lat="45.030560" lon="6.443590"><ele>1819.0</ele></trkpt>
<trkpt lat="45.030350" lon="6.444130"><ele>1818.0</ele></trkpt>
<trkpt lat="45.030270" lon="6.444300"><ele>1817.0</ele></trkpt>
<trkpt lat="45.030230" lon="6.444380"><ele>1817.0</ele></trkpt>
<trkpt lat="45.030180" lon="6.444460"><ele>1816.0</ele></trkpt>
<trkpt lat="45.030170" lon="6.444460"><ele>1816.0</ele></trkpt>
<trkpt lat="45.030080" lon="6.444590"><ele>1815.0</ele></trkpt>
<trkpt lat="45.029940" lon="6.444790"><ele>1815.0</ele></trkpt>
<trkpt lat="45.029780" lon="6.445000"><ele>1814.0</ele></trkpt>
<trkpt lat="45.029770" lon="6.445030"><ele>1814.0</ele></trkpt>
<trkpt lat="45.029660" lon="6.445160"><ele>1813.0</ele></trkpt>
<trkpt lat="45.029420" lon="6.445490"><ele>1813.0</ele></trkpt>
<trkpt lat="45.029380" lon="6.445550"><ele>1812.0</ele></trkpt>
<trkpt lat="45.029340" lon="6.445610"><ele>1812.0</ele></trkpt>
<trkpt lat="45.029280" lon="6.445710"><ele>1812.0</ele></trkpt>
<trkpt lat="45.029250" lon="6.445760"><ele>1811.0</ele></trkpt>
<trkpt lat="45.029210" lon="6.445830"><ele>1811.0</ele></trkpt>
<trkpt lat="45.029140" lon="6.446000"><ele>1811.0</ele></trkpt>
<trkpt lat="45.029060" lon="6.446170"><ele>1810.0</ele></trkpt>
<trkpt lat="45.029060" lon="6.446180"><ele>1810.0</ele></trkpt>
<trkpt lat="45.029010" lon="6.446280"><ele>1809.0</ele></trkpt>
<trkpt lat="45.028960" lon="6.446400"><ele>1809.0</ele></trkpt>
<trkpt lat="45.028910" lon="6.446520"><ele>1808.0</ele></trkpt>
<trkpt lat="45.028870" lon="6.446620"><ele>1808.0</ele></trkpt>
<trkpt lat="45.028830" lon="6.446710"><ele>1807.0</ele></trkpt>
<trkpt lat="45.028790" lon="6.446790"><ele>1807.0</ele></trkpt>
<trkpt lat="45.028750" lon="6.446860"><ele>1806.0</ele></trkpt>
<trkpt lat="45.028680" lon="6.446980"><ele>1806.0</ele></trkpt>
<trkpt lat="45.028660" lon="6.447010"><ele>1806.0</ele></trkpt>
<trkpt lat="45.028650" lon="6.447020"><ele>1805.0</ele></trkpt>
<trkpt lat="45.028600" lon="6.447090"><ele>1805.0</ele></trkpt>
<trkpt lat="45.028520" lon="6.447180"><ele>1804.0</ele></trkpt>
<trkpt lat="45.028510" lon="6.447190"><ele>1804.0</ele></trkpt>
<trkpt lat="45.028500" lon="6.447210"><ele>1804.0</ele></trkpt>
<trkpt lat="45.028410" lon="6.447310"><ele>1803.0</ele></trkpt>
<trkpt lat="45.028370" lon="6.447350"><ele>1803.0</ele></trkpt>
<trkpt lat="45.028320" lon="6.447410"><ele>1802.0</ele></trkpt>
<trkpt lat="45.028220" lon="6.447500"><ele>1801.0</ele></trkpt>
<trkpt lat="45.028120" lon="6.447600"><ele>1801.0</ele></trkpt>
<trkpt lat="45.028070" lon="6.447640"><ele>1800.0</ele></trkpt>
<trkpt lat="45.027940" lon="6.447760"><ele>1799.0</ele></trkpt>
<trkpt lat="45.027920" lon="6.447780"><ele>1799.0</ele></trkpt>
<trkpt lat="45.027830" lon="6.447850"><ele>1798.0</ele></trkpt>
<trkpt lat="45.027770" lon="6.447910"><ele>1798.0</ele></trkpt>
<trkpt lat="45.027750" lon="6.447930"><ele>1797.0</ele></trkpt>
<trkpt lat="45.027700" lon="6.447980"><ele>1796.0</ele></trkpt>
<trkpt lat="45.027630" lon="6.448060"><ele>1795.0</ele></trkpt>
<trkpt lat="45.027490" lon="6.448240"><ele>1793.0</ele></trkpt>
<trkpt lat="45.027430" lon="6.448320"><ele>1792.0</ele></trkpt>
<trkpt lat="45.027360" lon="6.448420"><ele>1790.0</ele></trkpt>
<trkpt lat="45.027150" lon="6.448710"><ele>1788.0</ele></trkpt>
<trkpt lat="45.026840" lon="6.449140"><ele>1786.0</ele></trkpt>
<trkpt lat="45.026760" lon="6.449250"><ele>1784.0</ele></trkpt>
<trkpt lat="45.026520" lon="6.449600"><ele>1783.0</ele></trkpt>
<trkpt lat="45.026370" lon="6.449850"><ele>1781.0</ele></trkpt>
<trkpt lat="45.026350" lon="6.449880"><ele>1780.0</ele></trkpt>
<trkpt lat="45.026140" lon="6.450230"><ele>1778.0</ele></trkpt>
<trkpt lat="45.025980" lon="6.450490"><ele>1777.0</ele></trkpt>
<trkpt lat="45.025770" lon="6.450870"><ele>1776.0</ele></trkpt>
<trkpt lat="45.025670" lon="6.451060"><ele>1775.0</ele></trkpt>
<trkpt lat="45.025660" lon="6.451070"><ele>1774.0</ele></trkpt>
<trkpt lat="45.025550" lon="6.451290"><ele>1773.0</ele></trkpt>
<trkpt lat="45.025480" lon="6.451450"><ele>1772.0</ele></trkpt>
<trkpt lat="45.025420" lon="6.451570"><ele>1771.0</ele></trkpt>
<trkpt lat="45.025280" lon="6.451870"><ele>1770.0</ele></trkpt>
<trkpt lat="45.025190" lon="6.452090"><ele>1770.0</ele></trkpt>
<trkpt lat="45.025120" lon="6.452300"><ele>1769.0</ele></trkpt>
<trkpt lat="45.025060" lon="6.452530"><ele>1769.0</ele></trkpt>
<trkpt lat="45.024970" lon="6.452860"><ele>1768.0</ele></trkpt>
<trkpt lat="45.024960" lon="6.452870"><ele>1768.0</ele></trkpt>
<trkpt lat="45.024900" lon="6.453080"><ele>1767.0</ele></trkpt>
<trkpt lat="45.024850" lon="6.453200"><ele>1767.0</ele></trkpt>
<trkpt lat="45.024790" lon="6.453320"><ele>1767.0</ele></trkpt>
<trkpt lat="45.024700" lon="6.453520"><ele>1766.0</ele></trkpt>
<trkpt lat="45.024690" lon="6.453530"><ele>1766.0</ele></trkpt>
<trkpt lat="45.024580" lon="6.453770"><ele>1765.0</ele></trkpt>
<trkpt lat="45.024530" lon="6.453880"><ele>1765.0</ele></trkpt>
<trkpt lat="45.024440" lon="6.454100"><ele>1764.0</ele></trkpt>
<trkpt lat="45.024410" lon="6.454160"><ele>1764.0</ele></trkpt>
<trkpt lat="45.024340" lon="6.454310"><ele>1764.0</ele></trkpt>
<trkpt lat="45.024320" lon="6.454360"><ele>1763.0</ele></trkpt>
<trkpt lat="45.024270" lon="6.454450"><ele>1763.0</ele></trkpt>
<trkpt lat="45.024200" lon="6.454560"><ele>1762.0</ele></trkpt>
<trkpt lat="45.024200" lon="6.454570"><ele>1762.0</ele></trkpt>
<trkpt lat="45.024110" lon="6.454690"><ele>1761.0</ele></trkpt>
<trkpt lat="45.023960" lon="6.454910"><ele>1760.0</ele></trkpt>
<trkpt lat="45.023730" lon="6.455230"><ele>1760.0</ele></trkpt>
<trkpt lat="45.023710" lon="6.455260"><ele>1759.0</ele></trkpt>
<trkpt lat="45.023600" lon="6.455410"><ele>1758.0</ele></trkpt>
<trkpt lat="45.023460" lon="6.455610"><ele>1757.0</ele></trkpt>
<trkpt lat="45.023320" lon="6.455830"><ele>1757.0</ele></trkpt>
<trkpt lat="45.023210" lon="6.456030"><ele>1756.0</ele></trkpt>
<trkpt lat="45.023160" lon="6.456090"><ele>1756.0</ele></trkpt>
<trkpt lat="45.023090" lon="6.456180"><ele>1755.0</ele></trkpt>
<trkpt lat="45.022970" lon="6.456310"><ele>1754.0</ele></trkpt>
<trkpt lat="45.022840" lon="6.456430"><ele>1753.0</ele></trkpt>
<trkpt lat="45.022720" lon="6.456550"><ele>1752.0</ele></trkpt>
<trkpt lat="45.022610" lon="6.456670"><ele>1752.0</ele></trkpt>
<trkpt lat="45.022510" lon="6.456790"><ele>1751.0</ele></trkpt>
<trkpt lat="45.022430" lon="6.456880"><ele>1750.0</ele></trkpt>
<trkpt lat="45.022320" lon="6.457050"><ele>1749.0</ele></trkpt>
<trkpt lat="45.022210" lon="6.457210"><ele>1748.0</ele></trkpt>
<trkpt lat="45.022130" lon="6.457360"><ele>1748.0</ele></trkpt>
<trkpt lat="45.022060" lon="6.457500"><ele>1747.0</ele></trkpt>
<trkpt lat="45.021970" lon="6.457690"><ele>1746.0</ele></trkpt>
<trkpt lat="45.021890" lon="6.457860"><ele>1745.0</ele></trkpt>
<trkpt lat="45.021780" lon="6.458110"><ele>1744.0</ele></trkpt>
<trkpt lat="45.021710" lon="6.458290"><ele>1744.0</ele></trkpt>
<trkpt lat="45.021650" lon="6.458420"><ele>1743.0</ele></trkpt>
<trkpt lat="45.021560" lon="6.458600"><ele>1742.0</ele></trkpt>
<trkpt lat="45.021490" lon="6.458740"><ele>1741.0</ele></trkpt>
<trkpt lat="45.021350" lon="6.459010"><ele>1740.0</ele></trkpt>
<trkpt lat="45.021150" lon="6.459350"><ele>1740.0</ele></trkpt>
<trkpt lat="45.021080" lon="6.459490"><ele>1739.0</ele></trkpt>
<trkpt lat="45.021020" lon="6.459620"><ele>1738.0</ele></trkpt>
<trkpt lat="45.020970" lon="6.459750"><ele>1738.0</ele></trkpt>
<trkpt lat="45.020920" lon="6.459870"><ele>1737.0</ele></trkpt>
<trkpt lat="45.020780" lon="6.460260"><ele>1736.0</ele></trkpt>
<trkpt lat="45.020640" lon="6.460640"><ele>1736.0</ele></trkpt>
<trkpt lat="45.020590" lon="6.460810"><ele>1735.0</ele></trkpt>
<trkpt lat="45.020490" lon="6.461100"><ele>1735.0</ele></trkpt>
<trkpt lat="45.020480" lon="6.461140"><ele>1734.0</ele></trkpt>
<trkpt lat="45.020430" lon="6.461310"><ele>1734.0</ele></trkpt>
<trkpt lat="45.020420" lon="6.461340"><ele>1734.0</ele></trkpt>
<trkpt lat="45.020400" lon="6.461460"><ele>1734.0</ele></trkpt>
<trkpt lat="45.020370" lon="6.461580"><ele>1733.0</ele></trkpt>
<trkpt lat="45.020350" lon="6.461660"><ele>1733.0</ele></trkpt>
<trkpt lat="45.020320" lon="6.461810"><ele>1733.0</ele></trkpt>
<trkpt lat="45.020300" lon="6.461890"><ele>1732.0</ele></trkpt>
<trkpt lat="45.020270" lon="6.461970"><ele>1732.0</ele></trkpt>
<trkpt lat="45.020240" lon="6.462060"><ele>1732.0</ele></trkpt>
<trkpt lat="45.020120" lon="6.462350"><ele>1731.0</ele></trkpt>
<trkpt lat="45.020060" lon="6.462500"><ele>1731.0</ele></trkpt>
<trkpt lat="45.020040" lon="6.462540"><ele>1730.0</ele></trkpt>
<trkpt lat="45.019990" lon="6.462670"><ele>1730.0</ele></trkpt>
<trkpt lat="45.019940" lon="6.462800"><ele>1729.0</ele></trkpt>
<trkpt lat="45.019890" lon="6.462900"><ele>1728.0</ele></trkpt>
<trkpt lat="45.019820" lon="6.463020"><ele>1727.0</ele></trkpt>
<trkpt lat="45.019770" lon="6.463100"><ele>1727.0</ele></trkpt>
<trkpt lat="45.019760" lon="6.463120"><ele>1726.0</ele></trkpt>
<trkpt lat="45.019730" lon="6.463170"><ele>1725.0</ele></trkpt>
<trkpt lat="45.019690" lon="6.463220"><ele>1724.0</ele></trkpt>
<trkpt lat="45.019630" lon="6.463300"><ele>1723.0</ele></trkpt>
<trkpt lat="45.019510" lon="6.463430"><ele>1721.0</ele></trkpt>
<trkpt lat="45.019480" lon="6.463450"><ele>1719.0</ele></trkpt>
<trkpt lat="45.019230" lon="6.463660"><ele>1717.0</ele></trkpt>
<trkpt lat="45.018980" lon="6.463980"><ele>1715.0</ele></trkpt>
<trkpt lat="45.018820" lon="6.464260"><ele>1714.0</ele></trkpt>
<trkpt lat="45.018670" lon="6.464650"><ele>1713.0</ele></trkpt>
<trkpt lat="45.018630" lon="6.464940"><ele>1713.0</ele></trkpt>
<trkpt lat="45.018620" lon="6.465170"><ele>1713.0</ele></trkpt>
<trkpt lat="45.018620" lon="6.465240"><ele>1713.0</ele></trkpt>
<trkpt lat="45.018620" lon="6.465320"><ele>1713.0</ele></trkpt>
<trkpt lat="45.018610" lon="6.465370"><ele>1713.0</ele></trkpt>
<trkpt lat="45.018590" lon="6.465430"><ele>1713.0</ele></trkpt>
<trkpt lat="45.018580" lon="6.465480"><ele>1713.0</ele></trkpt>
<trkpt lat="45.018570" lon="6.465510"><ele>1713.0</ele></trkpt>
<trkpt lat="45.018550" lon="6.465540"><ele>1713.0</ele></trkpt>
<trkpt lat="45.018520" lon="6.465580"><ele>1713.0</ele></trkpt>
<trkpt lat="45.018490" lon="6.465630"><ele>1713.0</ele></trkpt>
<trkpt lat="45.018440" lon="6.465690"><ele>1713.0</ele></trkpt>
<trkpt lat="45.018360" lon="6.465770"><ele>1713.0</ele></trkpt>
<trkpt lat="45.018250" lon="6.465870"><ele>1713.0</ele></trkpt>
<trkpt lat="45.018160" lon="6.465950"><ele>1713.0</ele></trkpt>
<trkpt lat="45.018110" lon="6.466000"><ele>1713.0</ele></trkpt>
<trkpt lat="45.018100" lon="6.466010"><ele>1713.0</ele></trkpt>
<trkpt lat="45.018060" lon="6.466040"><ele>1713.0</ele></trkpt>
<trkpt lat="45.018020" lon="6.466070"><ele>1713.0</ele></trkpt>
<trkpt lat="45.017970" lon="6.466100"><ele>1713.0</ele></trkpt>
<trkpt lat="45.017950" lon="6.466100"><ele>1713.0</ele></trkpt>
<trkpt lat="45.017910" lon="6.466100"><ele>1713.0</ele></trkpt>
<trkpt lat="45.017880" lon="6.466100"><ele>1713.0</ele></trkpt>
<trkpt lat="45.017820" lon="6.466070"><ele>1713.0</ele></trkpt>
<trkpt lat="45.017740" lon="6.466020"><ele>1713.0</ele></trkpt>
<trkpt lat="45.017650" lon="6.465950"><ele>1713.0</ele></trkpt>
<trkpt lat="45.017580" lon="6.465910"><ele>1713.0</ele></trkpt>
<trkpt lat="45.017540" lon="6.465880"><ele>1713.0</ele></trkpt>
<trkpt lat="45.017420" lon="6.465800"><ele>1712.0</ele></trkpt>
<trkpt lat="45.017420" lon="6.465790"><ele>1712.0</ele></trkpt>
<trkpt lat="45.017310" lon="6.465730"><ele>1711.0</ele></trkpt>
<trkpt lat="45.017230" lon="6.465690"><ele>1710.0</ele></trkpt>
<trkpt lat="45.017180" lon="6.465670"><ele>1709.0</ele></trkpt>
<trkpt lat="45.017080" lon="6.465630"><ele>1708.0</ele></trkpt>
<trkpt lat="45.016970" lon="6.465600"><ele>1707.0</ele></trkpt>
<trkpt lat="45.016910" lon="6.465570"><ele>1707.0</ele></trkpt>
<trkpt lat="45.016880" lon="6.465560"><ele>1706.0</ele></trkpt>
<trkpt lat="45.016800" lon="6.465520"><ele>1705.0</ele></trkpt>
<trkpt lat="45.016740" lon="6.465490"><ele>1705.0</ele></trkpt>
<trkpt lat="45.016670" lon="6.465440"><ele>1704.0</ele></trkpt>
<trkpt lat="45.016600" lon="6.465410"><ele>1703.0</ele></trkpt>
<trkpt lat="45.016540" lon="6.465380"><ele>1702.0</ele></trkpt>
<trkpt lat="45.016500" lon="6.465360"><ele>1702.0</ele></trkpt>
<trkpt lat="45.016440" lon="6.465340"><ele>1701.0</ele></trkpt>
<trkpt lat="45.016360" lon="6.465320"><ele>1700.0</ele></trkpt>
<trkpt lat="45.016290" lon="6.465310"><ele>1699.0</ele></trkpt>
<trkpt lat="45.016200" lon="6.465310"><ele>1699.0</ele></trkpt>
<trkpt lat="45.016130" lon="6.465310"><ele>1698.0</ele></trkpt>
<trkpt lat="45.016030" lon="6.465330"><ele>1697.0</ele></trkpt>
<trkpt lat="45.015910" lon="6.465360"><ele>1696.0</ele></trkpt>
<trkpt lat="45.015860" lon="6.465380"><ele>1696.0</ele></trkpt>
<trkpt lat="45.015820" lon="6.465410"><ele>1695.0</ele></trkpt>
<trkpt lat="45.015760" lon="6.465440"><ele>1695.0</ele></trkpt>
<trkpt lat="45.015720" lon="6.465480"><ele>1695.0</ele></trkpt>
<trkpt lat="45.015700" lon="6.465490"><ele>1694.0</ele></trkpt>
<trkpt lat="45.015680" lon="6.465500"><ele>1694.0</ele></trkpt>
<trkpt lat="45.015650" lon="6.465540"><ele>1694.0</ele></trkpt>
<trkpt lat="45.015610" lon="6.465580"><ele>1694.0</ele></trkpt>
<trkpt lat="45.015570" lon="6.465620"><ele>1693.0</ele></trkpt>
<trkpt lat="45.015470" lon="6.465760"><ele>1693.0</ele></trkpt>
<trkpt lat="45.015320" lon="6.465950"><ele>1692.0</ele></trkpt>
<trkpt lat="45.015160" lon="6.466160"><ele>1692.0</ele></trkpt>
<trkpt lat="45.015100" lon="6.466250"><ele>1692.0</ele></trkpt>
<trkpt lat="45.015040" lon="6.466350"><ele>1692.0</ele></trkpt>
<trkpt lat="45.015010" lon="6.466390"><ele>1691.0</ele></trkpt>
<trkpt lat="45.014940" lon="6.466510"><ele>1691.0</ele></trkpt>
<trkpt lat="45.014800" lon="6.466730"><ele>1691.0</ele></trkpt>
<trkpt lat="45.014770" lon="6.466780"><ele>1691.0</ele></trkpt>
<trkpt lat="45.014710" lon="6.466850"><ele>1690.0</ele></trkpt>
<trkpt lat="45.014670" lon="6.466900"><ele>1690.0</ele></trkpt>
<trkpt lat="45.014630" lon="6.466930"><ele>1690.0</ele></trkpt>
<trkpt lat="45.014580" lon="6.466990"><ele>1690.0</ele></trkpt>
<trkpt lat="45.014520" lon="6.467050"><ele>1689.0</ele></trkpt>
<trkpt lat="45.014460" lon="6.467100"><ele>1689.0</ele></trkpt>
<trkpt lat="45.014390" lon="6.467150"><ele>1689.0</ele></trkpt>
<trkpt lat="45.014330" lon="6.467190"><ele>1688.0</ele></trkpt>
<trkpt lat="45.014220" lon="6.467270"><ele>1687.0</ele></trkpt>
<trkpt lat="45.014170" lon="6.467290"><ele>1686.0</ele></trkpt>
<trkpt lat="45.014010" lon="6.467370"><ele>1686.0</ele></trkpt>
<trkpt lat="45.013920" lon="6.467410"><ele>1685.0</ele></trkpt>
<trkpt lat="45.013870" lon="6.467420"><ele>1684.0</ele></trkpt>
<trkpt lat="45.013850" lon="6.467420"><ele>1684.0</ele></trkpt>
<trkpt lat="45.013690" lon="6.467450"><ele>1683.0</ele></trkpt>
<trkpt lat="45.013590" lon="6.467460"><ele>1683.0</ele></trkpt>
<trkpt lat="45.013520" lon="6.467480"><ele>1682.0</ele></trkpt>
<trkpt lat="45.013510" lon="6.467480"><ele>1682.0</ele></trkpt>
<trkpt lat="45.013460" lon="6.467500"><ele>1681.0</ele></trkpt>
<trkpt lat="45.013410" lon="6.467520"><ele>1681.0</ele></trkpt>
<trkpt lat="45.013350" lon="6.467540"><ele>1680.0</ele></trkpt>
<trkpt lat="45.013290" lon="6.467560"><ele>1680.0</ele></trkpt>
<trkpt lat="45.013210" lon="6.467610"><ele>1679.0</ele></trkpt>
<trkpt lat="45.013170" lon="6.467630"><ele>1679.0</ele></trkpt>
<trkpt lat="45.013130" lon="6.467650"><ele>1678.0</ele></trkpt>
<trkpt lat="45.013020" lon="6.467730"><ele>1677.0</ele></trkpt>
<trkpt lat="45.012940" lon="6.467800"><ele>1677.0</ele></trkpt>
<trkpt lat="45.012870" lon="6.467860"><ele>1676.0</ele></trkpt>
<trkpt lat="45.012860" lon="6.467870"><ele>1676.0</ele></trkpt>
<trkpt lat="45.012820" lon="6.467910"><ele>1676.0</ele></trkpt>
<trkpt lat="45.012760" lon="6.467980"><ele>1675.0</ele></trkpt>
<trkpt lat="45.012730" lon="6.468020"><ele>1675.0</ele></trkpt>
<trkpt lat="45.012670" lon="6.468100"><ele>1674.0</ele></trkpt>
<trkpt lat="45.012620" lon="6.468190"><ele>1673.0</ele></trkpt>
<trkpt lat="45.012530" lon="6.468360"><ele>1673.0</ele></trkpt>
<trkpt lat="45.012460" lon="6.468470"><ele>1672.0</ele></trkpt>
<trkpt lat="45.012420" lon="6.468530"><ele>1672.0</ele></trkpt>
<trkpt lat="45.012380" lon="6.468590"><ele>1671.0</ele></trkpt>
<trkpt lat="45.012360" lon="6.468610"><ele>1671.0</ele></trkpt>
<trkpt lat="45.012310" lon="6.468670"><ele>1670.0</ele></trkpt>
<trkpt lat="45.012240" lon="6.468750"><ele>1669.0</ele></trkpt>
<trkpt lat="45.012220" lon="6.468760"><ele>1669.0</ele></trkpt>
<trkpt lat="45.012150" lon="6.468840"><ele>1667.0</ele></trkpt>
<trkpt lat="45.011800" lon="6.469160"><ele>1666.0</ele></trkpt>
<trkpt lat="45.011570" lon="6.469390"><ele>1665.0</ele></trkpt>
<trkpt lat="45.011440" lon="6.469520"><ele>1664.0</ele></trkpt>
<trkpt lat="45.011320" lon="6.469640"><ele>1663.0</ele></trkpt>
<trkpt lat="45.011220" lon="6.469730"><ele>1663.0</ele></trkpt>
<trkpt lat="45.011180" lon="6.469760"><ele>1662.0</ele></trkpt>
<trkpt lat="45.011120" lon="6.469800"><ele>1662.0</ele></trkpt>
<trkpt lat="45.011020" lon="6.469880"><ele>1661.0</ele></trkpt>
<trkpt lat="45.010840" lon="6.470000"><ele>1660.0</ele></trkpt>
<trkpt lat="45.010700" lon="6.470110"><ele>1659.0</ele></trkpt>
<trkpt lat="45.010590" lon="6.470200"><ele>1659.0</ele></trkpt>
<trkpt lat="45.010470" lon="6.470280"><ele>1658.0</ele></trkpt>
<trkpt lat="45.010380" lon="6.470340"><ele>1657.0</ele></trkpt>
<trkpt lat="45.010250" lon="6.470400"><ele>1657.0</ele></trkpt>
<trkpt lat="45.010210" lon="6.470420"><ele>1656.0</ele></trkpt>
<trkpt lat="45.010120" lon="6.470460"><ele>1656.0</ele></trkpt>
<trkpt lat="45.009990" lon="6.470510"><ele>1655.0</ele></trkpt>
<trkpt lat="45.009810" lon="6.470600"><ele>1655.0</ele></trkpt>
<trkpt lat="45.009750" lon="6.470640"><ele>1654.0</ele></trkpt>
<trkpt lat="45.009700" lon="6.470670"><ele>1654.0</ele></trkpt>
<trkpt lat="45.009670" lon="6.470690"><ele>1653.0</ele></trkpt>
<trkpt lat="45.009540" lon="6.470780"><ele>1653.0</ele></trkpt>
<trkpt lat="45.009510" lon="6.470800"><ele>1653.0</ele></trkpt>
<trkpt lat="45.009400" lon="6.470880"><ele>1652.0</ele></trkpt>
<trkpt lat="45.009300" lon="6.470930"><ele>1652.0</ele></trkpt>
<trkpt lat="45.009210" lon="6.470980"><ele>1651.0</ele></trkpt>
<trkpt lat="45.009160" lon="6.471000"><ele>1651.0</ele></trkpt>
<trkpt lat="45.009040" lon="6.471060"><ele>1651.0</ele></trkpt>
<trkpt lat="45.008980" lon="6.471090"><ele>1650.0</ele></trkpt>
<trkpt lat="45.008860" lon="6.471160"><ele>1650.0</ele></trkpt>
<trkpt lat="45.008820" lon="6.471190"><ele>1650.0</ele></trkpt>
<trkpt lat="45.008770" lon="6.471220"><ele>1649.0</ele></trkpt>
<trkpt lat="45.008720" lon="6.471280"><ele>1649.0</ele></trkpt>
<trkpt lat="45.008640" lon="6.471380"><ele>1649.0</ele></trkpt>
<trkpt lat="45.008590" lon="6.471440"><ele>1648.0</ele></trkpt>
<trkpt lat="45.008560" lon="6.471500"><ele>1648.0</ele></trkpt>
<trkpt lat="45.008490" lon="6.471610"><ele>1648.0</ele></trkpt>
<trkpt lat="45.008400" lon="6.471740"><ele>1647.0</ele></trkpt>
<trkpt lat="45.008330" lon="6.471840"><ele>1647.0</ele></trkpt>
<trkpt lat="45.008270" lon="6.471910"><ele>1646.0</ele></trkpt>
<trkpt lat="45.008220" lon="6.471960"><ele>1646.0</ele></trkpt>
<trkpt lat="45.008160" lon="6.472010"><ele>1646.0</ele></trkpt>
<trkpt lat="45.008090" lon="6.472060"><ele>1645.0</ele></trkpt>
<trkpt lat="45.008040" lon="6.472090"><ele>1645.0</ele></trkpt>
<trkpt lat="45.007990" lon="6.472100"><ele>1645.0</ele></trkpt>
<trkpt lat="45.007950" lon="6.472120"><ele>1644.0</ele></trkpt>
<trkpt lat="45.007820" lon="6.472150"><ele>1644.0</ele></trkpt>
<trkpt lat="45.007750" lon="6.472160"><ele>1643.0</ele></trkpt>
<trkpt lat="45.007680" lon="6.472180"><ele>1642.0</ele></trkpt>
<trkpt lat="45.007620" lon="6.472190"><ele>1642.0</ele></trkpt>
<trkpt lat="45.007530" lon="6.472230"><ele>1641.0</ele></trkpt>
<trkpt lat="45.007440" lon="6.472270"><ele>1640.0</ele></trkpt>
<trkpt lat="45.007290" lon="6.472350"><ele>1639.0</ele></trkpt>
<trkpt lat="45.007180" lon="6.472420"><ele>1637.0</ele></trkpt>
<trkpt lat="45.006890" lon="6.472530"><ele>1636.0</ele></trkpt>
<trkpt lat="45.006430" lon="6.472690"><ele>1635.0</ele></trkpt>
<trkpt lat="45.006390" lon="6.472700"><ele>1634.0</ele></trkpt>
<trkpt lat="45.006330" lon="6.472700"><ele>1634.0</ele></trkpt>
<trkpt lat="45.006300" lon="6.472710"><ele>1634.0</ele></trkpt>
<trkpt lat="45.006220" lon="6.472710"><ele>1633.0</ele></trkpt>
<trkpt lat="45.006160" lon="6.472710"><ele>1633.0</ele></trkpt>
<trkpt lat="45.006110" lon="6.472700"><ele>1633.0</ele></trkpt>
<trkpt lat="45.006060" lon="6.472690"><ele>1633.0</ele></trkpt>
<trkpt lat="45.006000" lon="6.472680"><ele>1632.0</ele></trkpt>
<trkpt lat="45.005950" lon="6.472670"><ele>1632.0</ele></trkpt>
<trkpt lat="45.005880" lon="6.472660"><ele>1632.0</ele></trkpt>
<trkpt lat="45.005710" lon="6.472610"><ele>1631.0</ele></trkpt>
<trkpt lat="45.005580" lon="6.472590"><ele>1631.0</ele></trkpt>
<trkpt lat="45.005530" lon="6.472580"><ele>1631.0</ele></trkpt>
<trkpt lat="45.005480" lon="6.472570"><ele>1631.0</ele></trkpt>
<trkpt lat="45.005450" lon="6.472570"><ele>1630.0</ele></trkpt>
<trkpt lat="45.005420" lon="6.472570"><ele>1630.0</ele></trkpt>
<trkpt lat="45.005390" lon="6.472580"><ele>1630.0</ele></trkpt>
<trkpt lat="45.005370" lon="6.472580"><ele>1630.0</ele></trkpt>
<trkpt lat="45.005350" lon="6.472590"><ele>1630.0</ele></trkpt>
<trkpt lat="45.005300" lon="6.472600"><ele>1630.0</ele></trkpt>
<trkpt lat="45.005260" lon="6.472630"><ele>1630.0</ele></trkpt>
<trkpt lat="45.005220" lon="6.472660"><ele>1629.0</ele></trkpt>
<trkpt lat="45.005190" lon="6.472680"><ele>1629.0</ele></trkpt>
<trkpt lat="45.005160" lon="6.472710"><ele>1629.0</ele></trkpt>
<trkpt lat="45.005070" lon="6.472810"><ele>1628.0</ele></trkpt>
<trkpt lat="45.005000" lon="6.472910"><ele>1628.0</ele></trkpt>
<trkpt lat="45.004940" lon="6.472990"><ele>1628.0</ele></trkpt>
<trkpt lat="45.004930" lon="6.473020"><ele>1628.0</ele></trkpt>
<trkpt lat="45.004820" lon="6.473180"><ele>1627.0</ele></trkpt>
<trkpt lat="45.004810" lon="6.473190"><ele>1627.0</ele></trkpt>
<trkpt lat="45.004710" lon="6.473320"><ele>1627.0</ele></trkpt>
<trkpt lat="45.004690" lon="6.473350"><ele>1627.0</ele></trkpt>
<trkpt lat="45.004670" lon="6.473370"><ele>1627.0</ele></trkpt>
<trkpt lat="45.004640" lon="6.473400"><ele>1626.0</ele></trkpt>
<trkpt lat="45.004600" lon="6.473450"><ele>1626.0</ele></trkpt>
<trkpt lat="45.004560" lon="6.473490"><ele>1626.0</ele></trkpt>
<trkpt lat="45.004540" lon="6.473500"><ele>1626.0</ele></trkpt>
<trkpt lat="45.004520" lon="6.473520"><ele>1626.0</ele></trkpt>
<trkpt lat="45.004470" lon="6.473560"><ele>1625.0</ele></trkpt>
<trkpt lat="45.004390" lon="6.473620"><ele>1625.0</ele></trkpt>
<trkpt lat="45.004360" lon="6.473640"><ele>1625.0</ele></trkpt>
<trkpt lat="45.004330" lon="6.473650"><ele>1625.0</ele></trkpt>
<trkpt lat="45.004190" lon="6.473730"><ele>1624.0</ele></trkpt>
<trkpt lat="45.004120" lon="6.473770"><ele>1624.0</ele></trkpt>
<trkpt lat="45.004060" lon="6.473810"><ele>1624.0</ele></trkpt>
<trkpt lat="45.004030" lon="6.473840"><ele>1623.0</ele></trkpt>
<trkpt lat="45.003970" lon="6.473890"><ele>1623.0</ele></trkpt>
<trkpt lat="45.003900" lon="6.473960"><ele>1622.0</ele></trkpt>
<trkpt lat="45.003760" lon="6.474110"><ele>1622.0</ele></trkpt>
<trkpt lat="45.003660" lon="6.474220"><ele>1622.0</ele></trkpt>
<trkpt lat="45.003620" lon="6.474270"><ele>1621.0</ele></trkpt>
<trkpt lat="45.003590" lon="6.474300"><ele>1621.0</ele></trkpt>
<trkpt lat="45.003380" lon="6.474550"><ele>1620.0</ele></trkpt>
<trkpt lat="45.003270" lon="6.474660"><ele>1619.0</ele></trkpt>
<trkpt lat="45.003150" lon="6.474820"><ele>1619.0</ele></trkpt>
<trkpt lat="45.003090" lon="6.474890"><ele>1618.0</ele></trkpt>
<trkpt lat="45.003030" lon="6.474970"><ele>1618.0</ele></trkpt>
<trkpt lat="45.002930" lon="6.475120"><ele>1617.0</ele></trkpt>
<trkpt lat="45.002850" lon="6.475240"><ele>1616.0</ele></trkpt>
<trkpt lat="45.002790" lon="6.475310"><ele>1616.0</ele></trkpt>
<trkpt lat="45.002740" lon="6.475380"><ele>1615.0</ele></trkpt>
<trkpt lat="45.002680" lon="6.475430"><ele>1615.0</ele></trkpt>
<trkpt lat="45.002600" lon="6.475490"><ele>1614.0</ele></trkpt>
<trkpt lat="45.002500" lon="6.475560"><ele>1613.0</ele></trkpt>
<trkpt lat="45.002400" lon="6.475620"><ele>1612.0</ele></trkpt>
<trkpt lat="45.002170" lon="6.475760"><ele>1611.0</ele></trkpt>
<trkpt lat="45.002150" lon="6.475780"><ele>1611.0</ele></trkpt>
<trkpt lat="45.001970" lon="6.475880"><ele>1610.0</ele></trkpt>
<trkpt lat="45.001840" lon="6.475970"><ele>1609.0</ele></trkpt>
<trkpt lat="45.001820" lon="6.475990"><ele>1608.0</ele></trkpt>
<trkpt lat="45.001730" lon="6.476040"><ele>1608.0</ele></trkpt>
<trkpt lat="45.001650" lon="6.476100"><ele>1606.0</ele></trkpt>
<trkpt lat="45.001550" lon="6.476180"><ele>1605.0</ele></trkpt>
<trkpt lat="45.001450" lon="6.476280"><ele>1603.0</ele></trkpt>
<trkpt lat="45.001350" lon="6.476370"><ele>1602.0</ele></trkpt>
<trkpt lat="45.001240" lon="6.476490"><ele>1600.0</ele></trkpt>
<trkpt lat="45.001160" lon="6.476560"><ele>1599.0</ele></trkpt>
<trkpt lat="45.001110" lon="6.476610"><ele>1599.0</ele></trkpt>
<trkpt lat="45.001060" lon="6.476660"><ele>1598.0</ele></trkpt>
<trkpt lat="45.001050" lon="6.476670"><ele>1597.0</ele></trkpt>
<trkpt lat="45.001010" lon="6.476700"><ele>1597.0</ele></trkpt>
<trkpt lat="45.000970" lon="6.476730"><ele>1596.0</ele></trkpt>
<trkpt lat="45.000920" lon="6.476750"><ele>1595.0</ele></trkpt>
<trkpt lat="45.000870" lon="6.476770"><ele>1594.0</ele></trkpt>
<trkpt lat="45.000810" lon="6.476800"><ele>1593.0</ele></trkpt>
<trkpt lat="45.000770" lon="6.476810"><ele>1592.0</ele></trkpt>
<trkpt lat="45.000720" lon="6.476820"><ele>1591.0</ele></trkpt>
<trkpt lat="45.000620" lon="6.476830"><ele>1590.0</ele></trkpt>
<trkpt lat="45.000580" lon="6.476830"><ele>1589.0</ele></trkpt>
<trkpt lat="45.000540" lon="6.476830"><ele>1587.0</ele></trkpt>
<trkpt lat="45.000510" lon="6.476840"><ele>1586.0</ele></trkpt>
<trkpt lat="45.000450" lon="6.476840"><ele>1584.0</ele></trkpt>
<trkpt lat="45.000090" lon="6.476840"><ele>1581.0</ele></trkpt>
<trkpt lat="44.999960" lon="6.476850"><ele>1580.0</ele></trkpt>
<trkpt lat="44.999890" lon="6.476860"><ele>1579.0</ele></trkpt>
<trkpt lat="44.999830" lon="6.476870"><ele>1578.0</ele></trkpt>
<trkpt lat="44.999780" lon="6.476880"><ele>1577.0</ele></trkpt>
<trkpt lat="44.999720" lon="6.476900"><ele>1577.0</ele></trkpt>
<trkpt lat="44.999590" lon="6.476950"><ele>1576.0</ele></trkpt>
<trkpt lat="44.999470" lon="6.476990"><ele>1575.0</ele></trkpt>
<trkpt lat="44.999460" lon="6.477000"><ele>1575.0</ele></trkpt>
<trkpt lat="44.999320" lon="6.477060"><ele>1574.0</ele></trkpt>
<trkpt lat="44.999210" lon="6.477120"><ele>1573.0</ele></trkpt>
<trkpt lat="44.999120" lon="6.477170"><ele>1573.0</ele></trkpt>
<trkpt lat="44.999050" lon="6.477240"><ele>1572.0</ele></trkpt>
<trkpt lat="44.998940" lon="6.477320"><ele>1571.0</ele></trkpt>
<trkpt lat="44.998760" lon="6.477480"><ele>1570.0</ele></trkpt>
<trkpt lat="44.998740" lon="6.477500"><ele>1570.0</ele></trkpt>
<trkpt lat="44.998590" lon="6.477610"><ele>1569.0</ele></trkpt>
<trkpt lat="44.998540" lon="6.477640"><ele>1569.0</ele></trkpt>
<trkpt lat="44.998520" lon="6.477660"><ele>1569.0</ele></trkpt>
<trkpt lat="44.998510" lon="6.477670"><ele>1569.0</ele></trkpt>
<trkpt lat="44.998460" lon="6.477700"><ele>1568.0</ele></trkpt>
<trkpt lat="44.998410" lon="6.477720"><ele>1568.0</ele></trkpt>
<trkpt lat="44.998350" lon="6.477750"><ele>1568.0</ele></trkpt>
<trkpt lat="44.998300" lon="6.477760"><ele>1567.0</ele></trkpt>
<trkpt lat="44.998230" lon="6.477780"><ele>1567.0</ele></trkpt>
<trkpt lat="44.998160" lon="6.477790"><ele>1566.0</ele></trkpt>
<trkpt lat="44.998080" lon="6.477810"><ele>1566.0</ele></trkpt>
<trkpt lat="44.998010" lon="6.477820"><ele>1566.0</ele></trkpt>
<trkpt lat="44.997940" lon="6.477840"><ele>1566.0</ele></trkpt>
<trkpt lat="44.997890" lon="6.477860"><ele>1565.0</ele></trkpt>
<trkpt lat="44.997850" lon="6.477870"><ele>1565.0</ele></trkpt>
<trkpt lat="44.997820" lon="6.477900"><ele>1565.0</ele></trkpt>
<trkpt lat="44.997780" lon="6.477930"><ele>1565.0</ele></trkpt>
<trkpt lat="44.997740" lon="6.477960"><ele>1565.0</ele></trkpt>
<trkpt lat="44.997680" lon="6.478030"><ele>1564.0</ele></trkpt>
<trkpt lat="44.997620" lon="6.478100"><ele>1564.0</ele></trkpt>
<trkpt lat="44.997520" lon="6.478210"><ele>1563.0</ele></trkpt>
<trkpt lat="44.997430" lon="6.478310"><ele>1563.0</ele></trkpt>
<trkpt lat="44.997380" lon="6.478360"><ele>1563.0</ele></trkpt>
<trkpt lat="44.997330" lon="6.478400"><ele>1563.0</ele></trkpt>
<trkpt lat="44.997280" lon="6.478440"><ele>1563.0</ele></trkpt>
<trkpt lat="44.997240" lon="6.478470"><ele>1562.0</ele></trkpt>
<trkpt lat="44.997180" lon="6.478500"><ele>1562.0</ele></trkpt>
<trkpt lat="44.997120" lon="6.478520"><ele>1562.0</ele></trkpt>
<trkpt lat="44.997050" lon="6.478540"><ele>1561.0</ele></trkpt>
<trkpt lat="44.997010" lon="6.478560"><ele>1561.0</ele></trkpt>
<trkpt lat="44.996860" lon="6.478590"><ele>1561.0</ele></trkpt>
<trkpt lat="44.996730" lon="6.478610"><ele>1560.0</ele></trkpt>
<trkpt lat="44.996690" lon="6.478620"><ele>1560.0</ele></trkpt>
<trkpt lat="44.996550" lon="6.478640"><ele>1560.0</ele></trkpt>
<trkpt lat="44.996470" lon="6.478640"><ele>1560.0</ele></trkpt>
<trkpt lat="44.996430" lon="6.478650"><ele>1560.0</ele></trkpt>
<trkpt lat="44.996370" lon="6.478660"><ele>1560.0</ele></trkpt>
<trkpt lat="44.996330" lon="6.478680"><ele>1560.0</ele></trkpt>
<trkpt lat="44.996270" lon="6.478710"><ele>1560.0</ele></trkpt>
<trkpt lat="44.996240" lon="6.478730"><ele>1560.0</ele></trkpt>
<trkpt lat="44.996210" lon="6.478760"><ele>1560.0</ele></trkpt>
<trkpt lat="44.996190" lon="6.478780"><ele>1560.0</ele></trkpt>
<trkpt lat="44.996150" lon="6.478820"><ele>1560.0</ele></trkpt>
<trkpt lat="44.996120" lon="6.478860"><ele>1560.0</ele></trkpt>
<trkpt lat="44.996100" lon="6.478900"><ele>1560.0</ele></trkpt>
<trkpt lat="44.995960" lon="6.479100"><ele>1560.0</ele></trkpt>
<trkpt lat="44.995830" lon="6.479290"><ele>1560.0</ele></trkpt>
<trkpt lat="44.995820" lon="6.479310"><ele>1561.0</ele></trkpt>
<trkpt lat="44.995700" lon="6.479470"><ele>1561.0</ele></trkpt>
<trkpt lat="44.995670" lon="6.479510"><ele>1561.0</ele></trkpt>
<trkpt lat="44.995650" lon="6.479540"><ele>1561.0</ele></trkpt>
<trkpt lat="44.995550" lon="6.479660"><ele>1561.0</ele></trkpt>
<trkpt lat="44.995530" lon="6.479670"><ele>1561.0</ele></trkpt>
<trkpt lat="44.995480" lon="6.479720"><ele>1561.0</ele></trkpt>
<trkpt lat="44.995430" lon="6.479770"><ele>1561.0</ele></trkpt>
<trkpt lat="44.995380" lon="6.479800"><ele>1561.0</ele></trkpt>
<trkpt lat="44.995340" lon="6.479840"><ele>1561.0</ele></trkpt>
<trkpt lat="44.995260" lon="6.479890"><ele>1561.0</ele></trkpt>
<trkpt lat="44.995120" lon="6.479980"><ele>1561.0</ele></trkpt>
<trkpt lat="44.995050" lon="6.480020"><ele>1561.0</ele></trkpt>
<trkpt lat="44.994920" lon="6.480100"><ele>1561.0</ele></trkpt>
<trkpt lat="44.994890" lon="6.480110"><ele>1561.0</ele></trkpt>
<trkpt lat="44.994750" lon="6.480190"><ele>1561.0</ele></trkpt>
<trkpt lat="44.994640" lon="6.480250"><ele>1561.0</ele></trkpt>
<trkpt lat="44.994550" lon="6.480300"><ele>1561.0</ele></trkpt>
<trkpt lat="44.994540" lon="6.480310"><ele>1561.0</ele></trkpt>
<trkpt lat="44.994470" lon="6.480360"><ele>1561.0</ele></trkpt>
<trkpt lat="44.994400" lon="6.480410"><ele>1561.0</ele></trkpt>
<trkpt lat="44.994390" lon="6.480410"><ele>1561.0</ele></trkpt>
<trkpt lat="44.994290" lon="6.480490"><ele>1560.0</ele></trkpt>
<trkpt lat="44.994230" lon="6.480540"><ele>1560.0</ele></trkpt>
<trkpt lat="44.994040" lon="6.480710"><ele>1560.0</ele></trkpt>
<trkpt lat="44.993920" lon="6.480820"><ele>1560.0</ele></trkpt>
<trkpt lat="44.993840" lon="6.480880"><ele>1560.0</ele></trkpt>
<trkpt lat="44.993780" lon="6.480930"><ele>1560.0</ele></trkpt>
<trkpt lat="44.993770" lon="6.480930"><ele>1560.0</ele></trkpt>
<trkpt lat="44.993610" lon="6.481040"><ele>1560.0</ele></trkpt>
<trkpt lat="44.993550" lon="6.481080"><ele>1560.0</ele></trkpt>
<trkpt lat="44.993470" lon="6.481140"><ele>1560.0</ele></trkpt>
<trkpt lat="44.993430" lon="6.481170"><ele>1560.0</ele></trkpt>
<trkpt lat="44.993390" lon="6.481200"><ele>1560.0</ele></trkpt>
<trkpt lat="44.993350" lon="6.481230"><ele>1560.0</ele></trkpt>
<trkpt lat="44.993320" lon="6.481270"><ele>1560.0</ele></trkpt>
<trkpt lat="44.993270" lon="6.481330"><ele>1560.0</ele></trkpt>
<trkpt lat="44.993210" lon="6.481430"><ele>1560.0</ele></trkpt>
<trkpt lat="44.993180" lon="6.481480"><ele>1560.0</ele></trkpt>
<trkpt lat="44.993160" lon="6.481510"><ele>1560.0</ele></trkpt>
<trkpt lat="44.993110" lon="6.481610"><ele>1560.0</ele></trkpt>
<trkpt lat="44.993080" lon="6.481650"><ele>1561.0</ele></trkpt>
<trkpt lat="44.993030" lon="6.481710"><ele>1561.0</ele></trkpt>
<trkpt lat="44.992970" lon="6.481770"><ele>1561.0</ele></trkpt>
<trkpt lat="44.992900" lon="6.481840"><ele>1561.0</ele></trkpt>
<trkpt lat="44.992800" lon="6.481930"><ele>1561.0</ele></trkpt>
<trkpt lat="44.992710" lon="6.482020"><ele>1562.0</ele></trkpt>
<trkpt lat="44.992620" lon="6.482110"><ele>1562.0</ele></trkpt>
<trkpt lat="44.992610" lon="6.482130"><ele>1562.0</ele></trkpt>
<trkpt lat="44.992550" lon="6.482200"><ele>1562.0</ele></trkpt>
<trkpt lat="44.992510" lon="6.482250"><ele>1562.0</ele></trkpt>
<trkpt lat="44.992490" lon="6.482290"><ele>1562.0</ele></trkpt>
<trkpt lat="44.992480" lon="6.482310"><ele>1562.0</ele></trkpt>
<trkpt lat="44.992430" lon="6.482380"><ele>1563.0</ele></trkpt>
<trkpt lat="44.992380" lon="6.482510"><ele>1563.0</ele></trkpt>
<trkpt lat="44.992300" lon="6.482690"><ele>1563.0</ele></trkpt>
<trkpt lat="44.992240" lon="6.482890"><ele>1563.0</ele></trkpt>
<trkpt lat="44.992220" lon="6.482940"><ele>1563.0</ele></trkpt>
<trkpt lat="44.992180" lon="6.483070"><ele>1563.0</ele></trkpt>
<trkpt lat="44.992140" lon="6.483170"><ele>1563.0</ele></trkpt>
<trkpt lat="44.992090" lon="6.483300"><ele>1562.0</ele></trkpt>
<trkpt lat="44.992050" lon="6.483380"><ele>1562.0</ele></trkpt>
<trkpt lat="44.992040" lon="6.483390"><ele>1562.0</ele></trkpt>
<trkpt lat="44.991980" lon="6.483520"><ele>1561.0</ele></trkpt>
<trkpt lat="44.991910" lon="6.483630"><ele>1561.0</ele></trkpt>
<trkpt lat="44.991850" lon="6.483750"><ele>1560.0</ele></trkpt>
<trkpt lat="44.991810" lon="6.483840"><ele>1559.0</ele></trkpt>
<trkpt lat="44.991710" lon="6.484040"><ele>1559.0</ele></trkpt>
<trkpt lat="44.991650" lon="6.484200"><ele>1558.0</ele></trkpt>
<trkpt lat="44.991600" lon="6.484310"><ele>1558.0</ele></trkpt>
<trkpt lat="44.991550" lon="6.484420"><ele>1558.0</ele></trkpt>
<trkpt lat="44.991530" lon="6.484430"><ele>1557.0</ele></trkpt>
<trkpt lat="44.991500" lon="6.484480"><ele>1557.0</ele></trkpt>
<trkpt lat="44.991440" lon="6.484570"><ele>1557.0</ele></trkpt>
<trkpt lat="44.991410" lon="6.484610"><ele>1556.0</ele></trkpt>
<trkpt lat="44.991340" lon="6.484690"><ele>1556.0</ele></trkpt>
<trkpt lat="44.991250" lon="6.484810"><ele>1555.0</ele></trkpt>
<trkpt lat="44.991170" lon="6.484920"><ele>1555.0</ele></trkpt>
<trkpt lat="44.991000" lon="6.485190"><ele>1554.0</ele></trkpt>
<trkpt lat="44.990920" lon="6.485320"><ele>1554.0</ele></trkpt>
<trkpt lat="44.990860" lon="6.485430"><ele>1554.0</ele></trkpt>
<trkpt lat="44.990730" lon="6.485600"><ele>1554.0</ele></trkpt>
<trkpt lat="44.990640" lon="6.485690"><ele>1553.0</ele></trkpt>
<trkpt lat="44.990590" lon="6.485740"><ele>1553.0</ele></trkpt>
<trkpt lat="44.990540" lon="6.485800"><ele>1553.0</ele></trkpt>
<trkpt lat="44.990500" lon="6.485840"><ele>1553.0</ele></trkpt>
<trkpt lat="44.990490" lon="6.485860"><ele>1553.0</ele></trkpt>
<trkpt lat="44.990450" lon="6.485930"><ele>1553.0</ele></trkpt>
<trkpt lat="44.990410" lon="6.485990"><ele>1552.0</ele></trkpt>
<trkpt lat="44.990270" lon="6.486230"><ele>1552.0</ele></trkpt>
<trkpt lat="44.990150" lon="6.486450"><ele>1551.0</ele></trkpt>
<trkpt lat="44.989770" lon="6.487200"><ele>1550.0</ele></trkpt>
<trkpt lat="44.989420" lon="6.487870"><ele>1550.0</ele></trkpt>
<trkpt lat="44.989280" lon="6.488150"><ele>1549.0</ele></trkpt>
<trkpt lat="44.989100" lon="6.488490"><ele>1549.0</ele></trkpt>
<trkpt lat="44.988960" lon="6.488770"><ele>1549.0</ele></trkpt>
<trkpt lat="44.988890" lon="6.488930"><ele>1549.0</ele></trkpt>
<trkpt lat="44.988820" lon="6.489130"><ele>1548.0</ele></trkpt>
<trkpt lat="44.988800" lon="6.489210"><ele>1548.0</ele></trkpt>
<trkpt lat="44.988760" lon="6.489350"><ele>1548.0</ele></trkpt>
<trkpt lat="44.988700" lon="6.489590"><ele>1548.0</ele></trkpt>
<trkpt lat="44.988680" lon="6.489660"><ele>1548.0</ele></trkpt>
<trkpt lat="44.988640" lon="6.489830"><ele>1547.0</ele></trkpt>
<trkpt lat="44.988620" lon="6.489890"><ele>1547.0</ele></trkpt>
<trkpt lat="44.988590" lon="6.490010"><ele>1547.0</ele></trkpt>
<trkpt lat="44.988570" lon="6.490060"><ele>1547.0</ele></trkpt>
<trkpt lat="44.988560" lon="6.490070"><ele>1547.0</ele></trkpt>
<trkpt lat="44.988530" lon="6.490140"><ele>1547.0</ele></trkpt>
<trkpt lat="44.988510" lon="6.490190"><ele>1546.0</ele></trkpt>
<trkpt lat="44.988490" lon="6.490230"><ele>1546.0</ele></trkpt>
<trkpt lat="44.988450" lon="6.490290"><ele>1546.0</ele></trkpt>
<trkpt lat="44.988420" lon="6.490340"><ele>1545.0</ele></trkpt>
<trkpt lat="44.988360" lon="6.490410"><ele>1545.0</ele></trkpt>
<trkpt lat="44.988280" lon="6.490510"><ele>1545.0</ele></trkpt>
<trkpt lat="44.988190" lon="6.490600"><ele>1544.0</ele></trkpt>
<trkpt lat="44.988170" lon="6.490620"><ele>1544.0</ele></trkpt>
<trkpt lat="44.988070" lon="6.490720"><ele>1544.0</ele></trkpt>
<trkpt lat="44.987980" lon="6.490810"><ele>1543.0</ele></trkpt>
<trkpt lat="44.987910" lon="6.490880"><ele>1543.0</ele></trkpt>
<trkpt lat="44.987870" lon="6.490950"><ele>1543.0</ele></trkpt>
<trkpt lat="44.987830" lon="6.491000"><ele>1542.0</ele></trkpt>
<trkpt lat="44.987780" lon="6.491070"><ele>1542.0</ele></trkpt>
<trkpt lat="44.987720" lon="6.491180"><ele>1542.0</ele></trkpt>
<trkpt lat="44.987670" lon="6.491260"><ele>1541.0</ele></trkpt>
<trkpt lat="44.987620" lon="6.491330"><ele>1541.0</ele></trkpt>
<trkpt lat="44.987540" lon="6.491440"><ele>1541.0</ele></trkpt>
<trkpt lat="44.987530" lon="6.491450"><ele>1540.0</ele></trkpt>
<trkpt lat="44.987390" lon="6.491610"><ele>1540.0</ele></trkpt>
<trkpt lat="44.987370" lon="6.491640"><ele>1540.0</ele></trkpt>
<trkpt lat="44.987260" lon="6.491770"><ele>1539.0</ele></trkpt>
<trkpt lat="44.987200" lon="6.491850"><ele>1539.0</ele></trkpt>
<trkpt lat="44.987160" lon="6.491910"><ele>1539.0</ele></trkpt>
<trkpt lat="44.987120" lon="6.491970"><ele>1539.0</ele></trkpt>
<trkpt lat="44.987070" lon="6.492050"><ele>1539.0</ele></trkpt>
<trkpt lat="44.987020" lon="6.492150"><ele>1539.0</ele></trkpt>
<trkpt lat="44.987000" lon="6.492200"><ele>1539.0</ele></trkpt>
<trkpt lat="44.986970" lon="6.492260"><ele>1539.0</ele></trkpt>
<trkpt lat="44.986940" lon="6.492360"><ele>1539.0</ele></trkpt>
<trkpt lat="44.986920" lon="6.492450"><ele>1539.0</ele></trkpt>
<trkpt lat="44.986880" lon="6.492580"><ele>1539.0</ele></trkpt>
<trkpt lat="44.986870" lon="6.492620"><ele>1539.0</ele></trkpt>
<trkpt lat="44.986830" lon="6.492800"><ele>1539.0</ele></trkpt>
<trkpt lat="44.986810" lon="6.492860"><ele>1539.0</ele></trkpt>
<trkpt lat="44.986780" lon="6.492990"><ele>1539.0</ele></trkpt>
<trkpt lat="44.986740" lon="6.493130"><ele>1539.0</ele></trkpt>
<trkpt lat="44.986700" lon="6.493250"><ele>1538.0</ele></trkpt>
<trkpt lat="44.986650" lon="6.493390"><ele>1538.0</ele></trkpt>
<trkpt lat="44.986590" lon="6.493530"><ele>1538.0</ele></trkpt>
<trkpt lat="44.986520" lon="6.493650"><ele>1537.0</ele></trkpt>
<trkpt lat="44.986440" lon="6.493800"><ele>1537.0</ele></trkpt>
<trkpt lat="44.986350" lon="6.493930"><ele>1536.0</ele></trkpt>
<trkpt lat="44.986280" lon="6.494040"><ele>1535.0</ele></trkpt>
<trkpt lat="44.986100" lon="6.494300"><ele>1533.0</ele></trkpt>
<trkpt lat="44.985970" lon="6.494480"><ele>1532.0</ele></trkpt>
<trkpt lat="44.985960" lon="6.494500"><ele>1532.0</ele></trkpt>
<trkpt lat="44.985840" lon="6.494660"><ele>1531.0</ele></trkpt>
<trkpt lat="44.985830" lon="6.494680"><ele>1531.0</ele></trkpt>
<trkpt lat="44.985800" lon="6.494720"><ele>1530.0</ele></trkpt>
<trkpt lat="44.985760" lon="6.494750"><ele>1530.0</ele></trkpt>
<trkpt lat="44.985730" lon="6.494790"><ele>1529.0</ele></trkpt>
<trkpt lat="44.985700" lon="6.494810"><ele>1529.0</ele></trkpt>
<trkpt lat="44.985690" lon="6.494810"><ele>1528.0</ele></trkpt>
<trkpt lat="44.985590" lon="6.494880"><ele>1527.0</ele></trkpt>
<trkpt lat="44.985450" lon="6.494970"><ele>1526.0</ele></trkpt>
<trkpt lat="44.985380" lon="6.495030"><ele>1525.0</ele></trkpt>
<trkpt lat="44.985320" lon="6.495080"><ele>1524.0</ele></trkpt>
<trkpt lat="44.985240" lon="6.495170"><ele>1523.0</ele></trkpt>
<trkpt lat="44.985100" lon="6.495360"><ele>1522.0</ele></trkpt>
<trkpt lat="44.984960" lon="6.495560"><ele>1522.0</ele></trkpt>
<trkpt lat="44.984880" lon="6.495690"><ele>1522.0</ele></trkpt>
<trkpt lat="44.984830" lon="6.495770"><ele>1522.0</ele></trkpt>
<trkpt lat="44.984590" lon="6.496200"><ele>1522.0</ele></trkpt>
<trkpt lat="44.984520" lon="6.496330"><ele>1522.0</ele></trkpt>
<trkpt lat="44.984370" lon="6.496590"><ele>1522.0</ele></trkpt>
<trkpt lat="44.984290" lon="6.496720"><ele>1522.0</ele></trkpt>
<trkpt lat="44.984080" lon="6.497120"><ele>1522.0</ele></trkpt>
<trkpt lat="44.984000" lon="6.497260"><ele>1522.0</ele></trkpt>
<trkpt lat="44.983970" lon="6.497330"><ele>1522.0</ele></trkpt>
<trkpt lat="44.983950" lon="6.497370"><ele>1522.0</ele></trkpt>
<trkpt lat="44.983830" lon="6.497660"><ele>1522.0</ele></trkpt>
<trkpt lat="44.983780" lon="6.497760"><ele>1522.0</ele></trkpt>
<trkpt lat="44.983760" lon="6.497800"><ele>1522.0</ele></trkpt>
<trkpt lat="44.983680" lon="6.497950"><ele>1521.0</ele></trkpt>
<trkpt lat="44.983670" lon="6.497970"><ele>1521.0</ele></trkpt>
<trkpt lat="44.983600" lon="6.498070"><ele>1521.0</ele></trkpt>
<trkpt lat="44.983550" lon="6.498160"><ele>1521.0</ele></trkpt>
<trkpt lat="44.983510" lon="6.498220"><ele>1521.0</ele></trkpt>
<trkpt lat="44.983500" lon="6.498230"><ele>1520.0</ele></trkpt>
<trkpt lat="44.983420" lon="6.498340"><ele>1520.0</ele></trkpt>
<trkpt lat="44.983330" lon="6.498450"><ele>1519.0</ele></trkpt>
<trkpt lat="44.983170" lon="6.498600"><ele>1519.0</ele></trkpt>
<trkpt lat="44.982860" lon="6.498850"><ele>1518.0</ele></trkpt>
<trkpt lat="44.982670" lon="6.499010"><ele>1518.0</ele></trkpt>
<trkpt lat="44.982540" lon="6.499100"><ele>1517.0</ele></trkpt>
<trkpt lat="44.982480" lon="6.499140"><ele>1517.0</ele></trkpt>
<trkpt lat="44.982380" lon="6.499210"><ele>1517.0</ele></trkpt>
<trkpt lat="44.982360" lon="6.499220"><ele>1517.0</ele></trkpt>
<trkpt lat="44.982270" lon="6.499270"><ele>1516.0</ele></trkpt>
<trkpt lat="44.982210" lon="6.499300"><ele>1516.0</ele></trkpt>
<trkpt lat="44.982190" lon="6.499310"><ele>1516.0</ele></trkpt>
<trkpt lat="44.982100" lon="6.499350"><ele>1515.0</ele></trkpt>
<trkpt lat="44.982040" lon="6.499360"><ele>1515.0</ele></trkpt>
<trkpt lat="44.982010" lon="6.499370"><ele>1515.0</ele></trkpt>
<trkpt lat="44.981930" lon="6.499390"><ele>1514.0</ele></trkpt>
<trkpt lat="44.981860" lon="6.499400"><ele>1514.0</ele></trkpt>
<trkpt lat="44.981850" lon="6.499410"><ele>1514.0</ele></trkpt>
<trkpt lat="44.981750" lon="6.499420"><ele>1513.0</ele></trkpt>
<trkpt lat="44.981680" lon="6.499420"><ele>1513.0</ele></trkpt>
<trkpt lat="44.981630" lon="6.499420"><ele>1512.0</ele></trkpt>
<trkpt lat="44.981560" lon="6.499430"><ele>1512.0</ele></trkpt>
<trkpt lat="44.981500" lon="6.499430"><ele>1511.0</ele></trkpt>
<trkpt lat="44.981400" lon="6.499410"><ele>1510.0</ele></trkpt>
<trkpt lat="44.981230" lon="6.499360"><ele>1510.0</ele></trkpt>
<trkpt lat="44.981100" lon="6.499320"><ele>1509.0</ele></trkpt>
<trkpt lat="44.980940" lon="6.499260"><ele>1508.0</ele></trkpt>
<trkpt lat="44.980780" lon="6.499210"><ele>1508.0</ele></trkpt>
<trkpt lat="44.980680" lon="6.499170"><ele>1507.0</ele></trkpt>
<trkpt lat="44.980610" lon="6.499150"><ele>1507.0</ele></trkpt>
<trkpt lat="44.980470" lon="6.499120"><ele>1507.0</ele></trkpt>
<trkpt lat="44.980460" lon="6.499120"><ele>1507.0</ele></trkpt>
<trkpt lat="44.980330" lon="6.499120"><ele>1506.0</ele></trkpt>
<trkpt lat="44.980240" lon="6.499130"><ele>1506.0</ele></trkpt>
<trkpt lat="44.980110" lon="6.499140"><ele>1506.0</ele></trkpt>
<trkpt lat="44.980030" lon="6.499200"><ele>1506.0</ele></trkpt>
<trkpt lat="44.979960" lon="6.499250"><ele>1505.0</ele></trkpt>
<trkpt lat="44.979950" lon="6.499250"><ele>1505.0</ele></trkpt>
<trkpt lat="44.979910" lon="6.499290"><ele>1505.0</ele></trkpt>
<trkpt lat="44.979850" lon="6.499340"><ele>1505.0</ele></trkpt>
<trkpt lat="44.979780" lon="6.499400"><ele>1504.0</ele></trkpt>
<trkpt lat="44.979700" lon="6.499500"><ele>1504.0</ele></trkpt>
<trkpt lat="44.979660" lon="6.499550"><ele>1504.0</ele></trkpt>
<trkpt lat="44.979570" lon="6.499640"><ele>1503.0</ele></trkpt>
<trkpt lat="44.979300" lon="6.499970"><ele>1503.0</ele></trkpt>
<trkpt lat="44.979150" lon="6.500160"><ele>1502.0</ele></trkpt>
<trkpt lat="44.979060" lon="6.500300"><ele>1502.0</ele></trkpt>
<trkpt lat="44.978980" lon="6.500440"><ele>1502.0</ele></trkpt>
<trkpt lat="44.978920" lon="6.500550"><ele>1502.0</ele></trkpt>
<trkpt lat="44.978890" lon="6.500610"><ele>1502.0</ele></trkpt>
<trkpt lat="44.978830" lon="6.500770"><ele>1502.0</ele></trkpt>
<trkpt lat="44.978810" lon="6.500810"><ele>1501.0</ele></trkpt>
<trkpt lat="44.978720" lon="6.501100"><ele>1501.0</ele></trkpt>
<trkpt lat="44.978660" lon="6.501290"><ele>1501.0</ele></trkpt>
<trkpt lat="44.978520" lon="6.501760"><ele>1501.0</ele></trkpt>
<trkpt lat="44.978450" lon="6.502000"><ele>1500.0</ele></trkpt>
<trkpt lat="44.978440" lon="6.502030"><ele>1500.0</ele></trkpt>
<trkpt lat="44.978280" lon="6.502590"><ele>1499.0</ele></trkpt>
<trkpt lat="44.978190" lon="6.502910"><ele>1499.0</ele></trkpt>
<trkpt lat="44.978110" lon="6.503190"><ele>1499.0</ele></trkpt>
<trkpt lat="44.978080" lon="6.503300"><ele>1498.0</ele></trkpt>
<trkpt lat="44.978070" lon="6.503340"><ele>1498.0</ele></trkpt>
<trkpt lat="44.978000" lon="6.503530"><ele>1498.0</ele></trkpt>
<trkpt lat="44.977960" lon="6.503650"><ele>1497.0</ele></trkpt>
<trkpt lat="44.977920" lon="6.503750"><ele>1497.0</ele></trkpt>
<trkpt lat="44.977830" lon="6.503960"><ele>1496.0</ele></trkpt>
<trkpt lat="44.977780" lon="6.504070"><ele>1496.0</ele></trkpt>
<trkpt lat="44.977760" lon="6.504110"><ele>1496.0</ele></trkpt>
<trkpt lat="44.977730" lon="6.504180"><ele>1495.0</ele></trkpt>
<trkpt lat="44.977680" lon="6.504280"><ele>1494.0</ele></trkpt>
<trkpt lat="44.977500" lon="6.504640"><ele>1493.0</ele></trkpt>
<trkpt lat="44.977360" lon="6.504950"><ele>1492.0</ele></trkpt>
<trkpt lat="44.977160" lon="6.505380"><ele>1491.0</ele></trkpt>
<trkpt lat="44.977060" lon="6.505590"><ele>1490.0</ele></trkpt>
<trkpt lat="44.976960" lon="6.505800"><ele>1490.0</ele></trkpt>
<trkpt lat="44.976840" lon="6.506060"><ele>1489.0</ele></trkpt>
<trkpt lat="44.976660" lon="6.506440"><ele>1488.0</ele></trkpt>
<trkpt lat="44.976640" lon="6.506480"><ele>1487.0</ele></trkpt>
<trkpt lat="44.976460" lon="6.506860"><ele>1487.0</ele></trkpt>
<trkpt lat="44.976450" lon="6.506890"><ele>1487.0</ele></trkpt>
<trkpt lat="44.976430" lon="6.506930"><ele>1486.0</ele></trkpt>
<trkpt lat="44.976370" lon="6.507080"><ele>1486.0</ele></trkpt>
<trkpt lat="44.976350" lon="6.507120"><ele>1486.0</ele></trkpt>
<trkpt lat="44.976260" lon="6.507340"><ele>1485.0</ele></trkpt>
<trkpt lat="44.976190" lon="6.507500"><ele>1485.0</ele></trkpt>
<trkpt lat="44.976090" lon="6.507720"><ele>1485.0</ele></trkpt>
<trkpt lat="44.976050" lon="6.507810"><ele>1485.0</ele></trkpt>
<trkpt lat="44.976030" lon="6.507880"><ele>1485.0</ele></trkpt>
<trkpt lat="44.975980" lon="6.507990"><ele>1485.0</ele></trkpt>
<trkpt lat="44.975940" lon="6.508180"><ele>1485.0</ele></trkpt>
<trkpt lat="44.975910" lon="6.508340"><ele>1484.0</ele></trkpt>
<trkpt lat="44.975900" lon="6.508470"><ele>1484.0</ele></trkpt>
<trkpt lat="44.975900" lon="6.508640"><ele>1484.0</ele></trkpt>
<trkpt lat="44.975900" lon="6.508720"><ele>1484.0</ele></trkpt>
<trkpt lat="44.975910" lon="6.508850"><ele>1484.0</ele></trkpt>
<trkpt lat="44.975940" lon="6.509210"><ele>1484.0</ele></trkpt>
<trkpt lat="44.975970" lon="6.509440"><ele>1484.0</ele></trkpt>
<trkpt lat="44.975970" lon="6.509480"><ele>1484.0</ele></trkpt>
<trkpt lat="44.975980" lon="6.509530"><ele>1483.0</ele></trkpt>
<trkpt lat="44.975980" lon="6.509630"><ele>1483.0</ele></trkpt>
<trkpt lat="44.975980" lon="6.509660"><ele>1483.0</ele></trkpt>
<trkpt lat="44.975980" lon="6.509810"><ele>1483.0</ele></trkpt>
<trkpt lat="44.975960" lon="6.509960"><ele>1482.0</ele></trkpt>
<trkpt lat="44.975950" lon="6.510090"><ele>1482.0</ele></trkpt>
<trkpt lat="44.975940" lon="6.510170"><ele>1482.0</ele></trkpt>
<trkpt lat="44.975920" lon="6.510280"><ele>1481.0</ele></trkpt>
<trkpt lat="44.975900" lon="6.510410"><ele>1481.0</ele></trkpt>
<trkpt lat="44.975870" lon="6.510590"><ele>1480.0</ele></trkpt>
<trkpt lat="44.975840" lon="6.510760"><ele>1480.0</ele></trkpt>
<trkpt lat="44.975810" lon="6.510940"><ele>1479.0</ele></trkpt>
<trkpt lat="44.975800" lon="6.511120"><ele>1479.0</ele></trkpt>
<trkpt lat="44.975760" lon="6.511300"><ele>1478.0</ele></trkpt>
<trkpt lat="44.975760" lon="6.511390"><ele>1478.0</ele></trkpt>
<trkpt lat="44.975750" lon="6.511500"><ele>1478.0</ele></trkpt>
<trkpt lat="44.975750" lon="6.511620"><ele>1477.0</ele></trkpt>
<trkpt lat="44.975750" lon="6.511670"><ele>1477.0</ele></trkpt>
<trkpt lat="44.975750" lon="6.511730"><ele>1477.0</ele></trkpt>
<trkpt lat="44.975750" lon="6.511820"><ele>1477.0</ele></trkpt>
<trkpt lat="44.975750" lon="6.511950"><ele>1476.0</ele></trkpt>
<trkpt lat="44.975760" lon="6.512010"><ele>1476.0</ele></trkpt>
<trkpt lat="44.975770" lon="6.512080"><ele>1476.0</ele></trkpt>
<trkpt lat="44.975790" lon="6.512170"><ele>1476.0</ele></trkpt>
<trkpt lat="44.975800" lon="6.512220"><ele>1475.0</ele></trkpt>
<trkpt lat="44.975820" lon="6.512280"><ele>1475.0</ele></trkpt>
<trkpt lat="44.975850" lon="6.512360"><ele>1475.0</ele></trkpt>
<trkpt lat="44.975950" lon="6.512590"><ele>1475.0</ele></trkpt>
<trkpt lat="44.975980" lon="6.512660"><ele>1474.0</ele></trkpt>
<trkpt lat="44.976050" lon="6.512810"><ele>1474.0</ele></trkpt>
<trkpt lat="44.976070" lon="6.512870"><ele>1474.0</ele></trkpt>
<trkpt lat="44.976090" lon="6.512900"><ele>1474.0</ele></trkpt>
<trkpt lat="44.976130" lon="6.513020"><ele>1474.0</ele></trkpt>
<trkpt lat="44.976150" lon="6.513090"><ele>1474.0</ele></trkpt>
<trkpt lat="44.976180" lon="6.513160"><ele>1474.0</ele></trkpt>
<trkpt lat="44.976200" lon="6.513230"><ele>1473.0</ele></trkpt>
<trkpt lat="44.976210" lon="6.513280"><ele>1473.0</ele></trkpt>
<trkpt lat="44.976210" lon="6.513310"><ele>1473.0</ele></trkpt>
<trkpt lat="44.976220" lon="6.513340"><ele>1473.0</ele></trkpt>
<trkpt lat="44.976220" lon="6.513390"><ele>1473.0</ele></trkpt>
<trkpt lat="44.976240" lon="6.513490"><ele>1473.0</ele></trkpt>
<trkpt lat="44.976240" lon="6.513570"><ele>1473.0</ele></trkpt>
<trkpt lat="44.976240" lon="6.513680"><ele>1472.0</ele></trkpt>
<trkpt lat="44.976240" lon="6.513750"><ele>1472.0</ele></trkpt>
<trkpt lat="44.976230" lon="6.513850"><ele>1472.0</ele></trkpt>
<trkpt lat="44.976220" lon="6.513920"><ele>1472.0</ele></trkpt>
<trkpt lat="44.976210" lon="6.513980"><ele>1472.0</ele></trkpt>
<trkpt lat="44.976210" lon="6.514020"><ele>1471.0</ele></trkpt>
<trkpt lat="44.976190" lon="6.514100"><ele>1471.0</ele></trkpt>
<trkpt lat="44.976160" lon="6.514210"><ele>1470.0</ele></trkpt>
<trkpt lat="44.976100" lon="6.514430"><ele>1470.0</ele></trkpt>
<trkpt lat="44.976030" lon="6.514640"><ele>1469.0</ele></trkpt>
<trkpt lat="44.975950" lon="6.514870"><ele>1468.0</ele></trkpt>
<trkpt lat="44.975700" lon="6.515620"><ele>1466.0</ele></trkpt>
<trkpt lat="44.975610" lon="6.515860"><ele>1465.0</ele></trkpt>
<trkpt lat="44.975600" lon="6.515890"><ele>1465.0</ele></trkpt>
<trkpt lat="44.975520" lon="6.516060"><ele>1464.0</ele></trkpt>
<trkpt lat="44.975440" lon="6.516210"><ele>1464.0</ele></trkpt>
<trkpt lat="44.975430" lon="6.516230"><ele>1463.0</ele></trkpt>
<trkpt lat="44.975340" lon="6.516380"><ele>1462.0</ele></trkpt>
<trkpt lat="44.975230" lon="6.516530"><ele>1462.0</ele></trkpt>
<trkpt lat="44.975110" lon="6.516640"><ele>1461.0</ele></trkpt>
<trkpt lat="44.974950" lon="6.516770"><ele>1460.0</ele></trkpt>
<trkpt lat="44.974780" lon="6.516880"><ele>1459.0</ele></trkpt>
<trkpt lat="44.974600" lon="6.516950"><ele>1459.0</ele></trkpt>
<trkpt lat="44.974450" lon="6.517010"><ele>1458.0</ele></trkpt>
<trkpt lat="44.974360" lon="6.517040"><ele>1458.0</ele></trkpt>
<trkpt lat="44.974290" lon="6.517070"><ele>1458.0</ele></trkpt>
<trkpt lat="44.974270" lon="6.517080"><ele>1458.0</ele></trkpt>
<trkpt lat="44.974190" lon="6.517120"><ele>1457.0</ele></trkpt>
<trkpt lat="44.974120" lon="6.517150"><ele>1457.0</ele></trkpt>
<trkpt lat="44.974100" lon="6.517160"><ele>1457.0</ele></trkpt>
<trkpt lat="44.974030" lon="6.517200"><ele>1457.0</ele></trkpt>
<trkpt lat="44.973980" lon="6.517240"><ele>1456.0</ele></trkpt>
<trkpt lat="44.973950" lon="6.517260"><ele>1456.0</ele></trkpt>
<trkpt lat="44.973900" lon="6.517300"><ele>1456.0</ele></trkpt>
<trkpt lat="44.973870" lon="6.517330"><ele>1456.0</ele></trkpt>
<trkpt lat="44.973830" lon="6.517370"><ele>1455.0</ele></trkpt>
<trkpt lat="44.973810" lon="6.517400"><ele>1455.0</ele></trkpt>
<trkpt lat="44.973780" lon="6.517430"><ele>1455.0</ele></trkpt>
<trkpt lat="44.973670" lon="6.517560"><ele>1454.0</ele></trkpt>
<trkpt lat="44.973550" lon="6.517750"><ele>1453.0</ele></trkpt>
<trkpt lat="44.973490" lon="6.517840"><ele>1453.0</ele></trkpt>
<trkpt lat="44.973430" lon="6.517930"><ele>1453.0</ele></trkpt>
<trkpt lat="44.973300" lon="6.518120"><ele>1452.0</ele></trkpt>
<trkpt lat="44.973280" lon="6.518150"><ele>1452.0</ele></trkpt>
<trkpt lat="44.973070" lon="6.518420"><ele>1452.0</ele></trkpt>
<trkpt lat="44.973020" lon="6.518490"><ele>1451.0</ele></trkpt>
<trkpt lat="44.972880" lon="6.518660"><ele>1451.0</ele></trkpt>
<trkpt lat="44.972680" lon="6.518900"><ele>1451.0</ele></trkpt>
<trkpt lat="44.972630" lon="6.518960"><ele>1451.0</ele></trkpt>
<trkpt lat="44.972550" lon="6.519070"><ele>1451.0</ele></trkpt>
<trkpt lat="44.972520" lon="6.519100"><ele>1451.0</ele></trkpt>
<trkpt lat="44.972420" lon="6.519240"><ele>1450.0</ele></trkpt>
<trkpt lat="44.972370" lon="6.519310"><ele>1450.0</ele></trkpt>
<trkpt lat="44.972330" lon="6.519360"><ele>1450.0</ele></trkpt>
<trkpt lat="44.972300" lon="6.519410"><ele>1450.0</ele></trkpt>
<trkpt lat="44.972290" lon="6.519430"><ele>1450.0</ele></trkpt>
<trkpt lat="44.972260" lon="6.519480"><ele>1450.0</ele></trkpt>
<trkpt lat="44.972190" lon="6.519640"><ele>1450.0</ele></trkpt>
<trkpt lat="44.972180" lon="6.519650"><ele>1450.0</ele></trkpt>
<trkpt lat="44.972080" lon="6.519880"><ele>1449.0</ele></trkpt>
<trkpt lat="44.972000" lon="6.520070"><ele>1449.0</ele></trkpt>
<trkpt lat="44.971960" lon="6.520180"><ele>1449.0</ele></trkpt>
<trkpt lat="44.971920" lon="6.520300"><ele>1449.0</ele></trkpt>
<trkpt lat="44.971840" lon="6.520520"><ele>1449.0</ele></trkpt>
<trkpt lat="44.971750" lon="6.520750"><ele>1449.0</ele></trkpt>
<trkpt lat="44.971670" lon="6.520980"><ele>1449.0</ele></trkpt>
<trkpt lat="44.971590" lon="6.521200"><ele>1449.0</ele></trkpt>
<trkpt lat="44.971570" lon="6.521260"><ele>1449.0</ele></trkpt>
<trkpt lat="44.971300" lon="6.521990"><ele>1448.0</ele></trkpt>
<trkpt lat="44.971200" lon="6.522260"><ele>1448.0</ele></trkpt>
<trkpt lat="44.971160" lon="6.522350"><ele>1448.0</ele></trkpt>
<trkpt lat="44.971140" lon="6.522390"><ele>1448.0</ele></trkpt>
<trkpt lat="44.971080" lon="6.522490"><ele>1448.0</ele></trkpt>
<trkpt lat="44.971050" lon="6.522550"><ele>1448.0</ele></trkpt>
<trkpt lat="44.971020" lon="6.522590"><ele>1448.0</ele></trkpt>
<trkpt lat="44.970960" lon="6.522670"><ele>1447.0</ele></trkpt>
<trkpt lat="44.970910" lon="6.522730"><ele>1447.0</ele></trkpt>
<trkpt lat="44.970860" lon="6.522780"><ele>1447.0</ele></trkpt>
<trkpt lat="44.970800" lon="6.522830"><ele>1447.0</ele></trkpt>
<trkpt lat="44.970730" lon="6.522900"><ele>1447.0</ele></trkpt>
<trkpt lat="44.970670" lon="6.522940"><ele>1447.0</ele></trkpt>
<trkpt lat="44.970610" lon="6.522980"><ele>1446.0</ele></trkpt>
<trkpt lat="44.970600" lon="6.522990"><ele>1446.0</ele></trkpt>
<trkpt lat="44.970510" lon="6.523040"><ele>1446.0</ele></trkpt>
<trkpt lat="44.970440" lon="6.523070"><ele>1446.0</ele></trkpt>
<trkpt lat="44.970400" lon="6.523090"><ele>1445.0</ele></trkpt>
<trkpt lat="44.970270" lon="6.523150"><ele>1445.0</ele></trkpt>
<trkpt lat="44.970250" lon="6.523160"><ele>1445.0</ele></trkpt>
<trkpt lat="44.970100" lon="6.523230"><ele>1444.0</ele></trkpt>
<trkpt lat="44.969930" lon="6.523300"><ele>1444.0</ele></trkpt>
<trkpt lat="44.969790" lon="6.523370"><ele>1444.0</ele></trkpt>
<trkpt lat="44.969670" lon="6.523420"><ele>1443.0</ele></trkpt>
<trkpt lat="44.969490" lon="6.523510"><ele>1443.0</ele></trkpt>
<trkpt lat="44.969340" lon="6.523600"><ele>1443.0</ele></trkpt>
<trkpt lat="44.969250" lon="6.523660"><ele>1443.0</ele></trkpt>
<trkpt lat="44.969190" lon="6.523710"><ele>1443.0</ele></trkpt>
<trkpt lat="44.969130" lon="6.523770"><ele>1443.0</ele></trkpt>
<trkpt lat="44.969100" lon="6.523790"><ele>1443.0</ele></trkpt>
<trkpt lat="44.969070" lon="6.523830"><ele>1443.0</ele></trkpt>
<trkpt lat="44.969020" lon="6.523880"><ele>1442.0</ele></trkpt>
<trkpt lat="44.968970" lon="6.523950"><ele>1442.0</ele></trkpt>
<trkpt lat="44.968970" lon="6.523960"><ele>1442.0</ele></trkpt>
<trkpt lat="44.968940" lon="6.524000"><ele>1442.0</ele></trkpt>
<trkpt lat="44.968900" lon="6.524060"><ele>1442.0</ele></trkpt>
<trkpt lat="44.968850" lon="6.524150"><ele>1442.0</ele></trkpt>
<trkpt lat="44.968820" lon="6.524230"><ele>1442.0</ele></trkpt>
<trkpt lat="44.968780" lon="6.524320"><ele>1441.0</ele></trkpt>
<trkpt lat="44.968730" lon="6.524440"><ele>1441.0</ele></trkpt>
<trkpt lat="44.968690" lon="6.524560"><ele>1441.0</ele></trkpt>
<trkpt lat="44.968630" lon="6.524740"><ele>1441.0</ele></trkpt>
<trkpt lat="44.968570" lon="6.524950"><ele>1440.0</ele></trkpt>
<trkpt lat="44.968490" lon="6.525230"><ele>1440.0</ele></trkpt>
<trkpt lat="44.968430" lon="6.525440"><ele>1440.0</ele></trkpt>
<trkpt lat="44.968400" lon="6.525590"><ele>1439.0</ele></trkpt>
<trkpt lat="44.968350" lon="6.525870"><ele>1439.0</ele></trkpt>
<trkpt lat="44.968240" lon="6.526530"><ele>1438.0</ele></trkpt>
<trkpt lat="44.968220" lon="6.526650"><ele>1438.0</ele></trkpt>
<trkpt lat="44.968190" lon="6.526780"><ele>1438.0</ele></trkpt>
<trkpt lat="44.968090" lon="6.527110"><ele>1437.0</ele></trkpt>
<trkpt lat="44.968060" lon="6.527230"><ele>1437.0</ele></trkpt>
<trkpt lat="44.967940" lon="6.527630"><ele>1437.0</ele></trkpt>
<trkpt lat="44.967880" lon="6.527830"><ele>1436.0</ele></trkpt>
<trkpt lat="44.967840" lon="6.527970"><ele>1436.0</ele></trkpt>
<trkpt lat="44.967800" lon="6.528120"><ele>1436.0</ele></trkpt>
<trkpt lat="44.967790" lon="6.528180"><ele>1436.0</ele></trkpt>
<trkpt lat="44.967780" lon="6.528200"><ele>1436.0</ele></trkpt>
<trkpt lat="44.967770" lon="6.528250"><ele>1436.0</ele></trkpt>
<trkpt lat="44.967750" lon="6.528360"><ele>1436.0</ele></trkpt>
<trkpt lat="44.967730" lon="6.528500"><ele>1436.0</ele></trkpt>
<trkpt lat="44.967720" lon="6.528600"><ele>1436.0</ele></trkpt>
<trkpt lat="44.967720" lon="6.528700"><ele>1435.0</ele></trkpt>
<trkpt lat="44.967710" lon="6.528770"><ele>1435.0</ele></trkpt>
<trkpt lat="44.967710" lon="6.528880"><ele>1435.0</ele></trkpt>
<trkpt lat="44.967720" lon="6.529010"><ele>1435.0</ele></trkpt>
<trkpt lat="44.967730" lon="6.529190"><ele>1435.0</ele></trkpt>
<trkpt lat="44.967750" lon="6.529450"><ele>1434.0</ele></trkpt>
<trkpt lat="44.967760" lon="6.529560"><ele>1434.0</ele></trkpt>
<trkpt lat="44.967800" lon="6.529830"><ele>1434.0</ele></trkpt>
<trkpt lat="44.967800" lon="6.529960"><ele>1434.0</ele></trkpt>
<trkpt lat="44.967810" lon="6.530110"><ele>1434.0</ele></trkpt>
<trkpt lat="44.967800" lon="6.530240"><ele>1434.0</ele></trkpt>
<trkpt lat="44.967800" lon="6.530330"><ele>1434.0</ele></trkpt>
<trkpt lat="44.967790" lon="6.530420"><ele>1433.0</ele></trkpt>
<trkpt lat="44.967780" lon="6.530520"><ele>1433.0</ele></trkpt>
<trkpt lat="44.967760" lon="6.530620"><ele>1433.0</ele></trkpt>
<trkpt lat="44.967740" lon="6.530710"><ele>1433.0</ele></trkpt>
<trkpt lat="44.967710" lon="6.530810"><ele>1433.0</ele></trkpt>
<trkpt lat="44.967680" lon="6.530920"><ele>1433.0</ele></trkpt>
<trkpt lat="44.967640" lon="6.531010"><ele>1433.0</ele></trkpt>
<trkpt lat="44.967600" lon="6.531120"><ele>1432.0</ele></trkpt>
<trkpt lat="44.967550" lon="6.531230"><ele>1432.0</ele></trkpt>
<trkpt lat="44.967520" lon="6.531280"><ele>1432.0</ele></trkpt>
<trkpt lat="44.967480" lon="6.531350"><ele>1432.0</ele></trkpt>
<trkpt lat="44.967440" lon="6.531420"><ele>1432.0</ele></trkpt>
<trkpt lat="44.967350" lon="6.531540"><ele>1431.0</ele></trkpt>
<trkpt lat="44.967300" lon="6.531600"><ele>1431.0</ele></trkpt>
<trkpt lat="44.967240" lon="6.531670"><ele>1431.0</ele></trkpt>
<trkpt lat="44.967160" lon="6.531750"><ele>1431.0</ele></trkpt>
<trkpt lat="44.967140" lon="6.531780"><ele>1430.0</ele></trkpt>
<trkpt lat="44.966930" lon="6.531980"><ele>1430.0</ele></trkpt>
<trkpt lat="44.966870" lon="6.532050"><ele>1430.0</ele></trkpt>
<trkpt lat="44.966800" lon="6.532130"><ele>1429.0</ele></trkpt>
<trkpt lat="44.966710" lon="6.532240"><ele>1429.0</ele></trkpt>
<trkpt lat="44.966510" lon="6.532490"><ele>1428.0</ele></trkpt>
<trkpt lat="44.966340" lon="6.532730"><ele>1427.0</ele></trkpt>
<trkpt lat="44.966260" lon="6.532830"><ele>1426.0</ele></trkpt>
<trkpt lat="44.966140" lon="6.533030"><ele>1425.0</ele></trkpt>
<trkpt lat="44.965900" lon="6.533420"><ele>1424.0</ele></trkpt>
<trkpt lat="44.965600" lon="6.533910"><ele>1423.0</ele></trkpt>
<trkpt lat="44.965300" lon="6.534420"><ele>1422.0</ele></trkpt>
<trkpt lat="44.965220" lon="6.534570"><ele>1422.0</ele></trkpt>
<trkpt lat="44.965100" lon="6.534770"><ele>1422.0</ele></trkpt>
<trkpt lat="44.965010" lon="6.534930"><ele>1422.0</ele></trkpt>
<trkpt lat="44.964870" lon="6.535160"><ele>1422.0</ele></trkpt>
<trkpt lat="44.964810" lon="6.535280"><ele>1422.0</ele></trkpt>
<trkpt lat="44.964760" lon="6.535360"><ele>1422.0</ele></trkpt>
<trkpt lat="44.964720" lon="6.535440"><ele>1422.0</ele></trkpt>
<trkpt lat="44.964710" lon="6.535450"><ele>1422.0</ele></trkpt>
<trkpt lat="44.964680" lon="6.535510"><ele>1422.0</ele></trkpt>
<trkpt lat="44.964540" lon="6.535740"><ele>1422.0</ele></trkpt>
<trkpt lat="44.964430" lon="6.535910"><ele>1422.0</ele></trkpt>
<trkpt lat="44.964360" lon="6.535990"><ele>1421.0</ele></trkpt>
<trkpt lat="44.964290" lon="6.536080"><ele>1421.0</ele></trkpt>
<trkpt lat="44.964230" lon="6.536140"><ele>1421.0</ele></trkpt>
<trkpt lat="44.964200" lon="6.536170"><ele>1421.0</ele></trkpt>
<trkpt lat="44.964130" lon="6.536230"><ele>1421.0</ele></trkpt>
<trkpt lat="44.964050" lon="6.536300"><ele>1420.0</ele></trkpt>
<trkpt lat="44.963890" lon="6.536420"><ele>1420.0</ele></trkpt>
<trkpt lat="44.963880" lon="6.536420"><ele>1419.0</ele></trkpt>
<trkpt lat="44.963730" lon="6.536530"><ele>1419.0</ele></trkpt>
<trkpt lat="44.963510" lon="6.536690"><ele>1418.0</ele></trkpt>
<trkpt lat="44.962960" lon="6.537100"><ele>1417.0</ele></trkpt>
<trkpt lat="44.962850" lon="6.537180"><ele>1416.0</ele></trkpt>
<trkpt lat="44.962610" lon="6.537350"><ele>1416.0</ele></trkpt>
<trkpt lat="44.962540" lon="6.537410"><ele>1415.0</ele></trkpt>
<trkpt lat="44.962420" lon="6.537500"><ele>1415.0</ele></trkpt>
<trkpt lat="44.962370" lon="6.537550"><ele>1414.0</ele></trkpt>
<trkpt lat="44.962280" lon="6.537620"><ele>1414.0</ele></trkpt>
<trkpt lat="44.962030" lon="6.537840"><ele>1413.0</ele></trkpt>
<trkpt lat="44.961650" lon="6.538170"><ele>1413.0</ele></trkpt>
<trkpt lat="44.961450" lon="6.538350"><ele>1412.0</ele></trkpt>
<trkpt lat="44.961280" lon="6.538520"><ele>1412.0</ele></trkpt>
<trkpt lat="44.960990" lon="6.538840"><ele>1411.0</ele></trkpt>
<trkpt lat="44.960850" lon="6.538990"><ele>1411.0</ele></trkpt>
<trkpt lat="44.960710" lon="6.539150"><ele>1410.0</ele></trkpt>
<trkpt lat="44.960570" lon="6.539310"><ele>1410.0</ele></trkpt>
<trkpt lat="44.960530" lon="6.539350"><ele>1410.0</ele></trkpt>
<trkpt lat="44.959590" lon="6.540430"><ele>1409.0</ele></trkpt>
<trkpt lat="44.959450" lon="6.540590"><ele>1408.0</ele></trkpt>
<trkpt lat="44.959420" lon="6.540640"><ele>1408.0</ele></trkpt>
<trkpt lat="44.958760" lon="6.541400"><ele>1407.0</ele></trkpt>
<trkpt lat="44.958640" lon="6.541540"><ele>1406.0</ele></trkpt>
<trkpt lat="44.958490" lon="6.541730"><ele>1406.0</ele></trkpt>
<trkpt lat="44.958470" lon="6.541750"><ele>1406.0</ele></trkpt>
<trkpt lat="44.958400" lon="6.541860"><ele>1406.0</ele></trkpt>
<trkpt lat="44.958360" lon="6.541910"><ele>1406.0</ele></trkpt>
<trkpt lat="44.958360" lon="6.541920"><ele>1406.0</ele></trkpt>
<trkpt lat="44.958310" lon="6.542010"><ele>1405.0</ele></trkpt>
<trkpt lat="44.958270" lon="6.542090"><ele>1405.0</ele></trkpt>
<trkpt lat="44.958260" lon="6.542120"><ele>1405.0</ele></trkpt>
<trkpt lat="44.958240" lon="6.542160"><ele>1405.0</ele></trkpt>
<trkpt lat="44.958200" lon="6.542260"><ele>1405.0</ele></trkpt>
<trkpt lat="44.958170" lon="6.542350"><ele>1405.0</ele></trkpt>
<trkpt lat="44.958140" lon="6.542450"><ele>1404.0</ele></trkpt>
<trkpt lat="44.958120" lon="6.542530"><ele>1404.0</ele></trkpt>
<trkpt lat="44.958100" lon="6.542610"><ele>1404.0</ele></trkpt>
<trkpt lat="44.958080" lon="6.542710"><ele>1404.0</ele></trkpt>
<trkpt lat="44.958050" lon="6.542840"><ele>1404.0</ele></trkpt>
<trkpt lat="44.958010" lon="6.543080"><ele>1404.0</ele></trkpt>
<trkpt lat="44.957900" lon="6.543720"><ele>1404.0</ele></trkpt>
<trkpt lat="44.957780" lon="6.544440"><ele>1404.0</ele></trkpt>
<trkpt lat="44.957730" lon="6.544790"><ele>1404.0</ele></trkpt>
<trkpt lat="44.957660" lon="6.545140"><ele>1404.0</ele></trkpt>
<trkpt lat="44.957640" lon="6.545230"><ele>1404.0</ele></trkpt>
<trkpt lat="44.957610" lon="6.545360"><ele>1404.0</ele></trkpt>
<trkpt lat="44.957580" lon="6.545470"><ele>1404.0</ele></trkpt>
<trkpt lat="44.957550" lon="6.545570"><ele>1404.0</ele></trkpt>
<trkpt lat="44.957510" lon="6.545660"><ele>1404.0</ele></trkpt>
<trkpt lat="44.957470" lon="6.545770"><ele>1404.0</ele></trkpt>
<trkpt lat="44.957430" lon="6.545860"><ele>1404.0</ele></trkpt>
<trkpt lat="44.957360" lon="6.545980"><ele>1403.0</ele></trkpt>
<trkpt lat="44.957220" lon="6.546210"><ele>1403.0</ele></trkpt>
<trkpt lat="44.957050" lon="6.546490"><ele>1403.0</ele></trkpt>
<trkpt lat="44.957030" lon="6.546520"><ele>1402.0</ele></trkpt>
<trkpt lat="44.956700" lon="6.547050"><ele>1402.0</ele></trkpt>
<trkpt lat="44.956400" lon="6.547520"><ele>1401.0</ele></trkpt>
<trkpt lat="44.956250" lon="6.547760"><ele>1401.0</ele></trkpt>
<trkpt lat="44.956040" lon="6.548100"><ele>1401.0</ele></trkpt>
<trkpt lat="44.955950" lon="6.548250"><ele>1401.0</ele></trkpt>
<trkpt lat="44.955870" lon="6.548350"><ele>1401.0</ele></trkpt>
<trkpt lat="44.955820" lon="6.548410"><ele>1401.0</ele></trkpt>
<trkpt lat="44.955770" lon="6.548480"><ele>1400.0</ele></trkpt>
<trkpt lat="44.955710" lon="6.548540"><ele>1400.0</ele></trkpt>
<trkpt lat="44.955580" lon="6.548650"><ele>1400.0</ele></trkpt>
<trkpt lat="44.955460" lon="6.548760"><ele>1400.0</ele></trkpt>
<trkpt lat="44.955170" lon="6.549000"><ele>1400.0</ele></trkpt>
<trkpt lat="44.954770" lon="6.549330"><ele>1399.0</ele></trkpt>
<trkpt lat="44.954690" lon="6.549400"><ele>1399.0</ele></trkpt>
<trkpt lat="44.954440" lon="6.549610"><ele>1399.0</ele></trkpt>
<trkpt lat="44.954350" lon="6.549700"><ele>1399.0</ele></trkpt>
<trkpt lat="44.954250" lon="6.549790"><ele>1399.0</ele></trkpt>
<trkpt lat="44.954200" lon="6.549840"><ele>1399.0</ele></trkpt>
<trkpt lat="44.954160" lon="6.549890"><ele>1399.0</ele></trkpt>
<trkpt lat="44.954110" lon="6.549950"><ele>1399.0</ele></trkpt>
<trkpt lat="44.954050" lon="6.550040"><ele>1398.0</ele></trkpt>
<trkpt lat="44.953980" lon="6.550150"><ele>1398.0</ele></trkpt>
<trkpt lat="44.953910" lon="6.550290"><ele>1398.0</ele></trkpt>
<trkpt lat="44.953810" lon="6.550460"><ele>1398.0</ele></trkpt>
<trkpt lat="44.953730" lon="6.550590"><ele>1398.0</ele></trkpt>
<trkpt lat="44.953640" lon="6.550750"><ele>1397.0</ele></trkpt>
<trkpt lat="44.953530" lon="6.550920"><ele>1397.0</ele></trkpt>
<trkpt lat="44.953250" lon="6.551320"><ele>1396.0</ele></trkpt>
<trkpt lat="44.953180" lon="6.551430"><ele>1396.0</ele></trkpt>
<trkpt lat="44.952940" lon="6.551780"><ele>1395.0</ele></trkpt>
<trkpt lat="44.952580" lon="6.552290"><ele>1394.0</ele></trkpt>
<trkpt lat="44.952120" lon="6.552920"><ele>1394.0</ele></trkpt>
<trkpt lat="44.952080" lon="6.552980"><ele>1393.0</ele></trkpt>
<trkpt lat="44.951940" lon="6.553180"><ele>1393.0</ele></trkpt>
<trkpt lat="44.951830" lon="6.553340"><ele>1393.0</ele></trkpt>
<trkpt lat="44.951690" lon="6.553530"><ele>1393.0</ele></trkpt>
<trkpt lat="44.951600" lon="6.553660"><ele>1393.0</ele></trkpt>
<trkpt lat="44.951550" lon="6.553730"><ele>1392.0</ele></trkpt>
<trkpt lat="44.951280" lon="6.554100"><ele>1392.0</ele></trkpt>
<trkpt lat="44.951070" lon="6.554400"><ele>1392.0</ele></trkpt>
<trkpt lat="44.950890" lon="6.554650"><ele>1392.0</ele></trkpt>
<trkpt lat="44.950850" lon="6.554740"><ele>1391.0</ele></trkpt>
<trkpt lat="44.950830" lon="6.554760"><ele>1391.0</ele></trkpt>
<trkpt lat="44.950770" lon="6.554850"><ele>1391.0</ele></trkpt>
<trkpt lat="44.950640" lon="6.555030"><ele>1391.0</ele></trkpt>
<trkpt lat="44.950250" lon="6.555560"><ele>1390.0</ele></trkpt>
<trkpt lat="44.950180" lon="6.555660"><ele>1390.0</ele></trkpt>
<trkpt lat="44.950000" lon="6.555930"><ele>1390.0</ele></trkpt>
<trkpt lat="44.949700" lon="6.556360"><ele>1389.0</ele></trkpt>
<trkpt lat="44.949450" lon="6.556680"><ele>1389.0</ele></trkpt>
<trkpt lat="44.949130" lon="6.557130"><ele>1388.0</ele></trkpt>
<trkpt lat="44.948990" lon="6.557320"><ele>1387.0</ele></trkpt>
<trkpt lat="44.948630" lon="6.557820"><ele>1386.0</ele></trkpt>
<trkpt lat="44.948340" lon="6.558220"><ele>1386.0</ele></trkpt>
<trkpt lat="44.948220" lon="6.558360"><ele>1385.0</ele></trkpt>
<trkpt lat="44.948130" lon="6.558460"><ele>1385.0</ele></trkpt>
<trkpt lat="44.948050" lon="6.558550"><ele>1384.0</ele></trkpt>
<trkpt lat="44.947870" lon="6.558730"><ele>1384.0</ele></trkpt>
<trkpt lat="44.947640" lon="6.558890"><ele>1383.0</ele></trkpt>
<trkpt lat="44.947520" lon="6.558970"><ele>1383.0</ele></trkpt>
<trkpt lat="44.947300" lon="6.559110"><ele>1383.0</ele></trkpt>
<trkpt lat="44.947280" lon="6.559120"><ele>1383.0</ele></trkpt>
<trkpt lat="44.947200" lon="6.559130"><ele>1383.0</ele></trkpt>
<trkpt lat="44.947090" lon="6.559190"><ele>1383.0</ele></trkpt>
<trkpt lat="44.947050" lon="6.559200"><ele>1383.0</ele></trkpt>
<trkpt lat="44.946940" lon="6.559260"><ele>1383.0</ele></trkpt>
<trkpt lat="44.946920" lon="6.559270"><ele>1383.0</ele></trkpt>
<trkpt lat="44.946870" lon="6.559300"><ele>1383.0</ele></trkpt>
<trkpt lat="44.946810" lon="6.559320"><ele>1383.0</ele></trkpt>
<trkpt lat="44.946730" lon="6.559370"><ele>1382.0</ele></trkpt>
<trkpt lat="44.946660" lon="6.559430"><ele>1382.0</ele></trkpt>
<trkpt lat="44.946600" lon="6.559480"><ele>1382.0</ele></trkpt>
<trkpt lat="44.946590" lon="6.559490"><ele>1382.0</ele></trkpt>
<trkpt lat="44.946520" lon="6.559560"><ele>1382.0</ele></trkpt>
<trkpt lat="44.946450" lon="6.559640"><ele>1382.0</ele></trkpt>
<trkpt lat="44.946320" lon="6.559790"><ele>1382.0</ele></trkpt>
<trkpt lat="44.946140" lon="6.560040"><ele>1382.0</ele></trkpt>
<trkpt lat="44.946050" lon="6.560160"><ele>1382.0</ele></trkpt>
</trkseg></trk></gpx>